{
	"format_version": "1.12.0",
	"minecraft:geometry": [
		{
			"description": {
				"identifier": "geometry.ak_12",
				"texture_width": 32,
				"texture_height": 32,
				"visible_bounds_width": 3,
				"visible_bounds_height": 1.5,
				"visible_bounds_offset": [0, 0.25, 0]
			},
			"bones": [
				{
					"name": "group",
					"pivot": [0, 3.25, -0.25],
					"cubes": [
						{
							"origin": [-0.5, 1.09567, -4.61903],
							"size": [1, 1.7, 8.1],
							"uv": {
								"north": {"uv": [11, 6], "uv_size": [1, 2]},
								"east": {"uv": [0, 0], "uv_size": [8, 2]},
								"west": {"uv": [0, 2], "uv_size": [8, 2]},
								"up": {"uv": [2, 9], "uv_size": [1, 8]},
								"down": {"uv": [3, 17], "uv_size": [1, -8]}
							}
						},
						{
							"origin": [-0.5, 1.29567, -9.81903],
							"size": [1, 1.8, 5.2],
							"uv": {
								"north": {"uv": [19, 14], "uv_size": [1, 2]},
								"east": {"uv": [1, 6], "uv_size": [5, 2]},
								"west": {"uv": [6, 6], "uv_size": [5, 2]},
								"down": {"uv": [12, 19], "uv_size": [1, -5]}
							}
						},
						{
							"origin": [-0.5, 2.79567, -4.61903],
							"size": [1, 0.6, 0.6],
							"uv": {
								"north": {"uv": [1, 22], "uv_size": [1, 1]},
								"east": {"uv": [22, 1], "uv_size": [1, 1]},
								"south": {"uv": [2, 22], "uv_size": [1, 1]},
								"west": {"uv": [22, 2], "uv_size": [1, 1]},
								"up": {"uv": [3, 22], "uv_size": [1, 1]}
							}
						},
						{
							"origin": [-0.5, 1.09567, 3.48097],
							"size": [1, 1.4, 0.5],
							"uv": {
								"east": {"uv": [21, 11], "uv_size": [1, 1]},
								"south": {"uv": [12, 21], "uv_size": [1, 1]},
								"west": {"uv": [21, 12], "uv_size": [1, 1]}
							}
						},
						{
							"origin": [-0.5, 0.98276, -4.59313],
							"size": [1, 0.3, 8.6],
							"pivot": [0, 1.78276, -0.29313],
							"rotation": [-2.5, 0, 0],
							"uv": {
								"north": {"uv": [21, 10], "uv_size": [1, 1]},
								"east": {"uv": [8, 0], "uv_size": [9, 1]},
								"south": {"uv": [11, 21], "uv_size": [1, 1]},
								"west": {"uv": [1, 8], "uv_size": [9, 1]},
								"down": {"uv": [1, 18], "uv_size": [1, -9]}
							}
						},
						{
							"origin": [-0.3, 2.99567, -9.81903],
							"size": [0.6, 0.5, 12.9],
							"uv": {
								"north": {"uv": [9, 21], "uv_size": [1, 1]},
								"east": {"uv": [0, 4], "uv_size": [13, 1]},
								"south": {"uv": [21, 9], "uv_size": [1, 1]},
								"west": {"uv": [0, 5], "uv_size": [13, 1]},
								"up": {"uv": [0, 6], "uv_size": [1, 13]}
							}
						},
						{
							"origin": [0.14645, 2.66638, -4.61903],
							"size": [0.3, 0.4, 8],
							"pivot": [0.14645, 2.86638, 1.83097],
							"rotation": [0, 0, 45],
							"uv": {
								"south": {"uv": [10, 21], "uv_size": [1, 1]},
								"up": {"uv": [7, 9], "uv_size": [1, 8]}
							}
						},
						{
							"origin": [-0.45251, 2.01244, 3.98003],
							"size": [0.425, 0.3, 7.5],
							"pivot": [-0.25251, 2.16244, 7.88003],
							"rotation": [0, 0, -45],
							"uv": {
								"south": {"uv": [22, 4], "uv_size": [1, 1]},
								"up": {"uv": [13, 5], "uv_size": [1, 7]}
							}
						},
						{
							"origin": [-0.44645, 3.16638, -9.81903],
							"size": [0.3, 0.2, 5.2],
							"pivot": [-0.14645, 3.16638, -3.36903],
							"rotation": [0, 0, -45],
							"uv": {
								"north": {"uv": [4, 22], "uv_size": [1, 1]},
								"up": {"uv": [14, 14], "uv_size": [1, 5]}
							}
						},
						{
							"origin": [-0.44645, 2.66638, -4.61903],
							"size": [0.3, 0.4, 8],
							"pivot": [-0.14645, 2.86638, 1.83097],
							"rotation": [0, 0, -45],
							"uv": {
								"south": {"uv": [22, 3], "uv_size": [1, 1]},
								"up": {"uv": [12, 6], "uv_size": [1, 8]}
							}
						},
						{
							"origin": [0.14645, 3.16638, -9.81903],
							"size": [0.3, 0.2, 5.2],
							"pivot": [0.14645, 3.16638, -3.36903],
							"rotation": [0, 0, 45],
							"uv": {
								"north": {"uv": [22, 0], "uv_size": [1, 1]},
								"up": {"uv": [13, 14], "uv_size": [1, 5]}
							}
						},
						{
							"origin": [-0.55, 1.29567, -9.71903],
							"size": [1.1, 1, 4.7],
							"uv": {
								"north": {"uv": [20, 3], "uv_size": [1, 1]},
								"east": {"uv": [14, 5], "uv_size": [5, 1]},
								"south": {"uv": [20, 4], "uv_size": [1, 1]},
								"west": {"uv": [14, 6], "uv_size": [5, 1]},
								"up": {"uv": [9, 13], "uv_size": [1, 5]},
								"down": {"uv": [14, 12], "uv_size": [1, -5]}
							}
						},
						{
							"origin": [-0.3, 1.09567, -9.81903],
							"size": [0.6, 0.2, 5.2],
							"uv": {
								"north": {"uv": [23, 0], "uv_size": [1, 1]},
								"east": {"uv": [15, 3], "uv_size": [5, 1]},
								"south": {"uv": [1, 23], "uv_size": [1, 1]},
								"west": {"uv": [15, 7], "uv_size": [5, 1]},
								"down": {"uv": [15, 19], "uv_size": [1, -5]}
							}
						},
						{
							"origin": [-0.65, 2.54567, -9.81903],
							"size": [0.15, 0.6, 1.8],
							"uv": {
								"north": {"uv": [22, 5], "uv_size": [1, 1]},
								"east": {"uv": [19, 16], "uv_size": [2, 1]},
								"south": {"uv": [6, 22], "uv_size": [1, 1]},
								"west": {"uv": [19, 17], "uv_size": [2, 1]},
								"up": {"uv": [19, 18], "uv_size": [1, 2]},
								"down": {"uv": [20, 3], "uv_size": [1, -2]}
							}
						},
						{
							"origin": [-0.4, 3.34567, 1.93097],
							"size": [0.8, 0.4, 1],
							"uv": {
								"north": {"uv": [5, 20], "uv_size": [1, 1]},
								"east": {"uv": [20, 5], "uv_size": [1, 1]},
								"south": {"uv": [6, 20], "uv_size": [1, 1]},
								"west": {"uv": [20, 6], "uv_size": [1, 1]},
								"up": {"uv": [7, 20], "uv_size": [1, 1]},
								"down": {"uv": [20, 8], "uv_size": [1, -1]}
							}
						},
						{
							"origin": [-0.5, 3.54567, 2.83097],
							"size": [1, 0.2, 0.2],
							"pivot": [0, 3.64567, 2.93097],
							"rotation": [-30, 0, 0],
							"uv": {
								"north": {"uv": [9, 22], "uv_size": [1, 1]},
								"east": {"uv": [22, 9], "uv_size": [1, 1]},
								"south": {"uv": [10, 22], "uv_size": [1, 1]},
								"west": {"uv": [22, 10], "uv_size": [1, 1]},
								"up": {"uv": [11, 22], "uv_size": [1, 1]},
								"down": {"uv": [22, 12], "uv_size": [1, -1]}
							}
						},
						{
							"origin": [-0.4, 3.45425, 1.83097],
							"size": [0.8, 0.25, 0.3],
							"pivot": [0.1, 3.60425, 1.93097],
							"rotation": [-45, 0, 0],
							"uv": {
								"north": {"uv": [12, 22], "uv_size": [1, 1]},
								"east": {"uv": [22, 12], "uv_size": [1, 1]},
								"west": {"uv": [13, 22], "uv_size": [1, 1]},
								"down": {"uv": [22, 14], "uv_size": [1, -1]}
							}
						},
						{
							"origin": [-0.35, -1.50239, -3.06127],
							"size": [0.7, 1.9, 2.1],
							"pivot": [0.1, -1.62739, -1.96127],
							"rotation": [-10, 0, 0],
							"uv": {
								"north": {"uv": [0, 19], "uv_size": [1, 2]},
								"east": {"uv": [15, 8], "uv_size": [2, 2]},
								"south": {"uv": [19, 5], "uv_size": [1, 2]},
								"west": {"uv": [15, 10], "uv_size": [2, 2]}
							}
						},
						{
							"origin": [-0.35, -5.07962, -3.80439],
							"size": [0.7, 4.1, 2.1],
							"pivot": [0.1, -2.80462, -2.70439],
							"rotation": [-28.5, 0, 0],
							"uv": {
								"north": {"uv": [3, 17], "uv_size": [1, 4]},
								"east": {"uv": [8, 9], "uv_size": [2, 4]},
								"south": {"uv": [4, 17], "uv_size": [1, 4]},
								"west": {"uv": [10, 8], "uv_size": [2, 4]},
								"down": {"uv": [15, 21], "uv_size": [1, -2]}
							}
						},
						{
							"origin": [-0.35, 0.21067, -2.72685],
							"size": [0.7, 1.1, 2.1],
							"pivot": [0.1, 0.08567, -1.62685],
							"rotation": [-1, 0, 0],
							"uv": {
								"north": {"uv": [10, 20], "uv_size": [1, 1]},
								"east": {"uv": [17, 0], "uv_size": [2, 1]},
								"south": {"uv": [20, 10], "uv_size": [1, 1]},
								"west": {"uv": [17, 11], "uv_size": [2, 1]}
							}
						},
						{
							"origin": [-0.49609, -0.10844, 1.98045],
							"size": [0.99218, 1, 1.6],
							"pivot": [0, 1.54156, 2.63045],
							"rotation": [-2.5, 0, 0],
							"uv": {
								"north": {"uv": [11, 20], "uv_size": [1, 1]},
								"east": {"uv": [19, 0], "uv_size": [2, 1]},
								"south": {"uv": [20, 11], "uv_size": [1, 1]},
								"west": {"uv": [19, 8], "uv_size": [2, 1]},
								"down": {"uv": [8, 21], "uv_size": [1, -2]}
							}
						},
						{
							"origin": [-0.49609, -2.18509, 2.17769],
							"size": [0.99218, 2.5, 1.4],
							"pivot": [0, -0.43509, 2.92769],
							"rotation": [13.5, 0, 0],
							"uv": {
								"north": {"uv": [9, 18], "uv_size": [1, 3]},
								"east": {"uv": [18, 14], "uv_size": [1, 3]},
								"south": {"uv": [16, 18], "uv_size": [1, 3]},
								"west": {"uv": [18, 17], "uv_size": [1, 3]},
								"down": {"uv": [5, 23], "uv_size": [1, -1]}
							}
						},
						{
							"origin": [-0.25, -0.13509, -0.07231],
							"size": [0.5, 0.1, 2.2],
							"uv": {
								"north": {"uv": [20, 12], "uv_size": [1, 1]},
								"east": {"uv": [19, 9], "uv_size": [2, 1]},
								"west": {"uv": [10, 19], "uv_size": [2, 1]},
								"up": {"uv": [19, 10], "uv_size": [1, 2]},
								"down": {"uv": [12, 21], "uv_size": [1, -2]}
							}
						},
						{
							"origin": [-0.25, -0.03509, -0.37231],
							"size": [0.5, 1.35, 0.55],
							"uv": {
								"north": {"uv": [20, 13], "uv_size": [1, 1]},
								"east": {"uv": [20, 14], "uv_size": [1, 1]},
								"south": {"uv": [20, 15], "uv_size": [1, 1]},
								"west": {"uv": [17, 20], "uv_size": [1, 1]},
								"down": {"uv": [18, 21], "uv_size": [1, -1]}
							}
						},
						{
							"origin": [-0.25, 0.21137, 1.24688],
							"size": [0.5, 1, 0.2],
							"pivot": [0, 0.81137, 1.24688],
							"rotation": [-16.5, 0, 0],
							"uv": {
								"north": {"uv": [20, 18], "uv_size": [1, 1]},
								"east": {"uv": [19, 20], "uv_size": [1, 1]},
								"south": {"uv": [20, 19], "uv_size": [1, 1]},
								"west": {"uv": [20, 20], "uv_size": [1, 1]},
								"down": {"uv": [0, 22], "uv_size": [1, -1]}
							}
						},
						{
							"origin": [-0.5, 0.22028, 1.81715],
							"size": [1, 0.5, 0.6],
							"pivot": [0, -0.27972, 5.34215],
							"rotation": [-45, 0, 0],
							"uv": {
								"north": {"uv": [21, 0], "uv_size": [1, 1]},
								"east": {"uv": [1, 21], "uv_size": [1, 1]},
								"west": {"uv": [21, 1], "uv_size": [1, 1]},
								"up": {"uv": [2, 21], "uv_size": [1, 1]}
							}
						},
						{
							"origin": [-0.3, 0.42028, 1.11715],
							"size": [0.6, 0.3, 0.7],
							"pivot": [0, -0.27972, 5.34215],
							"rotation": [-45, 0, 0],
							"uv": {
								"east": {"uv": [13, 21], "uv_size": [1, 1]},
								"west": {"uv": [21, 13], "uv_size": [1, 1]},
								"up": {"uv": [14, 21], "uv_size": [1, 1]}
							}
						},
						{
							"origin": [-0.5, 0.82708, 3.98003],
							"size": [1, 1.3, 7.5],
							"uv": {
								"east": {"uv": [8, 3], "uv_size": [7, 1]},
								"south": {"uv": [21, 2], "uv_size": [1, 1]},
								"west": {"uv": [13, 4], "uv_size": [7, 1]},
								"down": {"uv": [10, 19], "uv_size": [1, -7]}
							}
						},
						{
							"origin": [-0.2, 2.12708, 3.88003],
							"size": [0.4, 0.3, 7.6],
							"uv": {
								"south": {"uv": [8, 21], "uv_size": [1, 1]},
								"up": {"uv": [6, 9], "uv_size": [1, 8]}
							}
						},
						{
							"origin": [0.02751, 2.01244, 3.98003],
							"size": [0.425, 0.3, 7.5],
							"pivot": [0.25251, 2.16244, 7.88003],
							"rotation": [0, 0, 45],
							"uv": {
								"south": {"uv": [21, 8], "uv_size": [1, 1]},
								"up": {"uv": [11, 12], "uv_size": [1, 7]}
							}
						},
						{
							"origin": [-0.45, 0.72566, 3.89048],
							"size": [0.9, 0.3, 5.6],
							"pivot": [0, 1.07566, 6.89048],
							"rotation": [-2, 0, 0],
							"uv": {
								"east": {"uv": [13, 12], "uv_size": [6, 1]},
								"west": {"uv": [13, 13], "uv_size": [6, 1]},
								"down": {"uv": [8, 19], "uv_size": [1, -6]}
							}
						},
						{
							"origin": [-0.44, -2.0495, 9.87888],
							"size": [0.88, 2.1, 1.4],
							"uv": {
								"north": {"uv": [19, 12], "uv_size": [1, 2]},
								"east": {"uv": [13, 19], "uv_size": [1, 2]},
								"west": {"uv": [14, 19], "uv_size": [1, 2]},
								"up": {"uv": [7, 21], "uv_size": [1, 1]},
								"down": {"uv": [21, 8], "uv_size": [1, -1]}
							}
						},
						{
							"origin": [-0.45, -1.87292, 9.53003],
							"size": [0.9, 2.8, 0.38437],
							"pivot": [0, 0.07708, 10.02222],
							"rotation": [11, 0, 0],
							"uv": {
								"north": {"uv": [5, 17], "uv_size": [1, 3]},
								"east": {"uv": [6, 17], "uv_size": [1, 3]},
								"south": {"uv": [7, 17], "uv_size": [1, 3]},
								"west": {"uv": [17, 8], "uv_size": [1, 3]}
							}
						},
						{
							"origin": [-0.45, -2.0246, 10.76588],
							"size": [0.9, 2.8836, 0.57266],
							"pivot": [0, -1.1828, 10.95221],
							"rotation": [-4, 0, 0],
							"uv": {
								"north": {"uv": [17, 14], "uv_size": [1, 3]},
								"east": {"uv": [17, 17], "uv_size": [1, 3]},
								"south": {"uv": [1, 18], "uv_size": [1, 3]},
								"west": {"uv": [18, 8], "uv_size": [1, 3]},
								"down": {"uv": [3, 22], "uv_size": [1, -1]}
							}
						},
						{
							"origin": [-0.22071, 1.67496, -17.91903],
							"size": [0.4, 0.4, 8.1],
							"pivot": [0, 1.87496, -13.86903],
							"rotation": [0, 0, 45],
							"uv": {
								"north": {"uv": [21, 3], "uv_size": [1, 1]},
								"east": {"uv": [8, 1], "uv_size": [8, 1]},
								"west": {"uv": [8, 2], "uv_size": [8, 1]},
								"up": {"uv": [4, 9], "uv_size": [1, 8]},
								"down": {"uv": [5, 17], "uv_size": [1, -8]}
							}
						},
						{
							"origin": [-0.24071, 1.65496, -17.51903],
							"size": [0.44, 0.44, 1.2],
							"pivot": [0, 1.87496, -13.46903],
							"rotation": [0, 0, 45],
							"uv": {
								"north": {"uv": [19, 21], "uv_size": [1, 1]},
								"east": {"uv": [21, 19], "uv_size": [1, 1]},
								"south": {"uv": [20, 21], "uv_size": [1, 1]},
								"west": {"uv": [21, 20], "uv_size": [1, 1]},
								"up": {"uv": [21, 21], "uv_size": [1, 1]},
								"down": {"uv": [0, 23], "uv_size": [1, -1]}
							}
						},
						{
							"origin": [-0.29071, 1.60496, -10.46903],
							"size": [0.54, 0.54, 0.7],
							"pivot": [0, 1.87496, -10.46903],
							"rotation": [0, 0, 45],
							"uv": {
								"north": {"uv": [21, 14], "uv_size": [1, 1]},
								"east": {"uv": [15, 21], "uv_size": [1, 1]},
								"west": {"uv": [21, 15], "uv_size": [1, 1]},
								"up": {"uv": [16, 21], "uv_size": [1, 1]},
								"down": {"uv": [21, 17], "uv_size": [1, -1]}
							}
						},
						{
							"origin": [-0.1, 2.94567, -14.01903],
							"size": [0.2, 0.7, 0.35],
							"uv": {
								"north": {"uv": [4, 21], "uv_size": [1, 1]},
								"east": {"uv": [21, 4], "uv_size": [1, 1]},
								"south": {"uv": [5, 21], "uv_size": [1, 1]},
								"west": {"uv": [21, 5], "uv_size": [1, 1]},
								"up": {"uv": [6, 21], "uv_size": [1, 1]}
							}
						},
						{
							"origin": [0.59497, 3.34064, -14.01903],
							"size": [0.05, 0.25, 0.35],
							"pivot": [0.59497, 4.14064, -13.84403],
							"rotation": [0, 0, 45],
							"uv": {
								"north": {"uv": [14, 22], "uv_size": [1, 1]},
								"east": {"uv": [22, 14], "uv_size": [1, 1]},
								"south": {"uv": [15, 22], "uv_size": [1, 1]},
								"west": {"uv": [22, 15], "uv_size": [1, 1]}
							}
						},
						{
							"origin": [-0.19136, 3.69662, -14.01903],
							"size": [0.05, 0.2, 0.35],
							"pivot": [-0.14136, 3.89662, -13.84403],
							"rotation": [0, 0, 15],
							"uv": {
								"north": {"uv": [22, 20], "uv_size": [1, 1]},
								"east": {"uv": [21, 22], "uv_size": [1, 1]},
								"south": {"uv": [22, 21], "uv_size": [1, 1]},
								"west": {"uv": [22, 22], "uv_size": [1, 1]},
								"up": {"uv": [0, 23], "uv_size": [1, 1]}
							}
						},
						{
							"origin": [-0.64497, 3.34064, -14.01903],
							"size": [0.05, 0.25, 0.35],
							"pivot": [-0.59497, 4.14064, -13.84403],
							"rotation": [0, 0, -45],
							"uv": {
								"north": {"uv": [22, 18], "uv_size": [1, 1]},
								"east": {"uv": [19, 22], "uv_size": [1, 1]},
								"south": {"uv": [22, 19], "uv_size": [1, 1]},
								"west": {"uv": [20, 22], "uv_size": [1, 1]}
							}
						},
						{
							"origin": [0.14136, 3.69662, -14.01903],
							"size": [0.05, 0.2, 0.35],
							"pivot": [0.14136, 3.89662, -13.84403],
							"rotation": [0, 0, -15],
							"uv": {
								"north": {"uv": [16, 22], "uv_size": [1, 1]},
								"east": {"uv": [22, 16], "uv_size": [1, 1]},
								"south": {"uv": [17, 22], "uv_size": [1, 1]},
								"west": {"uv": [22, 17], "uv_size": [1, 1]},
								"up": {"uv": [18, 22], "uv_size": [1, 1]}
							}
						},
						{
							"origin": [-0.1, 1.94567, -13.46903],
							"size": [0.2, 0.6, 0.7],
							"uv": {
								"north": {"uv": [17, 21], "uv_size": [1, 1]},
								"east": {"uv": [21, 17], "uv_size": [1, 1]},
								"south": {"uv": [18, 21], "uv_size": [1, 1]},
								"west": {"uv": [21, 18], "uv_size": [1, 1]}
							}
						},
						{
							"origin": [-0.25, 2.49567, -14.11903],
							"size": [0.5, 0.5, 4.4],
							"pivot": [0, 2.74567, -11.91903],
							"rotation": [0, 0, 45],
							"uv": {
								"north": {"uv": [21, 6], "uv_size": [1, 1]},
								"east": {"uv": [16, 1], "uv_size": [4, 1]},
								"west": {"uv": [16, 2], "uv_size": [4, 1]},
								"up": {"uv": [16, 14], "uv_size": [1, 4]},
								"down": {"uv": [2, 21], "uv_size": [1, -4]}
							}
						},
						{
							"origin": [-1.15, 2.24567, -3.81903],
							"size": [0.65, 0.3, 0.2],
							"uv": {
								"north": {"uv": [22, 6], "uv_size": [1, 1]},
								"east": {"uv": [7, 22], "uv_size": [1, 1]},
								"south": {"uv": [22, 7], "uv_size": [1, 1]},
								"up": {"uv": [8, 22], "uv_size": [1, 1]},
								"down": {"uv": [22, 9], "uv_size": [1, -1]}
							}
						}
					]
				}
			]
		}
	]
}