{
	"format_version": "1.12.0",
	"minecraft:geometry": [
		{
			"description": {
				"identifier": "geometry.ak_47",
				"texture_width": 32,
				"texture_height": 32,
				"visible_bounds_width": 5,
				"visible_bounds_height": 2.5,
				"visible_bounds_offset": [0, 0.75, 0]
			},
			"bones": [
				{
					"name": "group13",
					"pivot": [0, 2.45, -3.5],
					"cubes": [
						{
							"origin": [-0.15, 1.94237, -13.20836],
							"size": [0.3, 0.4, 1.3],
							"pivot": [0, 2.24237, -13.03336],
							"rotation": [45, 0, 0],
							"uv": {
								"east": {"uv": [18, 3], "uv_size": [1, 1]},
								"west": {"uv": [18, 4], "uv_size": [1, 1]},
								"up": {"uv": [18, 5], "uv_size": [1, 1]},
								"down": {"uv": [18, 7], "uv_size": [1, -1]}
							}
						},
						{
							"origin": [-0.15, 2.10754, -12.57678],
							"size": [0.3, 0.7, 0.45],
							"uv": {
								"north": {"uv": [10, 19], "uv_size": [1, 1]},
								"east": {"uv": [11, 19], "uv_size": [1, 1]},
								"south": {"uv": [19, 11], "uv_size": [1, 1]},
								"west": {"uv": [12, 19], "uv_size": [1, 1]}
							}
						},
						{
							"origin": [-0.5, 2.45, -9.55],
							"size": [1, 0.75, 3.8],
							"uv": {
								"north": {"uv": [9, 18], "uv_size": [1, 1]},
								"east": {"uv": [13, 10], "uv_size": [4, 1]},
								"south": {"uv": [18, 9], "uv_size": [1, 1]},
								"west": {"uv": [13, 11], "uv_size": [4, 1]}
							}
						},
						{
							"origin": [-0.25, 3.15, -9.55],
							"size": [0.5, 0.3, 3.8],
							"uv": {
								"north": {"uv": [5, 20], "uv_size": [1, 1]},
								"south": {"uv": [20, 5], "uv_size": [1, 1]},
								"up": {"uv": [12, 14], "uv_size": [1, 4]}
							}
						},
						{
							"origin": [-0.05711, 3.2, -9.55],
							"size": [0.35, 0.5, 3.8],
							"pivot": [-0.20711, 3.2, -7.65],
							"rotation": [0, 0, 45],
							"uv": {
								"north": {"uv": [4, 20], "uv_size": [1, 1]},
								"south": {"uv": [20, 4], "uv_size": [1, 1]},
								"up": {"uv": [3, 14], "uv_size": [1, 4]}
							}
						},
						{
							"origin": [-0.44645, 2.52071, -4.65],
							"size": [0.3, 0.4, 8],
							"pivot": [-0.14645, 2.72071, 1.8],
							"rotation": [0, 0, -45],
							"uv": {
								"south": {"uv": [20, 7], "uv_size": [1, 1]},
								"up": {"uv": [5, 8], "uv_size": [1, 8]}
							}
						},
						{
							"origin": [-0.29289, 3.2, -9.55],
							"size": [0.35, 0.5, 3.8],
							"pivot": [0.20711, 3.2, -7.65],
							"rotation": [0, 0, -45],
							"uv": {
								"north": {"uv": [20, 6], "uv_size": [1, 1]},
								"south": {"uv": [7, 20], "uv_size": [1, 1]},
								"up": {"uv": [13, 14], "uv_size": [1, 4]}
							}
						},
						{
							"origin": [-0.3, 1.35, -9.55],
							"size": [0.6, 0.2, 3.3],
							"uv": {
								"north": {"uv": [19, 8], "uv_size": [1, 1]},
								"east": {"uv": [17, 2], "uv_size": [3, 1]},
								"west": {"uv": [17, 10], "uv_size": [3, 1]},
								"down": {"uv": [5, 20], "uv_size": [1, -3]}
							}
						},
						{
							"origin": [-0.5, 1.55, -9.55],
							"size": [1, 0.9, 4.9],
							"uv": {
								"north": {"uv": [6, 20], "uv_size": [1, 1]},
								"east": {"uv": [13, 3], "uv_size": [5, 1]},
								"west": {"uv": [10, 13], "uv_size": [5, 1]},
								"up": {"uv": [4, 21], "uv_size": [1, 1]},
								"down": {"uv": [5, 20], "uv_size": [1, -3]}
							}
						},
						{
							"origin": [-0.5, 2.45, -5.65],
							"size": [1, 1.05, 1.65],
							"uv": {
								"north": {"uv": [9, 19], "uv_size": [1, 1]},
								"east": {"uv": [17, 14], "uv_size": [2, 1]},
								"south": {"uv": [19, 9], "uv_size": [1, 1]},
								"west": {"uv": [17, 15], "uv_size": [2, 1]},
								"up": {"uv": [14, 17], "uv_size": [1, 2]}
							}
						},
						{
							"origin": [-0.5, 0.95, -5.3],
							"size": [1, 0.6, 0.65],
							"uv": {
								"east": {"uv": [19, 12], "uv_size": [1, 1]},
								"south": {"uv": [13, 19], "uv_size": [1, 1]},
								"west": {"uv": [19, 13], "uv_size": [1, 1]},
								"down": {"uv": [14, 20], "uv_size": [1, -1]}
							}
						},
						{
							"origin": [-0.5, 0.07461, 1.78618],
							"size": [1, 0.5, 0.6],
							"pivot": [0, -0.42539, 5.31118],
							"rotation": [-45, 0, 0],
							"uv": {
								"north": {"uv": [20, 1], "uv_size": [1, 1]},
								"east": {"uv": [2, 20], "uv_size": [1, 1]},
								"west": {"uv": [20, 2], "uv_size": [1, 1]},
								"up": {"uv": [3, 20], "uv_size": [1, 1]}
							}
						},
						{
							"origin": [-0.3, 0.27461, 1.08618],
							"size": [0.6, 0.3, 0.7],
							"pivot": [0, -0.42539, 5.31118],
							"rotation": [-45, 0, 0],
							"uv": {
								"east": {"uv": [0, 20], "uv_size": [1, 1]},
								"west": {"uv": [20, 0], "uv_size": [1, 1]},
								"up": {"uv": [1, 20], "uv_size": [1, 1]}
							}
						},
						{
							"origin": [0.14645, 2.52071, -4.65],
							"size": [0.3, 0.4, 8],
							"pivot": [0.14645, 2.72071, 1.8],
							"rotation": [0, 0, 45],
							"uv": {
								"south": {"uv": [19, 19], "uv_size": [1, 1]},
								"up": {"uv": [3, 6], "uv_size": [1, 8]}
							}
						},
						{
							"origin": [-0.3, 2.85, -4.05],
							"size": [0.6, 0.55, 7.1],
							"uv": {
								"east": {"uv": [9, 5], "uv_size": [7, 1]},
								"south": {"uv": [19, 18], "uv_size": [1, 1]},
								"west": {"uv": [8, 9], "uv_size": [7, 1]},
								"up": {"uv": [8, 10], "uv_size": [1, 7]}
							}
						},
						{
							"origin": [-0.5, 2.35, -4.65],
							"size": [1, 0.3, 8.1],
							"uv": {
								"east": {"uv": [5, 2], "uv_size": [8, 1]},
								"west": {"uv": [5, 3], "uv_size": [8, 1]},
								"up": {"uv": [2, 6], "uv_size": [1, 8]}
							}
						},
						{
							"origin": [-0.5, 1.1, -4.65],
							"size": [1, 1.25, 8.6],
							"uv": {
								"east": {"uv": [0, 4], "uv_size": [9, 1]},
								"south": {"uv": [20, 3], "uv_size": [1, 1]},
								"west": {"uv": [0, 5], "uv_size": [9, 1]},
								"down": {"uv": [0, 15], "uv_size": [1, -9]}
							}
						},
						{
							"origin": [-0.5, 0.95, -4.25],
							"size": [1, 0.4, 8.3],
							"pivot": [0, 1.4, -0.65],
							"rotation": [-2.5, 0, 0],
							"uv": {
								"east": {"uv": [5, 0], "uv_size": [8, 1]},
								"west": {"uv": [5, 1], "uv_size": [8, 1]},
								"down": {"uv": [1, 14], "uv_size": [1, -8]}
							}
						},
						{
							"origin": [-0.3, -0.7, -2.8],
							"size": [0.6, 2, 2.2],
							"pivot": [0, 0, -1.75],
							"rotation": [-7, 0, 0],
							"uv": {
								"north": {"uv": [12, 6], "uv_size": [1, 2]},
								"east": {"uv": [1, 14], "uv_size": [2, 2]},
								"south": {"uv": [6, 17], "uv_size": [1, 2]},
								"west": {"uv": [10, 14], "uv_size": [2, 2]}
							}
						},
						{
							"origin": [-0.3, -3.0194, -3.36373],
							"size": [0.6, 2.9, 2.2],
							"pivot": [0, -1.4194, -2.36373],
							"rotation": [-28, 0, 0],
							"uv": {
								"north": {"uv": [14, 14], "uv_size": [1, 3]},
								"east": {"uv": [9, 10], "uv_size": [2, 3]},
								"south": {"uv": [0, 15], "uv_size": [1, 3]},
								"west": {"uv": [11, 10], "uv_size": [2, 3]}
							}
						},
						{
							"origin": [-0.3, -4.55731, -4.74069],
							"size": [0.6, 3, 2.2],
							"pivot": [0, -2.85731, -3.74069],
							"rotation": [-65, 0, 0],
							"uv": {
								"north": {"uv": [15, 0], "uv_size": [1, 3]},
								"east": {"uv": [13, 0], "uv_size": [2, 3]},
								"south": {"uv": [15, 6], "uv_size": [1, 3]},
								"west": {"uv": [13, 6], "uv_size": [2, 3]},
								"down": {"uv": [8, 19], "uv_size": [1, -2]}
							}
						},
						{
							"origin": [-0.49609, -2.18076, 2.34672],
							"size": [0.99218, 2.5, 1.1],
							"pivot": [0, -0.03076, 2.59672],
							"rotation": [17.5, 0, 0],
							"uv": {
								"north": {"uv": [15, 12], "uv_size": [1, 3]},
								"east": {"uv": [15, 15], "uv_size": [1, 3]},
								"south": {"uv": [16, 0], "uv_size": [1, 3]},
								"west": {"uv": [1, 16], "uv_size": [1, 3]},
								"down": {"uv": [12, 19], "uv_size": [1, -1]}
							}
						},
						{
							"origin": [-0.49609, 0.2511, 1.90347],
							"size": [0.99218, 0.6, 1.7],
							"uv": {
								"north": {"uv": [16, 19], "uv_size": [1, 1]},
								"east": {"uv": [17, 16], "uv_size": [2, 1]},
								"south": {"uv": [19, 16], "uv_size": [1, 1]},
								"west": {"uv": [17, 17], "uv_size": [2, 1]},
								"down": {"uv": [0, 20], "uv_size": [1, -2]}
							}
						},
						{
							"origin": [-0.49609, -0.04758, 2.11818],
							"size": [0.99218, 0.3, 0.5],
							"pivot": [0, 0.50242, 2.56818],
							"rotation": [-30, 0, 0],
							"uv": {
								"east": {"uv": [17, 19], "uv_size": [1, 1]},
								"west": {"uv": [19, 17], "uv_size": [1, 1]},
								"down": {"uv": [18, 20], "uv_size": [1, -1]}
							}
						},
						{
							"origin": [-0.25, -0.08076, -0.10328],
							"size": [0.5, 0.05, 2.5],
							"uv": {
								"east": {"uv": [15, 9], "uv_size": [3, 1]},
								"west": {"uv": [4, 16], "uv_size": [3, 1]},
								"up": {"uv": [2, 16], "uv_size": [1, 3]},
								"down": {"uv": [16, 7], "uv_size": [1, -3]}
							}
						},
						{
							"origin": [-0.25, -0.03076, -0.10328],
							"size": [0.5, 1.35, 0.35],
							"uv": {
								"east": {"uv": [18, 12], "uv_size": [1, 1]},
								"south": {"uv": [13, 18], "uv_size": [1, 1]},
								"west": {"uv": [18, 13], "uv_size": [1, 1]}
							}
						},
						{
							"origin": [-0.25, -0.05847, -0.28395],
							"size": [0.5, 1.35, 0.35],
							"pivot": [0, 0.61653, -0.10895],
							"rotation": [15, 0, 0],
							"uv": {
								"north": {"uv": [19, 14], "uv_size": [1, 1]},
								"east": {"uv": [15, 19], "uv_size": [1, 1]},
								"west": {"uv": [19, 15], "uv_size": [1, 1]}
							}
						},
						{
							"origin": [-0.25, 0.13621, 1.41004],
							"size": [0.5, 1.05, 0.15],
							"pivot": [0, 0.66121, 1.51004],
							"rotation": [-23, 0, 0],
							"uv": {
								"north": {"uv": [15, 18], "uv_size": [1, 1]},
								"east": {"uv": [16, 18], "uv_size": [1, 1]},
								"south": {"uv": [17, 18], "uv_size": [1, 1]},
								"west": {"uv": [18, 18], "uv_size": [1, 1]},
								"down": {"uv": [1, 20], "uv_size": [1, -1]}
							}
						},
						{
							"origin": [-0.49, 1.08399, -6.82362],
							"size": [0.98, 0.65, 1.6],
							"pivot": [0, 1.20899, -5.59862],
							"rotation": [-22.5, 0, 0],
							"uv": {
								"east": {"uv": [13, 12], "uv_size": [2, 1]},
								"west": {"uv": [17, 11], "uv_size": [2, 1]},
								"down": {"uv": [17, 14], "uv_size": [1, -2]}
							}
						},
						{
							"origin": [-0.50782, 0.61226, 3.72445],
							"size": [1.00782, 1, 3.4],
							"pivot": [-0.00391, 0.01226, 7.82445],
							"rotation": [-7, 0, 0],
							"uv": {
								"east": {"uv": [16, 7], "uv_size": [3, 1]},
								"west": {"uv": [16, 8], "uv_size": [3, 1]},
								"up": {"uv": [7, 16], "uv_size": [1, 3]}
							}
						},
						{
							"origin": [-0.5074, -0.46069, 3.82447],
							"size": [1.007, 1.3, 8.45],
							"pivot": [-0.00391, 0.13931, 8.09947],
							"rotation": [-16.5, 0, 0],
							"uv": {
								"east": {"uv": [4, 6], "uv_size": [8, 1]},
								"west": {"uv": [4, 7], "uv_size": [8, 1]},
								"down": {"uv": [4, 16], "uv_size": [1, -8]}
							}
						},
						{
							"origin": [-0.50782, 0.16226, 7.12445],
							"size": [1.00782, 1.65, 4.95],
							"pivot": [-0.00391, 0.01226, 7.82445],
							"rotation": [-7, 0, 0],
							"uv": {
								"north": {"uv": [3, 18], "uv_size": [1, 2]},
								"east": {"uv": [0, 0], "uv_size": [5, 2]},
								"west": {"uv": [0, 2], "uv_size": [5, 2]},
								"up": {"uv": [9, 13], "uv_size": [1, 5]}
							}
						},
						{
							"origin": [-0.5, -1.73611, 11.94741],
							"size": [1, 3.0836, 0.67266],
							"pivot": [0, -1.14841, 12.798],
							"rotation": [-7, 0, 0],
							"uv": {
								"north": {"uv": [10, 16], "uv_size": [1, 3]},
								"east": {"uv": [11, 16], "uv_size": [1, 3]},
								"south": {"uv": [16, 12], "uv_size": [1, 3]},
								"west": {"uv": [16, 15], "uv_size": [1, 3]},
								"up": {"uv": [2, 19], "uv_size": [1, 1]},
								"down": {"uv": [19, 4], "uv_size": [1, -1]}
							}
						},
						{
							"origin": [-0.2, 1.85, -17.15],
							"size": [0.4, 0.4, 7.35],
							"pivot": [0, 2.05, -13.9],
							"rotation": [0, 0, 45],
							"uv": {
								"north": {"uv": [19, 4], "uv_size": [1, 1]},
								"east": {"uv": [6, 8], "uv_size": [7, 1]},
								"west": {"uv": [9, 4], "uv_size": [7, 1]},
								"up": {"uv": [6, 9], "uv_size": [1, 7]},
								"down": {"uv": [7, 16], "uv_size": [1, -7]}
							}
						},
						{
							"origin": [-0.25, 1.8, -9.8],
							"size": [0.5, 0.5, 0.25],
							"pivot": [0, 2.05, -9.675],
							"rotation": [0, 0, 45],
							"uv": {
								"north": {"uv": [21, 1], "uv_size": [1, 1]},
								"east": {"uv": [2, 21], "uv_size": [1, 1]},
								"west": {"uv": [21, 2], "uv_size": [1, 1]},
								"up": {"uv": [3, 21], "uv_size": [1, 1]},
								"down": {"uv": [21, 4], "uv_size": [1, -1]}
							}
						},
						{
							"origin": [-0.15, 1.99497, -16.2218],
							"size": [0.3, 1.45, 0.45],
							"pivot": [0.05, 2.84497, -15.9218],
							"rotation": [26, 0, 0],
							"uv": {
								"north": {"uv": [19, 5], "uv_size": [1, 1]},
								"east": {"uv": [6, 19], "uv_size": [1, 1]},
								"south": {"uv": [19, 6], "uv_size": [1, 1]},
								"west": {"uv": [7, 19], "uv_size": [1, 1]},
								"up": {"uv": [19, 7], "uv_size": [1, 1]}
							}
						},
						{
							"origin": [-0.15, 2.15, -16.55],
							"size": [0.3, 1.25, 0.4],
							"uv": {
								"north": {"uv": [20, 10], "uv_size": [1, 1]},
								"east": {"uv": [11, 20], "uv_size": [1, 1]},
								"south": {"uv": [20, 11], "uv_size": [1, 1]},
								"west": {"uv": [12, 20], "uv_size": [1, 1]},
								"up": {"uv": [20, 12], "uv_size": [1, 1]}
							}
						},
						{
							"origin": [-0.25, 2.7, -12.35],
							"size": [0.5, 0.5, 2.8],
							"pivot": [0, 2.95, -10.95],
							"rotation": [0, 0, 45],
							"uv": {
								"north": {"uv": [8, 19], "uv_size": [1, 1]},
								"east": {"uv": [17, 0], "uv_size": [3, 1]},
								"west": {"uv": [17, 1], "uv_size": [3, 1]},
								"up": {"uv": [4, 17], "uv_size": [1, 3]},
								"down": {"uv": [17, 7], "uv_size": [1, -3]}
							}
						},
						{
							"origin": [-0.92008, 2.43002, -3.81641],
							"size": [0.46484, 0.27891, 0.08203],
							"uv": {
								"north": {"uv": [8, 20], "uv_size": [1, 1]},
								"east": {"uv": [20, 8], "uv_size": [1, 1]},
								"south": {"uv": [9, 20], "uv_size": [1, 1]},
								"up": {"uv": [20, 9], "uv_size": [1, 1]},
								"down": {"uv": [10, 21], "uv_size": [1, -1]}
							}
						},
						{
							"origin": [-0.2745, 3.25469, -16.55],
							"size": [0.05, 0.25, 0.5],
							"pivot": [-0.2495, 3.47969, -16.375],
							"rotation": [0, 0, -40],
							"uv": {
								"north": {"uv": [20, 20], "uv_size": [1, 1]},
								"east": {"uv": [0, 21], "uv_size": [1, 1]},
								"south": {"uv": [21, 0], "uv_size": [1, 1]},
								"west": {"uv": [1, 21], "uv_size": [1, 1]}
							}
						},
						{
							"origin": [-0.23466, 3.46301, -16.55],
							"size": [0.05, 0.2, 0.5],
							"pivot": [-0.18466, 3.66301, -16.375],
							"rotation": [0, 0, 15],
							"uv": {
								"north": {"uv": [20, 17], "uv_size": [1, 1]},
								"east": {"uv": [18, 20], "uv_size": [1, 1]},
								"south": {"uv": [20, 18], "uv_size": [1, 1]},
								"west": {"uv": [19, 20], "uv_size": [1, 1]},
								"up": {"uv": [20, 19], "uv_size": [1, 1]}
							}
						},
						{
							"origin": [0.2245, 3.25469, -16.55],
							"size": [0.05, 0.25, 0.5],
							"pivot": [0.2495, 3.47969, -16.375],
							"rotation": [0, 0, 40],
							"uv": {
								"north": {"uv": [20, 15], "uv_size": [1, 1]},
								"east": {"uv": [16, 20], "uv_size": [1, 1]},
								"south": {"uv": [20, 16], "uv_size": [1, 1]},
								"west": {"uv": [17, 20], "uv_size": [1, 1]}
							}
						},
						{
							"origin": [0.18466, 3.46301, -16.55],
							"size": [0.05, 0.2, 0.5],
							"pivot": [0.18466, 3.66301, -16.375],
							"rotation": [0, 0, -15],
							"uv": {
								"north": {"uv": [13, 20], "uv_size": [1, 1]},
								"east": {"uv": [20, 13], "uv_size": [1, 1]},
								"south": {"uv": [14, 20], "uv_size": [1, 1]},
								"west": {"uv": [20, 14], "uv_size": [1, 1]},
								"up": {"uv": [15, 20], "uv_size": [1, 1]}
							}
						}
					]
				}
			]
		}
	]
}