{
	"format_version": "1.12.0",
	"minecraft:geometry": [
		{
			"description": {
				"identifier": "geometry.unknown",
				"texture_width": 64,
				"texture_height": 64,
				"visible_bounds_width": 5,
				"visible_bounds_height": 3,
				"visible_bounds_offset": [0, 0.5, 0]
			},
			"bones": [
				{
					"name": "bone",
					"pivot": [-0.675, 1.675, -14],
					"cubes": [
						{
							"origin": [-1.59097, 2.15597, 0.19628],
							"size": [1.16253, 0.20882, 0.29361],
							"pivot": [-1.08089, 2.26038, 0.35733],
							"rotation": [0, 35, -45],
							"uv": {
								"north": {"uv": [4, 27], "uv_size": [1, 0.5]},
								"south": {"uv": [6, 27], "uv_size": [1, 0.5]},
								"up": {"uv": [6, 28], "uv_size": [1, 0.5]},
								"down": {"uv": [28, 23.5], "uv_size": [1, -0.5]}
							}
						},
						{
							"origin": [-2.24097, 1.90597, -0.05372],
							"size": [0.75, 0.70882, 0.79361],
							"pivot": [-1.08089, 2.26038, 0.35733],
							"rotation": [0, 35, -45],
							"uv": {
								"north": {"uv": [29, 4], "uv_size": [1, 0.5]},
								"east": {"uv": [5, 29], "uv_size": [1, 0.5]},
								"south": {"uv": [29, 5], "uv_size": [1, 0.5]},
								"west": {"uv": [6, 29], "uv_size": [1, 0.5]},
								"up": {"uv": [26, 18], "uv_size": [1, 1]},
								"down": {"uv": [26, 20], "uv_size": [1, -1]}
							}
						},
						{
							"origin": [-0.91769, 2.82926, -0.14882],
							"size": [0.62863, 0.20882, 0.29361],
							"pivot": [-0.40761, 2.93367, 0.01222],
							"rotation": [0, 0, -45],
							"uv": {
								"north": {"uv": [18, 29], "uv_size": [0.5, 0.5]},
								"south": {"uv": [29, 18], "uv_size": [0.5, 0.5]},
								"up": {"uv": [19, 29], "uv_size": [0.5, 0.5]},
								"down": {"uv": [29, 19.5], "uv_size": [0.5, -0.5]}
							}
						},
						{
							"origin": [-0.75637, 1.05991, -13.80427],
							"size": [1.51273, 0.35594, 0.35594],
							"pivot": [0, 1.23788, -13.6263],
							"rotation": [-45, 0, 0],
							"uv": {
								"north": {"uv": [23, 26], "uv_size": [1.5, 0.5]},
								"east": {"uv": [20, 29], "uv_size": [0.5, 0.5]},
								"south": {"uv": [26, 23], "uv_size": [1.5, 0.5]},
								"west": {"uv": [21, 29], "uv_size": [0.5, 0.5]},
								"up": {"uv": [26, 24], "uv_size": [1.5, 0.5]},
								"down": {"uv": [25, 26.5], "uv_size": [1.5, -0.5]}
							}
						},
						{
							"origin": [-0.75637, 1.05991, -9.17708],
							"size": [1.51273, 0.35594, 0.35594],
							"pivot": [0, 1.23788, -8.99911],
							"rotation": [-45, 0, 0],
							"uv": {
								"north": {"uv": [26, 25], "uv_size": [1.5, 0.5]},
								"east": {"uv": [22, 29], "uv_size": [0.5, 0.5]},
								"south": {"uv": [0, 27], "uv_size": [1.5, 0.5]},
								"west": {"uv": [29, 22], "uv_size": [0.5, 0.5]},
								"up": {"uv": [27, 6], "uv_size": [1.5, 0.5]},
								"down": {"uv": [27, 7.5], "uv_size": [1.5, -0.5]}
							}
						},
						{
							"origin": [-0.75637, 0.70397, -4.90583],
							"size": [1.51273, 0.35594, 0.35594],
							"pivot": [0, 0.88194, -4.72786],
							"rotation": [-45, 0, 0],
							"uv": {
								"north": {"uv": [27, 8], "uv_size": [1.5, 0.5]},
								"east": {"uv": [23, 29], "uv_size": [0.5, 0.5]},
								"south": {"uv": [27, 9], "uv_size": [1.5, 0.5]},
								"west": {"uv": [29, 23], "uv_size": [0.5, 0.5]},
								"up": {"uv": [10, 27], "uv_size": [1.5, 0.5]},
								"down": {"uv": [13, 27.5], "uv_size": [1.5, -0.5]}
							}
						},
						{
							"origin": [-0.75637, 1.23788, 3.06717],
							"size": [1.51273, 0.35594, 0.35594],
							"pivot": [0, 1.41584, 3.24514],
							"rotation": [-45, 0, 0],
							"uv": {
								"north": {"uv": [18, 27], "uv_size": [1.5, 0.5]},
								"east": {"uv": [24, 29], "uv_size": [0.5, 0.5]},
								"south": {"uv": [27, 18], "uv_size": [1.5, 0.5]},
								"west": {"uv": [29, 24], "uv_size": [0.5, 0.5]},
								"up": {"uv": [27, 19], "uv_size": [1.5, 0.5]},
								"down": {"uv": [20, 27.5], "uv_size": [1.5, -0.5]}
							}
						},
						{
							"origin": [-0.75637, 1.34466, 10.22151],
							"size": [1.51273, 0.35594, 0.35594],
							"pivot": [0, 1.52263, 10.39948],
							"rotation": [-45, 0, 0],
							"uv": {
								"north": {"uv": [22, 27], "uv_size": [1.5, 0.5]},
								"east": {"uv": [25, 29], "uv_size": [0.5, 0.5]},
								"south": {"uv": [27, 22], "uv_size": [1.5, 0.5]},
								"west": {"uv": [29, 25], "uv_size": [0.5, 0.5]},
								"up": {"uv": [24, 27], "uv_size": [1.5, 0.5]},
								"down": {"uv": [26, 27.5], "uv_size": [1.5, -0.5]}
							}
						},
						{
							"origin": [-0.75637, -0.71978, 11.71645],
							"size": [1.51273, 0.35594, 0.35594],
							"pivot": [0, -0.54181, 11.89442],
							"rotation": [-45, 0, 0],
							"uv": {
								"north": {"uv": [27, 26], "uv_size": [1.5, 0.5]},
								"east": {"uv": [26, 29], "uv_size": [0.5, 0.5]},
								"south": {"uv": [0, 28], "uv_size": [1.5, 0.5]},
								"west": {"uv": [29, 26], "uv_size": [0.5, 0.5]},
								"up": {"uv": [28, 0], "uv_size": [1.5, 0.5]},
								"down": {"uv": [28, 1.5], "uv_size": [1.5, -0.5]}
							}
						},
						{
							"origin": [-0.63179, -2.28591, 3.03158],
							"size": [1.26358, 0.35594, 0.35594],
							"pivot": [0.12458, -2.10794, 3.20954],
							"rotation": [-45, 0, 0],
							"uv": {
								"north": {"uv": [2, 28], "uv_size": [1.5, 0.5]},
								"east": {"uv": [27, 29], "uv_size": [0.5, 0.5]},
								"south": {"uv": [28, 2], "uv_size": [1.5, 0.5]},
								"west": {"uv": [29, 27], "uv_size": [0.5, 0.5]},
								"up": {"uv": [28, 3], "uv_size": [1.5, 0.5]},
								"down": {"uv": [4, 28.5], "uv_size": [1.5, -0.5]}
							}
						},
						{
							"origin": [-0.07119, 2.71348, 1.82554],
							"size": [0.19238, 0.19237, 0.29968],
							"pivot": [0, 2.78466, 1.65038],
							"rotation": [0, 0, -45],
							"uv": {
								"east": {"uv": [10, 29], "uv_size": [0.5, 0.5]},
								"south": {"uv": [11, 29], "uv_size": [0.5, 0.5]},
								"west": {"uv": [12, 29], "uv_size": [0.5, 0.5]},
								"up": {"uv": [13, 29], "uv_size": [0.5, 0.5]},
								"down": {"uv": [14, 29.5], "uv_size": [0.5, -0.5]}
							}
						},
						{
							"origin": [-0.315, 2.95443, -7.18577],
							"size": [0.63001, 0.39238, 9.05],
							"uv": {
								"north": {"uv": [30, 8], "uv_size": [0.5, 0.5]},
								"south": {"uv": [30, 9], "uv_size": [0.5, 0.5]},
								"up": {"uv": [12, 20], "uv_size": [0.5, 9]}
							}
						},
						{
							"origin": [-0.06073, 2.67603, -7.18577],
							"size": [0.5695, 0.43068, 9.05],
							"pivot": [-0.00001, 2.89427, -5.96135],
							"rotation": [0, 0, -32.5],
							"uv": {
								"north": {"uv": [7, 30], "uv_size": [0.5, 0.5]},
								"south": {"uv": [30, 7], "uv_size": [0.5, 0.5]},
								"west": {"uv": [21, 21], "uv_size": [9, 0.5]}
							}
						},
						{
							"origin": [-0.50879, 2.67603, -7.18577],
							"size": [0.5695, 0.43068, 9.05],
							"pivot": [-0.00001, 2.89427, -5.96135],
							"rotation": [0, 0, 32.5],
							"uv": {
								"north": {"uv": [6, 30], "uv_size": [0.5, 0.5]},
								"east": {"uv": [21, 20], "uv_size": [9, 0.5]},
								"south": {"uv": [30, 6], "uv_size": [0.5, 0.5]}
							}
						},
						{
							"origin": [-0.325, 2.4865, -32.39802],
							"size": [0.65, 0.65, 25.25],
							"pivot": [0, 2.8115, -18.77302],
							"rotation": [0, 0, -45],
							"uv": {
								"north": {"uv": [28, 29], "uv_size": [0.5, 0.5]},
								"east": {"uv": [8, 12], "uv_size": [25.5, 0.5]},
								"west": {"uv": [8, 13], "uv_size": [25.5, 0.5]},
								"up": {"uv": [8, 14], "uv_size": [0.5, 25.5]},
								"down": {"uv": [9, 39.5], "uv_size": [0.5, -25.5]}
							}
						},
						{
							"origin": [-0.425, 2.3865, -30.89802],
							"size": [0.85, 0.85, 0.5],
							"pivot": [0, 2.8115, -18.77302],
							"rotation": [0, 0, -45],
							"uv": {
								"north": {"uv": [22, 26], "uv_size": [1, 1]},
								"east": {"uv": [29, 6], "uv_size": [0.5, 1]},
								"south": {"uv": [26, 22], "uv_size": [1, 1]},
								"west": {"uv": [29, 7], "uv_size": [0.5, 1]},
								"up": {"uv": [29, 8], "uv_size": [1, 0.5]},
								"down": {"uv": [29, 9.5], "uv_size": [1, -0.5]}
							}
						},
						{
							"origin": [0.275, 0.4215, -23.79802],
							"size": [0.35, 0.3, 7.15],
							"pivot": [0.6, 0.6465, -18.77302],
							"rotation": [0, 0, -45],
							"uv": {
								"east": {"uv": [23, 14], "uv_size": [7, 0.5]},
								"south": {"uv": [29, 28], "uv_size": [0.5, 0.5]},
								"west": {"uv": [23, 15], "uv_size": [7, 0.5]},
								"up": {"uv": [7, 23], "uv_size": [0.5, 7]},
								"down": {"uv": [15, 30], "uv_size": [0.5, -7]}
							}
						},
						{
							"origin": [0.175, 0.3215, -23.99802],
							"size": [0.55, 0.5, 0.2],
							"pivot": [0.6, 0.6465, -18.77302],
							"rotation": [0, 0, -45],
							"uv": {
								"north": {"uv": [0, 30], "uv_size": [0.5, 0.5]},
								"east": {"uv": [30, 0], "uv_size": [0.5, 0.5]},
								"south": {"uv": [1, 30], "uv_size": [0.5, 0.5]},
								"west": {"uv": [30, 1], "uv_size": [0.5, 0.5]},
								"up": {"uv": [2, 30], "uv_size": [0.5, 0.5]},
								"down": {"uv": [30, 2.5], "uv_size": [0.5, -0.5]}
							}
						},
						{
							"origin": [-0.725, 0.3215, -23.99802],
							"size": [0.55, 0.5, 0.2],
							"pivot": [-0.6, 0.6465, -18.77302],
							"rotation": [0, 0, 45],
							"uv": {
								"north": {"uv": [3, 30], "uv_size": [0.5, 0.5]},
								"east": {"uv": [30, 3], "uv_size": [0.5, 0.5]},
								"south": {"uv": [4, 30], "uv_size": [0.5, 0.5]},
								"west": {"uv": [30, 4], "uv_size": [0.5, 0.5]},
								"up": {"uv": [5, 30], "uv_size": [0.5, 0.5]},
								"down": {"uv": [30, 5.5], "uv_size": [0.5, -0.5]}
							}
						},
						{
							"origin": [-0.625, 0.4215, -23.79802],
							"size": [0.35, 0.3, 7.15],
							"pivot": [-0.6, 0.6465, -18.77302],
							"rotation": [0, 0, 45],
							"uv": {
								"east": {"uv": [23, 16], "uv_size": [7, 0.5]},
								"south": {"uv": [29, 29], "uv_size": [0.5, 0.5]},
								"west": {"uv": [23, 17], "uv_size": [7, 0.5]},
								"up": {"uv": [16, 23], "uv_size": [0.5, 7]},
								"down": {"uv": [17, 30], "uv_size": [0.5, -7]}
							}
						},
						{
							"origin": [-0.71365, 0.44135, -7.28927],
							"size": [1.4273, 1.3, 3.5],
							"pivot": [0, 1.09135, -5.53927],
							"rotation": [-15.5, 0, 0],
							"uv": {
								"east": {"uv": [19, 14], "uv_size": [3.5, 1.5]},
								"west": {"uv": [19, 16], "uv_size": [3.5, 1.5]},
								"down": {"uv": [19, 21.5], "uv_size": [1.5, -3.5]}
							}
						},
						{
							"origin": [-0.71365, -0.12633, -3.98555],
							"size": [1.4273, 1.3, 3.7],
							"pivot": [0, 0.52367, -2.23555],
							"rotation": [-4, 0, 0],
							"uv": {
								"east": {"uv": [20, 2], "uv_size": [3.5, 1.5]},
								"west": {"uv": [20, 4], "uv_size": [3.5, 1.5]},
								"down": {"uv": [10, 23.5], "uv_size": [1.5, -3.5]}
							}
						},
						{
							"origin": [-0.41365, -1.47633, -4.63555],
							"size": [0.8273, 1.65, 3.6],
							"pivot": [0.05, 0.52367, -2.93555],
							"rotation": [-1, 0, 0],
							"uv": {
								"north": {"uv": [3, 26], "uv_size": [1, 1.5]},
								"east": {"uv": [20, 6], "uv_size": [3.5, 1.5]},
								"south": {"uv": [5, 26], "uv_size": [1, 1.5]},
								"west": {"uv": [4, 21], "uv_size": [3.5, 1.5]},
								"down": {"uv": [18, 26.5], "uv_size": [1, -3.5]}
							}
						},
						{
							"origin": [-0.11365, -0.15201, 0.91356],
							"size": [0.2273, 1.2, 0.3],
							"pivot": [0, 0.44799, 1.06356],
							"rotation": [-4, 0, 0],
							"uv": {
								"north": {"uv": [28, 28], "uv_size": [0.5, 1]},
								"east": {"uv": [0, 29], "uv_size": [0.5, 1]},
								"south": {"uv": [1, 29], "uv_size": [0.5, 1]},
								"west": {"uv": [2, 29], "uv_size": [0.5, 1]},
								"down": {"uv": [12, 30.5], "uv_size": [0.5, -0.5]}
							}
						},
						{
							"origin": [-0.46365, -0.70633, -0.55555],
							"size": [0.9273, 0.5, 2.82],
							"uv": {
								"north": {"uv": [28, 27], "uv_size": [1, 0.5]},
								"east": {"uv": [26, 4], "uv_size": [3, 0.5]},
								"west": {"uv": [26, 5], "uv_size": [3, 0.5]},
								"up": {"uv": [10, 24], "uv_size": [1, 3]},
								"down": {"uv": [11, 27], "uv_size": [1, -3]}
							}
						},
						{
							"origin": [-0.71365, 0.8562, -15.23962],
							"size": [1.4273, 1.8, 14.75],
							"uv": {
								"north": {"uv": [15, 2], "uv_size": [1.5, 2]},
								"east": {"uv": [0, 0], "uv_size": [15, 2]},
								"south": {"uv": [0, 24], "uv_size": [1.5, 2]},
								"west": {"uv": [0, 2], "uv_size": [15, 2]},
								"up": {"uv": [0, 4], "uv_size": [1.5, 15]},
								"down": {"uv": [2, 19], "uv_size": [1.5, -15]}
							}
						},
						{
							"origin": [-0.46365, 3.34681, -8.18577],
							"size": [0.9273, 0.3, 8.9],
							"uv": {
								"north": {"uv": [3, 29], "uv_size": [1, 0.5]},
								"east": {"uv": [22, 10], "uv_size": [9, 0.5]},
								"south": {"uv": [4, 29], "uv_size": [1, 0.5]},
								"west": {"uv": [22, 11], "uv_size": [9, 0.5]},
								"up": {"uv": [16, 14], "uv_size": [1, 9]},
								"down": {"uv": [17, 11], "uv_size": [1, -9]}
							}
						},
						{
							"origin": [-0.71365, 0.8562, -0.48962],
							"size": [1.4273, 1.35, 13],
							"uv": {
								"east": {"uv": [4, 4], "uv_size": [13, 1.5]},
								"west": {"uv": [4, 6], "uv_size": [13, 1.5]},
								"up": {"uv": [4, 8], "uv_size": [1.5, 13]},
								"down": {"uv": [6, 21], "uv_size": [1.5, -13]}
							}
						},
						{
							"origin": [-0.66365, 2.2062, 7.01038],
							"size": [1.3273, 0.85, 5.15],
							"uv": {
								"north": {"uv": [26, 2], "uv_size": [1.5, 1]},
								"east": {"uv": [21, 18], "uv_size": [5, 1]},
								"south": {"uv": [26, 3], "uv_size": [1.5, 1]},
								"west": {"uv": [21, 19], "uv_size": [5, 1]},
								"up": {"uv": [0, 19], "uv_size": [1.5, 5]}
							}
						},
						{
							"origin": [-0.71365, -1.2938, 6.01038],
							"size": [1.4273, 2.15, 6.5],
							"uv": {
								"north": {"uv": [24, 0], "uv_size": [1.5, 2]},
								"east": {"uv": [8, 8], "uv_size": [6.5, 2]},
								"west": {"uv": [8, 10], "uv_size": [6.5, 2]},
								"down": {"uv": [14, 20.5], "uv_size": [1.5, -6.5]}
							}
						},
						{
							"origin": [-0.71365, -2.5438, 12.51038],
							"size": [1.4273, 5.4, 2],
							"uv": {
								"north": {"uv": [17, 14], "uv_size": [1.5, 5.5]},
								"east": {"uv": [10, 14], "uv_size": [2, 5.5]},
								"south": {"uv": [18, 2], "uv_size": [1.5, 5.5]},
								"west": {"uv": [12, 14], "uv_size": [2, 5.5]},
								"up": {"uv": [24, 2], "uv_size": [1.5, 2]},
								"down": {"uv": [24, 6], "uv_size": [1.5, -2]}
							}
						},
						{
							"origin": [-0.71365, -4.17704, 6.82242],
							"size": [1.4273, 1.65, 2.8],
							"pivot": [0, -4.35204, 4.62242],
							"rotation": [45, 0, 0],
							"uv": {
								"east": {"uv": [13, 21], "uv_size": [3, 1.5]},
								"west": {"uv": [22, 8], "uv_size": [3, 1.5]},
								"up": {"uv": [17, 20], "uv_size": [1.5, 3]},
								"down": {"uv": [19, 25], "uv_size": [1.5, -3]}
							}
						},
						{
							"origin": [-0.71365, -2.8414, 2.18964],
							"size": [1.4273, 1.65, 3.8],
							"pivot": [0, -2.0164, 4.08964],
							"rotation": [5, 0, 0],
							"uv": {
								"north": {"uv": [24, 22], "uv_size": [1.5, 1.5]},
								"east": {"uv": [18, 8], "uv_size": [4, 1.5]},
								"west": {"uv": [18, 10], "uv_size": [4, 1.5]},
								"up": {"uv": [15, 8], "uv_size": [1.5, 4]},
								"down": {"uv": [2, 23], "uv_size": [1.5, -4]}
							}
						},
						{
							"origin": [-0.71365, -0.83955, 1.73147],
							"size": [1.4273, 1.4, 2.3],
							"pivot": [0, -0.13955, 2.88147],
							"rotation": [-85, 0, 0],
							"uv": {
								"east": {"uv": [21, 22], "uv_size": [2.5, 1.5]},
								"west": {"uv": [2, 23], "uv_size": [2.5, 1.5]},
								"up": {"uv": [5, 23], "uv_size": [1.5, 2.5]},
								"down": {"uv": [13, 25.5], "uv_size": [1.5, -2.5]}
							}
						},
						{
							"origin": [-0.46365, -1.54496, 3.26515],
							"size": [0.9273, 0.9, 2.3],
							"pivot": [0, -1.09496, 4.41515],
							"rotation": [-17.5, 0, 0],
							"uv": {
								"east": {"uv": [24, 6], "uv_size": [2.5, 1]},
								"west": {"uv": [24, 7], "uv_size": [2.5, 1]},
								"up": {"uv": [21, 24], "uv_size": [1, 2.5]}
							}
						},
						{
							"origin": [-0.46365, 0.29352, 5.20008],
							"size": [0.9273, 0.9, 1.4],
							"pivot": [0, 0.74352, 5.90008],
							"rotation": [135, 0, 0],
							"uv": {
								"east": {"uv": [26, 0], "uv_size": [1.5, 1]},
								"west": {"uv": [26, 1], "uv_size": [1.5, 1]},
								"up": {"uv": [2, 26], "uv_size": [1, 1.5]}
							}
						},
						{
							"origin": [-0.46365, 0.61852, 2.45508],
							"size": [0.9273, 0.575, 0.75],
							"pivot": [0, 0.74352, 3.15508],
							"rotation": [-135, 0, 0],
							"uv": {
								"east": {"uv": [10, 30], "uv_size": [0.5, 0.5]},
								"west": {"uv": [11, 30], "uv_size": [0.5, 0.5]},
								"up": {"uv": [27, 28], "uv_size": [1, 0.5]}
							}
						},
						{
							"origin": [-0.71365, -2.1438, 11.76038],
							"size": [1.4273, 0.85, 0.75],
							"uv": {
								"north": {"uv": [24, 25], "uv_size": [1.5, 1]},
								"east": {"uv": [13, 26], "uv_size": [1, 1]},
								"west": {"uv": [14, 26], "uv_size": [1, 1]},
								"down": {"uv": [0, 27], "uv_size": [1.5, -1]}
							}
						},
						{
							"origin": [-0.71365, 2.2062, -0.48962],
							"size": [1.4273, 0.3, 1.5],
							"uv": {
								"east": {"uv": [18, 28], "uv_size": [1.5, 0.5]},
								"south": {"uv": [20, 28], "uv_size": [1.5, 0.5]},
								"west": {"uv": [22, 28], "uv_size": [1.5, 0.5]},
								"up": {"uv": [22, 24], "uv_size": [1.5, 1.5]}
							}
						},
						{
							"origin": [-0.54635, 1.90857, -7.18577],
							"size": [1.0927, 1.075, 9.05],
							"uv": {
								"north": {"uv": [26, 8], "uv_size": [1, 1]},
								"east": {"uv": [15, 0], "uv_size": [9, 1]},
								"south": {"uv": [26, 9], "uv_size": [1, 1]},
								"west": {"uv": [15, 1], "uv_size": [9, 1]}
							}
						},
						{
							"origin": [-0.46365, 0.8062, -16.88962],
							"size": [0.9273, 1.1, 1.65],
							"uv": {
								"north": {"uv": [17, 11], "uv_size": [1, 1]},
								"east": {"uv": [24, 24], "uv_size": [1.5, 1]},
								"west": {"uv": [2, 25], "uv_size": [1.5, 1]},
								"up": {"uv": [4, 25], "uv_size": [1, 1.5]},
								"down": {"uv": [25, 9.5], "uv_size": [1, -1.5]}
							}
						},
						{
							"origin": [-0.36365, -0.0438, -16.43962],
							"size": [0.7273, 0.85, 1.1],
							"uv": {
								"north": {"uv": [24, 28], "uv_size": [0.5, 1]},
								"east": {"uv": [13, 20], "uv_size": [1, 1]},
								"south": {"uv": [28, 24], "uv_size": [0.5, 1]},
								"west": {"uv": [6, 26], "uv_size": [1, 1]},
								"down": {"uv": [25, 29], "uv_size": [0.5, -1]}
							}
						},
						{
							"origin": [-0.46365, 0.2562, -16.78962],
							"size": [0.9273, 0.45, 1.25],
							"uv": {
								"north": {"uv": [28, 25], "uv_size": [1, 0.5]},
								"east": {"uv": [10, 28], "uv_size": [1.5, 0.5]},
								"south": {"uv": [26, 28], "uv_size": [1, 0.5]},
								"west": {"uv": [13, 28], "uv_size": [1.5, 0.5]},
								"up": {"uv": [19, 25], "uv_size": [1, 1.5]},
								"down": {"uv": [20, 26.5], "uv_size": [1, -1.5]}
							}
						}
					]
				},
				{
					"name": "flare",
					"pivot": [-0.03417, 2.93945, -43.125]
				}
			]
		}
	]
}