{
	"format_version": "1.12.0",
	"minecraft:geometry": [
		{
			"description": {
				"identifier": "geometry.bocek",
				"texture_width": 64,
				"texture_height": 64,
				"visible_bounds_width": 4,
				"visible_bounds_height": 5,
				"visible_bounds_offset": [0, 0.5, 0]
			},
			"bones": [
				{
					"name": "group2",
					"pivot": [1.31919, -8.7, 5.75]
				},
				{
					"name": "group3",
					"parent": "group2",
					"pivot": [-0.1243, 0.2817, 3.77503]
				},
				{
					"name": "zhunxing",
					"parent": "group3",
					"pivot": [1.31919, 11.8296, 5.75],
					"cubes": [
						{
							"origin": [-0.99039, 1.69311, -4.25818],
							"size": [0.25662, 1.2831, 2.30958],
							"uv": {
								"north": {"uv": [22, 38], "uv_size": [0.09376, 0.5]},
								"east": {"uv": [10, 29], "uv_size": [0.90624, 0.5]},
								"south": {"uv": [38, 22], "uv_size": [0.09376, 0.5]},
								"west": {"uv": [29, 11], "uv_size": [0.90624, 0.5]},
								"up": {"uv": [36, 17], "uv_size": [0.09376, 0.90624]},
								"down": {"uv": [18, 36.90624], "uv_size": [0.09376, -0.90624]}
							}
						},
						{
							"origin": [-0.73377, 2.20635, -4.00156],
							"size": [0.51324, 0.25662, 0.25662],
							"uv": {
								"north": {"uv": [39, 12], "uv_size": [0.18752, 0.09376]},
								"east": {"uv": [18, 40], "uv_size": [0.09376, 0.09376]},
								"south": {"uv": [13, 39], "uv_size": [0.18752, 0.09376]},
								"west": {"uv": [40, 18], "uv_size": [0.09376, 0.09376]},
								"up": {"uv": [39, 13], "uv_size": [0.18752, 0.09376]},
								"down": {"uv": [14, 39.09376], "uv_size": [0.18752, -0.09376]}
							}
						},
						{
							"origin": [-0.22053, 2.07804, -4.00156],
							"size": [0.06416, 0.51324, 0.25662],
							"uv": {
								"north": {"uv": [20, 40], "uv_size": [0.03124, 0.18752]},
								"east": {"uv": [39, 14], "uv_size": [0.09376, 0.18752]},
								"south": {"uv": [40, 20], "uv_size": [0.03124, 0.18752]},
								"west": {"uv": [15, 39], "uv_size": [0.09376, 0.18752]},
								"up": {"uv": [24, 40], "uv_size": [0.03124, 0.09376]},
								"down": {"uv": [40, 24.09376], "uv_size": [0.03124, -0.09376]}
							}
						},
						{
							"origin": [0.03609, 2.07804, -3.87325],
							"size": [0.06416, 0.25662, 0],
							"uv": {
								"north": {"uv": [25, 40], "uv_size": [0.03124, 0.09376]},
								"east": {"uv": [0, 0], "uv_size": [0, 0.09376]},
								"south": {"uv": [40, 25], "uv_size": [0.03124, 0.09376]},
								"west": {"uv": [0, 0], "uv_size": [0, 0.09376]},
								"up": {"uv": [0, 0], "uv_size": [0.03124, 0]},
								"down": {"uv": [0, 0], "uv_size": [0.03124, 0]}
							}
						},
						{
							"origin": [0.22855, 2.07804, -4.00156],
							"size": [0.06416, 0.51324, 0.25662],
							"uv": {
								"north": {"uv": [21, 40], "uv_size": [0.03124, 0.18752]},
								"east": {"uv": [39, 15], "uv_size": [0.09376, 0.18752]},
								"south": {"uv": [40, 21], "uv_size": [0.03124, 0.18752]},
								"west": {"uv": [16, 39], "uv_size": [0.09376, 0.18752]},
								"up": {"uv": [26, 40], "uv_size": [0.03124, 0.09376]},
								"down": {"uv": [40, 26.09376], "uv_size": [0.03124, -0.09376]}
							}
						},
						{
							"origin": [-0.22053, 2.5592, -4.00156],
							"size": [0.51324, 0.06415, 0.25662],
							"uv": {
								"north": {"uv": [22, 40], "uv_size": [0.18752, 0.03124]},
								"east": {"uv": [27, 40], "uv_size": [0.09376, 0.03124]},
								"south": {"uv": [40, 22], "uv_size": [0.18752, 0.03124]},
								"west": {"uv": [40, 27], "uv_size": [0.09376, 0.03124]},
								"up": {"uv": [39, 16], "uv_size": [0.18752, 0.09376]},
								"down": {"uv": [17, 39.09376], "uv_size": [0.18752, -0.09376]}
							}
						},
						{
							"origin": [-0.22053, 2.04596, -4.00156],
							"size": [0.51324, 0.06416, 0.25662],
							"uv": {
								"north": {"uv": [23, 40], "uv_size": [0.18752, 0.03124]},
								"east": {"uv": [28, 40], "uv_size": [0.09376, 0.03124]},
								"south": {"uv": [40, 23], "uv_size": [0.18752, 0.03124]},
								"west": {"uv": [40, 28], "uv_size": [0.09376, 0.03124]},
								"up": {"uv": [39, 17], "uv_size": [0.18752, 0.09376]},
								"down": {"uv": [18, 39.09376], "uv_size": [0.18752, -0.09376]}
							}
						}
					]
				},
				{
					"name": "jianhe",
					"parent": "group3",
					"pivot": [-0.1243, 0.2817, 3.77503],
					"cubes": [
						{
							"origin": [-1.24701, -2.66943, 0.10436],
							"size": [0.25662, 1.2831, 2.82282],
							"uv": {
								"north": {"uv": [23, 38], "uv_size": [0.09376, 0.5]},
								"east": {"uv": [5, 28], "uv_size": [1.09376, 0.5]},
								"south": {"uv": [38, 23], "uv_size": [0.09376, 0.5]},
								"west": {"uv": [9, 28], "uv_size": [1.09376, 0.5]},
								"up": {"uv": [27, 34], "uv_size": [0.09376, 1.09376]},
								"down": {"uv": [28, 35.09376], "uv_size": [0.09376, -1.09376]}
							}
						},
						{
							"origin": [-3.04335, -3.95253, 2.92718],
							"size": [2.05296, 3.59268, 1.2831],
							"uv": {
								"north": {"uv": [1, 21], "uv_size": [0.81252, 1.40624]},
								"east": {"uv": [1, 26], "uv_size": [0.5, 1.40624]},
								"south": {"uv": [4, 21], "uv_size": [0.81252, 1.40624]},
								"west": {"uv": [26, 1], "uv_size": [0.5, 1.40624]},
								"up": {"uv": [30, 2], "uv_size": [0.81252, 0.5]},
								"down": {"uv": [30, 3.5], "uv_size": [0.81252, -0.5]}
							}
						},
						{
							"origin": [-3.04335, -3.95253, -1.43536],
							"size": [2.05296, 3.59268, 1.53972],
							"uv": {
								"north": {"uv": [5, 21], "uv_size": [0.81252, 1.40624]},
								"east": {"uv": [15, 23], "uv_size": [0.59376, 1.40624]},
								"south": {"uv": [6, 21], "uv_size": [0.81252, 1.40624]},
								"west": {"uv": [16, 23], "uv_size": [0.59376, 1.40624]},
								"up": {"uv": [28, 28], "uv_size": [0.81252, 0.59376]},
								"down": {"uv": [0, 29.59376], "uv_size": [0.81252, -0.59376]}
							}
						},
						{
							"origin": [-2.78673, -3.69591, -1.69198],
							"size": [1.53972, 3.59268, 6.4155],
							"uv": {
								"north": {"uv": [23, 16], "uv_size": [0.59376, 1.40624]},
								"east": {"uv": [12, 0], "uv_size": [2.5, 1.40624]},
								"south": {"uv": [20, 23], "uv_size": [0.59376, 1.40624]},
								"west": {"uv": [12, 2], "uv_size": [2.5, 1.40624]},
								"up": {"uv": [17, 19], "uv_size": [0.59376, 2.5]},
								"down": {"uv": [18, 21.5], "uv_size": [0.59376, -2.5]}
							}
						},
						{
							"origin": [-2.78673, -2.15619, 3.1838],
							"size": [2.30958, 2.05296, 1.02648],
							"uv": {
								"north": {"uv": [21, 10], "uv_size": [0.90624, 0.81252]},
								"east": {"uv": [25, 31], "uv_size": [0.40624, 0.81252]},
								"south": {"uv": [26, 0], "uv_size": [0.90624, 0.81252]},
								"west": {"uv": [31, 25], "uv_size": [0.40624, 0.81252]},
								"up": {"uv": [30, 20], "uv_size": [0.90624, 0.40624]},
								"down": {"uv": [30, 26.40624], "uv_size": [0.90624, -0.40624]}
							}
						}
					]
				},
				{
					"name": "ba",
					"parent": "group3",
					"pivot": [-0.1243, 0.2817, 3.77503]
				},
				{
					"name": "ba1",
					"parent": "ba",
					"pivot": [0.03609, 12.61314, -5.59145],
					"cubes": [
						{
							"origin": [-0.60059, 12.42067, -7.081],
							"size": [1.27797, 3.20775, 1.92465],
							"pivot": [0.03609, 12.61314, -5.59145],
							"rotation": [-45, 0, 0],
							"uv": {
								"north": {"uv": [27, 8], "uv_size": [0.5, 1.25]},
								"east": {"uv": [12, 22], "uv_size": [0.75, 1.25]},
								"south": {"uv": [27, 10], "uv_size": [0.5, 1.25]},
								"west": {"uv": [22, 12], "uv_size": [0.75, 1.25]},
								"up": {"uv": [7, 30], "uv_size": [0.5, 0.75]},
								"down": {"uv": [9, 30.75], "uv_size": [0.5, -0.75]}
							}
						},
						{
							"origin": [-0.60059, 10.67994, 4.02587],
							"size": [1.27797, 4.49085, 0.76986],
							"pivot": [-0.1243, 0.2817, 3.77503],
							"rotation": [45, 0, 0],
							"uv": {
								"north": {"uv": [18, 22], "uv_size": [0.5, 1.75]},
								"east": {"uv": [7, 28], "uv_size": [0.31252, 1.75]},
								"south": {"uv": [19, 22], "uv_size": [0.5, 1.75]},
								"west": {"uv": [28, 10], "uv_size": [0.31252, 1.75]},
								"up": {"uv": [33, 23], "uv_size": [0.5, 0.31252]},
								"down": {"uv": [24, 33.31252], "uv_size": [0.5, -0.31252]}
							}
						},
						{
							"origin": [-0.59571, 8.26027, -4.77142],
							"size": [1.27284, 1.02648, 1.41141],
							"uv": {
								"north": {"uv": [32, 32], "uv_size": [0.5, 0.40624]},
								"east": {"uv": [32, 27], "uv_size": [0.56252, 0.40624]},
								"south": {"uv": [0, 33], "uv_size": [0.5, 0.40624]},
								"west": {"uv": [28, 32], "uv_size": [0.56252, 0.40624]},
								"up": {"uv": [4, 32], "uv_size": [0.5, 0.56252]},
								"down": {"uv": [32, 4.56252], "uv_size": [0.5, -0.56252]}
							}
						},
						{
							"origin": [-0.60059, 10.67994, 4.79573],
							"size": [1.27797, 1.66803, 2.30958],
							"pivot": [-0.1243, 0.2817, 3.77503],
							"rotation": [45, 0, 0],
							"uv": {
								"north": {"uv": [31, 26], "uv_size": [0.5, 0.65624]},
								"east": {"uv": [26, 13], "uv_size": [0.90624, 0.65624]},
								"south": {"uv": [27, 31], "uv_size": [0.5, 0.65624]},
								"west": {"uv": [1, 28], "uv_size": [0.90624, 0.65624]},
								"up": {"uv": [29, 12], "uv_size": [0.5, 0.90624]},
								"down": {"uv": [13, 29.90624], "uv_size": [0.5, -0.90624]}
							}
						},
						{
							"origin": [-0.60033, 9.75529, -7.06052],
							"size": [1.27797, 0.51324, 1.41141],
							"pivot": [0.03865, 9.8836, -4.8151],
							"rotation": [-22.5, 0, 0],
							"uv": {
								"north": {"uv": [36, 5], "uv_size": [0.5, 0.18752]},
								"east": {"uv": [25, 34], "uv_size": [0.56252, 0.18752]},
								"south": {"uv": [6, 36], "uv_size": [0.5, 0.18752]},
								"west": {"uv": [34, 25], "uv_size": [0.56252, 0.18752]},
								"up": {"uv": [5, 32], "uv_size": [0.5, 0.56252]},
								"down": {"uv": [32, 5.56252], "uv_size": [0.5, -0.56252]}
							}
						},
						{
							"origin": [-0.73377, 12.21966, 4.79573],
							"size": [1.53972, 2.95113, 1.53972],
							"pivot": [-0.1243, 0.2817, 3.77503],
							"rotation": [45, 0, 0],
							"uv": {
								"north": {"uv": [26, 3], "uv_size": [0.59376, 1.15624]},
								"east": {"uv": [4, 26], "uv_size": [0.59376, 1.15624]},
								"south": {"uv": [5, 26], "uv_size": [0.59376, 1.15624]},
								"west": {"uv": [26, 5], "uv_size": [0.59376, 1.15624]},
								"up": {"uv": [29, 30], "uv_size": [0.59376, 0.59376]},
								"down": {"uv": [30, 29.59376], "uv_size": [0.59376, -0.59376]}
							}
						},
						{
							"origin": [-0.73377, -14.60739, 4.80728],
							"size": [1.53972, 2.95113, 1.53972],
							"pivot": [-0.1243, 0.2817, 3.77503],
							"rotation": [-45, 0, 0],
							"uv": {
								"north": {"uv": [6, 26], "uv_size": [0.59376, 1.15624]},
								"east": {"uv": [7, 26], "uv_size": [0.59376, 1.15624]},
								"south": {"uv": [26, 7], "uv_size": [0.59376, 1.15624]},
								"west": {"uv": [9, 26], "uv_size": [0.59376, 1.15624]},
								"up": {"uv": [30, 30], "uv_size": [0.59376, 0.59376]},
								"down": {"uv": [31, 0.59376], "uv_size": [0.59376, -0.59376]}
							}
						},
						{
							"origin": [-0.73377, 12.21966, 4.79573],
							"size": [1.53972, 2.95113, 1.53972],
							"pivot": [-0.1243, 0.2817, 3.77503],
							"rotation": [45, 0, 0],
							"uv": {
								"north": {"uv": [26, 9], "uv_size": [0.59376, 1.15624]},
								"east": {"uv": [10, 26], "uv_size": [0.59376, 1.15624]},
								"south": {"uv": [26, 11], "uv_size": [0.59376, 1.15624]},
								"west": {"uv": [12, 26], "uv_size": [0.59376, 1.15624]},
								"up": {"uv": [1, 31], "uv_size": [0.59376, 0.59376]},
								"down": {"uv": [31, 1.59376], "uv_size": [0.59376, -0.59376]}
							}
						},
						{
							"origin": [-0.60546, 10.62433, -6.9387],
							"size": [1.2831, 4.23423, 1.53972],
							"uv": {
								"north": {"uv": [21, 23], "uv_size": [0.5, 1.65624]},
								"east": {"uv": [21, 8], "uv_size": [0.59376, 1.65624]},
								"south": {"uv": [22, 23], "uv_size": [0.5, 1.65624]},
								"west": {"uv": [21, 16], "uv_size": [0.59376, 1.65624]},
								"up": {"uv": [31, 30], "uv_size": [0.5, 0.59376]},
								"down": {"uv": [31, 31.59376], "uv_size": [0.5, -0.59376]}
							}
						}
					]
				},
				{
					"name": "ba2",
					"parent": "ba",
					"pivot": [-0.1243, 0.2817, 3.77503],
					"cubes": [
						{
							"origin": [-0.73377, -7.5904, -6.74506],
							"size": [1.53972, 1.53972, 1.53972],
							"pivot": [0.03609, -10.47738, -4.43548],
							"rotation": [-45, 0, 0],
							"uv": {
								"north": {"uv": [31, 2], "uv_size": [0.59376, 0.59376]},
								"east": {"uv": [31, 3], "uv_size": [0.59376, 0.59376]},
								"south": {"uv": [4, 31], "uv_size": [0.59376, 0.59376]},
								"west": {"uv": [31, 4], "uv_size": [0.59376, 0.59376]},
								"up": {"uv": [7, 31], "uv_size": [0.59376, 0.59376]},
								"down": {"uv": [9, 31.59376], "uv_size": [0.59376, -0.59376]}
							}
						},
						{
							"origin": [-0.99039, -7.18774, -3.32331],
							"size": [2.05296, 0.76986, 0.76986],
							"uv": {
								"north": {"uv": [7, 32], "uv_size": [0.81252, 0.31252]},
								"east": {"uv": [36, 3], "uv_size": [0.31252, 0.31252]},
								"south": {"uv": [32, 10], "uv_size": [0.81252, 0.31252]},
								"west": {"uv": [4, 36], "uv_size": [0.31252, 0.31252]},
								"up": {"uv": [12, 32], "uv_size": [0.81252, 0.31252]},
								"down": {"uv": [13, 32.31252], "uv_size": [0.81252, -0.31252]}
							}
						},
						{
							"origin": [-0.60059, -7.85231, -24.53116],
							"size": [1.27797, 3.20775, 1.92465],
							"pivot": [0.03609, 12.61314, -5.59145],
							"rotation": [45, 0, 0],
							"uv": {
								"north": {"uv": [27, 12], "uv_size": [0.5, 1.25]},
								"east": {"uv": [13, 22], "uv_size": [0.75, 1.25]},
								"south": {"uv": [16, 27], "uv_size": [0.5, 1.25]},
								"west": {"uv": [14, 22], "uv_size": [0.75, 1.25]},
								"up": {"uv": [10, 30], "uv_size": [0.5, 0.75]},
								"down": {"uv": [30, 19.75], "uv_size": [0.5, -0.75]}
							}
						},
						{
							"origin": [-0.60546, -14.26781, -6.9387],
							"size": [1.2831, 4.23423, 1.53972],
							"uv": {
								"north": {"uv": [23, 22], "uv_size": [0.5, 1.65624]},
								"east": {"uv": [21, 20], "uv_size": [0.59376, 1.65624]},
								"south": {"uv": [7, 24], "uv_size": [0.5, 1.65624]},
								"west": {"uv": [7, 22], "uv_size": [0.59376, 1.65624]},
								"up": {"uv": [0, 32], "uv_size": [0.5, 0.59376]},
								"down": {"uv": [32, 0.59376], "uv_size": [0.5, -0.59376]}
							}
						},
						{
							"origin": [-0.60033, -8.35456, -14.26582],
							"size": [1.27797, 0.51324, 1.41141],
							"pivot": [0.03865, 9.48053, -5.09166],
							"rotation": [22.5, 0, 0],
							"uv": {
								"north": {"uv": [36, 6], "uv_size": [0.5, 0.18752]},
								"east": {"uv": [26, 34], "uv_size": [0.56252, 0.18752]},
								"south": {"uv": [7, 36], "uv_size": [0.5, 0.18752]},
								"west": {"uv": [34, 26], "uv_size": [0.56252, 0.18752]},
								"up": {"uv": [6, 32], "uv_size": [0.5, 0.56252]},
								"down": {"uv": [32, 6.56252], "uv_size": [0.5, -0.56252]}
							}
						},
						{
							"origin": [-0.60059, -14.86935, 3.52952],
							"size": [1.27797, 1.66803, 2.30958],
							"pivot": [-0.1243, -2.80308, 6.8598],
							"rotation": [-45, 0, 0],
							"uv": {
								"north": {"uv": [31, 27], "uv_size": [0.5, 0.65624]},
								"east": {"uv": [28, 2], "uv_size": [0.90624, 0.65624]},
								"south": {"uv": [28, 31], "uv_size": [0.5, 0.65624]},
								"west": {"uv": [28, 3], "uv_size": [0.90624, 0.65624]},
								"up": {"uv": [29, 13], "uv_size": [0.5, 0.90624]},
								"down": {"uv": [14, 29.90624], "uv_size": [0.5, -0.90624]}
							}
						},
						{
							"origin": [-0.60059, -0.75055, -10.85745],
							"size": [1.27797, 0.76986, 4.23423],
							"pivot": [-0.1243, 0.2817, 3.77503],
							"rotation": [45, 0, 0],
							"uv": {
								"north": {"uv": [33, 24], "uv_size": [0.5, 0.31252]},
								"east": {"uv": [21, 28], "uv_size": [1.65624, 0.31252]},
								"south": {"uv": [25, 33], "uv_size": [0.5, 0.31252]},
								"west": {"uv": [28, 23], "uv_size": [1.65624, 0.31252]},
								"up": {"uv": [24, 11], "uv_size": [0.5, 1.65624]},
								"down": {"uv": [12, 25.65624], "uv_size": [0.5, -1.65624]}
							}
						},
						{
							"origin": [-0.59571, -8.73151, -4.64352],
							"size": [1.27284, 1.02648, 3.46437],
							"uv": {
								"north": {"uv": [33, 0], "uv_size": [0.5, 0.40624]},
								"east": {"uv": [13, 28], "uv_size": [1.34376, 0.40624]},
								"south": {"uv": [1, 33], "uv_size": [0.5, 0.40624]},
								"west": {"uv": [28, 14], "uv_size": [1.34376, 0.40624]},
								"up": {"uv": [13, 26], "uv_size": [0.5, 1.34376]},
								"down": {"uv": [14, 27.34376], "uv_size": [0.5, -1.34376]}
							}
						}
					]
				},
				{
					"name": "jianzhen2",
					"parent": "ba",
					"pivot": [0.03609, 0.02508, -3.2317],
					"cubes": [
						{
							"origin": [-0.2462, -6.51873, -12.90943],
							"size": [0.56456, 0.76986, 7.05705],
							"uv": {
								"north": {"uv": [36, 34], "uv_size": [0.21876, 0.31252]},
								"east": {"uv": [22, 14], "uv_size": [2.75, 0.31252]},
								"south": {"uv": [36, 35], "uv_size": [0.21876, 0.31252]},
								"west": {"uv": [22, 19], "uv_size": [2.75, 0.31252]},
								"up": {"uv": [17, 27], "uv_size": [0.21876, 2.75]},
								"down": {"uv": [18, 29.75], "uv_size": [0.21876, -2.75]}
							}
						},
						{
							"origin": [-0.15453, -6.55671, -12.90943],
							"size": [0.56456, 0.76986, 7.05705],
							"pivot": [0.12775, -6.33871, -5.4033],
							"rotation": [0, 0, 45],
							"uv": {
								"north": {"uv": [36, 36], "uv_size": [0.21876, 0.31252]},
								"east": {"uv": [20, 22], "uv_size": [2.75, 0.31252]},
								"south": {"uv": [0, 37], "uv_size": [0.21876, 0.31252]},
								"west": {"uv": [22, 20], "uv_size": [2.75, 0.31252]},
								"up": {"uv": [19, 27], "uv_size": [0.21876, 2.75]},
								"down": {"uv": [27, 21.75], "uv_size": [0.21876, -2.75]}
							}
						},
						{
							"origin": [-0.05229, -6.71263, -12.90943],
							"size": [0.76986, 0.56456, 7.05705],
							"uv": {
								"north": {"uv": [37, 0], "uv_size": [0.31252, 0.21876]},
								"east": {"uv": [26, 16], "uv_size": [2.75, 0.21876]},
								"south": {"uv": [37, 1], "uv_size": [0.31252, 0.21876]},
								"west": {"uv": [27, 17], "uv_size": [2.75, 0.21876]},
								"up": {"uv": [0, 23], "uv_size": [0.31252, 2.75]},
								"down": {"uv": [1, 25.75], "uv_size": [0.31252, -2.75]}
							}
						},
						{
							"origin": [-0.09025, -6.8043, -12.90943],
							"size": [0.76986, 0.56456, 7.05705],
							"pivot": [0.12775, -6.52201, -5.4033],
							"rotation": [0, 0, 45],
							"uv": {
								"north": {"uv": [37, 2], "uv_size": [0.31252, 0.21876]},
								"east": {"uv": [20, 27], "uv_size": [2.75, 0.21876]},
								"south": {"uv": [37, 3], "uv_size": [0.31252, 0.21876]},
								"west": {"uv": [27, 22], "uv_size": [2.75, 0.21876]},
								"up": {"uv": [4, 23], "uv_size": [0.31252, 2.75]},
								"down": {"uv": [5, 25.75], "uv_size": [0.31252, -2.75]}
							}
						},
						{
							"origin": [-0.2462, -7.11186, -12.90943],
							"size": [0.56456, 0.76986, 7.05705],
							"uv": {
								"north": {"uv": [4, 37], "uv_size": [0.21876, 0.31252]},
								"east": {"uv": [22, 21], "uv_size": [2.75, 0.31252]},
								"south": {"uv": [37, 4], "uv_size": [0.21876, 0.31252]},
								"west": {"uv": [23, 8], "uv_size": [2.75, 0.31252]},
								"up": {"uv": [23, 27], "uv_size": [0.21876, 2.75]},
								"down": {"uv": [27, 25.75], "uv_size": [0.21876, -2.75]}
							}
						},
						{
							"origin": [-0.33786, -7.07388, -12.90943],
							"size": [0.56456, 0.76986, 7.05705],
							"pivot": [-0.05558, -6.52201, -5.4033],
							"rotation": [0, 0, 45],
							"uv": {
								"north": {"uv": [5, 37], "uv_size": [0.21876, 0.31252]},
								"east": {"uv": [23, 9], "uv_size": [2.75, 0.31252]},
								"south": {"uv": [37, 5], "uv_size": [0.21876, 0.31252]},
								"west": {"uv": [23, 10], "uv_size": [2.75, 0.31252]},
								"up": {"uv": [24, 27], "uv_size": [0.21876, 2.75]},
								"down": {"uv": [26, 29.75], "uv_size": [0.21876, -2.75]}
							}
						},
						{
							"origin": [-0.64539, -6.71263, -12.90943],
							"size": [0.76986, 0.56456, 7.05705],
							"uv": {
								"north": {"uv": [6, 37], "uv_size": [0.31252, 0.21876]},
								"east": {"uv": [27, 26], "uv_size": [2.75, 0.21876]},
								"south": {"uv": [37, 6], "uv_size": [0.31252, 0.21876]},
								"west": {"uv": [27, 27], "uv_size": [2.75, 0.21876]},
								"up": {"uv": [6, 23], "uv_size": [0.31252, 2.75]},
								"down": {"uv": [9, 25.75], "uv_size": [0.31252, -2.75]}
							}
						},
						{
							"origin": [-0.60744, -6.62099, -12.90943],
							"size": [0.76986, 0.56456, 7.05705],
							"pivot": [-0.05558, -6.33871, -5.4033],
							"rotation": [0, 0, 45],
							"uv": {
								"north": {"uv": [7, 37], "uv_size": [0.31252, 0.21876]},
								"east": {"uv": [28, 0], "uv_size": [2.75, 0.21876]},
								"south": {"uv": [37, 7], "uv_size": [0.31252, 0.21876]},
								"west": {"uv": [28, 1], "uv_size": [2.75, 0.21876]},
								"up": {"uv": [10, 23], "uv_size": [0.31252, 2.75]},
								"down": {"uv": [23, 13.75], "uv_size": [0.31252, -2.75]}
							}
						}
					]
				},
				{
					"name": "bashang",
					"parent": "ba",
					"pivot": [0.54933, 0.74446, -3.30953],
					"cubes": [
						{
							"origin": [-1.76025, 0.15339, -4.25818],
							"size": [0.76986, 3.33606, 2.30958],
							"uv": {
								"north": {"uv": [22, 29], "uv_size": [0.31252, 1.31252]},
								"east": {"uv": [7, 20], "uv_size": [0.90624, 1.31252]},
								"south": {"uv": [0, 30], "uv_size": [0.31252, 1.31252]},
								"west": {"uv": [19, 20], "uv_size": [0.90624, 1.31252]},
								"up": {"uv": [32, 2], "uv_size": [0.31252, 0.90624]},
								"down": {"uv": [32, 3.90624], "uv_size": [0.31252, -0.90624]}
							}
						},
						{
							"origin": [-1.25946, 3.44087, -4.25818],
							"size": [0.76986, 3.07944, 2.05296],
							"pivot": [-1.38777, 4.72397, -3.2317],
							"rotation": [0, 0, 22.5],
							"uv": {
								"north": {"uv": [30, 22], "uv_size": [0.31252, 1.18752]},
								"east": {"uv": [22, 8], "uv_size": [0.81252, 1.18752]},
								"south": {"uv": [23, 30], "uv_size": [0.31252, 1.18752]},
								"west": {"uv": [22, 10], "uv_size": [0.81252, 1.18752]},
								"up": {"uv": [14, 32], "uv_size": [0.31252, 0.81252]},
								"down": {"uv": [15, 32.81252], "uv_size": [0.31252, -0.81252]}
							}
						}
					]
				},
				{
					"name": "jianzhen3",
					"parent": "ba",
					"pivot": [0.54933, 0.74446, -3.30953],
					"cubes": [
						{
							"origin": [-0.33909, 8.27451, -0.58767],
							"size": [0.7596, 0.25662, 1.79634],
							"pivot": [-0.0876, 8.40282, 0.43881],
							"rotation": [-45, 0, 0],
							"uv": {
								"north": {"uv": [39, 0], "uv_size": [0.28124, 0.09376]},
								"east": {"uv": [9, 37], "uv_size": [0.68752, 0.09376]},
								"south": {"uv": [1, 39], "uv_size": [0.28124, 0.09376]},
								"west": {"uv": [10, 37], "uv_size": [0.68752, 0.09376]},
								"up": {"uv": [14, 33], "uv_size": [0.28124, 0.68752]},
								"down": {"uv": [33, 14.68752], "uv_size": [0.28124, -0.68752]}
							}
						},
						{
							"origin": [-0.33909, 7.76772, 0.89247],
							"size": [0.7596, 0.25662, 3.33606],
							"uv": {
								"north": {"uv": [39, 1], "uv_size": [0.28124, 0.09376]},
								"east": {"uv": [33, 32], "uv_size": [1.31252, 0.09376]},
								"south": {"uv": [2, 39], "uv_size": [0.28124, 0.09376]},
								"west": {"uv": [33, 33], "uv_size": [1.31252, 0.09376]},
								"up": {"uv": [24, 30], "uv_size": [0.28124, 1.31252]},
								"down": {"uv": [26, 31.31252], "uv_size": [0.28124, -1.31252]}
							}
						},
						{
							"origin": [-0.33909, 6.48462, 0.63585],
							"size": [0.7596, 0.25662, 3.59268],
							"uv": {
								"north": {"uv": [39, 2], "uv_size": [0.28124, 0.09376]},
								"east": {"uv": [33, 28], "uv_size": [1.40624, 0.09376]},
								"south": {"uv": [3, 39], "uv_size": [0.28124, 0.09376]},
								"west": {"uv": [29, 33], "uv_size": [1.40624, 0.09376]},
								"up": {"uv": [5, 30], "uv_size": [0.28124, 1.40624]},
								"down": {"uv": [6, 31.40624], "uv_size": [0.28124, -1.40624]}
							}
						},
						{
							"origin": [-0.33909, 7.31812, -0.17543],
							"size": [0.7596, 0.25662, 1.02648],
							"pivot": [-0.0876, 6.67657, 2.7757],
							"rotation": [22.5, 0, 0],
							"uv": {
								"north": {"uv": [39, 3], "uv_size": [0.28124, 0.09376]},
								"east": {"uv": [26, 38], "uv_size": [0.40624, 0.09376]},
								"south": {"uv": [4, 39], "uv_size": [0.28124, 0.09376]},
								"west": {"uv": [38, 26], "uv_size": [0.40624, 0.09376]},
								"up": {"uv": [34, 14], "uv_size": [0.28124, 0.40624]},
								"down": {"uv": [34, 16.40624], "uv_size": [0.28124, -0.40624]}
							}
						},
						{
							"origin": [-0.22105, 6.83983, -0.02785],
							"size": [0.38493, 0.12831, 1.79634],
							"pivot": [0.04071, 6.4549, 0.22877],
							"rotation": [45, 0, 0],
							"uv": {
								"north": {"uv": [16, 40], "uv_size": [0.15624, 0.06252]},
								"east": {"uv": [24, 38], "uv_size": [0.68752, 0.06252]},
								"south": {"uv": [40, 16], "uv_size": [0.15624, 0.06252]},
								"west": {"uv": [38, 24], "uv_size": [0.68752, 0.06252]},
								"up": {"uv": [24, 34], "uv_size": [0.15624, 0.68752]},
								"down": {"uv": [34, 24.68752], "uv_size": [0.15624, -0.68752]}
							}
						},
						{
							"origin": [-0.22105, 8.10861, 1.00643],
							"size": [0.38493, 0.12831, 3.07944],
							"pivot": [-0.15689, 7.22609, 0.36488],
							"rotation": [-22.5, 0, 0],
							"uv": {
								"north": {"uv": [17, 40], "uv_size": [0.15624, 0.06252]},
								"east": {"uv": [36, 33], "uv_size": [1.18752, 0.06252]},
								"south": {"uv": [40, 17], "uv_size": [0.15624, 0.06252]},
								"west": {"uv": [34, 36], "uv_size": [1.18752, 0.06252]},
								"up": {"uv": [33, 16], "uv_size": [0.15624, 1.18752]},
								"down": {"uv": [17, 34.18752], "uv_size": [0.15624, -1.18752]}
							}
						},
						{
							"origin": [-0.33909, 6.48462, 4.22853],
							"size": [0.7596, 1.53972, 0.25662],
							"uv": {
								"north": {"uv": [33, 22], "uv_size": [0.28124, 0.59376]},
								"east": {"uv": [14, 38], "uv_size": [0.09376, 0.59376]},
								"south": {"uv": [23, 33], "uv_size": [0.28124, 0.59376]},
								"west": {"uv": [38, 14], "uv_size": [0.09376, 0.59376]},
								"up": {"uv": [39, 4], "uv_size": [0.28124, 0.09376]},
								"down": {"uv": [5, 39.09376], "uv_size": [0.28124, -0.09376]}
							}
						},
						{
							"origin": [-0.29752, 6.56889, 4.48515],
							"size": [0.64155, 1.41141, 0.25662],
							"uv": {
								"north": {"uv": [33, 27], "uv_size": [0.25, 0.56252]},
								"east": {"uv": [15, 38], "uv_size": [0.09376, 0.56252]},
								"south": {"uv": [28, 33], "uv_size": [0.25, 0.56252]},
								"west": {"uv": [38, 15], "uv_size": [0.09376, 0.56252]},
								"up": {"uv": [39, 5], "uv_size": [0.25, 0.09376]},
								"down": {"uv": [6, 39.09376], "uv_size": [0.25, -0.09376]}
							}
						},
						{
							"origin": [-0.33909, 6.74124, 0.89247],
							"size": [0.50298, 1.02648, 0.51324],
							"uv": {
								"north": {"uv": [36, 24], "uv_size": [0.18752, 0.40624]},
								"east": {"uv": [25, 36], "uv_size": [0.18752, 0.40624]},
								"south": {"uv": [36, 25], "uv_size": [0.18752, 0.40624]},
								"west": {"uv": [26, 36], "uv_size": [0.18752, 0.40624]},
								"up": {"uv": [28, 38], "uv_size": [0.18752, 0.18752]},
								"down": {"uv": [38, 28.18752], "uv_size": [0.18752, -0.18752]}
							}
						},
						{
							"origin": [-0.28777, 6.228, -0.39063],
							"size": [0.46192, 2.5662, 0.25662],
							"uv": {
								"north": {"uv": [15, 33], "uv_size": [0.18752, 1]},
								"east": {"uv": [36, 7], "uv_size": [0.09376, 1]},
								"south": {"uv": [16, 33], "uv_size": [0.18752, 1]},
								"west": {"uv": [8, 36], "uv_size": [0.09376, 1]},
								"up": {"uv": [39, 18], "uv_size": [0.18752, 0.09376]},
								"down": {"uv": [19, 39.09376], "uv_size": [0.18752, -0.09376]}
							}
						},
						{
							"origin": [-0.73377, 6.78032, -7.51492],
							"size": [1.53972, 1.53972, 1.53972],
							"pivot": [0.03609, 3.89334, -5.20534],
							"rotation": [-45, 0, 0],
							"uv": {
								"north": {"uv": [10, 31], "uv_size": [0.59376, 0.59376]},
								"east": {"uv": [12, 31], "uv_size": [0.59376, 0.59376]},
								"south": {"uv": [13, 31], "uv_size": [0.59376, 0.59376]},
								"west": {"uv": [14, 31], "uv_size": [0.59376, 0.59376]},
								"up": {"uv": [15, 31], "uv_size": [0.59376, 0.59376]},
								"down": {"uv": [16, 31.59376], "uv_size": [0.59376, -0.59376]}
							}
						},
						{
							"origin": [-0.99039, 7.18298, -4.09317],
							"size": [2.05296, 0.76986, 0.76986],
							"uv": {
								"north": {"uv": [16, 32], "uv_size": [0.81252, 0.31252]},
								"east": {"uv": [36, 4], "uv_size": [0.31252, 0.31252]},
								"south": {"uv": [32, 16], "uv_size": [0.81252, 0.31252]},
								"west": {"uv": [5, 36], "uv_size": [0.31252, 0.31252]},
								"up": {"uv": [17, 32], "uv_size": [0.81252, 0.31252]},
								"down": {"uv": [18, 32.31252], "uv_size": [0.81252, -0.31252]}
							}
						},
						{
							"origin": [-0.59571, 5.37006, -4.0456],
							"size": [1.27284, 4.61916, 2.82282],
							"uv": {
								"north": {"uv": [22, 16], "uv_size": [0.5, 1.81252]},
								"east": {"uv": [16, 8], "uv_size": [1.09376, 1.81252]},
								"south": {"uv": [17, 22], "uv_size": [0.5, 1.81252]},
								"west": {"uv": [16, 10], "uv_size": [1.09376, 1.81252]},
								"up": {"uv": [12, 28], "uv_size": [0.5, 1.09376]},
								"down": {"uv": [28, 13.09376], "uv_size": [0.5, -1.09376]}
							}
						},
						{
							"origin": [-0.33909, 6.13992, -1.22278],
							"size": [0.7596, 3.07944, 1.02648],
							"uv": {
								"north": {"uv": [31, 20], "uv_size": [0.28124, 1.18752]},
								"east": {"uv": [1, 29], "uv_size": [0.40624, 1.18752]},
								"south": {"uv": [21, 31], "uv_size": [0.28124, 1.18752]},
								"west": {"uv": [29, 2], "uv_size": [0.40624, 1.18752]},
								"up": {"uv": [34, 17], "uv_size": [0.28124, 0.40624]},
								"down": {"uv": [18, 34.40624], "uv_size": [0.28124, -0.40624]}
							}
						},
						{
							"origin": [0.11051, 6.65316, -1.22278],
							"size": [0.50298, 0.51324, 1.05214],
							"uv": {
								"north": {"uv": [29, 38], "uv_size": [0.18752, 0.18752]},
								"east": {"uv": [36, 26], "uv_size": [0.40624, 0.18752]},
								"south": {"uv": [38, 29], "uv_size": [0.18752, 0.18752]},
								"west": {"uv": [27, 36], "uv_size": [0.40624, 0.18752]},
								"up": {"uv": [36, 27], "uv_size": [0.18752, 0.40624]},
								"down": {"uv": [28, 36.40624], "uv_size": [0.18752, -0.40624]}
							}
						},
						{
							"origin": [0.11051, 7.55123, -1.22278],
							"size": [0.50298, 0.51324, 1.05214],
							"uv": {
								"north": {"uv": [30, 38], "uv_size": [0.18752, 0.18752]},
								"east": {"uv": [36, 28], "uv_size": [0.40624, 0.18752]},
								"south": {"uv": [38, 30], "uv_size": [0.18752, 0.18752]},
								"west": {"uv": [29, 36], "uv_size": [0.40624, 0.18752]},
								"up": {"uv": [36, 29], "uv_size": [0.18752, 0.40624]},
								"down": {"uv": [30, 36.40624], "uv_size": [0.18752, -0.40624]}
							}
						},
						{
							"origin": [0.11051, 8.4495, -1.22278],
							"size": [0.50298, 0.51324, 1.05214],
							"uv": {
								"north": {"uv": [31, 38], "uv_size": [0.18752, 0.18752]},
								"east": {"uv": [36, 30], "uv_size": [0.40624, 0.18752]},
								"south": {"uv": [38, 31], "uv_size": [0.18752, 0.18752]},
								"west": {"uv": [31, 36], "uv_size": [0.40624, 0.18752]},
								"up": {"uv": [36, 31], "uv_size": [0.18752, 0.40624]},
								"down": {"uv": [32, 36.40624], "uv_size": [0.18752, -0.40624]}
							}
						},
						{
							"origin": [-0.59084, 4.37869, -3.11491],
							"size": [1.2677, 3.07944, 1.10347],
							"pivot": [0.04148, 7.32982, -1.83181],
							"rotation": [-45, 0, 0],
							"uv": {
								"north": {"uv": [4, 28], "uv_size": [0.5, 1.18752]},
								"east": {"uv": [20, 28], "uv_size": [0.43752, 1.18752]},
								"south": {"uv": [28, 4], "uv_size": [0.5, 1.18752]},
								"west": {"uv": [28, 20], "uv_size": [0.43752, 1.18752]},
								"up": {"uv": [32, 30], "uv_size": [0.5, 0.43752]},
								"down": {"uv": [32, 31.43752], "uv_size": [0.5, -0.43752]}
							}
						}
					]
				},
				{
					"name": "baxia",
					"parent": "ba",
					"pivot": [0.54933, 0.74446, -3.30953],
					"cubes": [
						{
							"origin": [-2.53011, -0.35985, -4.77142],
							"size": [3.33606, 0.51324, 3.07944],
							"uv": {
								"north": {"uv": [32, 18], "uv_size": [1.31252, 0.18752]},
								"east": {"uv": [32, 29], "uv_size": [1.18752, 0.18752]},
								"south": {"uv": [19, 32], "uv_size": [1.31252, 0.18752]},
								"west": {"uv": [30, 32], "uv_size": [1.18752, 0.18752]},
								"up": {"uv": [4, 18], "uv_size": [1.31252, 1.18752]},
								"down": {"uv": [6, 19.18752], "uv_size": [1.31252, -1.18752]}
							}
						},
						{
							"origin": [-2.27349, -0.35985, -1.9486],
							"size": [1.79634, 0.51324, 6.4155],
							"uv": {
								"north": {"uv": [33, 30], "uv_size": [0.68752, 0.18752]},
								"east": {"uv": [29, 5], "uv_size": [2.5, 0.18752]},
								"south": {"uv": [31, 33], "uv_size": [0.68752, 0.18752]},
								"west": {"uv": [29, 10], "uv_size": [2.5, 0.18752]},
								"up": {"uv": [16, 12], "uv_size": [0.68752, 2.5]},
								"down": {"uv": [16, 17.5], "uv_size": [0.68752, -2.5]}
							}
						},
						{
							"origin": [0.54933, -0.35985, -4.77142],
							"size": [0.76986, 0.25662, 2.5662],
							"pivot": [0.03609, 0.02508, -3.2317],
							"rotation": [0, 0, -22.5],
							"uv": {
								"north": {"uv": [38, 38], "uv_size": [0.31252, 0.09376]},
								"east": {"uv": [36, 8], "uv_size": [1, 0.09376]},
								"south": {"uv": [0, 39], "uv_size": [0.31252, 0.09376]},
								"west": {"uv": [9, 36], "uv_size": [1, 0.09376]},
								"up": {"uv": [31, 28], "uv_size": [0.31252, 1]},
								"down": {"uv": [29, 32], "uv_size": [0.31252, -1]}
							}
						},
						{
							"origin": [-0.47715, -0.61647, -4.5148],
							"size": [1.02648, 0.25662, 2.5662],
							"uv": {
								"north": {"uv": [27, 38], "uv_size": [0.40624, 0.09376]},
								"east": {"uv": [36, 9], "uv_size": [1, 0.09376]},
								"south": {"uv": [38, 27], "uv_size": [0.40624, 0.09376]},
								"west": {"uv": [10, 36], "uv_size": [1, 0.09376]},
								"up": {"uv": [4, 30], "uv_size": [0.40624, 1]},
								"down": {"uv": [30, 5], "uv_size": [0.40624, -1]}
							}
						},
						{
							"origin": [-0.47715, -2.46434, -4.50315],
							"size": [1.02648, 2.30958, 1.53972],
							"pivot": [0.54933, 0.23017, -3.22005],
							"rotation": [22.5, 0, 0],
							"uv": {
								"north": {"uv": [30, 27], "uv_size": [0.40624, 0.90624]},
								"east": {"uv": [15, 28], "uv_size": [0.59376, 0.90624]},
								"south": {"uv": [28, 30], "uv_size": [0.40624, 0.90624]},
								"west": {"uv": [28, 19], "uv_size": [0.59376, 0.90624]},
								"up": {"uv": [32, 19], "uv_size": [0.40624, 0.59376]},
								"down": {"uv": [32, 20.59376], "uv_size": [0.40624, -0.59376]}
							}
						},
						{
							"origin": [-0.47715, -4.08566, -3.49155],
							"size": [1.02648, 1.92465, 1.53972],
							"uv": {
								"north": {"uv": [31, 29], "uv_size": [0.40624, 0.75]},
								"east": {"uv": [15, 29], "uv_size": [0.59376, 0.75]},
								"south": {"uv": [30, 31], "uv_size": [0.40624, 0.75]},
								"west": {"uv": [16, 29], "uv_size": [0.59376, 0.75]},
								"up": {"uv": [32, 21], "uv_size": [0.40624, 0.59376]},
								"down": {"uv": [22, 32.59376], "uv_size": [0.40624, -0.59376]}
							}
						},
						{
							"origin": [-0.60546, -4.34228, -3.87648],
							"size": [1.2831, 0.64155, 2.43789],
							"pivot": [0.03609, -4.27813, -2.65754],
							"rotation": [22.5, 0, 0],
							"uv": {
								"north": {"uv": [33, 31], "uv_size": [0.5, 0.25]},
								"east": {"uv": [32, 22], "uv_size": [0.93752, 0.25]},
								"south": {"uv": [32, 33], "uv_size": [0.5, 0.25]},
								"west": {"uv": [23, 32], "uv_size": [0.93752, 0.25]},
								"up": {"uv": [6, 29], "uv_size": [0.5, 0.93752]},
								"down": {"uv": [9, 29.93752], "uv_size": [0.5, -0.93752]}
							}
						},
						{
							"origin": [-0.47715, -5.62538, -3.61986],
							"size": [1.02648, 1.41141, 2.18127],
							"pivot": [0.03609, -4.79137, -2.78585],
							"rotation": [22.5, 0, 0],
							"uv": {
								"north": {"uv": [32, 28], "uv_size": [0.40624, 0.56252]},
								"east": {"uv": [29, 4], "uv_size": [0.84376, 0.56252]},
								"south": {"uv": [29, 32], "uv_size": [0.40624, 0.56252]},
								"west": {"uv": [5, 29], "uv_size": [0.84376, 0.56252]},
								"up": {"uv": [31, 19], "uv_size": [0.40624, 0.84376]},
								"down": {"uv": [20, 31.84376], "uv_size": [0.40624, -0.84376]}
							}
						},
						{
							"origin": [-0.22053, -5.36876, -5.15958],
							"size": [0.51324, 0.51324, 1.66803],
							"pivot": [0.03609, -4.79137, -2.78585],
							"rotation": [45, 0, 0],
							"uv": {
								"north": {"uv": [32, 38], "uv_size": [0.18752, 0.18752]},
								"east": {"uv": [0, 34], "uv_size": [0.65624, 0.18752]},
								"south": {"uv": [38, 32], "uv_size": [0.18752, 0.18752]},
								"west": {"uv": [34, 0], "uv_size": [0.65624, 0.18752]},
								"up": {"uv": [1, 34], "uv_size": [0.18752, 0.65624]},
								"down": {"uv": [34, 1.65624], "uv_size": [0.18752, -0.65624]}
							}
						},
						{
							"origin": [-0.22053, -6.71119, -10.85647],
							"size": [0.51324, 0.51324, 6.80043],
							"uv": {
								"north": {"uv": [33, 38], "uv_size": [0.18752, 0.18752]},
								"east": {"uv": [28, 24], "uv_size": [2.65624, 0.18752]},
								"south": {"uv": [38, 33], "uv_size": [0.18752, 0.18752]},
								"west": {"uv": [28, 25], "uv_size": [2.65624, 0.18752]},
								"up": {"uv": [25, 28], "uv_size": [0.18752, 2.65624]},
								"down": {"uv": [27, 30.65624], "uv_size": [0.18752, -2.65624]}
							}
						},
						{
							"origin": [-0.54131, -9.43401, -2.88265],
							"size": [1.15479, 4.49085, 1.66803],
							"uv": {
								"north": {"uv": [25, 6], "uv_size": [0.43752, 1.75]},
								"east": {"uv": [20, 20], "uv_size": [0.65624, 1.75]},
								"south": {"uv": [25, 11], "uv_size": [0.43752, 1.75]},
								"west": {"uv": [0, 21], "uv_size": [0.65624, 1.75]},
								"up": {"uv": [1, 32], "uv_size": [0.43752, 0.65624]},
								"down": {"uv": [32, 1.65624], "uv_size": [0.43752, -0.65624]}
							}
						},
						{
							"origin": [-0.47715, -1.18019, -4.59263],
							"size": [1.02648, 0.51324, 1.2831],
							"pivot": [0.54933, 0.74446, -3.30953],
							"rotation": [45, 0, 0],
							"uv": {
								"north": {"uv": [36, 32], "uv_size": [0.40624, 0.18752]},
								"east": {"uv": [36, 10], "uv_size": [0.5, 0.18752]},
								"south": {"uv": [33, 36], "uv_size": [0.40624, 0.18752]},
								"west": {"uv": [11, 36], "uv_size": [0.5, 0.18752]},
								"up": {"uv": [33, 1], "uv_size": [0.40624, 0.5]},
								"down": {"uv": [33, 2.5], "uv_size": [0.40624, -0.5]}
							}
						}
					]
				},
				{
					"name": "bi1",
					"parent": "group3",
					"pivot": [-0.1243, 0.2817, 3.77503],
					"cubes": [
						{
							"origin": [0.29271, 18.81331, -7.90283],
							"size": [0.76986, 0.64155, 23.0958],
							"pivot": [0.03609, 18.36422, 4.28662],
							"rotation": [22.5, 0, 0],
							"uv": {
								"north": {"uv": [36, 20], "uv_size": [0.31252, 0.25]},
								"east": {"uv": [16, 0], "uv_size": [9, 0.25]},
								"south": {"uv": [21, 36], "uv_size": [0.31252, 0.25]},
								"west": {"uv": [16, 1], "uv_size": [9, 0.25]},
								"up": {"uv": [12, 4], "uv_size": [0.31252, 9]},
								"down": {"uv": [13, 13], "uv_size": [0.31252, -9]}
							}
						},
						{
							"origin": [-0.99039, 18.81331, -7.90283],
							"size": [0.76986, 0.64155, 23.0958],
							"pivot": [0.03609, 18.36422, 4.28662],
							"rotation": [22.5, 0, 0],
							"uv": {
								"north": {"uv": [36, 21], "uv_size": [0.31252, 0.25]},
								"east": {"uv": [16, 2], "uv_size": [9, 0.25]},
								"south": {"uv": [22, 36], "uv_size": [0.31252, 0.25]},
								"west": {"uv": [16, 3], "uv_size": [9, 0.25]},
								"up": {"uv": [12, 13], "uv_size": [0.31252, 9]},
								"down": {"uv": [13, 22], "uv_size": [0.31252, -9]}
							}
						},
						{
							"origin": [-0.22053, 18.30007, -7.90283],
							"size": [0.51324, 1.15479, 8.9817],
							"pivot": [0.03609, 18.36422, 4.28662],
							"rotation": [22.5, 0, 0],
							"uv": {
								"north": {"uv": [36, 18], "uv_size": [0.18752, 0.43752]},
								"east": {"uv": [18, 11], "uv_size": [3.5, 0.43752]},
								"south": {"uv": [19, 36], "uv_size": [0.18752, 0.43752]},
								"west": {"uv": [18, 12], "uv_size": [3.5, 0.43752]},
								"up": {"uv": [26, 19], "uv_size": [0.18752, 3.5]},
								"down": {"uv": [26, 26.5], "uv_size": [0.18752, -3.5]}
							}
						},
						{
							"origin": [-0.47715, 19.32655, -7.90283],
							"size": [1.02648, 0.38493, 9.49494],
							"pivot": [0.03609, 18.36422, 4.28662],
							"rotation": [22.5, 0, 0],
							"uv": {
								"north": {"uv": [37, 10], "uv_size": [0.40624, 0.15624]},
								"east": {"uv": [28, 6], "uv_size": [3.68752, 0.15624]},
								"south": {"uv": [11, 37], "uv_size": [0.40624, 0.15624]},
								"west": {"uv": [28, 7], "uv_size": [3.68752, 0.15624]},
								"up": {"uv": [9, 19], "uv_size": [0.40624, 3.68752]},
								"down": {"uv": [10, 22.68752], "uv_size": [0.40624, -3.68752]}
							}
						},
						{
							"origin": [-0.73377, 17.4019, -4.69508],
							"size": [1.53972, 1.41141, 7.05705],
							"pivot": [0.03609, 18.36422, 4.28662],
							"rotation": [22.5, 0, 0],
							"uv": {
								"north": {"uv": [22, 31], "uv_size": [0.59376, 0.56252]},
								"east": {"uv": [8, 18], "uv_size": [2.75, 0.56252]},
								"south": {"uv": [31, 22], "uv_size": [0.59376, 0.56252]},
								"west": {"uv": [18, 8], "uv_size": [2.75, 0.56252]},
								"up": {"uv": [17, 12], "uv_size": [0.59376, 2.75]},
								"down": {"uv": [17, 17.75], "uv_size": [0.59376, -2.75]}
							}
						},
						{
							"origin": [-1.1187, 18.69419, 14.42311],
							"size": [2.30958, 0.51324, 0.51324],
							"pivot": [0.03609, 18.36422, 4.28662],
							"rotation": [22.5, 0, 0],
							"uv": {
								"north": {"uv": [18, 33], "uv_size": [0.90624, 0.18752]},
								"east": {"uv": [34, 38], "uv_size": [0.18752, 0.18752]},
								"south": {"uv": [19, 33], "uv_size": [0.90624, 0.18752]},
								"west": {"uv": [38, 34], "uv_size": [0.18752, 0.18752]},
								"up": {"uv": [33, 19], "uv_size": [0.90624, 0.18752]},
								"down": {"uv": [20, 33.18752], "uv_size": [0.90624, -0.18752]}
							}
						},
						{
							"origin": [-0.99039, 18.42838, 8.77747],
							"size": [0.76986, 0.38493, 6.4155],
							"pivot": [0.03609, 18.36422, 4.28662],
							"rotation": [22.5, 0, 0],
							"uv": {
								"north": {"uv": [18, 38], "uv_size": [0.31252, 0.15624]},
								"east": {"uv": [30, 11], "uv_size": [2.5, 0.15624]},
								"south": {"uv": [38, 18], "uv_size": [0.31252, 0.15624]},
								"west": {"uv": [12, 30], "uv_size": [2.5, 0.15624]},
								"up": {"uv": [17, 24], "uv_size": [0.31252, 2.5]},
								"down": {"uv": [18, 26.5], "uv_size": [0.31252, -2.5]}
							}
						},
						{
							"origin": [0.29271, 18.42838, 8.77747],
							"size": [0.76986, 0.38493, 6.4155],
							"pivot": [0.03609, 18.36422, 4.28662],
							"rotation": [22.5, 0, 0],
							"uv": {
								"north": {"uv": [19, 38], "uv_size": [0.31252, 0.15624]},
								"east": {"uv": [30, 12], "uv_size": [2.5, 0.15624]},
								"south": {"uv": [38, 19], "uv_size": [0.31252, 0.15624]},
								"west": {"uv": [30, 13], "uv_size": [2.5, 0.15624]},
								"up": {"uv": [19, 24], "uv_size": [0.31252, 2.5]},
								"down": {"uv": [24, 24.5], "uv_size": [0.31252, -2.5]}
							}
						}
					]
				},
				{
					"name": "bi3",
					"parent": "group3",
					"pivot": [-0.1243, 0.2817, 3.77503],
					"cubes": [
						{
							"origin": [-1.1187, -16.27324, 28.16635],
							"size": [2.30958, 0.51324, 0.51324],
							"pivot": [0.29271, 17.93056, 5.19886],
							"rotation": [-22.5, 0, 0],
							"uv": {
								"north": {"uv": [33, 20], "uv_size": [0.90624, 0.18752]},
								"east": {"uv": [35, 38], "uv_size": [0.18752, 0.18752]},
								"south": {"uv": [21, 33], "uv_size": [0.90624, 0.18752]},
								"west": {"uv": [38, 35], "uv_size": [0.18752, 0.18752]},
								"up": {"uv": [33, 21], "uv_size": [0.90624, 0.18752]},
								"down": {"uv": [22, 33.18752], "uv_size": [0.90624, -0.18752]}
							}
						},
						{
							"origin": [-0.99039, -16.14739, 6.01676],
							"size": [0.76986, 0.64155, 23.0958],
							"pivot": [0.29271, 18.56046, 4.34873],
							"rotation": [-22.5, 0, 0],
							"uv": {
								"north": {"uv": [36, 22], "uv_size": [0.31252, 0.25]},
								"east": {"uv": [16, 4], "uv_size": [9, 0.25]},
								"south": {"uv": [23, 36], "uv_size": [0.31252, 0.25]},
								"west": {"uv": [16, 5], "uv_size": [9, 0.25]},
								"up": {"uv": [14, 4], "uv_size": [0.31252, 9]},
								"down": {"uv": [14, 22], "uv_size": [0.31252, -9]}
							}
						},
						{
							"origin": [0.29271, -16.14739, 6.01676],
							"size": [0.76986, 0.64155, 23.0958],
							"pivot": [0.29271, 18.56046, 4.34873],
							"rotation": [-22.5, 0, 0],
							"uv": {
								"north": {"uv": [36, 23], "uv_size": [0.31252, 0.25]},
								"east": {"uv": [16, 6], "uv_size": [9, 0.25]},
								"south": {"uv": [24, 36], "uv_size": [0.31252, 0.25]},
								"west": {"uv": [16, 7], "uv_size": [9, 0.25]},
								"up": {"uv": [15, 0], "uv_size": [0.31252, 9]},
								"down": {"uv": [15, 18], "uv_size": [0.31252, -9]}
							}
						},
						{
							"origin": [-0.22053, -16.14739, 6.01676],
							"size": [0.51324, 1.15479, 8.9817],
							"pivot": [0.29271, 18.56046, 4.34873],
							"rotation": [-22.5, 0, 0],
							"uv": {
								"north": {"uv": [36, 19], "uv_size": [0.18752, 0.43752]},
								"east": {"uv": [18, 13], "uv_size": [3.5, 0.43752]},
								"south": {"uv": [20, 36], "uv_size": [0.18752, 0.43752]},
								"west": {"uv": [18, 14], "uv_size": [3.5, 0.43752]},
								"up": {"uv": [27, 0], "uv_size": [0.18752, 3.5]},
								"down": {"uv": [27, 7.5], "uv_size": [0.18752, -3.5]}
							}
						},
						{
							"origin": [-0.47715, -16.40401, 6.01676],
							"size": [1.02648, 0.38493, 9.49494],
							"pivot": [0.29271, 18.56046, 4.34873],
							"rotation": [-22.5, 0, 0],
							"uv": {
								"north": {"uv": [37, 11], "uv_size": [0.40624, 0.15624]},
								"east": {"uv": [28, 8], "uv_size": [3.68752, 0.15624]},
								"south": {"uv": [12, 37], "uv_size": [0.40624, 0.15624]},
								"west": {"uv": [28, 9], "uv_size": [3.68752, 0.15624]},
								"up": {"uv": [15, 19], "uv_size": [0.40624, 3.68752]},
								"down": {"uv": [16, 22.68752], "uv_size": [0.40624, -3.68752]}
							}
						},
						{
							"origin": [-0.73377, -15.50584, 9.22451],
							"size": [1.53972, 1.41141, 7.05705],
							"pivot": [0.29271, 18.56046, 4.34873],
							"rotation": [-22.5, 0, 0],
							"uv": {
								"north": {"uv": [31, 23], "uv_size": [0.59376, 0.56252]},
								"east": {"uv": [18, 9], "uv_size": [2.75, 0.56252]},
								"south": {"uv": [31, 24], "uv_size": [0.59376, 0.56252]},
								"west": {"uv": [18, 10], "uv_size": [2.75, 0.56252]},
								"up": {"uv": [0, 18], "uv_size": [0.59376, 2.75]},
								"down": {"uv": [1, 20.75], "uv_size": [0.59376, -2.75]}
							}
						},
						{
							"origin": [0.29271, -15.50584, 22.69706],
							"size": [0.76986, 0.38493, 6.4155],
							"pivot": [0.29271, 18.56046, 4.34873],
							"rotation": [-22.5, 0, 0],
							"uv": {
								"north": {"uv": [20, 38], "uv_size": [0.31252, 0.15624]},
								"east": {"uv": [30, 14], "uv_size": [2.5, 0.15624]},
								"south": {"uv": [38, 20], "uv_size": [0.31252, 0.15624]},
								"west": {"uv": [15, 30], "uv_size": [2.5, 0.15624]},
								"up": {"uv": [23, 24], "uv_size": [0.31252, 2.5]},
								"down": {"uv": [25, 2.5], "uv_size": [0.31252, -2.5]}
							}
						},
						{
							"origin": [-0.99039, -15.50584, 22.69706],
							"size": [0.76986, 0.38493, 6.4155],
							"pivot": [0.29271, 18.56046, 4.34873],
							"rotation": [-22.5, 0, 0],
							"uv": {
								"north": {"uv": [21, 38], "uv_size": [0.31252, 0.15624]},
								"east": {"uv": [30, 17], "uv_size": [2.5, 0.15624]},
								"south": {"uv": [38, 21], "uv_size": [0.31252, 0.15624]},
								"west": {"uv": [18, 30], "uv_size": [2.5, 0.15624]},
								"up": {"uv": [25, 3], "uv_size": [0.31252, 2.5]},
								"down": {"uv": [15, 27.5], "uv_size": [0.31252, -2.5]}
							}
						}
					]
				},
				{
					"name": "hualun1",
					"parent": "group3",
					"pivot": [1.31919, 11.8296, 5.75]
				},
				{
					"name": "group4",
					"parent": "hualun1",
					"pivot": [0.03609, 22.28322, 12.95843],
					"cubes": [
						{
							"origin": [-0.09222, 26.09118, 12.12442],
							"size": [0.25662, 0.38493, 1.66803],
							"pivot": [0.03609, 22.28322, 12.95843],
							"rotation": [-45, 0, 0],
							"uv": {
								"north": {"uv": [39, 19], "uv_size": [0.09376, 0.15624]},
								"east": {"uv": [34, 27], "uv_size": [0.65624, 0.15624]},
								"south": {"uv": [20, 39], "uv_size": [0.09376, 0.15624]},
								"west": {"uv": [29, 34], "uv_size": [0.65624, 0.15624]},
								"up": {"uv": [37, 12], "uv_size": [0.09376, 0.65624]},
								"down": {"uv": [13, 37.65624], "uv_size": [0.09376, -0.65624]}
							}
						},
						{
							"origin": [-0.09222, 26.09118, 12.12442],
							"size": [0.25662, 0.38493, 1.66803],
							"uv": {
								"north": {"uv": [39, 20], "uv_size": [0.09376, 0.15624]},
								"east": {"uv": [34, 29], "uv_size": [0.65624, 0.15624]},
								"south": {"uv": [21, 39], "uv_size": [0.09376, 0.15624]},
								"west": {"uv": [30, 34], "uv_size": [0.65624, 0.15624]},
								"up": {"uv": [37, 13], "uv_size": [0.09376, 0.65624]},
								"down": {"uv": [14, 37.65624], "uv_size": [0.09376, -0.65624]}
							}
						},
						{
							"origin": [-0.09222, 26.09118, 12.12442],
							"size": [0.25662, 0.38493, 1.66803],
							"pivot": [0.03609, 22.28322, 12.95843],
							"rotation": [-22.5, 0, 0],
							"uv": {
								"north": {"uv": [39, 21], "uv_size": [0.09376, 0.15624]},
								"east": {"uv": [34, 30], "uv_size": [0.65624, 0.15624]},
								"south": {"uv": [22, 39], "uv_size": [0.09376, 0.15624]},
								"west": {"uv": [31, 34], "uv_size": [0.65624, 0.15624]},
								"up": {"uv": [37, 14], "uv_size": [0.09376, 0.65624]},
								"down": {"uv": [15, 37.65624], "uv_size": [0.09376, -0.65624]}
							}
						},
						{
							"origin": [-0.09222, 23.7816, 12.89428],
							"size": [0.25662, 2.43789, 0.38493],
							"pivot": [0.03609, 22.28322, 12.95843],
							"rotation": [-22.5, 0, 0],
							"uv": {
								"north": {"uv": [36, 11], "uv_size": [0.09376, 0.93752]},
								"east": {"uv": [33, 25], "uv_size": [0.15624, 0.93752]},
								"south": {"uv": [12, 36], "uv_size": [0.09376, 0.93752]},
								"west": {"uv": [26, 33], "uv_size": [0.15624, 0.93752]},
								"up": {"uv": [39, 22], "uv_size": [0.09376, 0.15624]},
								"down": {"uv": [23, 39.15624], "uv_size": [0.09376, -0.15624]}
							}
						},
						{
							"origin": [-0.09222, 21.44921, 16.76636],
							"size": [0.25662, 1.66803, 0.38493],
							"pivot": [0.03609, 22.28322, 12.95843],
							"rotation": [22.5, 0, 0],
							"uv": {
								"north": {"uv": [37, 15], "uv_size": [0.09376, 0.65624]},
								"east": {"uv": [34, 31], "uv_size": [0.15624, 0.65624]},
								"south": {"uv": [16, 37], "uv_size": [0.09376, 0.65624]},
								"west": {"uv": [32, 34], "uv_size": [0.15624, 0.65624]},
								"up": {"uv": [39, 23], "uv_size": [0.09376, 0.15624]},
								"down": {"uv": [24, 39.15624], "uv_size": [0.09376, -0.15624]}
							}
						},
						{
							"origin": [-0.09222, 21.44921, 16.76636],
							"size": [0.25662, 1.66803, 0.38493],
							"uv": {
								"north": {"uv": [37, 16], "uv_size": [0.09376, 0.65624]},
								"east": {"uv": [33, 34], "uv_size": [0.15624, 0.65624]},
								"south": {"uv": [17, 37], "uv_size": [0.09376, 0.65624]},
								"west": {"uv": [34, 34], "uv_size": [0.15624, 0.65624]},
								"up": {"uv": [39, 24], "uv_size": [0.09376, 0.15624]},
								"down": {"uv": [25, 39.15624], "uv_size": [0.09376, -0.15624]}
							}
						},
						{
							"origin": [-0.09222, 21.44921, 16.76636],
							"size": [0.25662, 1.66803, 0.38493],
							"pivot": [0.03609, 22.28322, 12.95843],
							"rotation": [-22.5, 0, 0],
							"uv": {
								"north": {"uv": [37, 17], "uv_size": [0.09376, 0.65624]},
								"east": {"uv": [0, 35], "uv_size": [0.15624, 0.65624]},
								"south": {"uv": [18, 37], "uv_size": [0.09376, 0.65624]},
								"west": {"uv": [35, 0], "uv_size": [0.15624, 0.65624]},
								"up": {"uv": [39, 25], "uv_size": [0.09376, 0.15624]},
								"down": {"uv": [26, 39.15624], "uv_size": [0.09376, -0.15624]}
							}
						},
						{
							"origin": [-0.09222, 21.44921, 16.76636],
							"size": [0.25662, 1.66803, 0.38493],
							"pivot": [0.03609, 22.28322, 12.95843],
							"rotation": [-45, 0, 0],
							"uv": {
								"north": {"uv": [37, 18], "uv_size": [0.09376, 0.65624]},
								"east": {"uv": [1, 35], "uv_size": [0.15624, 0.65624]},
								"south": {"uv": [19, 37], "uv_size": [0.09376, 0.65624]},
								"west": {"uv": [35, 1], "uv_size": [0.15624, 0.65624]},
								"up": {"uv": [39, 26], "uv_size": [0.09376, 0.15624]},
								"down": {"uv": [27, 39.15624], "uv_size": [0.09376, -0.15624]}
							}
						},
						{
							"origin": [-0.09222, 18.09036, 12.12442],
							"size": [0.25662, 0.38493, 1.66803],
							"pivot": [0.03609, 22.28322, 12.95843],
							"rotation": [22.5, 0, 0],
							"uv": {
								"north": {"uv": [39, 27], "uv_size": [0.09376, 0.15624]},
								"east": {"uv": [35, 2], "uv_size": [0.65624, 0.15624]},
								"south": {"uv": [28, 39], "uv_size": [0.09376, 0.15624]},
								"west": {"uv": [35, 3], "uv_size": [0.65624, 0.15624]},
								"up": {"uv": [37, 19], "uv_size": [0.09376, 0.65624]},
								"down": {"uv": [20, 37.65624], "uv_size": [0.09376, -0.65624]}
							}
						},
						{
							"origin": [-0.09222, 18.09036, 12.12442],
							"size": [0.25662, 0.38493, 1.66803],
							"uv": {
								"north": {"uv": [39, 28], "uv_size": [0.09376, 0.15624]},
								"east": {"uv": [35, 4], "uv_size": [0.65624, 0.15624]},
								"south": {"uv": [29, 39], "uv_size": [0.09376, 0.15624]},
								"west": {"uv": [35, 5], "uv_size": [0.65624, 0.15624]},
								"up": {"uv": [37, 20], "uv_size": [0.09376, 0.65624]},
								"down": {"uv": [21, 37.65624], "uv_size": [0.09376, -0.65624]}
							}
						},
						{
							"origin": [-0.09222, 18.09036, 12.12442],
							"size": [0.25662, 0.38493, 1.66803],
							"pivot": [0.03609, 22.28322, 12.95843],
							"rotation": [-22.5, 0, 0],
							"uv": {
								"north": {"uv": [39, 29], "uv_size": [0.09376, 0.15624]},
								"east": {"uv": [35, 6], "uv_size": [0.65624, 0.15624]},
								"south": {"uv": [30, 39], "uv_size": [0.09376, 0.15624]},
								"west": {"uv": [35, 7], "uv_size": [0.65624, 0.15624]},
								"up": {"uv": [37, 21], "uv_size": [0.09376, 0.65624]},
								"down": {"uv": [22, 37.65624], "uv_size": [0.09376, -0.65624]}
							}
						},
						{
							"origin": [-0.09222, 18.34698, 13.40752],
							"size": [0.25662, 3.20775, 0.38493],
							"pivot": [0.03609, 22.28322, 12.95843],
							"rotation": [-22.5, 0, 0],
							"uv": {
								"north": {"uv": [34, 2], "uv_size": [0.09376, 1.25]},
								"east": {"uv": [12, 33], "uv_size": [0.15624, 1.25]},
								"south": {"uv": [34, 4], "uv_size": [0.09376, 1.25]},
								"west": {"uv": [13, 33], "uv_size": [0.15624, 1.25]},
								"up": {"uv": [39, 30], "uv_size": [0.09376, 0.15624]},
								"down": {"uv": [31, 39.15624], "uv_size": [0.09376, -0.15624]}
							}
						},
						{
							"origin": [-0.09222, 18.09036, 12.12442],
							"size": [0.25662, 0.38493, 1.66803],
							"pivot": [0.03609, 22.28322, 12.95843],
							"rotation": [-45, 0, 0],
							"uv": {
								"north": {"uv": [39, 31], "uv_size": [0.09376, 0.15624]},
								"east": {"uv": [35, 8], "uv_size": [0.65624, 0.15624]},
								"south": {"uv": [32, 39], "uv_size": [0.09376, 0.15624]},
								"west": {"uv": [35, 9], "uv_size": [0.65624, 0.15624]},
								"up": {"uv": [37, 22], "uv_size": [0.09376, 0.65624]},
								"down": {"uv": [23, 37.65624], "uv_size": [0.09376, -0.65624]}
							}
						},
						{
							"origin": [-0.09222, 21.44921, 8.76554],
							"size": [0.25662, 1.66803, 0.38493],
							"uv": {
								"north": {"uv": [37, 23], "uv_size": [0.09376, 0.65624]},
								"east": {"uv": [35, 10], "uv_size": [0.15624, 0.65624]},
								"south": {"uv": [24, 37], "uv_size": [0.09376, 0.65624]},
								"west": {"uv": [11, 35], "uv_size": [0.15624, 0.65624]},
								"up": {"uv": [39, 32], "uv_size": [0.09376, 0.15624]},
								"down": {"uv": [33, 39.15624], "uv_size": [0.09376, -0.15624]}
							}
						},
						{
							"origin": [-0.09222, 21.44921, 8.76554],
							"size": [0.25662, 1.66803, 0.38493],
							"pivot": [0.03609, 22.28322, 12.95843],
							"rotation": [-22.5, 0, 0],
							"uv": {
								"north": {"uv": [37, 24], "uv_size": [0.09376, 0.65624]},
								"east": {"uv": [35, 11], "uv_size": [0.15624, 0.65624]},
								"south": {"uv": [25, 37], "uv_size": [0.09376, 0.65624]},
								"west": {"uv": [12, 35], "uv_size": [0.15624, 0.65624]},
								"up": {"uv": [39, 33], "uv_size": [0.09376, 0.15624]},
								"down": {"uv": [34, 39.15624], "uv_size": [0.09376, -0.15624]}
							}
						},
						{
							"origin": [-0.09222, 21.96245, 9.02216],
							"size": [0.25662, 0.64155, 2.43789],
							"pivot": [0.03609, 22.28322, 12.95843],
							"rotation": [-22.5, 0, 0],
							"uv": {
								"north": {"uv": [39, 6], "uv_size": [0.09376, 0.25]},
								"east": {"uv": [32, 23], "uv_size": [0.93752, 0.25]},
								"south": {"uv": [7, 39], "uv_size": [0.09376, 0.25]},
								"west": {"uv": [24, 32], "uv_size": [0.93752, 0.25]},
								"up": {"uv": [36, 12], "uv_size": [0.09376, 0.93752]},
								"down": {"uv": [13, 36.93752], "uv_size": [0.09376, -0.93752]}
							}
						},
						{
							"origin": [-0.09222, 26.09118, 12.12442],
							"size": [0.25662, 0.38493, 1.66803],
							"pivot": [0.03609, 22.28322, 12.95843],
							"rotation": [45, 0, 0],
							"uv": {
								"north": {"uv": [39, 34], "uv_size": [0.09376, 0.15624]},
								"east": {"uv": [35, 12], "uv_size": [0.65624, 0.15624]},
								"south": {"uv": [35, 39], "uv_size": [0.09376, 0.15624]},
								"west": {"uv": [13, 35], "uv_size": [0.65624, 0.15624]},
								"up": {"uv": [37, 25], "uv_size": [0.09376, 0.65624]},
								"down": {"uv": [26, 37.65624], "uv_size": [0.09376, -0.65624]}
							}
						},
						{
							"origin": [-0.09222, 26.09118, 12.12442],
							"size": [0.25662, 0.38493, 1.66803],
							"pivot": [0.03609, 22.28322, 12.95843],
							"rotation": [22.5, 0, 0],
							"uv": {
								"north": {"uv": [39, 35], "uv_size": [0.09376, 0.15624]},
								"east": {"uv": [35, 13], "uv_size": [0.65624, 0.15624]},
								"south": {"uv": [36, 39], "uv_size": [0.09376, 0.15624]},
								"west": {"uv": [35, 14], "uv_size": [0.65624, 0.15624]},
								"up": {"uv": [37, 26], "uv_size": [0.09376, 0.65624]},
								"down": {"uv": [27, 37.65624], "uv_size": [0.09376, -0.65624]}
							}
						},
						{
							"origin": [-0.09222, 23.7816, 12.63766],
							"size": [0.25662, 2.43789, 0.64155],
							"pivot": [0.03609, 22.28322, 12.95843],
							"rotation": [22.5, 0, 0],
							"uv": {
								"north": {"uv": [36, 13], "uv_size": [0.09376, 0.93752]},
								"east": {"uv": [32, 24], "uv_size": [0.25, 0.93752]},
								"south": {"uv": [14, 36], "uv_size": [0.09376, 0.93752]},
								"west": {"uv": [25, 32], "uv_size": [0.25, 0.93752]},
								"up": {"uv": [39, 7], "uv_size": [0.09376, 0.25]},
								"down": {"uv": [8, 39.25], "uv_size": [0.09376, -0.25]}
							}
						},
						{
							"origin": [-0.09222, 21.44921, 8.76554],
							"size": [0.25662, 1.66803, 0.38493],
							"pivot": [0.03609, 22.28322, 12.95843],
							"rotation": [22.5, 0, 0],
							"uv": {
								"north": {"uv": [37, 27], "uv_size": [0.09376, 0.65624]},
								"east": {"uv": [35, 15], "uv_size": [0.15624, 0.65624]},
								"south": {"uv": [28, 37], "uv_size": [0.09376, 0.65624]},
								"west": {"uv": [35, 16], "uv_size": [0.15624, 0.65624]},
								"up": {"uv": [39, 36], "uv_size": [0.09376, 0.15624]},
								"down": {"uv": [37, 39.15624], "uv_size": [0.09376, -0.15624]}
							}
						},
						{
							"origin": [-0.09222, 21.70583, 9.02216],
							"size": [0.25662, 0.64155, 2.69451],
							"pivot": [0.03609, 22.28322, 12.95843],
							"rotation": [22.5, 0, 0],
							"uv": {
								"north": {"uv": [39, 8], "uv_size": [0.09376, 0.25]},
								"east": {"uv": [32, 7], "uv_size": [1.06252, 0.25]},
								"south": {"uv": [9, 39], "uv_size": [0.09376, 0.25]},
								"west": {"uv": [32, 8], "uv_size": [1.06252, 0.25]},
								"up": {"uv": [1, 36], "uv_size": [0.09376, 1.06252]},
								"down": {"uv": [36, 2.06252], "uv_size": [0.09376, -1.06252]}
							}
						}
					]
				},
				{
					"name": "group5",
					"parent": "hualun1",
					"pivot": [0.03609, 22.28322, 12.95843],
					"cubes": [
						{
							"origin": [-0.09222, 20.95878, 12.12442],
							"size": [0.25662, 2.95113, 1.66803],
							"uv": {
								"north": {"uv": [34, 18], "uv_size": [0.09376, 1.15624]},
								"east": {"uv": [16, 25], "uv_size": [0.65624, 1.15624]},
								"south": {"uv": [19, 34], "uv_size": [0.09376, 1.15624]},
								"west": {"uv": [25, 19], "uv_size": [0.65624, 1.15624]},
								"up": {"uv": [37, 28], "uv_size": [0.09376, 0.65624]},
								"down": {"uv": [29, 37.65624], "uv_size": [0.09376, -0.65624]}
							}
						},
						{
							"origin": [-0.09222, 21.44921, 11.37734],
							"size": [0.25662, 1.41141, 5.51733],
							"uv": {
								"north": {"uv": [16, 38], "uv_size": [0.09376, 0.56252]},
								"east": {"uv": [18, 16], "uv_size": [2.15624, 0.56252]},
								"south": {"uv": [38, 16], "uv_size": [0.09376, 0.56252]},
								"west": {"uv": [18, 17], "uv_size": [2.15624, 0.56252]},
								"up": {"uv": [33, 3], "uv_size": [0.09376, 2.15624]},
								"down": {"uv": [4, 35.15624], "uv_size": [0.09376, -2.15624]}
							}
						},
						{
							"origin": [-0.09222, 21.70583, 11.37734],
							"size": [0.25662, 0.89817, 5.51733],
							"pivot": [0.03609, 22.28322, 12.95843],
							"rotation": [-45, 0, 0],
							"uv": {
								"north": {"uv": [36, 38], "uv_size": [0.09376, 0.34376]},
								"east": {"uv": [24, 17], "uv_size": [2.15624, 0.34376]},
								"south": {"uv": [38, 36], "uv_size": [0.09376, 0.34376]},
								"west": {"uv": [25, 14], "uv_size": [2.15624, 0.34376]},
								"up": {"uv": [5, 33], "uv_size": [0.09376, 2.15624]},
								"down": {"uv": [6, 35.15624], "uv_size": [0.09376, -2.15624]}
							}
						},
						{
							"origin": [-0.09222, 20.65656, 12.12442],
							"size": [0.25662, 2.95113, 1.66803],
							"uv": {
								"north": {"uv": [20, 34], "uv_size": [0.09376, 1.15624]},
								"east": {"uv": [20, 25], "uv_size": [0.65624, 1.15624]},
								"south": {"uv": [34, 20], "uv_size": [0.09376, 1.15624]},
								"west": {"uv": [21, 25], "uv_size": [0.65624, 1.15624]},
								"up": {"uv": [37, 29], "uv_size": [0.09376, 0.65624]},
								"down": {"uv": [30, 37.65624], "uv_size": [0.09376, -0.65624]}
							}
						},
						{
							"origin": [-0.09222, 20.70216, 12.12442],
							"size": [0.25662, 3.20775, 1.66803],
							"pivot": [0.03609, 22.28322, 12.95843],
							"rotation": [-45, 0, 0],
							"uv": {
								"north": {"uv": [34, 7], "uv_size": [0.09376, 1.25]},
								"east": {"uv": [13, 24], "uv_size": [0.65624, 1.25]},
								"south": {"uv": [34, 9], "uv_size": [0.09376, 1.25]},
								"west": {"uv": [14, 24], "uv_size": [0.65624, 1.25]},
								"up": {"uv": [37, 30], "uv_size": [0.09376, 0.65624]},
								"down": {"uv": [31, 37.65624], "uv_size": [0.09376, -0.65624]}
							}
						}
					]
				},
				{
					"name": "hualun2",
					"parent": "group3",
					"pivot": [1.31919, 11.8296, 5.75]
				},
				{
					"name": "group6",
					"parent": "hualun2",
					"pivot": [0.03609, 22.28322, 12.95843],
					"cubes": [
						{
							"origin": [-0.09222, -22.68943, 16.76636],
							"size": [0.25662, 1.66803, 0.38493],
							"pivot": [0.03609, -21.85542, 12.95843],
							"rotation": [22.5, 0, 0],
							"uv": {
								"north": {"uv": [37, 31], "uv_size": [0.09376, 0.65624]},
								"east": {"uv": [17, 35], "uv_size": [0.15624, 0.65624]},
								"south": {"uv": [32, 37], "uv_size": [0.09376, 0.65624]},
								"west": {"uv": [35, 17], "uv_size": [0.15624, 0.65624]},
								"up": {"uv": [39, 37], "uv_size": [0.09376, 0.15624]},
								"down": {"uv": [38, 39.15624], "uv_size": [0.09376, -0.15624]}
							}
						},
						{
							"origin": [-0.09222, -18.04746, 12.12442],
							"size": [0.25662, 0.38493, 1.66803],
							"pivot": [0.03609, -21.85542, 12.95843],
							"rotation": [-22.5, 0, 0],
							"uv": {
								"north": {"uv": [39, 38], "uv_size": [0.09376, 0.15624]},
								"east": {"uv": [18, 35], "uv_size": [0.65624, 0.15624]},
								"south": {"uv": [39, 39], "uv_size": [0.09376, 0.15624]},
								"west": {"uv": [35, 18], "uv_size": [0.65624, 0.15624]},
								"up": {"uv": [37, 32], "uv_size": [0.09376, 0.65624]},
								"down": {"uv": [33, 37.65624], "uv_size": [0.09376, -0.65624]}
							}
						},
						{
							"origin": [-0.09222, -22.68943, 16.76636],
							"size": [0.25662, 1.66803, 0.38493],
							"pivot": [0.03609, -21.85542, 12.95843],
							"rotation": [45, 0, 0],
							"uv": {
								"north": {"uv": [34, 37], "uv_size": [0.09376, 0.65624]},
								"east": {"uv": [35, 19], "uv_size": [0.15624, 0.65624]},
								"south": {"uv": [37, 34], "uv_size": [0.09376, 0.65624]},
								"west": {"uv": [35, 20], "uv_size": [0.15624, 0.65624]},
								"up": {"uv": [0, 40], "uv_size": [0.09376, 0.15624]},
								"down": {"uv": [40, 0.15624], "uv_size": [0.09376, -0.15624]}
							}
						},
						{
							"origin": [-0.09222, -22.17619, 14.45678],
							"size": [0.25662, 0.38493, 2.43789],
							"pivot": [0.03609, -21.85542, 12.95843],
							"rotation": [45, 0, 0],
							"uv": {
								"north": {"uv": [1, 40], "uv_size": [0.09376, 0.15624]},
								"east": {"uv": [33, 26], "uv_size": [0.93752, 0.15624]},
								"south": {"uv": [40, 1], "uv_size": [0.09376, 0.15624]},
								"west": {"uv": [27, 33], "uv_size": [0.93752, 0.15624]},
								"up": {"uv": [36, 14], "uv_size": [0.09376, 0.93752]},
								"down": {"uv": [15, 36.93752], "uv_size": [0.09376, -0.93752]}
							}
						},
						{
							"origin": [-0.09222, -22.68943, 16.76636],
							"size": [0.25662, 1.66803, 0.38493],
							"uv": {
								"north": {"uv": [35, 37], "uv_size": [0.09376, 0.65624]},
								"east": {"uv": [35, 21], "uv_size": [0.15624, 0.65624]},
								"south": {"uv": [37, 35], "uv_size": [0.09376, 0.65624]},
								"west": {"uv": [35, 22], "uv_size": [0.15624, 0.65624]},
								"up": {"uv": [2, 40], "uv_size": [0.09376, 0.15624]},
								"down": {"uv": [40, 2.15624], "uv_size": [0.09376, -0.15624]}
							}
						},
						{
							"origin": [-0.09222, -22.68943, 16.76636],
							"size": [0.25662, 1.66803, 0.38493],
							"pivot": [0.03609, -21.85542, 12.95843],
							"rotation": [-22.5, 0, 0],
							"uv": {
								"north": {"uv": [36, 37], "uv_size": [0.09376, 0.65624]},
								"east": {"uv": [35, 23], "uv_size": [0.15624, 0.65624]},
								"south": {"uv": [37, 36], "uv_size": [0.09376, 0.65624]},
								"west": {"uv": [24, 35], "uv_size": [0.15624, 0.65624]},
								"up": {"uv": [3, 40], "uv_size": [0.09376, 0.15624]},
								"down": {"uv": [40, 3.15624], "uv_size": [0.09376, -0.15624]}
							}
						},
						{
							"origin": [-0.09222, -26.04828, 12.12442],
							"size": [0.25662, 0.38493, 1.66803],
							"pivot": [0.03609, -21.85542, 12.95843],
							"rotation": [45, 0, 0],
							"uv": {
								"north": {"uv": [4, 40], "uv_size": [0.09376, 0.15624]},
								"east": {"uv": [35, 24], "uv_size": [0.65624, 0.15624]},
								"south": {"uv": [40, 4], "uv_size": [0.09376, 0.15624]},
								"west": {"uv": [25, 35], "uv_size": [0.65624, 0.15624]},
								"up": {"uv": [37, 37], "uv_size": [0.09376, 0.65624]},
								"down": {"uv": [0, 38.65624], "uv_size": [0.09376, -0.65624]}
							}
						},
						{
							"origin": [-0.09222, -26.04828, 12.12442],
							"size": [0.25662, 0.38493, 1.66803],
							"pivot": [0.03609, -21.85542, 12.95843],
							"rotation": [22.5, 0, 0],
							"uv": {
								"north": {"uv": [5, 40], "uv_size": [0.09376, 0.15624]},
								"east": {"uv": [35, 25], "uv_size": [0.65624, 0.15624]},
								"south": {"uv": [40, 5], "uv_size": [0.09376, 0.15624]},
								"west": {"uv": [26, 35], "uv_size": [0.65624, 0.15624]},
								"up": {"uv": [38, 0], "uv_size": [0.09376, 0.65624]},
								"down": {"uv": [1, 38.65624], "uv_size": [0.09376, -0.65624]}
							}
						},
						{
							"origin": [-0.09222, -26.04828, 12.12442],
							"size": [0.25662, 0.38493, 1.66803],
							"uv": {
								"north": {"uv": [6, 40], "uv_size": [0.09376, 0.15624]},
								"east": {"uv": [35, 26], "uv_size": [0.65624, 0.15624]},
								"south": {"uv": [40, 6], "uv_size": [0.09376, 0.15624]},
								"west": {"uv": [35, 27], "uv_size": [0.65624, 0.15624]},
								"up": {"uv": [38, 1], "uv_size": [0.09376, 0.65624]},
								"down": {"uv": [2, 38.65624], "uv_size": [0.09376, -0.65624]}
							}
						},
						{
							"origin": [-0.09222, -26.04828, 12.12442],
							"size": [0.25662, 0.38493, 1.66803],
							"pivot": [0.03609, -21.85542, 12.95843],
							"rotation": [-22.5, 0, 0],
							"uv": {
								"north": {"uv": [7, 40], "uv_size": [0.09376, 0.15624]},
								"east": {"uv": [35, 28], "uv_size": [0.65624, 0.15624]},
								"south": {"uv": [40, 7], "uv_size": [0.09376, 0.15624]},
								"west": {"uv": [29, 35], "uv_size": [0.65624, 0.15624]},
								"up": {"uv": [38, 2], "uv_size": [0.09376, 0.65624]},
								"down": {"uv": [3, 38.65624], "uv_size": [0.09376, -0.65624]}
							}
						},
						{
							"origin": [-0.09222, -22.68943, 8.76554],
							"size": [0.25662, 1.66803, 0.38493],
							"pivot": [0.03609, -21.85542, 12.95843],
							"rotation": [45, 0, 0],
							"uv": {
								"north": {"uv": [38, 3], "uv_size": [0.09376, 0.65624]},
								"east": {"uv": [35, 29], "uv_size": [0.15624, 0.65624]},
								"south": {"uv": [4, 38], "uv_size": [0.09376, 0.65624]},
								"west": {"uv": [30, 35], "uv_size": [0.15624, 0.65624]},
								"up": {"uv": [8, 40], "uv_size": [0.09376, 0.15624]},
								"down": {"uv": [40, 8.15624], "uv_size": [0.09376, -0.15624]}
							}
						},
						{
							"origin": [-0.09222, -22.68943, 9.02216],
							"size": [0.25662, 0.38493, 3.20775],
							"pivot": [0.03609, -21.85542, 12.95843],
							"rotation": [45, 0, 0],
							"uv": {
								"north": {"uv": [9, 40], "uv_size": [0.09376, 0.15624]},
								"east": {"uv": [33, 6], "uv_size": [1.25, 0.15624]},
								"south": {"uv": [40, 9], "uv_size": [0.09376, 0.15624]},
								"west": {"uv": [33, 13], "uv_size": [1.25, 0.15624]},
								"up": {"uv": [34, 11], "uv_size": [0.09376, 1.25]},
								"down": {"uv": [14, 35.25], "uv_size": [0.09376, -1.25]}
							}
						},
						{
							"origin": [-0.09222, -22.68943, 8.76554],
							"size": [0.25662, 1.66803, 0.38493],
							"pivot": [0.03609, -21.85542, 12.95843],
							"rotation": [22.5, 0, 0],
							"uv": {
								"north": {"uv": [38, 4], "uv_size": [0.09376, 0.65624]},
								"east": {"uv": [35, 30], "uv_size": [0.15624, 0.65624]},
								"south": {"uv": [5, 38], "uv_size": [0.09376, 0.65624]},
								"west": {"uv": [31, 35], "uv_size": [0.15624, 0.65624]},
								"up": {"uv": [10, 40], "uv_size": [0.09376, 0.15624]},
								"down": {"uv": [40, 10.15624], "uv_size": [0.09376, -0.15624]}
							}
						},
						{
							"origin": [-0.09222, -22.68943, 8.76554],
							"size": [0.25662, 1.66803, 0.38493],
							"pivot": [0.03609, -21.85542, 12.95843],
							"rotation": [-22.5, 0, 0],
							"uv": {
								"north": {"uv": [38, 5], "uv_size": [0.09376, 0.65624]},
								"east": {"uv": [35, 31], "uv_size": [0.15624, 0.65624]},
								"south": {"uv": [6, 38], "uv_size": [0.09376, 0.65624]},
								"west": {"uv": [32, 35], "uv_size": [0.15624, 0.65624]},
								"up": {"uv": [11, 40], "uv_size": [0.09376, 0.15624]},
								"down": {"uv": [40, 11.15624], "uv_size": [0.09376, -0.15624]}
							}
						},
						{
							"origin": [-0.09222, -18.04746, 12.12442],
							"size": [0.25662, 0.38493, 1.66803],
							"pivot": [0.03609, -21.85542, 12.95843],
							"rotation": [45, 0, 0],
							"uv": {
								"north": {"uv": [12, 40], "uv_size": [0.09376, 0.15624]},
								"east": {"uv": [35, 32], "uv_size": [0.65624, 0.15624]},
								"south": {"uv": [40, 12], "uv_size": [0.09376, 0.15624]},
								"west": {"uv": [33, 35], "uv_size": [0.65624, 0.15624]},
								"up": {"uv": [38, 6], "uv_size": [0.09376, 0.65624]},
								"down": {"uv": [7, 38.65624], "uv_size": [0.09376, -0.65624]}
							}
						},
						{
							"origin": [-0.09222, -20.35704, 12.63766],
							"size": [0.25662, 2.43789, 0.64155],
							"pivot": [0.03609, -21.85542, 12.95843],
							"rotation": [45, 0, 0],
							"uv": {
								"north": {"uv": [36, 15], "uv_size": [0.09376, 0.93752]},
								"east": {"uv": [32, 25], "uv_size": [0.25, 0.93752]},
								"south": {"uv": [16, 36], "uv_size": [0.09376, 0.93752]},
								"west": {"uv": [26, 32], "uv_size": [0.25, 0.93752]},
								"up": {"uv": [39, 9], "uv_size": [0.09376, 0.25]},
								"down": {"uv": [10, 39.25], "uv_size": [0.09376, -0.25]}
							}
						},
						{
							"origin": [-0.09222, -18.04746, 12.12442],
							"size": [0.25662, 0.38493, 1.66803],
							"pivot": [0.03609, -21.85542, 12.95843],
							"rotation": [22.5, 0, 0],
							"uv": {
								"north": {"uv": [13, 40], "uv_size": [0.09376, 0.15624]},
								"east": {"uv": [35, 33], "uv_size": [0.65624, 0.15624]},
								"south": {"uv": [40, 13], "uv_size": [0.09376, 0.15624]},
								"west": {"uv": [34, 35], "uv_size": [0.65624, 0.15624]},
								"up": {"uv": [38, 7], "uv_size": [0.09376, 0.65624]},
								"down": {"uv": [38, 8.65624], "uv_size": [0.09376, -0.65624]}
							}
						},
						{
							"origin": [-0.09222, -18.04746, 12.12442],
							"size": [0.25662, 0.38493, 1.66803],
							"uv": {
								"north": {"uv": [14, 40], "uv_size": [0.09376, 0.15624]},
								"east": {"uv": [35, 34], "uv_size": [0.65624, 0.15624]},
								"south": {"uv": [40, 14], "uv_size": [0.09376, 0.15624]},
								"west": {"uv": [35, 35], "uv_size": [0.65624, 0.15624]},
								"up": {"uv": [9, 38], "uv_size": [0.09376, 0.65624]},
								"down": {"uv": [38, 9.65624], "uv_size": [0.09376, -0.65624]}
							}
						},
						{
							"origin": [-0.09222, -20.35704, 12.63766],
							"size": [0.25662, 2.43789, 0.64155],
							"uv": {
								"north": {"uv": [36, 16], "uv_size": [0.09376, 0.93752]},
								"east": {"uv": [32, 26], "uv_size": [0.25, 0.93752]},
								"south": {"uv": [17, 36], "uv_size": [0.09376, 0.93752]},
								"west": {"uv": [27, 32], "uv_size": [0.25, 0.93752]},
								"up": {"uv": [39, 10], "uv_size": [0.09376, 0.25]},
								"down": {"uv": [11, 39.25], "uv_size": [0.09376, -0.25]}
							}
						},
						{
							"origin": [-0.09222, -22.68943, 8.76554],
							"size": [0.25662, 1.66803, 0.38493],
							"uv": {
								"north": {"uv": [10, 38], "uv_size": [0.09376, 0.65624]},
								"east": {"uv": [0, 36], "uv_size": [0.15624, 0.65624]},
								"south": {"uv": [38, 10], "uv_size": [0.09376, 0.65624]},
								"west": {"uv": [36, 0], "uv_size": [0.15624, 0.65624]},
								"up": {"uv": [15, 40], "uv_size": [0.09376, 0.15624]},
								"down": {"uv": [40, 15.15624], "uv_size": [0.09376, -0.15624]}
							}
						},
						{
							"origin": [-0.09222, -22.43281, 9.02216],
							"size": [0.25662, 0.64155, 2.69451],
							"uv": {
								"north": {"uv": [39, 11], "uv_size": [0.09376, 0.25]},
								"east": {"uv": [9, 32], "uv_size": [1.06252, 0.25]},
								"south": {"uv": [12, 39], "uv_size": [0.09376, 0.25]},
								"west": {"uv": [32, 9], "uv_size": [1.06252, 0.25]},
								"up": {"uv": [2, 36], "uv_size": [0.09376, 1.06252]},
								"down": {"uv": [3, 37.06252], "uv_size": [0.09376, -1.06252]}
							}
						}
					]
				},
				{
					"name": "group",
					"parent": "hualun2",
					"pivot": [0.03609, 22.28322, 12.95843],
					"cubes": [
						{
							"origin": [-0.09222, -23.17986, 12.12442],
							"size": [0.25662, 2.95113, 1.66803],
							"pivot": [0.03609, -21.85542, 12.95843],
							"rotation": [-22.5, 0, 0],
							"uv": {
								"north": {"uv": [21, 34], "uv_size": [0.09376, 1.15624]},
								"east": {"uv": [25, 21], "uv_size": [0.65624, 1.15624]},
								"south": {"uv": [22, 34], "uv_size": [0.09376, 1.15624]},
								"west": {"uv": [22, 25], "uv_size": [0.65624, 1.15624]},
								"up": {"uv": [11, 38], "uv_size": [0.09376, 0.65624]},
								"down": {"uv": [38, 11.65624], "uv_size": [0.09376, -0.65624]}
							}
						},
						{
							"origin": [-0.09222, -22.68943, 11.37734],
							"size": [0.25662, 1.41141, 5.51733],
							"pivot": [0.03609, -21.85542, 12.95843],
							"rotation": [-22.5, 0, 0],
							"uv": {
								"north": {"uv": [17, 38], "uv_size": [0.09376, 0.56252]},
								"east": {"uv": [19, 19], "uv_size": [2.15624, 0.56252]},
								"south": {"uv": [38, 17], "uv_size": [0.09376, 0.56252]},
								"west": {"uv": [4, 20], "uv_size": [2.15624, 0.56252]},
								"up": {"uv": [7, 33], "uv_size": [0.09376, 2.15624]},
								"down": {"uv": [9, 35.15624], "uv_size": [0.09376, -2.15624]}
							}
						},
						{
							"origin": [-0.09222, -25.79166, 12.38104],
							"size": [0.25662, 5.51733, 0.89817],
							"pivot": [0.03609, -21.85542, 12.95843],
							"rotation": [22.5, 0, 0],
							"uv": {
								"north": {"uv": [10, 33], "uv_size": [0.09376, 2.15624]},
								"east": {"uv": [25, 25], "uv_size": [0.34376, 2.15624]},
								"south": {"uv": [33, 10], "uv_size": [0.09376, 2.15624]},
								"west": {"uv": [0, 26], "uv_size": [0.34376, 2.15624]},
								"up": {"uv": [37, 38], "uv_size": [0.09376, 0.34376]},
								"down": {"uv": [38, 37.34376], "uv_size": [0.09376, -0.34376]}
							}
						},
						{
							"origin": [-0.09222, -23.48208, 12.12442],
							"size": [0.25662, 2.95113, 1.66803],
							"pivot": [0.03609, -21.85542, 12.95843],
							"rotation": [-22.5, 0, 0],
							"uv": {
								"north": {"uv": [34, 22], "uv_size": [0.09376, 1.15624]},
								"east": {"uv": [25, 23], "uv_size": [0.65624, 1.15624]},
								"south": {"uv": [23, 34], "uv_size": [0.09376, 1.15624]},
								"west": {"uv": [24, 25], "uv_size": [0.65624, 1.15624]},
								"up": {"uv": [12, 38], "uv_size": [0.09376, 0.65624]},
								"down": {"uv": [38, 12.65624], "uv_size": [0.09376, -0.65624]}
							}
						},
						{
							"origin": [-0.09222, -22.68943, 11.37734],
							"size": [0.25662, 1.66803, 3.20775],
							"pivot": [0.03609, -21.85542, 12.95843],
							"rotation": [22.5, 0, 0],
							"uv": {
								"north": {"uv": [13, 38], "uv_size": [0.09376, 0.65624]},
								"east": {"uv": [24, 13], "uv_size": [1.25, 0.65624]},
								"south": {"uv": [38, 13], "uv_size": [0.09376, 0.65624]},
								"west": {"uv": [24, 16], "uv_size": [1.25, 0.65624]},
								"up": {"uv": [15, 34], "uv_size": [0.09376, 1.25]},
								"down": {"uv": [16, 35.25], "uv_size": [0.09376, -1.25]}
							}
						}
					]
				},
				{
					"name": "fuxian",
					"parent": "group2",
					"pivot": [-0.1243, 0.2817, 3.77503],
					"cubes": [
						{
							"origin": [0.16696, -22.17935, 8.75181],
							"size": [0, 45.67836, 5.77395],
							"uv": {
								"north": {"uv": [0, 0], "uv_size": [0, 17.81252]},
								"east": {"uv": [0, 0], "uv_size": [2.25, 17.81252]},
								"south": {"uv": [0, 0], "uv_size": [0, 17.81252]},
								"west": {"uv": [3, 0], "uv_size": [2.25, 17.81252]},
								"up": {"uv": [0, 0], "uv_size": [0, 2.25]},
								"down": {"uv": [0, 2.25], "uv_size": [0, -2.25]}
							}
						},
						{
							"origin": [-0.09479, -23.20583, 8.75181],
							"size": [0, 45.67836, 5.77395],
							"uv": {
								"north": {"uv": [0, 0], "uv_size": [0, 17.81252]},
								"east": {"uv": [6, 0], "uv_size": [2.25, 17.81252]},
								"south": {"uv": [0, 0], "uv_size": [0, 17.81252]},
								"west": {"uv": [9, 0], "uv_size": [2.25, 17.81252]},
								"up": {"uv": [0, 0], "uv_size": [0, 2.25]},
								"down": {"uv": [0, 2.25], "uv_size": [0, -2.25]}
							}
						}
					]
				},
				{
					"name": "jian",
					"parent": "group2",
					"pivot": [1.31919, 11.8296, 5.75],
					"cubes": [
						{
							"origin": [-0.413, 0.41001, -24.27454],
							"size": [0.25662, 0.25662, 41.31582],
							"pivot": [-0.02807, 0.2817, 7.64257],
							"rotation": [0, 0, 45],
							"uv": {
								"north": {"uv": [19, 40], "uv_size": [0.09376, 0.09376]},
								"east": {"uv": [15, 18], "uv_size": [16.09376, 0.09376]},
								"south": {"uv": [40, 19], "uv_size": [0.09376, 0.09376]},
								"west": {"uv": [18, 15], "uv_size": [16.09376, 0.09376]},
								"up": {"uv": [11, 18], "uv_size": [0.09376, 16.09376]},
								"down": {"uv": [8, 35.09376], "uv_size": [0.09376, -16.09376]}
							}
						}
					]
				},
				{
					"name": "jianyu",
					"parent": "jian",
					"pivot": [-0.02807, 0.64461, -19.52707],
					"cubes": [
						{
							"origin": [-0.02807, 0.00306, -25.55764],
							"size": [0, 1.2831, 1.79634],
							"uv": {
								"north": {"uv": [0, 0], "uv_size": [0, 0.5]},
								"east": {"uv": [31, 16], "uv_size": [0.68752, 0.5]},
								"south": {"uv": [0, 0], "uv_size": [0, 0.5]},
								"west": {"uv": [17, 31], "uv_size": [0.68752, 0.5]},
								"up": {"uv": [0, 0], "uv_size": [0, 0.68752]},
								"down": {"uv": [0, 0.68752], "uv_size": [0, -0.68752]}
							}
						},
						{
							"origin": [-0.66962, 0.64461, -25.55764],
							"size": [1.2831, 0, 1.79634],
							"uv": {
								"north": {"uv": [0, 0], "uv_size": [0.5, 0]},
								"east": {"uv": [0, 0], "uv_size": [0.68752, 0]},
								"south": {"uv": [0, 0], "uv_size": [0.5, 0]},
								"west": {"uv": [0, 0], "uv_size": [0.68752, 0]},
								"up": {"uv": [18, 31], "uv_size": [0.5, 0.68752]},
								"down": {"uv": [19, 31.68752], "uv_size": [0.5, -0.68752]}
							}
						},
						{
							"origin": [0.10024, 0.64461, 12.67874],
							"size": [0.76986, 0, 3.59268],
							"pivot": [-0.02807, 0.64461, -19.52707],
							"rotation": [0, 0, 45],
							"uv": {
								"north": {"uv": [0, 0], "uv_size": [0.31252, 0]},
								"east": {"uv": [0, 0], "uv_size": [1.40624, 0]},
								"south": {"uv": [0, 0], "uv_size": [0.31252, 0]},
								"west": {"uv": [0, 0], "uv_size": [1.40624, 0]},
								"up": {"uv": [29, 19], "uv_size": [0.31252, 1.40624]},
								"down": {"uv": [21, 30.40624], "uv_size": [0.31252, -1.40624]}
							}
						},
						{
							"origin": [-0.02807, -0.25356, 12.67874],
							"size": [0, 0.76986, 3.59268],
							"pivot": [-0.02807, 0.64461, -19.52707],
							"rotation": [0, 0, 45],
							"uv": {
								"north": {"uv": [0, 0], "uv_size": [0, 0.31252]},
								"east": {"uv": [29, 16], "uv_size": [1.40624, 0.31252]},
								"south": {"uv": [0, 0], "uv_size": [0, 0.31252]},
								"west": {"uv": [29, 21], "uv_size": [1.40624, 0.31252]},
								"up": {"uv": [0, 0], "uv_size": [0, 1.40624]},
								"down": {"uv": [0, 1.40624], "uv_size": [0, -1.40624]}
							}
						},
						{
							"origin": [-0.02807, 0.77292, 12.67874],
							"size": [0, 0.76986, 3.59268],
							"uv": {
								"north": {"uv": [0, 0], "uv_size": [0, 0.31252]},
								"east": {"uv": [28, 29], "uv_size": [1.40624, 0.31252]},
								"south": {"uv": [0, 0], "uv_size": [0, 0.31252]},
								"west": {"uv": [29, 28], "uv_size": [1.40624, 0.31252]},
								"up": {"uv": [0, 0], "uv_size": [0, 1.40624]},
								"down": {"uv": [0, 1.40624], "uv_size": [0, -1.40624]}
							}
						}
					]
				},
				{
					"name": "xian",
					"parent": "group2",
					"pivot": [1.31919, 11.8296, 5.75],
					"cubes": [
						{
							"origin": [-0.02807, -21.2964, 16.91297],
							"size": [0, 43.88202, 0.25662],
							"uv": {
								"north": {"uv": [0, 0], "uv_size": [0, 17.09376]},
								"east": {"uv": [2, 18], "uv_size": [0.09376, 17.09376]},
								"south": {"uv": [0, 0], "uv_size": [0, 17.09376]},
								"west": {"uv": [3, 18], "uv_size": [0.09376, 17.09376]},
								"up": {"uv": [0, 0], "uv_size": [0, 0.09376]},
								"down": {"uv": [0, 0.09376], "uv_size": [0, -0.09376]}
							}
						}
					]
				},
				{
					"name": "light",
					"parent": "group2",
					"pivot": [1.31919, 11.8296, 5.75],
					"cubes": [
						{
							"origin": [-1.37532, 0.41001, -1.92294],
							"size": [0.12831, 2.82282, 0],
							"uv": {
								"north": {"uv": [8, 37], "uv_size": [0.06252, 1.09376]},
								"east": {"uv": [0, 0], "uv_size": [0, 1.09376]},
								"south": {"uv": [37, 8], "uv_size": [0.06252, 1.09376]},
								"west": {"uv": [0, 0], "uv_size": [0, 1.09376]},
								"up": {"uv": [0, 0], "uv_size": [0.06252, 0]},
								"down": {"uv": [0, 0], "uv_size": [0.06252, 0]}
							}
						},
						{
							"origin": [-2.01687, 3.48945, -2.17956],
							"size": [0.12831, 1.79634, 0],
							"pivot": [-1.37532, 1.82142, -1.92294],
							"rotation": [0, 0, 22.5],
							"uv": {
								"north": {"uv": [25, 38], "uv_size": [0.06252, 0.68752]},
								"east": {"uv": [0, 0], "uv_size": [0, 0.68752]},
								"south": {"uv": [38, 25], "uv_size": [0.06252, 0.68752]},
								"west": {"uv": [0, 0], "uv_size": [0, 0.68752]},
								"up": {"uv": [0, 0], "uv_size": [0.06252, 0]},
								"down": {"uv": [0, 0], "uv_size": [0.06252, 0]}
							}
						}
					]
				}
			]
		}
	]
}