{
	"format_version": "1.12.0",
	"minecraft:geometry": [
		{
			"description": {
				"identifier": "geometry.devotion",
				"texture_width": 32,
				"texture_height": 32,
				"visible_bounds_width": 5,
				"visible_bounds_height": 2.5,
				"visible_bounds_offset": [0, 0.75, 0]
			},
			"bones": [
				{
					"name": "group",
					"pivot": [0, 0.22609, -3.55095],
					"cubes": [
						{
							"origin": [-0.67, 2.54, -3.7],
							"size": [1.34, 0.15, 1.1],
							"uv": {
								"north": {"uv": [6, 12], "uv_size": [1, 1]},
								"east": {"uv": [22, 4], "uv_size": [1, 1]},
								"south": {"uv": [22, 15], "uv_size": [1, 1]},
								"west": {"uv": [6, 28], "uv_size": [1, 1]},
								"up": {"uv": [28, 8], "uv_size": [1, 1]},
								"down": {"uv": [10, 29], "uv_size": [1, -1]}
							}
						},
						{
							"origin": [-0.67, 0.69, -3.2],
							"size": [1.34, 1.9, 7.4],
							"uv": {
								"north": {"uv": [28, 0], "uv_size": [1, 2]},
								"east": {"uv": [9, 5], "uv_size": [7, 2]},
								"south": {"uv": [1, 28], "uv_size": [1, 2]},
								"west": {"uv": [7, 9], "uv_size": [7, 2]},
								"up": {"uv": [10, 16], "uv_size": [1, 7]},
								"down": {"uv": [11, 23], "uv_size": [1, -7]}
							}
						},
						{
							"origin": [-0.92, 1.94, 2.2],
							"size": [1.84, 0.5, 1.6],
							"uv": {
								"north": {"uv": [27, 20], "uv_size": [2, 1]},
								"east": {"uv": [27, 21], "uv_size": [2, 1]},
								"south": {"uv": [27, 22], "uv_size": [2, 1]},
								"west": {"uv": [27, 23], "uv_size": [2, 1]},
								"up": {"uv": [24, 9], "uv_size": [2, 2]},
								"down": {"uv": [18, 26], "uv_size": [2, -2]}
							}
						},
						{
							"origin": [-0.92, 0.94, 1.5],
							"size": [1.84, 0.15, 0.6],
							"uv": {
								"north": {"uv": [27, 14], "uv_size": [2, 1]},
								"east": {"uv": [20, 29], "uv_size": [1, 1]},
								"south": {"uv": [15, 27], "uv_size": [2, 1]},
								"west": {"uv": [29, 20], "uv_size": [1, 1]},
								"up": {"uv": [27, 19], "uv_size": [2, 1]},
								"down": {"uv": [20, 28], "uv_size": [2, -1]}
							}
						},
						{
							"origin": [-0.92, 1.54, 0.45],
							"size": [1.84, 0.35, 0.1],
							"uv": {
								"north": {"uv": [28, 5], "uv_size": [2, 1]},
								"east": {"uv": [13, 30], "uv_size": [1, 1]},
								"south": {"uv": [28, 6], "uv_size": [2, 1]},
								"west": {"uv": [30, 13], "uv_size": [1, 1]},
								"up": {"uv": [28, 7], "uv_size": [2, 1]},
								"down": {"uv": [8, 29], "uv_size": [2, -1]}
							}
						},
						{
							"origin": [-0.42, 2.59, -2.6],
							"size": [0.84, 0.3, 6.8],
							"uv": {
								"east": {"uv": [15, 7], "uv_size": [7, 1]},
								"south": {"uv": [29, 18], "uv_size": [1, 1]},
								"west": {"uv": [15, 8], "uv_size": [7, 1]},
								"up": {"uv": [15, 15], "uv_size": [1, 7]}
							}
						},
						{
							"origin": [-0.57, 1.54, -15.3],
							"size": [1.14, 1.1, 6.4],
							"uv": {
								"north": {"uv": [7, 29], "uv_size": [1, 1]},
								"east": {"uv": [18, 9], "uv_size": [6, 1]},
								"west": {"uv": [18, 10], "uv_size": [6, 1]},
								"up": {"uv": [19, 18], "uv_size": [1, 6]}
							}
						},
						{
							"origin": [-0.42, 0.34, -15.95],
							"size": [0.84, 1.9, 0.65],
							"uv": {
								"north": {"uv": [27, 24], "uv_size": [1, 2]},
								"east": {"uv": [27, 26], "uv_size": [1, 2]},
								"west": {"uv": [0, 28], "uv_size": [1, 2]},
								"up": {"uv": [29, 22], "uv_size": [1, 1]},
								"down": {"uv": [23, 30], "uv_size": [1, -1]}
							}
						},
						{
							"origin": [-0.67, -0.26, -15.3],
							"size": [1.34, 1.8, 8.55],
							"uv": {
								"north": {"uv": [2, 27], "uv_size": [1, 2]},
								"east": {"uv": [0, 5], "uv_size": [9, 2]},
								"west": {"uv": [0, 7], "uv_size": [9, 2]},
								"up": {"uv": [2, 12], "uv_size": [1, 9]},
								"down": {"uv": [3, 21], "uv_size": [1, -9]}
							}
						},
						{
							"origin": [-0.57, -0.46, -15.3],
							"size": [1.14, 0.2, 8.55],
							"uv": {
								"north": {"uv": [29, 21], "uv_size": [1, 1]},
								"east": {"uv": [13, 4], "uv_size": [9, 1]},
								"south": {"uv": [22, 29], "uv_size": [1, 1]},
								"west": {"uv": [6, 13], "uv_size": [9, 1]},
								"down": {"uv": [6, 23], "uv_size": [1, -9]}
							}
						},
						{
							"origin": [-0.42, -0.46, -15.3],
							"size": [0.84, -0.2, 6.55],
							"uv": {
								"north": {"uv": [19, 29], "uv_size": [1, 1]},
								"east": {"uv": [15, 13], "uv_size": [7, 1]},
								"south": {"uv": [29, 19], "uv_size": [1, 1]},
								"west": {"uv": [16, 5], "uv_size": [7, 1]},
								"up": {"uv": [9, 16], "uv_size": [1, 7]}
							}
						},
						{
							"origin": [-0.47, -1.41, -13.75],
							"size": [0.94, 0.85, 1.4],
							"uv": {
								"north": {"uv": [30, 6], "uv_size": [1, 1]},
								"east": {"uv": [7, 30], "uv_size": [1, 1]},
								"south": {"uv": [30, 7], "uv_size": [1, 1]},
								"west": {"uv": [8, 30], "uv_size": [1, 1]},
								"up": {"uv": [30, 8], "uv_size": [1, 1]},
								"down": {"uv": [9, 31], "uv_size": [1, -1]}
							}
						},
						{
							"origin": [-0.42, 2.64, -15.3],
							"size": [0.84, 0.2, 6.4],
							"uv": {
								"north": {"uv": [18, 29], "uv_size": [1, 1]},
								"east": {"uv": [20, 14], "uv_size": [6, 1]},
								"west": {"uv": [21, 11], "uv_size": [6, 1]},
								"up": {"uv": [5, 21], "uv_size": [1, 6]}
							}
						},
						{
							"origin": [-0.67, -0.41, -6.75],
							"size": [1.34, 2.3, 6.4],
							"uv": {
								"north": {"uv": [26, 22], "uv_size": [1, 2]},
								"east": {"uv": [9, 7], "uv_size": [6, 2]},
								"west": {"uv": [7, 11], "uv_size": [6, 2]},
								"up": {"uv": [20, 18], "uv_size": [1, 6]},
								"down": {"uv": [2, 27], "uv_size": [1, -6]}
							}
						},
						{
							"origin": [-0.57, 0.49, -0.9],
							"size": [1.14, 0.2, 4.5],
							"uv": {
								"east": {"uv": [23, 19], "uv_size": [4, 1]},
								"south": {"uv": [3, 29], "uv_size": [1, 1]},
								"west": {"uv": [23, 20], "uv_size": [4, 1]},
								"down": {"uv": [24, 8], "uv_size": [1, -4]}
							}
						},
						{
							"origin": [-0.22, -0.39684, 0.92824],
							"size": [0.44, 1, 0.3],
							"pivot": [0, -0.34684, 0.97824],
							"rotation": [-3, 0, 0],
							"uv": {
								"north": {"uv": [9, 29], "uv_size": [1, 1]},
								"east": {"uv": [29, 9], "uv_size": [1, 1]},
								"south": {"uv": [10, 29], "uv_size": [1, 1]},
								"west": {"uv": [29, 10], "uv_size": [1, 1]},
								"down": {"uv": [11, 30], "uv_size": [1, -1]}
							}
						},
						{
							"origin": [-0.67, -0.69776, -0.60746],
							"size": [1.34, 1.5, 0.4],
							"pivot": [-0.3, -0.29776, -0.30746],
							"rotation": [-13, 0, 0],
							"uv": {
								"east": {"uv": [23, 26], "uv_size": [1, 2]},
								"south": {"uv": [26, 24], "uv_size": [1, 2]},
								"west": {"uv": [26, 26], "uv_size": [1, 2]},
								"down": {"uv": [29, 9], "uv_size": [1, -1]}
							}
						},
						{
							"origin": [-0.37, -0.71, -0.3],
							"size": [0.74, 0.1, 2.5],
							"uv": {
								"east": {"uv": [26, 15], "uv_size": [2, 1]},
								"west": {"uv": [26, 16], "uv_size": [2, 1]},
								"up": {"uv": [18, 26], "uv_size": [1, 2]},
								"down": {"uv": [19, 28], "uv_size": [1, -2]}
							}
						},
						{
							"origin": [-0.47, 1.41, 4.2],
							"size": [0.94, 0.95, 7.9],
							"uv": {
								"east": {"uv": [13, 11], "uv_size": [8, 1]},
								"west": {"uv": [13, 12], "uv_size": [8, 1]},
								"down": {"uv": [8, 22], "uv_size": [1, -8]}
							}
						},
						{
							"origin": [-0.27, 1.61, 4.2],
							"size": [0.54, 1.1, 8.9],
							"uv": {
								"east": {"uv": [13, 2], "uv_size": [9, 1]},
								"west": {"uv": [13, 3], "uv_size": [9, 1]},
								"up": {"uv": [5, 12], "uv_size": [1, 9]}
							}
						},
						{
							"origin": [-0.27, 2.34258, 12.88141],
							"size": [0.54, 0.2, 0.4],
							"pivot": [0, 2.44258, 13.13141],
							"rotation": [-61.5, 0, 0],
							"uv": {
								"east": {"uv": [30, 14], "uv_size": [1, 1]},
								"west": {"uv": [15, 30], "uv_size": [1, 1]},
								"up": {"uv": [30, 15], "uv_size": [1, 1]}
							}
						},
						{
							"origin": [-0.25123, 2.44968, 4.2],
							"size": [0.39, 0.2, 8.9],
							"pivot": [-0.00623, 2.14968, 8.65],
							"rotation": [0, 0, 50],
							"uv": {
								"south": {"uv": [21, 29], "uv_size": [1, 1]},
								"up": {"uv": [4, 12], "uv_size": [1, 9]}
							}
						},
						{
							"origin": [-0.13877, 2.44968, 4.2],
							"size": [0.39, 0.2, 8.9],
							"pivot": [0.00623, 2.14968, 8.65],
							"rotation": [0, 0, -50],
							"uv": {
								"south": {"uv": [14, 30], "uv_size": [1, 1]},
								"up": {"uv": [7, 14], "uv_size": [1, 9]}
							}
						},
						{
							"origin": [-0.47, 0.91, 5.5],
							"size": [0.94, 0.5, 6.6],
							"uv": {
								"north": {"uv": [2, 29], "uv_size": [1, 1]},
								"east": {"uv": [20, 14], "uv_size": [-7, 1]},
								"west": {"uv": [13, 14], "uv_size": [7, 1]},
								"up": {"uv": [13, 15], "uv_size": [1, 7]},
								"down": {"uv": [14, 22], "uv_size": [1, -7]}
							}
						},
						{
							"origin": [-0.47, -2.47, 12.07],
							"size": [0.94, 4.83, 1.22],
							"uv": {
								"north": {"uv": [15, 22], "uv_size": [1, 5]},
								"east": {"uv": [16, 22], "uv_size": [1, 5]},
								"south": {"uv": [21, 22], "uv_size": [1, 5]},
								"west": {"uv": [22, 22], "uv_size": [1, 5]},
								"up": {"uv": [12, 28], "uv_size": [1, 1]},
								"down": {"uv": [13, 29], "uv_size": [1, -1]}
							}
						},
						{
							"origin": [-0.47, -0.89255, 6.24461],
							"size": [0.94, 0.6, 6.5],
							"pivot": [0, -0.54255, 9.74461],
							"rotation": [-33, 0, 0],
							"uv": {
								"east": {"uv": [16, 6], "uv_size": [6, 1]},
								"west": {"uv": [16, 15], "uv_size": [6, 1]},
								"up": {"uv": [12, 16], "uv_size": [1, 6]},
								"down": {"uv": [16, 22], "uv_size": [1, -6]}
							}
						},
						{
							"origin": [-0.67, -1.03, -5.46],
							"size": [1.34, 0.62, 2.3],
							"uv": {
								"east": {"uv": [26, 4], "uv_size": [2, 1]},
								"west": {"uv": [26, 5], "uv_size": [2, 1]},
								"down": {"uv": [22, 8], "uv_size": [1, -2]}
							}
						},
						{
							"origin": [-0.37, -3.09804, 2.77762],
							"size": [0.74, 3, 1.25],
							"pivot": [0, -1.72804, 3.34762],
							"rotation": [32.5, 0, 0],
							"uv": {
								"north": {"uv": [20, 24], "uv_size": [1, 3]},
								"east": {"uv": [24, 22], "uv_size": [1, 3]},
								"south": {"uv": [0, 25], "uv_size": [1, 3]},
								"west": {"uv": [1, 25], "uv_size": [1, 3]},
								"down": {"uv": [14, 29], "uv_size": [1, -1]}
							}
						},
						{
							"origin": [-0.37, -0.62747, 2.02423],
							"size": [0.74, 1.4, 1.1],
							"pivot": [0, -0.17747, 2.54923],
							"rotation": [3, 0, 0],
							"uv": {
								"north": {"uv": [29, 3], "uv_size": [1, 1]},
								"east": {"uv": [4, 29], "uv_size": [1, 1]},
								"south": {"uv": [29, 4], "uv_size": [1, 1]},
								"west": {"uv": [6, 29], "uv_size": [1, 1]}
							}
						},
						{
							"origin": [1.72, -2.35, -0.17],
							"size": [0.4, 3.65, 0.15],
							"uv": {
								"north": {"uv": [23, 4], "uv_size": [1, 4]},
								"east": {"uv": [6, 23], "uv_size": [1, 4]},
								"south": {"uv": [7, 23], "uv_size": [1, 4]},
								"west": {"uv": [9, 23], "uv_size": [1, 4]},
								"up": {"uv": [15, 28], "uv_size": [1, 1]}
							}
						},
						{
							"origin": [-1.61617, 3.78528, -7.91],
							"size": [0.35, 0.35, 3.35],
							"pivot": [-1.44117, 3.96028, -6.235],
							"rotation": [0, 0, 45],
							"uv": {
								"north": {"uv": [30, 9], "uv_size": [1, 1]},
								"east": {"uv": [25, 7], "uv_size": [3, 1]},
								"south": {"uv": [10, 30], "uv_size": [1, 1]},
								"west": {"uv": [25, 18], "uv_size": [3, 1]},
								"up": {"uv": [24, 25], "uv_size": [1, 3]},
								"down": {"uv": [25, 28], "uv_size": [1, -3]}
							}
						},
						{
							"origin": [1.73383, -2.51472, -0.51],
							"size": [0.35, 0.35, 0.5],
							"pivot": [1.90883, -2.33972, 1.165],
							"rotation": [0, 0, 45],
							"uv": {
								"east": {"uv": [30, 10], "uv_size": [1, 1]},
								"south": {"uv": [11, 30], "uv_size": [1, 1]},
								"west": {"uv": [30, 11], "uv_size": [1, 1]},
								"up": {"uv": [12, 30], "uv_size": [1, 1]},
								"down": {"uv": [30, 13], "uv_size": [1, -1]}
							}
						},
						{
							"origin": [1.72, -0.1, -2.67],
							"size": [0.4, 1.4, 0.15],
							"uv": {
								"north": {"uv": [29, 15], "uv_size": [1, 1]},
								"east": {"uv": [16, 29], "uv_size": [1, 1]},
								"south": {"uv": [29, 16], "uv_size": [1, 1]},
								"west": {"uv": [17, 29], "uv_size": [1, 1]},
								"up": {"uv": [29, 17], "uv_size": [1, 1]}
							}
						},
						{
							"origin": [-0.67, -3.19762, -4.35521],
							"size": [1.34, 3.6, 0.65],
							"pivot": [0, -3.19762, -3.94521],
							"rotation": [32.5, 0, 0],
							"uv": {
								"north": {"uv": [10, 23], "uv_size": [1, 4]},
								"east": {"uv": [11, 23], "uv_size": [1, 4]},
								"south": {"uv": [23, 15], "uv_size": [1, 4]},
								"west": {"uv": [23, 22], "uv_size": [1, 4]}
							}
						},
						{
							"origin": [-0.67, -3.41791, -3.191],
							"size": [1.34, 3, 0.4],
							"uv": {
								"north": {"uv": [25, 4], "uv_size": [1, 3]},
								"east": {"uv": [25, 15], "uv_size": [1, 3]},
								"west": {"uv": [25, 22], "uv_size": [1, 3]},
								"down": {"uv": [8, 30], "uv_size": [1, -1]}
							}
						},
						{
							"origin": [-0.67, -3.41791, -4.291],
							"size": [1.34, 0.35, 1.15],
							"uv": {
								"east": {"uv": [28, 15], "uv_size": [1, 1]},
								"west": {"uv": [16, 28], "uv_size": [1, 1]},
								"up": {"uv": [28, 16], "uv_size": [1, 1]},
								"down": {"uv": [17, 29], "uv_size": [1, -1]}
							}
						},
						{
							"origin": [-1.905, -4.73, -2.8],
							"size": [3.81, 4.92, 2.35],
							"uv": {
								"north": {"uv": [0, 0], "uv_size": [4, 5]},
								"south": {"uv": [4, 0], "uv_size": [4, 5]},
								"up": {"uv": [9, 14], "uv_size": [4, 2]},
								"down": {"uv": [14, 11], "uv_size": [4, -2]}
							}
						},
						{
							"origin": [-2.605, -3.83, -2.8],
							"size": [5.21, 3.27, 2.34],
							"uv": {
								"north": {"uv": [8, 2], "uv_size": [5, 3]},
								"east": {"uv": [3, 21], "uv_size": [2, 3]},
								"south": {"uv": [2, 9], "uv_size": [5, 3]},
								"west": {"uv": [21, 18], "uv_size": [2, 3]}
							}
						},
						{
							"origin": [2.20171, -3.29014, -2.8],
							"size": [0.61, 1.13, 2.35],
							"pivot": [0.20671, -2.65514, -1.625],
							"rotation": [0, 0, 37],
							"uv": {
								"north": {"uv": [29, 11], "uv_size": [1, 1]},
								"east": {"uv": [26, 17], "uv_size": [2, 1]},
								"south": {"uv": [12, 29], "uv_size": [1, 1]},
								"west": {"uv": [5, 27], "uv_size": [2, 1]}
							}
						},
						{
							"origin": [-2.36981, -0.89293, -2.8],
							"size": [0.51, 1.03, 2.35],
							"pivot": [-2.06481, -0.42793, -1.625],
							"rotation": [0, 0, 43],
							"uv": {
								"north": {"uv": [29, 12], "uv_size": [1, 1]},
								"east": {"uv": [9, 27], "uv_size": [2, 1]},
								"south": {"uv": [13, 29], "uv_size": [1, 1]},
								"west": {"uv": [27, 9], "uv_size": [2, 1]}
							}
						},
						{
							"origin": [-2.81171, -3.29014, -2.8],
							"size": [0.61, 1.13, 2.35],
							"pivot": [-0.20671, -2.65514, -1.625],
							"rotation": [0, 0, -37],
							"uv": {
								"north": {"uv": [29, 14], "uv_size": [1, 1]},
								"east": {"uv": [27, 12], "uv_size": [2, 1]},
								"south": {"uv": [15, 29], "uv_size": [1, 1]},
								"west": {"uv": [27, 13], "uv_size": [2, 1]}
							}
						},
						{
							"origin": [1.85981, -0.89293, -2.8],
							"size": [0.51, 1.03, 2.35],
							"pivot": [2.06481, -0.42793, -1.625],
							"rotation": [0, 0, -43],
							"uv": {
								"north": {"uv": [29, 13], "uv_size": [1, 1]},
								"east": {"uv": [27, 10], "uv_size": [2, 1]},
								"south": {"uv": [14, 29], "uv_size": [1, 1]},
								"west": {"uv": [27, 11], "uv_size": [2, 1]}
							}
						},
						{
							"origin": [-0.42, 2.65, -8.91],
							"size": [0.84, 0.36, 6.35],
							"uv": {
								"north": {"uv": [28, 17], "uv_size": [1, 1]},
								"east": {"uv": [17, 16], "uv_size": [6, 1]},
								"south": {"uv": [18, 28], "uv_size": [1, 1]},
								"west": {"uv": [17, 17], "uv_size": [6, 1]},
								"up": {"uv": [17, 18], "uv_size": [1, 6]},
								"down": {"uv": [18, 24], "uv_size": [1, -6]}
							}
						},
						{
							"origin": [-0.67, 1.5, -8.91],
							"size": [1.34, 1.21, 4],
							"uv": {
								"east": {"uv": [24, 0], "uv_size": [4, 1]},
								"west": {"uv": [24, 1], "uv_size": [4, 1]},
								"up": {"uv": [24, 15], "uv_size": [1, 4]},
								"down": {"uv": [17, 28], "uv_size": [1, -4]}
							}
						},
						{
							"origin": [-1.70617, 2.48528, -8.31],
							"size": [1.24, 0.1, 0.35],
							"pivot": [-0.93617, 2.54028, -8.135],
							"rotation": [0, 0, 48],
							"uv": {
								"north": {"uv": [27, 29], "uv_size": [1, 1]},
								"east": {"uv": [29, 27], "uv_size": [1, 1]},
								"south": {"uv": [28, 29], "uv_size": [1, 1]},
								"west": {"uv": [29, 28], "uv_size": [1, 1]},
								"up": {"uv": [29, 29], "uv_size": [1, 1]},
								"down": {"uv": [0, 31], "uv_size": [1, -1]}
							}
						},
						{
							"origin": [-1.61617, 2.98528, -8.01],
							"size": [0.35, 1.1, 0.1],
							"uv": {
								"north": {"uv": [30, 0], "uv_size": [1, 1]},
								"east": {"uv": [1, 30], "uv_size": [1, 1]},
								"south": {"uv": [30, 1], "uv_size": [1, 1]},
								"west": {"uv": [2, 30], "uv_size": [1, 1]},
								"up": {"uv": [30, 2], "uv_size": [1, 1]},
								"down": {"uv": [3, 31], "uv_size": [1, -1]}
							}
						},
						{
							"origin": [1.73383, 1.08528, -2.51],
							"size": [0.35, 0.35, 2.35],
							"pivot": [1.90883, 1.26028, -0.835],
							"rotation": [0, 0, 45],
							"uv": {
								"north": {"uv": [30, 3], "uv_size": [1, 1]},
								"east": {"uv": [28, 2], "uv_size": [2, 1]},
								"south": {"uv": [4, 30], "uv_size": [1, 1]},
								"west": {"uv": [3, 28], "uv_size": [2, 1]},
								"up": {"uv": [28, 3], "uv_size": [1, 2]},
								"down": {"uv": [5, 30], "uv_size": [1, -2]}
							}
						},
						{
							"origin": [-0.67, 0.48474, -9.66605],
							"size": [1.34, 1.71, 0.9],
							"pivot": [0, 1.53974, -8.66605],
							"rotation": [-45, 0, 0],
							"uv": {
								"north": {"uv": [7, 27], "uv_size": [1, 2]},
								"east": {"uv": [11, 27], "uv_size": [1, 2]},
								"west": {"uv": [22, 27], "uv_size": [1, 2]}
							}
						},
						{
							"origin": [-0.67, 1.69291, -5.43631],
							"size": [1.34, 1.11, 0.6],
							"pivot": [0, 2.64791, -4.73631],
							"rotation": [37.5, 0, 0],
							"uv": {
								"east": {"uv": [29, 23], "uv_size": [1, 1]},
								"south": {"uv": [24, 29], "uv_size": [1, 1]},
								"west": {"uv": [29, 24], "uv_size": [1, 1]}
							}
						},
						{
							"origin": [-0.67, 2.08816, -3.75029],
							"size": [1.34, 0.91, 0.2],
							"pivot": [0, 2.84316, -3.05029],
							"rotation": [37.5, 0, 0],
							"uv": {
								"north": {"uv": [25, 29], "uv_size": [1, 1]},
								"east": {"uv": [29, 25], "uv_size": [1, 1]},
								"south": {"uv": [26, 29], "uv_size": [1, 1]},
								"west": {"uv": [29, 26], "uv_size": [1, 1]}
							}
						},
						{
							"origin": [-0.52, 2.7, -0.55],
							"size": [1.04, 0.674, 2.25],
							"uv": {
								"north": {"uv": [28, 18], "uv_size": [1, 1]},
								"east": {"uv": [26, 6], "uv_size": [2, 1]},
								"south": {"uv": [19, 28], "uv_size": [1, 1]},
								"west": {"uv": [26, 8], "uv_size": [2, 1]},
								"up": {"uv": [26, 9], "uv_size": [1, 2]},
								"down": {"uv": [26, 15], "uv_size": [1, -2]}
							}
						},
						{
							"origin": [0.52, 2.95, -0.55],
							"size": [0.064, 1.354, 0.544],
							"uv": {
								"north": {"uv": [20, 28], "uv_size": [1, 1]},
								"east": {"uv": [21, 28], "uv_size": [1, 1]},
								"south": {"uv": [23, 28], "uv_size": [1, 1]},
								"west": {"uv": [24, 28], "uv_size": [1, 1]},
								"up": {"uv": [28, 24], "uv_size": [1, 1]},
								"down": {"uv": [25, 29], "uv_size": [1, -1]}
							}
						},
						{
							"origin": [-0.584, 2.95, -0.55],
							"size": [0.064, 1.354, 0.544],
							"uv": {
								"north": {"uv": [28, 25], "uv_size": [1, 1]},
								"east": {"uv": [26, 28], "uv_size": [1, 1]},
								"south": {"uv": [28, 26], "uv_size": [1, 1]},
								"west": {"uv": [27, 28], "uv_size": [1, 1]},
								"up": {"uv": [28, 27], "uv_size": [1, 1]},
								"down": {"uv": [28, 29], "uv_size": [1, -1]}
							}
						},
						{
							"origin": [-0.26, 1.375, -19.61],
							"size": [0.52, 0.52, 16.46],
							"pivot": [0, 1.635, -19.1695],
							"rotation": [0, 0, 45],
							"uv": {
								"east": {"uv": [8, 0], "uv_size": [16, 1]},
								"west": {"uv": [8, 1], "uv_size": [16, 1]},
								"up": {"uv": [0, 9], "uv_size": [1, 16]},
								"down": {"uv": [1, 25], "uv_size": [1, -16]}
							}
						},
						{
							"origin": [-0.365, 1.27, -23.658],
							"size": [0.73, 0.73, 4.198],
							"pivot": [0, 1.635, -19.2195],
							"rotation": [0, 0, 45],
							"uv": {
								"north": {"uv": [29, 0], "uv_size": [1, 1]},
								"east": {"uv": [22, 8], "uv_size": [4, 1]},
								"south": {"uv": [29, 1], "uv_size": [1, 1]},
								"west": {"uv": [22, 13], "uv_size": [4, 1]},
								"up": {"uv": [3, 24], "uv_size": [1, 4]},
								"down": {"uv": [4, 28], "uv_size": [1, -4]}
							}
						},
						{
							"origin": [0.46617, -1.51472, -19.71],
							"size": [0.35, 0.35, 6],
							"pivot": [0.54117, -1.23972, -18.035],
							"rotation": [0, 0, -45],
							"uv": {
								"north": {"uv": [30, 5], "uv_size": [1, 1]},
								"east": {"uv": [22, 2], "uv_size": [6, 1]},
								"south": {"uv": [6, 30], "uv_size": [1, 1]},
								"west": {"uv": [22, 3], "uv_size": [6, 1]},
								"up": {"uv": [13, 22], "uv_size": [1, 6]},
								"down": {"uv": [14, 28], "uv_size": [1, -6]}
							}
						},
						{
							"origin": [-0.81617, -1.51472, -19.71],
							"size": [0.35, 0.35, 6],
							"pivot": [-0.54117, -1.23972, -18.035],
							"rotation": [0, 0, 45],
							"uv": {
								"north": {"uv": [31, 5], "uv_size": [-1, 1]},
								"east": {"uv": [28, 3], "uv_size": [-6, 1]},
								"south": {"uv": [7, 30], "uv_size": [-1, 1]},
								"west": {"uv": [28, 2], "uv_size": [-6, 1]},
								"up": {"uv": [14, 22], "uv_size": [-1, 6]},
								"down": {"uv": [15, 28], "uv_size": [-1, -6]}
							}
						}
					]
				}
			]
		}
	]
}