{
	"format_version": "1.12.0",
	"minecraft:geometry": [
		{
			"description": {
				"identifier": "geometry.hk_416",
				"texture_width": 64,
				"texture_height": 64,
				"visible_bounds_width": 4,
				"visible_bounds_height": 2,
				"visible_bounds_offset": [0, 0, 0]
			},
			"bones": [
				{
					"name": "bone",
					"pivot": [0, 1.25, -4.2],
					"cubes": [
						{
							"origin": [-0.7496, -0.416, -4.2],
							"size": [1.4992, 1.4988, 7.9964],
							"uv": {
								"north": {"uv": [27, 24], "uv_size": [1.5, 1.5]},
								"east": {"uv": [3, 17], "uv_size": [8, 1.5]},
								"west": {"uv": [18, 13], "uv_size": [8, 1.5]},
								"down": {"uv": [11, 26], "uv_size": [1.5, -8]}
							}
						},
						{
							"origin": [-0.7346, 4.75035, 6.07013],
							"size": [1.4692, 1.8988, 1.2464],
							"pivot": [0.005, 6.41635, -0.67987],
							"rotation": [-45, 0, 0],
							"uv": {
								"east": {"uv": [13, 27], "uv_size": [1, 2]},
								"south": {"uv": [19, 26], "uv_size": [1.5, 2]},
								"west": {"uv": [2, 28], "uv_size": [1, 2]}
							}
						},
						{
							"origin": [-0.7496, 0.9168, 4.1464],
							"size": [1.4992, 1.416, 10.9796],
							"uv": {
								"north": {"uv": [25, 27], "uv_size": [1.5, 1.5]},
								"east": {"uv": [0, 13], "uv_size": [11, 1.5]},
								"west": {"uv": [0, 15], "uv_size": [11, 1.5]},
								"down": {"uv": [15, 11], "uv_size": [1.5, -11]}
							}
						},
						{
							"origin": [-0.71316, -3.05036, 15.126],
							"size": [1.46276, 5.38316, 0.916],
							"uv": {
								"north": {"uv": [6, 19], "uv_size": [1.5, 5.5]},
								"east": {"uv": [2, 22], "uv_size": [1, 5.5]},
								"south": {"uv": [8, 19], "uv_size": [1.5, 5.5]},
								"west": {"uv": [15, 22], "uv_size": [1, 5.5]},
								"down": {"uv": [29, 1], "uv_size": [1.5, -1]}
							}
						},
						{
							"origin": [0.28353, 2.1322, 15.126],
							"size": [0.36276, 0.55, 0.916],
							"pivot": [0.4558, 2.3572, 12.6101],
							"rotation": [0, 0, -45],
							"uv": {
								"south": {"uv": [30, 10], "uv_size": [0.5, 0.5]},
								"west": {"uv": [0, 30], "uv_size": [1, 0.5]}
							}
						},
						{
							"origin": [0.24709, 2.1322, 4.1464],
							"size": [0.3992, 0.55, 10.9796],
							"pivot": [0.4558, 2.3572, 12.6101],
							"rotation": [0, 0, -45],
							"uv": {
								"west": {"uv": [16, 22], "uv_size": [11, 0.5]}
							}
						},
						{
							"origin": [-0.08727, 2.30622, 15.126],
							"size": [0.41276, 0.72, 0.916],
							"pivot": [0.135, 2.53122, 12.6101],
							"rotation": [0, 0, -90],
							"uv": {
								"south": {"uv": [30, 13], "uv_size": [0.5, 0.5]},
								"west": {"uv": [2, 30], "uv_size": [1, 0.5]}
							}
						},
						{
							"origin": [-0.07371, 2.30622, 4.1464],
							"size": [0.3992, 0.72, 10.9796],
							"pivot": [0.135, 2.53122, 12.6101],
							"rotation": [0, 0, -90],
							"uv": {
								"west": {"uv": [16, 23], "uv_size": [11, 0.5]}
							}
						},
						{
							"origin": [-2.16842, 2.30705, 15.126],
							"size": [0.36276, 0.55, 0.916],
							"pivot": [-1.42793, 0.60726, 12.6101],
							"rotation": [0, 0, 45],
							"uv": {
								"east": {"uv": [1, 30], "uv_size": [1, 0.5]},
								"south": {"uv": [13, 30], "uv_size": [0.5, 0.5]}
							}
						},
						{
							"origin": [-2.16842, 2.30705, 4.1464],
							"size": [0.3992, 0.55, 10.9796],
							"pivot": [-1.42793, 0.60726, 12.6101],
							"rotation": [0, 0, 45],
							"uv": {
								"east": {"uv": [22, 21], "uv_size": [11, 0.5]}
							}
						},
						{
							"origin": [-0.4496, -0.0824, 7.462],
							"size": [0.8992, 0.9992, 7.664],
							"uv": {
								"north": {"uv": [29, 3], "uv_size": [1, 1]},
								"east": {"uv": [21, 15], "uv_size": [7.5, 1]},
								"south": {"uv": [29, 4], "uv_size": [1, 1]},
								"west": {"uv": [21, 16], "uv_size": [7.5, 1]},
								"down": {"uv": [10, 26.5], "uv_size": [1, -7.5]}
							}
						},
						{
							"origin": [-0.3496, -0.7642, 11.30915],
							"size": [0.6992, 0.7824, 5.9472],
							"pivot": [0, 2.068, 11.92515],
							"rotation": [-30, 0, 0],
							"uv": {
								"east": {"uv": [21, 17], "uv_size": [6, 1]},
								"west": {"uv": [21, 18], "uv_size": [6, 1]},
								"up": {"uv": [7, 25], "uv_size": [0.5, 6]},
								"down": {"uv": [8, 31], "uv_size": [0.5, -6]}
							}
						},
						{
							"origin": [-0.7496, -2.082, -4.2],
							"size": [1.4992, 1.666, 3.332],
							"uv": {
								"north": {"uv": [27, 27], "uv_size": [1.5, 1.5]},
								"east": {"uv": [16, 24], "uv_size": [3.5, 1.5]},
								"south": {"uv": [0, 28], "uv_size": [1.5, 1.5]},
								"west": {"uv": [20, 24], "uv_size": [3.5, 1.5]},
								"down": {"uv": [3, 26.5], "uv_size": [1.5, -3.5]}
							}
						},
						{
							"origin": [-0.7496, -2.082, 1.5476],
							"size": [1.4992, 1.666, 2.1824],
							"uv": {
								"north": {"uv": [15, 28], "uv_size": [1.5, 1.5]},
								"east": {"uv": [25, 24], "uv_size": [2, 1.5]},
								"south": {"uv": [17, 28], "uv_size": [1.5, 1.5]},
								"west": {"uv": [0, 26], "uv_size": [2, 1.5]}
							}
						},
						{
							"origin": [-0.1246, -1.64961, 0.46746],
							"size": [0.2492, 1.3148, 0.3324],
							"pivot": [0.625, -1.36721, 0.88366],
							"rotation": [-22.5, 0, 0],
							"uv": {
								"north": {"uv": [20, 29], "uv_size": [0.5, 1.5]},
								"east": {"uv": [21, 29], "uv_size": [0.5, 1.5]},
								"south": {"uv": [22, 29], "uv_size": [0.5, 1.5]},
								"west": {"uv": [24, 29], "uv_size": [0.5, 1.5]},
								"down": {"uv": [10, 30.5], "uv_size": [0.5, -0.5]}
							}
						},
						{
							"origin": [-0.7496, -5.44961, 2.21746],
							"size": [1.4992, 3.9648, 2.3324],
							"pivot": [0, -3.46721, 3.38366],
							"rotation": [22.5, 0, 0],
							"uv": {
								"north": {"uv": [0, 22], "uv_size": [1.5, 4]},
								"east": {"uv": [18, 15], "uv_size": [2.5, 4]},
								"south": {"uv": [13, 22], "uv_size": [1.5, 4]},
								"west": {"uv": [3, 19], "uv_size": [2.5, 4]},
								"down": {"uv": [13, 20.5], "uv_size": [1.5, -2.5]}
							}
						},
						{
							"origin": [-0.3996, -2.082, -0.868],
							"size": [0.7992, 0.1832, 2.6656],
							"uv": {
								"east": {"uv": [29, 1], "uv_size": [2.5, 0.5]},
								"west": {"uv": [29, 2], "uv_size": [2.5, 0.5]},
								"up": {"uv": [4, 27], "uv_size": [1, 2.5]},
								"down": {"uv": [10, 29.5], "uv_size": [1, -2.5]}
							}
						},
						{
							"origin": [-0.48304, -8.16405, -4.27122],
							"size": [0.96608, 4.6648, 2.9988],
							"pivot": [0, -4.49885, -1.93882],
							"rotation": [-17.5, 0, 0],
							"uv": {
								"north": {"uv": [11, 13], "uv_size": [1, 4.5]},
								"east": {"uv": [15, 11], "uv_size": [3, 4.5]},
								"south": {"uv": [5, 23], "uv_size": [1, 4.5]},
								"west": {"uv": [15, 16], "uv_size": [3, 4.5]},
								"down": {"uv": [9, 28], "uv_size": [1, -3]}
							}
						},
						{
							"origin": [-0.48304, -3.74591, -4.00148],
							"size": [0.96608, 4.6648, 2.9988],
							"uv": {
								"north": {"uv": [24, 24], "uv_size": [1, 4.5]},
								"east": {"uv": [0, 17], "uv_size": [3, 4.5]},
								"south": {"uv": [6, 25], "uv_size": [1, 4.5]},
								"west": {"uv": [17, 0], "uv_size": [3, 4.5]}
							}
						},
						{
							"origin": [-0.31144, 1.43856, -21.33411],
							"size": [0.62288, 0.62288, 4.76406],
							"pivot": [0, 1.75, -19.82708],
							"rotation": [0, 0, 45],
							"uv": {
								"east": {"uv": [27, 17], "uv_size": [5, 0.5]},
								"west": {"uv": [27, 18], "uv_size": [5, 0.5]},
								"up": {"uv": [11, 27], "uv_size": [0.5, 5]},
								"down": {"uv": [12, 32], "uv_size": [0.5, -5]}
							}
						},
						{
							"origin": [-0.3893, 1.3607, -24.13411],
							"size": [0.7786, 0.7786, 2.8],
							"pivot": [0, 1.75, -22.08411],
							"rotation": [0, 0, 45],
							"uv": {
								"north": {"uv": [29, 16], "uv_size": [1, 1]},
								"east": {"uv": [21, 26], "uv_size": [3, 1]},
								"south": {"uv": [19, 29], "uv_size": [1, 1]},
								"west": {"uv": [25, 26], "uv_size": [3, 1]},
								"up": {"uv": [14, 26], "uv_size": [1, 3]},
								"down": {"uv": [3, 30], "uv_size": [1, -3]}
							}
						},
						{
							"origin": [-1.2853, 1.2643, -17.01806],
							"size": [2.5706, 0.9956, 12.9112],
							"uv": {
								"north": {"uv": [16, 27], "uv_size": [2.5, 1]},
								"east": {"uv": [17, 5], "uv_size": [13, 1]},
								"south": {"uv": [27, 19], "uv_size": [2.5, 1]},
								"west": {"uv": [17, 6], "uv_size": [13, 1]},
								"up": {"uv": [6, 0], "uv_size": [2.5, 13]},
								"down": {"uv": [9, 13], "uv_size": [2.5, -13]}
							}
						},
						{
							"origin": [-1.0353, 1.3343, -4.10686],
							"size": [2.0706, 0.8556, 8.25],
							"uv": {
								"east": {"uv": [20, 1], "uv_size": [8.5, 1]},
								"south": {"uv": [19, 28], "uv_size": [2, 1]},
								"west": {"uv": [20, 2], "uv_size": [8.5, 1]}
							}
						},
						{
							"origin": [-1.0353, 1.3343, -4.10686],
							"size": [2.0706, 0.8556, 8.25],
							"pivot": [0, 1.7621, 0.01814],
							"rotation": [0, 0, -45],
							"uv": {
								"east": {"uv": [20, 3], "uv_size": [8.5, 1]},
								"south": {"uv": [21, 28], "uv_size": [2, 1]},
								"west": {"uv": [20, 4], "uv_size": [8.5, 1]}
							}
						},
						{
							"origin": [-1.0353, 1.3343, -4.10686],
							"size": [2.0706, 0.8556, 8.25],
							"pivot": [0, 1.7621, 0.01814],
							"rotation": [0, 0, 45],
							"uv": {
								"east": {"uv": [18, 20], "uv_size": [8.5, 1]},
								"south": {"uv": [28, 26], "uv_size": [2, 1]},
								"west": {"uv": [13, 21], "uv_size": [8.5, 1]}
							}
						},
						{
							"origin": [-1.13584, 1.20526, -17.01806],
							"size": [2.2956, 0.8956, 12.9112],
							"pivot": [-0.12554, 1.70306, -10.56246],
							"rotation": [0, 0, -45],
							"uv": {
								"north": {"uv": [27, 20], "uv_size": [2.5, 1]},
								"east": {"uv": [17, 9], "uv_size": [13, 1]},
								"south": {"uv": [21, 27], "uv_size": [2.5, 1]},
								"west": {"uv": [17, 10], "uv_size": [13, 1]}
							}
						},
						{
							"origin": [-1.15976, 1.20526, -17.01806],
							"size": [2.2956, 0.8956, 12.9112],
							"pivot": [0.12554, 1.70306, -10.56246],
							"rotation": [0, 0, 45],
							"uv": {
								"north": {"uv": [27, 22], "uv_size": [2.5, 1]},
								"east": {"uv": [18, 11], "uv_size": [13, 1]},
								"south": {"uv": [27, 23], "uv_size": [2.5, 1]},
								"west": {"uv": [18, 12], "uv_size": [13, 1]}
							}
						},
						{
							"origin": [-1.5353, 1.2643, -17.01806],
							"size": [3.0706, 0.9956, 12.9112],
							"pivot": [0, 1.7621, -10.56246],
							"rotation": [0, 0, -90],
							"uv": {
								"north": {"uv": [11, 26], "uv_size": [3, 1]},
								"east": {"uv": [17, 7], "uv_size": [13, 1]},
								"south": {"uv": [26, 13], "uv_size": [3, 1]},
								"west": {"uv": [17, 8], "uv_size": [13, 1]},
								"up": {"uv": [0, 0], "uv_size": [3, 13]},
								"down": {"uv": [3, 13], "uv_size": [3, -13]}
							}
						},
						{
							"origin": [-1.5353, 1.2643, -4.10686],
							"size": [3.0706, 0.9956, 8.25],
							"pivot": [0, 1.7621, -10.56246],
							"rotation": [0, 0, -90],
							"uv": {
								"north": {"uv": [26, 14], "uv_size": [3, 1]},
								"east": {"uv": [18, 19], "uv_size": [8.5, 1]},
								"south": {"uv": [16, 26], "uv_size": [3, 1]},
								"west": {"uv": [20, 0], "uv_size": [8.5, 1]},
								"up": {"uv": [12, 0], "uv_size": [3, 8.5]},
								"down": {"uv": [12, 17.5], "uv_size": [3, -8.5]}
							}
						},
						{
							"origin": [-0.6164, 3.0164, -16.81064],
							"size": [1.2328, 0.5656, 0.7828],
							"uv": {
								"north": {"uv": [29, 25], "uv_size": [1, 0.5]},
								"east": {"uv": [27, 29], "uv_size": [1, 0.5]},
								"south": {"uv": [29, 27], "uv_size": [1, 0.5]},
								"west": {"uv": [28, 29], "uv_size": [1, 0.5]},
								"up": {"uv": [13, 29], "uv_size": [1, 1]},
								"down": {"uv": [29, 14], "uv_size": [1, -1]}
							}
						},
						{
							"origin": [-0.5164, 0.9164, -17.61064],
							"size": [1.0328, 1.9156, 0.5828],
							"uv": {
								"north": {"uv": [5, 28], "uv_size": [1, 2]},
								"east": {"uv": [14, 29], "uv_size": [0.5, 2]},
								"west": {"uv": [29, 14], "uv_size": [0.5, 2]},
								"up": {"uv": [9, 30], "uv_size": [1, 0.5]},
								"down": {"uv": [30, 9.5], "uv_size": [1, -0.5]}
							}
						},
						{
							"origin": [-0.3664, 3.582, -16.71064],
							"size": [0.7328, 0.95, 0.4828],
							"uv": {
								"north": {"uv": [3, 30], "uv_size": [0.5, 1]},
								"east": {"uv": [30, 3], "uv_size": [0.5, 1]},
								"south": {"uv": [4, 30], "uv_size": [0.5, 1]},
								"west": {"uv": [30, 4], "uv_size": [0.5, 1]},
								"up": {"uv": [30, 14], "uv_size": [0.5, 0.5]}
							}
						},
						{
							"origin": [-0.5832, 3.0664, 1.29672],
							"size": [1.1664, 0.7156, 1.51648],
							"uv": {
								"north": {"uv": [29, 28], "uv_size": [1, 0.5]},
								"east": {"uv": [29, 24], "uv_size": [1.5, 0.5]},
								"south": {"uv": [29, 29], "uv_size": [1, 0.5]},
								"west": {"uv": [25, 29], "uv_size": [1.5, 0.5]},
								"up": {"uv": [9, 28], "uv_size": [1, 1.5]},
								"down": {"uv": [23, 29.5], "uv_size": [1, -1.5]}
							}
						},
						{
							"origin": [-0.3582, 3.77791, 1.29353],
							"size": [0.7164, 0.4656, 0.66648],
							"pivot": [-0.075, 4.23571, 2.00177],
							"rotation": [7.5, 0, 0],
							"uv": {
								"north": {"uv": [15, 30], "uv_size": [0.5, 0.5]},
								"east": {"uv": [30, 15], "uv_size": [0.5, 0.5]},
								"south": {"uv": [16, 30], "uv_size": [0.5, 0.5]},
								"west": {"uv": [30, 16], "uv_size": [0.5, 0.5]},
								"up": {"uv": [17, 30], "uv_size": [0.5, 0.5]}
							}
						},
						{
							"origin": [0.4668, 3.782, 1.99672],
							"size": [0.1164, 0.4656, 0.81648],
							"uv": {
								"north": {"uv": [18, 30], "uv_size": [0.5, 0.5]},
								"east": {"uv": [5, 30], "uv_size": [1, 0.5]},
								"south": {"uv": [19, 30], "uv_size": [0.5, 0.5]},
								"west": {"uv": [30, 5], "uv_size": [1, 0.5]},
								"up": {"uv": [6, 30], "uv_size": [0.5, 1]}
							}
						},
						{
							"origin": [-0.5832, 3.782, 1.99672],
							"size": [0.1164, 0.4656, 0.81648],
							"uv": {
								"north": {"uv": [30, 19], "uv_size": [0.5, 0.5]},
								"east": {"uv": [30, 6], "uv_size": [1, 0.5]},
								"south": {"uv": [30, 20], "uv_size": [0.5, 0.5]},
								"west": {"uv": [30, 7], "uv_size": [1, 0.5]},
								"up": {"uv": [30, 8], "uv_size": [0.5, 1]}
							}
						}
					]
				}
			],
			"item_display_transforms": {
				"thirdperson_righthand": {
					"translation": [-0.75, 0.25, -0.25],
					"scale": [0.6, 0.6, 0.6]
				},
				"thirdperson_lefthand": {
					"scale": [0, 0, 0]
				},
				"ground": {
					"translation": [0, 3.75, 2.75],
					"scale": [0.65, 0.65, 0.65]
				},
				"head": {
					"translation": [0, 12.5, 0.5]
				},
				"fixed": {
					"rotation": [0, -90, 0],
					"translation": [-2, 1, 0],
					"scale": [1.25, 1.25, 1.25]
				}
			}
		}
	]
}