{
	"format_version": "1.12.0",
	"minecraft:geometry": [
		{
			"description": {
				"identifier": "geometry.unknown",
				"texture_width": 64,
				"texture_height": 64,
				"visible_bounds_width": 4,
				"visible_bounds_height": 3,
				"visible_bounds_offset": [0, 0.5, 0]
			},
			"bones": [
				{
					"name": "homemade_shotgun",
					"pivot": [0.58374, 4.13052, 1.94],
					"cubes": [
						{
							"origin": [-1.2965, 3.74088, -3.24616],
							"size": [2.59308, 0.12965, 8.81647],
							"uv": {
								"north": {"uv": [6, 24], "uv_size": [2.5, 0.5]},
								"east": {"uv": [9, 7], "uv_size": [9, 0.5]},
								"south": {"uv": [9, 24], "uv_size": [2.5, 0.5]},
								"west": {"uv": [8, 9], "uv_size": [9, 0.5]},
								"up": {"uv": [6, 0], "uv_size": [2.5, 9]}
							}
						},
						{
							"origin": [-1.2965, 3.09261, -3.24616],
							"size": [2.59308, 0.64827, 10.11301],
							"uv": {
								"north": {"uv": [12, 24], "uv_size": [2.5, 0.5]},
								"east": {"uv": [9, 2], "uv_size": [10, 0.5]},
								"south": {"uv": [15, 24], "uv_size": [2.5, 0.5]},
								"west": {"uv": [9, 3], "uv_size": [10, 0.5]},
								"up": {"uv": [0, 0], "uv_size": [2.5, 10]},
								"down": {"uv": [3, 10], "uv_size": [2.5, -10]}
							}
						},
						{
							"origin": [0.73441, 4.37903, 5.66755],
							"size": [0.11648, 0.11648, 0.39504],
							"uv": {
								"east": {"uv": [30, 22], "uv_size": [0.5, 0.5]},
								"south": {"uv": [23, 30], "uv_size": [0.5, 0.5]},
								"west": {"uv": [30, 23], "uv_size": [0.5, 0.5]},
								"up": {"uv": [24, 30], "uv_size": [0.5, 0.5]},
								"down": {"uv": [30, 24.5], "uv_size": [0.5, -0.5]}
							}
						},
						{
							"origin": [-0.18082, 4.37903, 6.10283],
							"size": [1.04838, 0.11648, 0.11649],
							"pivot": [0.67004, 4.43727, 6.16108],
							"rotation": [0, 45, 0],
							"uv": {
								"north": {"uv": [28, 7], "uv_size": [1, 0.5]},
								"east": {"uv": [25, 30], "uv_size": [0.5, 0.5]},
								"south": {"uv": [8, 28], "uv_size": [1, 0.5]},
								"up": {"uv": [28, 8], "uv_size": [1, 0.5]},
								"down": {"uv": [28, 9.5], "uv_size": [1, -0.5]}
							}
						},
						{
							"origin": [-1.96513, 3.73297, 6.93876],
							"size": [0.78907, 0.11648, 0.11648],
							"pivot": [-1.37358, 3.79122, 6.34873],
							"rotation": [0, 45, 0],
							"uv": {
								"north": {"uv": [10, 28], "uv_size": [1, 0.5]},
								"east": {"uv": [30, 25], "uv_size": [0.5, 0.5]},
								"south": {"uv": [11, 28], "uv_size": [1, 0.5]},
								"west": {"uv": [26, 30], "uv_size": [0.5, 0.5]},
								"up": {"uv": [28, 11], "uv_size": [1, 0.5]},
								"down": {"uv": [12, 28.5], "uv_size": [1, -0.5]}
							}
						},
						{
							"origin": [-0.90147, 4.30787, 6.68742],
							"size": [1.04838, 0.11648, 0.11648],
							"pivot": [-0.05062, 4.36611, 6.74566],
							"rotation": [0, 0, -22.5],
							"uv": {
								"north": {"uv": [28, 12], "uv_size": [1, 0.5]},
								"south": {"uv": [13, 28], "uv_size": [1, 0.5]},
								"west": {"uv": [30, 26], "uv_size": [0.5, 0.5]},
								"up": {"uv": [28, 13], "uv_size": [1, 0.5]},
								"down": {"uv": [14, 28.5], "uv_size": [1, -0.5]}
							}
						},
						{
							"origin": [-1.34418, 3.98669, 6.68742],
							"size": [0.52977, 0.11648, 0.11648],
							"uv": {
								"north": {"uv": [27, 30], "uv_size": [0.5, 0.5]},
								"south": {"uv": [30, 27], "uv_size": [0.5, 0.5]},
								"up": {"uv": [28, 30], "uv_size": [0.5, 0.5]},
								"down": {"uv": [30, 28.5], "uv_size": [0.5, -0.5]}
							}
						},
						{
							"origin": [-1.7749, 3.98669, 6.56481],
							"size": [0.52977, 0.11648, 0.11648],
							"pivot": [-1.44266, 4.04494, 6.62305],
							"rotation": [0, -45, 0],
							"uv": {
								"north": {"uv": [29, 30], "uv_size": [0.5, 0.5]},
								"east": {"uv": [30, 29], "uv_size": [0.5, 0.5]},
								"south": {"uv": [30, 30], "uv_size": [0.5, 0.5]},
								"up": {"uv": [0, 31], "uv_size": [0.5, 0.5]},
								"down": {"uv": [31, 0.5], "uv_size": [0.5, -0.5]}
							}
						},
						{
							"origin": [-1.71877, 3.82997, 5.13829],
							"size": [0.11649, 0.11648, 1.30769],
							"pivot": [-1.66052, 3.88821, 6.24845],
							"rotation": [45, 0, 0],
							"uv": {
								"north": {"uv": [1, 31], "uv_size": [0.5, 0.5]},
								"east": {"uv": [5, 27], "uv_size": [1.5, 0.5]},
								"south": {"uv": [31, 1], "uv_size": [0.5, 0.5]},
								"west": {"uv": [7, 27], "uv_size": [1.5, 0.5]},
								"up": {"uv": [27, 7], "uv_size": [0.5, 1.5]},
								"down": {"uv": [9, 28.5], "uv_size": [0.5, -1.5]}
							}
						},
						{
							"origin": [-1.64762, 3.06203, 4.7529],
							"size": [0.11649, 0.11648, 0.78906],
							"pivot": [-1.58937, 3.12027, 5.34444],
							"rotation": [0, -22.5, 0],
							"uv": {
								"north": {"uv": [2, 31], "uv_size": [0.5, 0.5]},
								"east": {"uv": [28, 14], "uv_size": [1, 0.5]},
								"south": {"uv": [31, 2], "uv_size": [0.5, 0.5]},
								"west": {"uv": [15, 28], "uv_size": [1, 0.5]},
								"up": {"uv": [16, 28], "uv_size": [0.5, 1]},
								"down": {"uv": [17, 29], "uv_size": [0.5, -1]}
							}
						},
						{
							"origin": [-1.41681, 2.99087, 4.2832],
							"size": [0.11649, 0.11648, 0.52977],
							"pivot": [-1.35857, 3.04911, 4.61544],
							"rotation": [22.5, 0, 0],
							"uv": {
								"north": {"uv": [3, 31], "uv_size": [0.5, 0.5]},
								"east": {"uv": [31, 3], "uv_size": [0.5, 0.5]},
								"south": {"uv": [4, 31], "uv_size": [0.5, 0.5]},
								"west": {"uv": [31, 4], "uv_size": [0.5, 0.5]},
								"up": {"uv": [5, 31], "uv_size": [0.5, 0.5]},
								"down": {"uv": [31, 5.5], "uv_size": [0.5, -0.5]}
							}
						},
						{
							"origin": [-1.29241, 2.8593, 2.94864],
							"size": [0.11648, 0.11648, 1.43734],
							"pivot": [-1.23417, 2.91754, 4.18593],
							"rotation": [0, -45, 0],
							"uv": {
								"north": {"uv": [6, 31], "uv_size": [0.5, 0.5]},
								"east": {"uv": [10, 27], "uv_size": [1.5, 0.5]},
								"south": {"uv": [31, 6], "uv_size": [0.5, 0.5]},
								"west": {"uv": [27, 10], "uv_size": [1.5, 0.5]},
								"up": {"uv": [27, 11], "uv_size": [0.5, 1.5]},
								"down": {"uv": [27, 14.5], "uv_size": [0.5, -1.5]}
							}
						},
						{
							"origin": [-1.88341, 4.15798, 7.15011],
							"size": [0.52975, 0.11649, 0.11649],
							"pivot": [-0.25463, 4.21622, 7.20836],
							"rotation": [0, 0, -22.5],
							"uv": {
								"north": {"uv": [7, 31], "uv_size": [0.5, 0.5]},
								"east": {"uv": [31, 7], "uv_size": [0.5, 0.5]},
								"south": {"uv": [8, 31], "uv_size": [0.5, 0.5]},
								"west": {"uv": [31, 8], "uv_size": [0.5, 0.5]},
								"up": {"uv": [9, 31], "uv_size": [0.5, 0.5]},
								"down": {"uv": [31, 9.5], "uv_size": [0.5, -0.5]}
							}
						},
						{
							"origin": [-1.78172, 2.76441, 6.94576],
							"size": [0.11649, 0.91872, 0.11648],
							"pivot": [-1.72348, 3.41825, 7.004],
							"rotation": [-45, 0, 0],
							"uv": {
								"north": {"uv": [18, 28], "uv_size": [0.5, 1]},
								"east": {"uv": [19, 28], "uv_size": [0.5, 1]},
								"south": {"uv": [20, 28], "uv_size": [0.5, 1]},
								"west": {"uv": [21, 28], "uv_size": [0.5, 1]},
								"up": {"uv": [10, 31], "uv_size": [0.5, 0.5]}
							}
						},
						{
							"origin": [-1.78172, 2.91473, 5.92344],
							"size": [0.11649, 0.11648, 0.65941],
							"uv": {
								"east": {"uv": [31, 10], "uv_size": [0.5, 0.5]},
								"west": {"uv": [11, 31], "uv_size": [0.5, 0.5]},
								"up": {"uv": [31, 11], "uv_size": [0.5, 0.5]},
								"down": {"uv": [12, 31.5], "uv_size": [0.5, -0.5]}
							}
						},
						{
							"origin": [-1.78172, 2.8178, 5.56579],
							"size": [0.11649, 0.11648, 0.4001],
							"pivot": [-1.72348, 2.87604, 5.701],
							"rotation": [22.5, 0, 0],
							"uv": {
								"north": {"uv": [31, 12], "uv_size": [0.5, 0.5]},
								"east": {"uv": [13, 31], "uv_size": [0.5, 0.5]},
								"west": {"uv": [31, 13], "uv_size": [0.5, 0.5]},
								"up": {"uv": [14, 31], "uv_size": [0.5, 0.5]},
								"down": {"uv": [31, 14.5], "uv_size": [0.5, -0.5]}
							}
						},
						{
							"origin": [-1.61149, 2.77048, 5.18737],
							"size": [0.11649, 0.11649, 0.52977],
							"pivot": [-1.55323, 2.82873, 5.45225],
							"rotation": [0, -45, 0],
							"uv": {
								"east": {"uv": [15, 31], "uv_size": [0.5, 0.5]},
								"south": {"uv": [31, 15], "uv_size": [0.5, 0.5]},
								"west": {"uv": [16, 31], "uv_size": [0.5, 0.5]},
								"up": {"uv": [31, 16], "uv_size": [0.5, 0.5]},
								"down": {"uv": [17, 31.5], "uv_size": [0.5, -0.5]}
							}
						},
						{
							"origin": [-1.33544, 2.77048, 3.2184],
							"size": [0.11648, 0.11649, 2.08561],
							"pivot": [-1.2772, 2.82873, 5.03913],
							"rotation": [0, -22.5, 0],
							"uv": {
								"north": {"uv": [31, 17], "uv_size": [0.5, 0.5]},
								"east": {"uv": [25, 17], "uv_size": [2, 0.5]},
								"west": {"uv": [19, 25], "uv_size": [2, 0.5]},
								"up": {"uv": [25, 20], "uv_size": [0.5, 2]},
								"down": {"uv": [21, 27], "uv_size": [0.5, -2]}
							}
						},
						{
							"origin": [-0.85082, 4.37903, 5.66755],
							"size": [0.11648, 0.11648, 0.39504],
							"uv": {
								"east": {"uv": [18, 31], "uv_size": [0.5, 0.5]},
								"south": {"uv": [31, 18], "uv_size": [0.5, 0.5]},
								"west": {"uv": [19, 31], "uv_size": [0.5, 0.5]},
								"up": {"uv": [31, 19], "uv_size": [0.5, 0.5]},
								"down": {"uv": [20, 31.5], "uv_size": [0.5, -0.5]}
							}
						},
						{
							"origin": [-0.85082, 7.04818, 7.07379],
							"size": [0.11648, 0.11649, 0.91365],
							"pivot": [-0.07847, 7.05072, 3.34624],
							"rotation": [-45, 0, 0],
							"uv": {
								"east": {"uv": [22, 28], "uv_size": [1, 0.5]},
								"south": {"uv": [31, 20], "uv_size": [0.5, 0.5]},
								"west": {"uv": [23, 28], "uv_size": [1, 0.5]},
								"up": {"uv": [24, 28], "uv_size": [0.5, 1]},
								"down": {"uv": [25, 29], "uv_size": [0.5, -1]}
							}
						},
						{
							"origin": [-0.19444, 3.86406, -3.24616],
							"size": [0.38896, 1.08625, 7.77924],
							"uv": {
								"north": {"uv": [26, 28], "uv_size": [0.5, 1]},
								"east": {"uv": [9, 0], "uv_size": [8, 1]},
								"south": {"uv": [28, 27], "uv_size": [0.5, 1]},
								"west": {"uv": [9, 1], "uv_size": [8, 1]},
								"up": {"uv": [18, 17], "uv_size": [0.5, 8]}
							}
						},
						{
							"origin": [-0.71306, 0.82367, 4.85721],
							"size": [1.42619, 2.04914, 1.62067],
							"pivot": [0.00004, 2.12021, 5.34342],
							"rotation": [22.5, 0, 0],
							"uv": {
								"north": {"uv": [2, 10], "uv_size": [1.5, 2]},
								"east": {"uv": [4, 10], "uv_size": [1.5, 2]},
								"south": {"uv": [6, 19], "uv_size": [1.5, 2]},
								"west": {"uv": [8, 19], "uv_size": [1.5, 2]}
							}
						},
						{
							"origin": [-0.71306, -0.91244, 5.13737],
							"size": [1.42619, 2.26895, 1.75033],
							"uv": {
								"north": {"uv": [0, 19], "uv_size": [1.5, 2.5]},
								"east": {"uv": [9, 4], "uv_size": [2, 2.5]},
								"south": {"uv": [2, 19], "uv_size": [1.5, 2.5]},
								"west": {"uv": [6, 9], "uv_size": [2, 2.5]},
								"down": {"uv": [10, 21], "uv_size": [1.5, -2]}
							}
						},
						{
							"origin": [-0.97237, 2.45857, 4.16497],
							"size": [1.94481, 0.84275, 1.81516],
							"uv": {
								"north": {"uv": [19, 21], "uv_size": [2, 1]},
								"east": {"uv": [21, 19], "uv_size": [2, 1]},
								"south": {"uv": [21, 20], "uv_size": [2, 1]},
								"west": {"uv": [21, 21], "uv_size": [2, 1]},
								"down": {"uv": [0, 12], "uv_size": [2, -2]}
							}
						},
						{
							"origin": [-0.64823, 2.0696, 2.54429],
							"size": [1.29654, 1.23171, 1.81516],
							"uv": {
								"north": {"uv": [8, 23], "uv_size": [1.5, 1]},
								"east": {"uv": [0, 22], "uv_size": [2, 1]},
								"south": {"uv": [10, 23], "uv_size": [1.5, 1]},
								"west": {"uv": [2, 22], "uv_size": [2, 1]},
								"down": {"uv": [12, 21], "uv_size": [1.5, -2]}
							}
						},
						{
							"origin": [-0.64823, 2.39374, -2.27722],
							"size": [1.29654, 0.90758, 1.93164],
							"uv": {
								"north": {"uv": [12, 23], "uv_size": [1.5, 1]},
								"east": {"uv": [6, 22], "uv_size": [2, 1]},
								"south": {"uv": [14, 23], "uv_size": [1.5, 1]},
								"west": {"uv": [8, 22], "uv_size": [2, 1]},
								"down": {"uv": [14, 21], "uv_size": [1.5, -2]}
							}
						},
						{
							"origin": [-0.64823, 2.39374, -0.00827],
							"size": [1.29654, 0.90758, 1.93164],
							"uv": {
								"north": {"uv": [16, 23], "uv_size": [1.5, 1]},
								"east": {"uv": [10, 22], "uv_size": [2, 1]},
								"south": {"uv": [23, 17], "uv_size": [1.5, 1]},
								"west": {"uv": [12, 22], "uv_size": [2, 1]},
								"down": {"uv": [16, 21], "uv_size": [1.5, -2]}
							}
						},
						{
							"origin": [-0.12962, 1.74547, 2.93325],
							"size": [0.25931, 0.32413, 0.25931],
							"uv": {
								"north": {"uv": [21, 31], "uv_size": [0.5, 0.5]},
								"east": {"uv": [31, 21], "uv_size": [0.5, 0.5]},
								"south": {"uv": [22, 31], "uv_size": [0.5, 0.5]},
								"west": {"uv": [31, 22], "uv_size": [0.5, 0.5]},
								"down": {"uv": [23, 31.5], "uv_size": [0.5, -0.5]}
							}
						},
						{
							"origin": [-0.12962, 1.74547, 3.776],
							"size": [0.25931, 0.32413, 0.25931],
							"uv": {
								"north": {"uv": [31, 23], "uv_size": [0.5, 0.5]},
								"east": {"uv": [24, 31], "uv_size": [0.5, 0.5]},
								"south": {"uv": [31, 24], "uv_size": [0.5, 0.5]},
								"west": {"uv": [25, 31], "uv_size": [0.5, 0.5]},
								"down": {"uv": [31, 25.5], "uv_size": [0.5, -0.5]}
							}
						}
					]
				},
				{
					"name": "guan2",
					"parent": "homemade_shotgun",
					"pivot": [0.58374, 4.13052, 1.94],
					"cubes": [
						{
							"origin": [0.19269, 4.18524, -4.01144],
							"size": [0.12576, 0.46984, 8.692],
							"uv": {
								"north": {"uv": [26, 31], "uv_size": [0.5, 0.5]},
								"east": {"uv": [9, 8], "uv_size": [8.5, 0.5]},
								"west": {"uv": [8, 10], "uv_size": [8.5, 0.5]}
							}
						},
						{
							"origin": [0.19269, 4.18524, -4.01144],
							"size": [0.12576, 0.46984, 8.692],
							"pivot": [0.75984, 4.42016, 0.83373],
							"rotation": [0, 0, 45],
							"uv": {
								"north": {"uv": [31, 26], "uv_size": [0.5, 0.5]},
								"east": {"uv": [11, 4], "uv_size": [8.5, 0.5]},
								"west": {"uv": [11, 5], "uv_size": [8.5, 0.5]}
							}
						},
						{
							"origin": [0.19269, 4.18524, -4.01144],
							"size": [0.12576, 0.46984, 8.692],
							"pivot": [0.75984, 4.42016, 0.83373],
							"rotation": [0, 0, 135],
							"uv": {
								"north": {"uv": [27, 31], "uv_size": [0.5, 0.5]},
								"east": {"uv": [11, 6], "uv_size": [8.5, 0.5]},
								"west": {"uv": [8, 11], "uv_size": [8.5, 0.5]}
							}
						},
						{
							"origin": [0.19269, 4.18524, -4.01144],
							"size": [0.12576, 0.46984, 8.692],
							"pivot": [0.75984, 4.42016, 0.83373],
							"rotation": [0, 0, 90],
							"uv": {
								"north": {"uv": [31, 27], "uv_size": [0.5, 0.5]},
								"east": {"uv": [0, 12], "uv_size": [8.5, 0.5]},
								"west": {"uv": [9, 12], "uv_size": [8.5, 0.5]}
							}
						},
						{
							"origin": [0.19269, 4.18524, -4.01144],
							"size": [0.12576, 0.46984, 8.692],
							"pivot": [0.75984, 4.42016, 0.83373],
							"rotation": [0, 0, -180],
							"uv": {
								"north": {"uv": [28, 31], "uv_size": [0.5, 0.5]},
								"east": {"uv": [0, 13], "uv_size": [8.5, 0.5]},
								"west": {"uv": [9, 13], "uv_size": [8.5, 0.5]}
							}
						},
						{
							"origin": [0.19269, 4.18524, -4.01144],
							"size": [0.12576, 0.46984, 8.692],
							"pivot": [0.75984, 4.42016, 0.83373],
							"rotation": [0, 0, -135],
							"uv": {
								"north": {"uv": [31, 28], "uv_size": [0.5, 0.5]},
								"east": {"uv": [0, 14], "uv_size": [8.5, 0.5]},
								"west": {"uv": [9, 14], "uv_size": [8.5, 0.5]}
							}
						},
						{
							"origin": [0.19269, 4.18524, -4.01144],
							"size": [0.12576, 0.46984, 8.692],
							"pivot": [0.75984, 4.42016, 0.83373],
							"rotation": [0, 0, -45],
							"uv": {
								"north": {"uv": [29, 31], "uv_size": [0.5, 0.5]},
								"east": {"uv": [0, 15], "uv_size": [8.5, 0.5]},
								"west": {"uv": [9, 15], "uv_size": [8.5, 0.5]}
							}
						},
						{
							"origin": [0.19269, 4.18524, -4.01144],
							"size": [0.12576, 0.46984, 8.692],
							"pivot": [0.75984, 4.42016, 0.83373],
							"rotation": [0, 0, -90],
							"uv": {
								"north": {"uv": [31, 29], "uv_size": [0.5, 0.5]},
								"east": {"uv": [0, 16], "uv_size": [8.5, 0.5]},
								"west": {"uv": [9, 16], "uv_size": [8.5, 0.5]}
							}
						}
					]
				},
				{
					"name": "gai2",
					"parent": "guan2",
					"pivot": [0.54132, 1.82339, 1.84317],
					"cubes": [
						{
							"origin": [0.1407, 4.16101, 4.68197],
							"size": [1.25103, 0.51828, 0.99834],
							"uv": {
								"north": {"uv": [27, 15], "uv_size": [1.5, 0.5]},
								"east": {"uv": [28, 28], "uv_size": [1, 0.5]},
								"south": {"uv": [27, 16], "uv_size": [1.5, 0.5]},
								"west": {"uv": [29, 0], "uv_size": [1, 0.5]}
							}
						},
						{
							"origin": [0.1407, 4.16101, 4.68197],
							"size": [1.25103, 0.51828, 0.99834],
							"pivot": [0.76621, 4.42015, 5.18114],
							"rotation": [0, 0, -45],
							"uv": {
								"north": {"uv": [27, 17], "uv_size": [1.5, 0.5]},
								"east": {"uv": [29, 1], "uv_size": [1, 0.5]},
								"south": {"uv": [27, 18], "uv_size": [1.5, 0.5]},
								"west": {"uv": [2, 29], "uv_size": [1, 0.5]}
							}
						},
						{
							"origin": [0.1407, 4.16101, 4.68197],
							"size": [1.25103, 0.51828, 0.99834],
							"pivot": [0.76621, 4.42015, 5.18114],
							"rotation": [0, 0, -90],
							"uv": {
								"north": {"uv": [19, 27], "uv_size": [1.5, 0.5]},
								"east": {"uv": [3, 29], "uv_size": [1, 0.5]},
								"south": {"uv": [27, 19], "uv_size": [1.5, 0.5]},
								"west": {"uv": [4, 29], "uv_size": [1, 0.5]}
							}
						},
						{
							"origin": [0.1407, 4.16101, 4.68197],
							"size": [1.25103, 0.51828, 0.99834],
							"pivot": [0.76621, 4.42015, 5.18114],
							"rotation": [0, 0, -135],
							"uv": {
								"north": {"uv": [27, 20], "uv_size": [1.5, 0.5]},
								"east": {"uv": [5, 29], "uv_size": [1, 0.5]},
								"south": {"uv": [21, 27], "uv_size": [1.5, 0.5]},
								"west": {"uv": [6, 29], "uv_size": [1, 0.5]}
							}
						}
					]
				},
				{
					"name": "guan3",
					"parent": "homemade_shotgun",
					"pivot": [-1.03367, 4.13052, 1.94],
					"cubes": [
						{
							"origin": [-0.31838, 4.18524, -4.01144],
							"size": [0.12576, 0.46984, 8.692],
							"uv": {
								"north": {"uv": [30, 31], "uv_size": [0.5, 0.5]},
								"east": {"uv": [0, 17], "uv_size": [8.5, 0.5]},
								"west": {"uv": [17, 0], "uv_size": [8.5, 0.5]}
							}
						},
						{
							"origin": [-0.31838, 4.18524, -4.01144],
							"size": [0.12576, 0.46984, 8.692],
							"pivot": [-0.75977, 4.42016, 0.83373],
							"rotation": [0, 0, -45],
							"uv": {
								"north": {"uv": [31, 30], "uv_size": [0.5, 0.5]},
								"east": {"uv": [17, 1], "uv_size": [8.5, 0.5]},
								"west": {"uv": [9, 17], "uv_size": [8.5, 0.5]}
							}
						},
						{
							"origin": [-0.31838, 4.18524, -4.01144],
							"size": [0.12576, 0.46984, 8.692],
							"pivot": [-0.75977, 4.42016, 0.83373],
							"rotation": [0, 0, -135],
							"uv": {
								"north": {"uv": [31, 31], "uv_size": [0.5, 0.5]},
								"east": {"uv": [17, 9], "uv_size": [8.5, 0.5]},
								"west": {"uv": [17, 10], "uv_size": [8.5, 0.5]}
							}
						},
						{
							"origin": [-0.31838, 4.18524, -4.01144],
							"size": [0.12576, 0.46984, 8.692],
							"pivot": [-0.75977, 4.42016, 0.83373],
							"rotation": [0, 0, -90],
							"uv": {
								"north": {"uv": [0, 32], "uv_size": [0.5, 0.5]},
								"east": {"uv": [17, 11], "uv_size": [8.5, 0.5]},
								"west": {"uv": [0, 18], "uv_size": [8.5, 0.5]}
							}
						},
						{
							"origin": [-0.31838, 4.18524, -4.01144],
							"size": [0.12576, 0.46984, 8.692],
							"pivot": [-0.75977, 4.42016, 0.83373],
							"rotation": [0, 0, 180],
							"uv": {
								"north": {"uv": [32, 0], "uv_size": [0.5, 0.5]},
								"east": {"uv": [18, 7], "uv_size": [8.5, 0.5]},
								"west": {"uv": [18, 8], "uv_size": [8.5, 0.5]}
							}
						},
						{
							"origin": [-0.31838, 4.18524, -4.01144],
							"size": [0.12576, 0.46984, 8.692],
							"pivot": [-0.75977, 4.42016, 0.83373],
							"rotation": [0, 0, 135],
							"uv": {
								"north": {"uv": [1, 32], "uv_size": [0.5, 0.5]},
								"east": {"uv": [9, 18], "uv_size": [8.5, 0.5]},
								"west": {"uv": [18, 12], "uv_size": [8.5, 0.5]}
							}
						},
						{
							"origin": [-0.31838, 4.18524, -4.01144],
							"size": [0.12576, 0.46984, 8.692],
							"pivot": [-0.75977, 4.42016, 0.83373],
							"rotation": [0, 0, 45],
							"uv": {
								"north": {"uv": [32, 1], "uv_size": [0.5, 0.5]},
								"east": {"uv": [18, 13], "uv_size": [8.5, 0.5]},
								"west": {"uv": [18, 14], "uv_size": [8.5, 0.5]}
							}
						},
						{
							"origin": [-0.31838, 4.18524, -4.01144],
							"size": [0.12576, 0.46984, 8.692],
							"pivot": [-0.75977, 4.42016, 0.83373],
							"rotation": [0, 0, 90],
							"uv": {
								"north": {"uv": [2, 32], "uv_size": [0.5, 0.5]},
								"east": {"uv": [18, 15], "uv_size": [8.5, 0.5]},
								"west": {"uv": [18, 16], "uv_size": [8.5, 0.5]}
							}
						}
					]
				},
				{
					"name": "gai3",
					"parent": "guan3",
					"pivot": [-0.99124, 1.82339, 1.84317],
					"cubes": [
						{
							"origin": [-1.39166, 4.16101, 4.68197],
							"size": [1.25103, 0.51828, 0.99834],
							"uv": {
								"north": {"uv": [27, 21], "uv_size": [1.5, 0.5]},
								"east": {"uv": [7, 29], "uv_size": [1, 0.5]},
								"south": {"uv": [27, 22], "uv_size": [1.5, 0.5]},
								"west": {"uv": [29, 7], "uv_size": [1, 0.5]}
							}
						},
						{
							"origin": [-1.39166, 4.16101, 4.68197],
							"size": [1.25103, 0.51828, 0.99834],
							"pivot": [-0.76614, 4.42015, 5.18114],
							"rotation": [0, 0, 45],
							"uv": {
								"north": {"uv": [23, 27], "uv_size": [1.5, 0.5]},
								"east": {"uv": [8, 29], "uv_size": [1, 0.5]},
								"south": {"uv": [27, 23], "uv_size": [1.5, 0.5]},
								"west": {"uv": [29, 8], "uv_size": [1, 0.5]}
							}
						},
						{
							"origin": [-1.39166, 4.16101, 4.68197],
							"size": [1.25103, 0.51828, 0.99834],
							"pivot": [-0.76614, 4.42015, 5.18114],
							"rotation": [0, 0, 90],
							"uv": {
								"north": {"uv": [27, 24], "uv_size": [1.5, 0.5]},
								"east": {"uv": [9, 29], "uv_size": [1, 0.5]},
								"south": {"uv": [25, 27], "uv_size": [1.5, 0.5]},
								"west": {"uv": [29, 9], "uv_size": [1, 0.5]}
							}
						},
						{
							"origin": [-1.39166, 4.16101, 4.68197],
							"size": [1.25103, 0.51828, 0.99834],
							"pivot": [-0.76614, 4.42015, 5.18114],
							"rotation": [0, 0, 135],
							"uv": {
								"north": {"uv": [27, 25], "uv_size": [1.5, 0.5]},
								"east": {"uv": [10, 29], "uv_size": [1, 0.5]},
								"south": {"uv": [27, 26], "uv_size": [1.5, 0.5]},
								"west": {"uv": [29, 10], "uv_size": [1, 0.5]}
							}
						}
					]
				},
				{
					"name": "jiaodai2",
					"parent": "homemade_shotgun",
					"pivot": [-0.22496, 3.74088, 2.58827]
				},
				{
					"name": "group7",
					"parent": "jiaodai2",
					"pivot": [-0.20999, 4.1835, 2.32896],
					"cubes": [
						{
							"origin": [-1.3667, 3.04948, -3.18133],
							"size": [2.73347, 0.06483, 0.86706],
							"uv": {
								"north": {"uv": [24, 18], "uv_size": [2.5, 0.5]},
								"south": {"uv": [19, 24], "uv_size": [2.5, 0.5]},
								"up": {"uv": [20, 4], "uv_size": [2.5, 1]},
								"down": {"uv": [20, 6], "uv_size": [2.5, -1]}
							}
						},
						{
							"origin": [-1.3667, 3.04948, -0.17296],
							"size": [2.73347, 0.06483, 0.35045],
							"uv": {
								"north": {"uv": [24, 19], "uv_size": [2.5, 0.5]},
								"south": {"uv": [22, 24], "uv_size": [2.5, 0.5]},
								"up": {"uv": [0, 25], "uv_size": [2.5, 0.5]},
								"down": {"uv": [25, 4.5], "uv_size": [2.5, -0.5]}
							}
						},
						{
							"origin": [-1.3667, 3.04948, 2.3948],
							"size": [2.73347, 0.06483, 0.79621],
							"uv": {
								"north": {"uv": [25, 5], "uv_size": [2.5, 0.5]},
								"south": {"uv": [6, 25], "uv_size": [2.5, 0.5]},
								"up": {"uv": [20, 6], "uv_size": [2.5, 1]},
								"down": {"uv": [6, 22], "uv_size": [2.5, -1]}
							}
						},
						{
							"origin": [-1.3667, 3.04948, 3.2254],
							"size": [2.73347, 0.06483, 0.867],
							"uv": {
								"north": {"uv": [25, 6], "uv_size": [2.5, 0.5]},
								"south": {"uv": [9, 25], "uv_size": [2.5, 0.5]},
								"up": {"uv": [9, 21], "uv_size": [2.5, 1]},
								"down": {"uv": [12, 22], "uv_size": [2.5, -1]}
							}
						},
						{
							"origin": [-1.04949, 4.98031, -3.18133],
							"size": [2.09816, 0.06483, 0.86706],
							"uv": {
								"north": {"uv": [22, 25], "uv_size": [2, 0.5]},
								"south": {"uv": [25, 22], "uv_size": [2, 0.5]},
								"up": {"uv": [19, 22], "uv_size": [2, 1]},
								"down": {"uv": [21, 23], "uv_size": [2, -1]}
							}
						},
						{
							"origin": [-1.04905, 4.98031, -1.95063],
							"size": [2.09816, 0.06483, 1.20643],
							"uv": {
								"north": {"uv": [25, 23], "uv_size": [2, 0.5]},
								"south": {"uv": [24, 25], "uv_size": [2, 0.5]},
								"up": {"uv": [0, 23], "uv_size": [2, 1]},
								"down": {"uv": [2, 24], "uv_size": [2, -1]}
							}
						},
						{
							"origin": [-1.04861, 4.98031, -0.17293],
							"size": [2.09816, 0.06483, 0.35045],
							"uv": {
								"north": {"uv": [25, 24], "uv_size": [2, 0.5]},
								"south": {"uv": [0, 26], "uv_size": [2, 0.5]},
								"up": {"uv": [26, 0], "uv_size": [2, 0.5]},
								"down": {"uv": [26, 1.5], "uv_size": [2, -0.5]}
							}
						},
						{
							"origin": [-1.04905, 4.98031, 2.39475],
							"size": [2.09816, 0.06483, 0.79621],
							"uv": {
								"north": {"uv": [26, 2], "uv_size": [2, 0.5]},
								"south": {"uv": [26, 3], "uv_size": [2, 0.5]},
								"up": {"uv": [23, 4], "uv_size": [2, 1]},
								"down": {"uv": [23, 6], "uv_size": [2, -1]}
							}
						},
						{
							"origin": [-1.04905, 4.98031, 3.22547],
							"size": [2.09816, 0.06483, 0.867],
							"uv": {
								"north": {"uv": [4, 26], "uv_size": [2, 0.5]},
								"south": {"uv": [6, 26], "uv_size": [2, 0.5]},
								"up": {"uv": [6, 23], "uv_size": [2, 1]},
								"down": {"uv": [23, 7], "uv_size": [2, -1]}
							}
						},
						{
							"origin": [-1.04905, 4.98031, 0.18157],
							"size": [2.09816, 0.06483, 1.49504],
							"uv": {
								"north": {"uv": [8, 26], "uv_size": [2, 0.5]},
								"south": {"uv": [26, 9], "uv_size": [2, 0.5]},
								"up": {"uv": [19, 17], "uv_size": [2, 1.5]},
								"down": {"uv": [19, 20.5], "uv_size": [2, -1.5]}
							}
						},
						{
							"origin": [-1.40601, 4.15999, -3.18133],
							"size": [0.06483, 0.52774, 0.86706],
							"uv": {
								"north": {"uv": [32, 2], "uv_size": [0.5, 0.5]},
								"east": {"uv": [11, 29], "uv_size": [1, 0.5]},
								"south": {"uv": [3, 32], "uv_size": [0.5, 0.5]},
								"west": {"uv": [29, 11], "uv_size": [1, 0.5]}
							}
						},
						{
							"origin": [1.34125, 4.15999, -3.18133],
							"size": [0.06483, 0.52774, 0.86706],
							"uv": {
								"north": {"uv": [32, 3], "uv_size": [0.5, 0.5]},
								"east": {"uv": [12, 29], "uv_size": [1, 0.5]},
								"south": {"uv": [4, 32], "uv_size": [0.5, 0.5]},
								"west": {"uv": [29, 12], "uv_size": [1, 0.5]}
							}
						},
						{
							"origin": [-1.39682, 3.0501, -3.18133],
							"size": [0.06483, 1.11119, 0.86706],
							"pivot": [-1.36441, 3.89741, 0.45557],
							"rotation": [0, 0, -2],
							"uv": {
								"north": {"uv": [13, 29], "uv_size": [0.5, 1]},
								"east": {"uv": [14, 22], "uv_size": [1, 1]},
								"south": {"uv": [29, 13], "uv_size": [0.5, 1]},
								"west": {"uv": [2, 26], "uv_size": [1, 1]}
							}
						},
						{
							"origin": [1.33207, 3.0501, -3.18133],
							"size": [0.06483, 1.11119, 0.86706],
							"pivot": [1.36448, 3.89741, 0.45557],
							"rotation": [0, 0, 2],
							"uv": {
								"north": {"uv": [14, 29], "uv_size": [0.5, 1]},
								"east": {"uv": [10, 26], "uv_size": [1, 1]},
								"south": {"uv": [29, 14], "uv_size": [0.5, 1]},
								"west": {"uv": [26, 10], "uv_size": [1, 1]}
							}
						},
						{
							"origin": [-1.34636, 3.53523, -3.18133],
							"size": [0.06483, 0.50544, 0.86706],
							"pivot": [0.01501, 4.1835, 2.00483],
							"rotation": [0, 0, 45],
							"uv": {
								"north": {"uv": [32, 4], "uv_size": [0.5, 0.5]},
								"east": {"uv": [15, 29], "uv_size": [1, 0.5]},
								"south": {"uv": [5, 32], "uv_size": [0.5, 0.5]},
								"west": {"uv": [29, 15], "uv_size": [1, 0.5]}
							}
						},
						{
							"origin": [1.2816, 3.53523, -3.18133],
							"size": [0.06483, 0.50544, 0.86706],
							"pivot": [-0.01494, 4.1835, 2.00483],
							"rotation": [0, 0, -45],
							"uv": {
								"north": {"uv": [32, 5], "uv_size": [0.5, 0.5]},
								"east": {"uv": [16, 29], "uv_size": [1, 0.5]},
								"south": {"uv": [6, 32], "uv_size": [0.5, 0.5]},
								"west": {"uv": [29, 16], "uv_size": [1, 0.5]}
							}
						}
					]
				},
				{
					"name": "group8",
					"parent": "jiaodai2",
					"pivot": [-0.20999, 4.1835, 2.32896],
					"cubes": [
						{
							"origin": [-1.40601, 4.15999, 2.3948],
							"size": [0.06483, 0.52774, 0.79615],
							"uv": {
								"north": {"uv": [32, 6], "uv_size": [0.5, 0.5]},
								"east": {"uv": [17, 29], "uv_size": [1, 0.5]},
								"south": {"uv": [7, 32], "uv_size": [0.5, 0.5]},
								"west": {"uv": [29, 17], "uv_size": [1, 0.5]}
							}
						},
						{
							"origin": [1.34125, 4.15999, 2.3948],
							"size": [0.06483, 0.52774, 0.79615],
							"uv": {
								"north": {"uv": [32, 7], "uv_size": [0.5, 0.5]},
								"east": {"uv": [18, 29], "uv_size": [1, 0.5]},
								"south": {"uv": [8, 32], "uv_size": [0.5, 0.5]},
								"west": {"uv": [29, 18], "uv_size": [1, 0.5]}
							}
						},
						{
							"origin": [-1.39682, 3.0501, 2.3948],
							"size": [0.06483, 1.11119, 0.79615],
							"pivot": [-1.36441, 3.89741, 0.45557],
							"rotation": [0, 0, -2],
							"uv": {
								"north": {"uv": [19, 29], "uv_size": [0.5, 1]},
								"east": {"uv": [11, 26], "uv_size": [1, 1]},
								"south": {"uv": [29, 19], "uv_size": [0.5, 1]},
								"west": {"uv": [26, 11], "uv_size": [1, 1]}
							}
						},
						{
							"origin": [1.33207, 3.0501, 2.3948],
							"size": [0.06483, 1.11119, 0.79615],
							"pivot": [1.36448, 3.89741, 0.45557],
							"rotation": [0, 0, 2],
							"uv": {
								"north": {"uv": [20, 29], "uv_size": [0.5, 1]},
								"east": {"uv": [19, 26], "uv_size": [1, 1]},
								"south": {"uv": [29, 20], "uv_size": [0.5, 1]},
								"west": {"uv": [20, 26], "uv_size": [1, 1]}
							}
						},
						{
							"origin": [-1.34636, 3.53523, 2.3948],
							"size": [0.06483, 0.50544, 0.79615],
							"pivot": [0.01501, 4.1835, 7.33786],
							"rotation": [0, 0, 45],
							"uv": {
								"north": {"uv": [32, 8], "uv_size": [0.5, 0.5]},
								"east": {"uv": [21, 29], "uv_size": [1, 0.5]},
								"south": {"uv": [9, 32], "uv_size": [0.5, 0.5]},
								"west": {"uv": [29, 21], "uv_size": [1, 0.5]}
							}
						},
						{
							"origin": [1.2816, 3.53523, 2.3948],
							"size": [0.06483, 0.50544, 0.79615],
							"pivot": [-0.01494, 4.1835, 7.33786],
							"rotation": [0, 0, -45],
							"uv": {
								"north": {"uv": [32, 9], "uv_size": [0.5, 0.5]},
								"east": {"uv": [22, 29], "uv_size": [1, 0.5]},
								"south": {"uv": [10, 32], "uv_size": [0.5, 0.5]},
								"west": {"uv": [29, 22], "uv_size": [1, 0.5]}
							}
						}
					]
				},
				{
					"name": "group9",
					"parent": "jiaodai2",
					"pivot": [-0.20999, 4.1835, 2.32896],
					"cubes": [
						{
							"origin": [-1.40601, 4.15999, -0.17296],
							"size": [0.06483, 0.52774, 0.35048],
							"uv": {
								"north": {"uv": [32, 10], "uv_size": [0.5, 0.5]},
								"east": {"uv": [11, 32], "uv_size": [0.5, 0.5]},
								"south": {"uv": [32, 11], "uv_size": [0.5, 0.5]},
								"west": {"uv": [12, 32], "uv_size": [0.5, 0.5]}
							}
						},
						{
							"origin": [1.34125, 4.15999, -0.17296],
							"size": [0.06483, 0.52774, 0.35048],
							"uv": {
								"north": {"uv": [32, 12], "uv_size": [0.5, 0.5]},
								"east": {"uv": [13, 32], "uv_size": [0.5, 0.5]},
								"south": {"uv": [32, 13], "uv_size": [0.5, 0.5]},
								"west": {"uv": [14, 32], "uv_size": [0.5, 0.5]}
							}
						},
						{
							"origin": [-1.39682, 3.0501, -0.17296],
							"size": [0.06483, 1.11119, 0.35048],
							"pivot": [-1.36441, 3.89741, 0.45557],
							"rotation": [0, 0, -2],
							"uv": {
								"north": {"uv": [23, 29], "uv_size": [0.5, 1]},
								"east": {"uv": [29, 23], "uv_size": [0.5, 1]},
								"south": {"uv": [24, 29], "uv_size": [0.5, 1]},
								"west": {"uv": [29, 24], "uv_size": [0.5, 1]}
							}
						},
						{
							"origin": [1.33207, 3.0501, -0.17296],
							"size": [0.06483, 1.11119, 0.35048],
							"pivot": [1.36448, 3.89741, 0.45557],
							"rotation": [0, 0, 2],
							"uv": {
								"north": {"uv": [25, 29], "uv_size": [0.5, 1]},
								"east": {"uv": [29, 25], "uv_size": [0.5, 1]},
								"south": {"uv": [26, 29], "uv_size": [0.5, 1]},
								"west": {"uv": [29, 26], "uv_size": [0.5, 1]}
							}
						},
						{
							"origin": [-1.34636, 3.53523, -0.17296],
							"size": [0.06483, 0.50544, 0.35048],
							"pivot": [0.01501, 4.1835, 4.7701],
							"rotation": [0, 0, 45],
							"uv": {
								"north": {"uv": [32, 14], "uv_size": [0.5, 0.5]},
								"east": {"uv": [15, 32], "uv_size": [0.5, 0.5]},
								"south": {"uv": [32, 15], "uv_size": [0.5, 0.5]},
								"west": {"uv": [16, 32], "uv_size": [0.5, 0.5]}
							}
						},
						{
							"origin": [1.2816, 3.53523, -0.17296],
							"size": [0.06483, 0.50544, 0.35048],
							"pivot": [-0.01494, 4.1835, 4.7701],
							"rotation": [0, 0, -45],
							"uv": {
								"north": {"uv": [32, 16], "uv_size": [0.5, 0.5]},
								"east": {"uv": [17, 32], "uv_size": [0.5, 0.5]},
								"south": {"uv": [32, 17], "uv_size": [0.5, 0.5]},
								"west": {"uv": [18, 32], "uv_size": [0.5, 0.5]}
							}
						}
					]
				},
				{
					"name": "group10",
					"parent": "jiaodai2",
					"pivot": [-0.20999, 4.1835, 2.32896],
					"cubes": [
						{
							"origin": [-1.40601, 4.15999, 3.2254],
							"size": [0.06483, 0.52774, 0.86706],
							"uv": {
								"north": {"uv": [32, 18], "uv_size": [0.5, 0.5]},
								"east": {"uv": [27, 29], "uv_size": [1, 0.5]},
								"south": {"uv": [19, 32], "uv_size": [0.5, 0.5]},
								"west": {"uv": [29, 27], "uv_size": [1, 0.5]}
							}
						},
						{
							"origin": [1.34125, 4.15999, 3.2254],
							"size": [0.06483, 0.52774, 0.86706],
							"uv": {
								"north": {"uv": [32, 19], "uv_size": [0.5, 0.5]},
								"east": {"uv": [28, 29], "uv_size": [1, 0.5]},
								"south": {"uv": [20, 32], "uv_size": [0.5, 0.5]},
								"west": {"uv": [29, 28], "uv_size": [1, 0.5]}
							}
						},
						{
							"origin": [-1.39682, 3.0501, 3.2254],
							"size": [0.06483, 1.11119, 0.86706],
							"pivot": [-1.36441, 3.89741, 0.45557],
							"rotation": [0, 0, -2],
							"uv": {
								"north": {"uv": [29, 29], "uv_size": [0.5, 1]},
								"east": {"uv": [26, 20], "uv_size": [1, 1]},
								"south": {"uv": [0, 30], "uv_size": [0.5, 1]},
								"west": {"uv": [26, 21], "uv_size": [1, 1]}
							}
						},
						{
							"origin": [1.33207, 3.0501, 3.2254],
							"size": [0.06483, 1.11119, 0.86706],
							"pivot": [1.36448, 3.89741, 0.45557],
							"rotation": [0, 0, 2],
							"uv": {
								"north": {"uv": [30, 0], "uv_size": [0.5, 1]},
								"east": {"uv": [22, 26], "uv_size": [1, 1]},
								"south": {"uv": [1, 30], "uv_size": [0.5, 1]},
								"west": {"uv": [23, 26], "uv_size": [1, 1]}
							}
						},
						{
							"origin": [-1.34636, 3.53523, 3.2254],
							"size": [0.06483, 0.50544, 0.86706],
							"pivot": [0.01501, 4.1835, 8.41156],
							"rotation": [0, 0, 45],
							"uv": {
								"north": {"uv": [32, 20], "uv_size": [0.5, 0.5]},
								"east": {"uv": [30, 1], "uv_size": [1, 0.5]},
								"south": {"uv": [21, 32], "uv_size": [0.5, 0.5]},
								"west": {"uv": [2, 30], "uv_size": [1, 0.5]}
							}
						},
						{
							"origin": [1.2816, 3.53523, 3.2254],
							"size": [0.06483, 0.50544, 0.86706],
							"pivot": [-0.01494, 4.1835, 8.41156],
							"rotation": [0, 0, -45],
							"uv": {
								"north": {"uv": [32, 21], "uv_size": [0.5, 0.5]},
								"east": {"uv": [30, 2], "uv_size": [1, 0.5]},
								"south": {"uv": [22, 32], "uv_size": [0.5, 0.5]},
								"west": {"uv": [3, 30], "uv_size": [1, 0.5]}
							}
						}
					]
				},
				{
					"name": "group11",
					"parent": "jiaodai2",
					"pivot": [-0.20999, 4.1835, 2.32896],
					"cubes": [
						{
							"origin": [-1.62845, 3.07945, -1.95063],
							"size": [0.06483, 0.98962, 1.20639],
							"pivot": [-0.26708, 3.87459, 3.23553],
							"rotation": [0, 0, -45],
							"uv": {
								"north": {"uv": [30, 3], "uv_size": [0.5, 1]},
								"east": {"uv": [24, 26], "uv_size": [1, 1]},
								"south": {"uv": [4, 30], "uv_size": [0.5, 1]},
								"west": {"uv": [25, 26], "uv_size": [1, 1]}
							}
						},
						{
							"origin": [-1.83345, 2.57235, -1.95063],
							"size": [0.06483, 1.33321, 1.20639],
							"pivot": [-0.47209, 3.71108, 3.23553],
							"rotation": [0, 0, -90],
							"uv": {
								"north": {"uv": [27, 27], "uv_size": [0.5, 1.5]},
								"east": {"uv": [17, 21], "uv_size": [1, 1.5]},
								"south": {"uv": [0, 28], "uv_size": [0.5, 1.5]},
								"west": {"uv": [23, 18], "uv_size": [1, 1.5]}
							}
						},
						{
							"origin": [-1.83345, 2.57235, 0.18157],
							"size": [0.06483, 1.33321, 1.49504],
							"pivot": [-0.47209, 3.71108, 5.36773],
							"rotation": [0, 0, -90],
							"uv": {
								"north": {"uv": [28, 0], "uv_size": [0.5, 1.5]},
								"east": {"uv": [15, 21], "uv_size": [1.5, 1.5]},
								"south": {"uv": [1, 28], "uv_size": [0.5, 1.5]},
								"west": {"uv": [21, 17], "uv_size": [1.5, 1.5]}
							}
						},
						{
							"origin": [1.56369, 3.07945, -1.95063],
							"size": [0.06483, 0.98962, 1.20639],
							"pivot": [0.26715, 3.87459, 3.23553],
							"rotation": [0, 0, 45],
							"uv": {
								"north": {"uv": [30, 4], "uv_size": [0.5, 1]},
								"east": {"uv": [26, 25], "uv_size": [1, 1]},
								"south": {"uv": [5, 30], "uv_size": [0.5, 1]},
								"west": {"uv": [26, 26], "uv_size": [1, 1]}
							}
						},
						{
							"origin": [-1.40601, 4.15999, -1.95063],
							"size": [0.06483, 0.52774, 1.20639],
							"uv": {
								"north": {"uv": [32, 22], "uv_size": [0.5, 0.5]},
								"east": {"uv": [30, 5], "uv_size": [1, 0.5]},
								"south": {"uv": [23, 32], "uv_size": [0.5, 0.5]},
								"west": {"uv": [6, 30], "uv_size": [1, 0.5]}
							}
						},
						{
							"origin": [1.34125, 4.15999, -1.95063],
							"size": [0.06483, 0.52774, 1.20639],
							"uv": {
								"north": {"uv": [32, 23], "uv_size": [0.5, 0.5]},
								"east": {"uv": [30, 6], "uv_size": [1, 0.5]},
								"south": {"uv": [24, 32], "uv_size": [0.5, 0.5]},
								"west": {"uv": [7, 30], "uv_size": [1, 0.5]}
							}
						},
						{
							"origin": [-1.39682, 3.0501, -1.95063],
							"size": [0.06483, 1.11119, 1.20639],
							"pivot": [-1.36441, 3.89741, 0.45557],
							"rotation": [0, 0, -2],
							"uv": {
								"north": {"uv": [30, 7], "uv_size": [0.5, 1]},
								"east": {"uv": [0, 27], "uv_size": [1, 1]},
								"south": {"uv": [8, 30], "uv_size": [0.5, 1]},
								"west": {"uv": [1, 27], "uv_size": [1, 1]}
							}
						},
						{
							"origin": [1.33207, 3.0501, -1.95063],
							"size": [0.06483, 1.11119, 1.20639],
							"pivot": [1.36448, 3.89741, 0.45557],
							"rotation": [0, 0, 2],
							"uv": {
								"north": {"uv": [30, 8], "uv_size": [0.5, 1]},
								"east": {"uv": [2, 27], "uv_size": [1, 1]},
								"south": {"uv": [9, 30], "uv_size": [0.5, 1]},
								"west": {"uv": [4, 27], "uv_size": [1, 1]}
							}
						},
						{
							"origin": [-1.34636, 3.53523, -1.95063],
							"size": [0.06483, 0.50544, 1.20639],
							"pivot": [0.01501, 4.1835, 3.23553],
							"rotation": [0, 0, 45],
							"uv": {
								"north": {"uv": [32, 24], "uv_size": [0.5, 0.5]},
								"east": {"uv": [30, 9], "uv_size": [1, 0.5]},
								"south": {"uv": [25, 32], "uv_size": [0.5, 0.5]},
								"west": {"uv": [10, 30], "uv_size": [1, 0.5]}
							}
						},
						{
							"origin": [1.2816, 3.53523, -1.95063],
							"size": [0.06483, 0.50544, 1.20639],
							"pivot": [-0.01494, 4.1835, 3.23553],
							"rotation": [0, 0, -45],
							"uv": {
								"north": {"uv": [32, 25], "uv_size": [0.5, 0.5]},
								"east": {"uv": [30, 10], "uv_size": [1, 0.5]},
								"south": {"uv": [26, 32], "uv_size": [0.5, 0.5]},
								"west": {"uv": [11, 30], "uv_size": [1, 0.5]}
							}
						}
					]
				},
				{
					"name": "group12",
					"parent": "jiaodai2",
					"pivot": [-0.20999, 4.1835, 2.32896],
					"cubes": [
						{
							"origin": [-1.62845, 3.07945, 0.18157],
							"size": [0.06483, 0.98962, 1.49508],
							"pivot": [-0.26708, 3.87459, 5.36773],
							"rotation": [0, 0, -45],
							"uv": {
								"north": {"uv": [30, 11], "uv_size": [0.5, 1]},
								"east": {"uv": [19, 23], "uv_size": [1.5, 1]},
								"south": {"uv": [12, 30], "uv_size": [0.5, 1]},
								"west": {"uv": [23, 20], "uv_size": [1.5, 1]}
							}
						},
						{
							"origin": [1.56369, 3.07945, 0.18157],
							"size": [0.06483, 0.98962, 1.49508],
							"pivot": [0.26715, 3.87459, 5.36773],
							"rotation": [0, 0, 45],
							"uv": {
								"north": {"uv": [30, 12], "uv_size": [0.5, 1]},
								"east": {"uv": [21, 23], "uv_size": [1.5, 1]},
								"south": {"uv": [13, 30], "uv_size": [0.5, 1]},
								"west": {"uv": [23, 21], "uv_size": [1.5, 1]}
							}
						},
						{
							"origin": [-1.40601, 4.15999, 0.18157],
							"size": [0.06483, 0.52774, 1.49508],
							"uv": {
								"north": {"uv": [32, 26], "uv_size": [0.5, 0.5]},
								"east": {"uv": [2, 28], "uv_size": [1.5, 0.5]},
								"south": {"uv": [27, 32], "uv_size": [0.5, 0.5]},
								"west": {"uv": [28, 2], "uv_size": [1.5, 0.5]}
							}
						},
						{
							"origin": [1.34125, 4.15999, 0.18157],
							"size": [0.06483, 0.52774, 1.49508],
							"uv": {
								"north": {"uv": [32, 27], "uv_size": [0.5, 0.5]},
								"east": {"uv": [28, 3], "uv_size": [1.5, 0.5]},
								"south": {"uv": [28, 32], "uv_size": [0.5, 0.5]},
								"west": {"uv": [4, 28], "uv_size": [1.5, 0.5]}
							}
						},
						{
							"origin": [-1.39682, 3.0501, 0.18157],
							"size": [0.06483, 1.11119, 1.49508],
							"pivot": [-1.36441, 3.89741, 0.45557],
							"rotation": [0, 0, -2],
							"uv": {
								"north": {"uv": [30, 13], "uv_size": [0.5, 1]},
								"east": {"uv": [23, 22], "uv_size": [1.5, 1]},
								"south": {"uv": [14, 30], "uv_size": [0.5, 1]},
								"west": {"uv": [23, 23], "uv_size": [1.5, 1]}
							}
						},
						{
							"origin": [1.33207, 3.0501, 0.18157],
							"size": [0.06483, 1.11119, 1.49508],
							"pivot": [1.36448, 3.89741, 0.45557],
							"rotation": [0, 0, 2],
							"uv": {
								"north": {"uv": [30, 14], "uv_size": [0.5, 1]},
								"east": {"uv": [0, 24], "uv_size": [1.5, 1]},
								"south": {"uv": [15, 30], "uv_size": [0.5, 1]},
								"west": {"uv": [2, 24], "uv_size": [1.5, 1]}
							}
						},
						{
							"origin": [-1.34636, 3.53523, 0.18157],
							"size": [0.06483, 0.50544, 1.49508],
							"pivot": [0.01501, 4.1835, 5.36773],
							"rotation": [0, 0, 45],
							"uv": {
								"north": {"uv": [32, 28], "uv_size": [0.5, 0.5]},
								"east": {"uv": [28, 4], "uv_size": [1.5, 0.5]},
								"south": {"uv": [29, 32], "uv_size": [0.5, 0.5]},
								"west": {"uv": [28, 5], "uv_size": [1.5, 0.5]}
							}
						},
						{
							"origin": [1.2816, 3.53523, 0.18157],
							"size": [0.06483, 0.50544, 1.49508],
							"pivot": [-0.01494, 4.1835, 5.36773],
							"rotation": [0, 0, -45],
							"uv": {
								"north": {"uv": [32, 29], "uv_size": [0.5, 0.5]},
								"east": {"uv": [6, 28], "uv_size": [1.5, 0.5]},
								"south": {"uv": [30, 32], "uv_size": [0.5, 0.5]},
								"west": {"uv": [28, 6], "uv_size": [1.5, 0.5]}
							}
						}
					]
				},
				{
					"name": "flare",
					"pivot": [0.3, 4.5, -4]
				}
			]
		}
	]
}