{
	"format_version": "1.12.0",
	"minecraft:geometry": [
		{
			"description": {
				"identifier": "geometry.k_98",
				"texture_width": 64,
				"texture_height": 64,
				"visible_bounds_width": 4,
				"visible_bounds_height": 2.5,
				"visible_bounds_offset": [0, 0.75, 0]
			},
			"bones": [
				{
					"name": "group",
					"pivot": [0, -0.91342, 22.73323],
					"cubes": [
						{
							"origin": [-0.575, 2.72451, -0.01748],
							"size": [1.15, 0.46, 1.6675],
							"uv": {
								"north": {"uv": [22, 20], "uv_size": [1, 1]},
								"east": {"uv": [4, 4], "uv_size": [31, 1]},
								"south": {"uv": [22, 21], "uv_size": [1, 1]},
								"west": {"uv": [4, 5], "uv_size": [31, 1]},
								"up": {"uv": [4, 6], "uv_size": [1, 31]},
								"down": {"uv": [5, 37], "uv_size": [1, -31]}
							}
						},
						{
							"origin": [-0.345, 2.03451, -31.87248],
							"size": [0.69, 0.69, 35.3625],
							"uv": {
								"north": {"uv": [22, 20], "uv_size": [1, 1]},
								"east": {"uv": [4, 4], "uv_size": [31, 1]},
								"south": {"uv": [22, 21], "uv_size": [1, 1]},
								"west": {"uv": [4, 5], "uv_size": [31, 1]},
								"up": {"uv": [4, 6], "uv_size": [1, 31]},
								"down": {"uv": [5, 37], "uv_size": [1, -31]}
							}
						},
						{
							"origin": [-0.345, 2.72451, -31.75748],
							"size": [0.69, 0.575, 0.6325],
							"uv": {
								"north": {"uv": [22, 20], "uv_size": [1, 1]},
								"east": {"uv": [4, 4], "uv_size": [31, 1]},
								"south": {"uv": [22, 21], "uv_size": [1, 1]},
								"west": {"uv": [4, 5], "uv_size": [31, 1]},
								"up": {"uv": [4, 6], "uv_size": [1, 31]},
								"down": {"uv": [5, 37], "uv_size": [1, -31]}
							}
						},
						{
							"origin": [-0.7475, 0.76951, -23.59248],
							"size": [1.495, 2.07, 0.8625],
							"uv": {
								"north": {"uv": [22, 20], "uv_size": [1, 1]},
								"east": {"uv": [4, 4], "uv_size": [31, 1]},
								"south": {"uv": [22, 21], "uv_size": [1, 1]},
								"west": {"uv": [4, 5], "uv_size": [31, 1]},
								"up": {"uv": [4, 6], "uv_size": [1, 31]},
								"down": {"uv": [5, 37], "uv_size": [1, -31]}
							}
						},
						{
							"origin": [-0.7475, 0.76951, -22.09748],
							"size": [1.495, 2.07, 0.7475],
							"uv": {
								"north": {"uv": [22, 20], "uv_size": [1, 1]},
								"east": {"uv": [4, 4], "uv_size": [31, 1]},
								"south": {"uv": [22, 21], "uv_size": [1, 1]},
								"west": {"uv": [4, 5], "uv_size": [31, 1]},
								"up": {"uv": [4, 6], "uv_size": [1, 31]},
								"down": {"uv": [5, 37], "uv_size": [1, -31]}
							}
						},
						{
							"origin": [-0.8625, 0.76951, -16.17498],
							"size": [1.725, 2.185, 1.2075],
							"uv": {
								"north": {"uv": [22, 20], "uv_size": [1, 1]},
								"east": {"uv": [4, 4], "uv_size": [31, 1]},
								"south": {"uv": [22, 21], "uv_size": [1, 1]},
								"west": {"uv": [4, 5], "uv_size": [31, 1]},
								"up": {"uv": [4, 6], "uv_size": [1, 31]},
								"down": {"uv": [5, 37], "uv_size": [1, -31]}
							}
						},
						{
							"origin": [-0.575, 2.72451, -9.21748],
							"size": [1.15, 0.345, 4.6575],
							"uv": {
								"north": {"uv": [22, 20], "uv_size": [1, 1]},
								"east": {"uv": [4, 4], "uv_size": [31, 1]},
								"south": {"uv": [22, 21], "uv_size": [1, 1]},
								"west": {"uv": [4, 5], "uv_size": [31, 1]},
								"up": {"uv": [4, 6], "uv_size": [1, 31]},
								"down": {"uv": [5, 37], "uv_size": [1, -31]}
							}
						},
						{
							"origin": [-1.265, 2.49451, 1.65002],
							"size": [0.92, 0.46, 0.46],
							"uv": {
								"north": {"uv": [22, 22], "uv_size": [1, 1]},
								"east": {"uv": [23, 14], "uv_size": [1, 1]},
								"south": {"uv": [23, 15], "uv_size": [1, 1]},
								"west": {"uv": [23, 20], "uv_size": [1, 1]},
								"up": {"uv": [23, 21], "uv_size": [1, 1]},
								"down": {"uv": [22, 24], "uv_size": [1, -1]}
							}
						},
						{
							"origin": [-1.45854, 1.29151, 1.65002],
							"size": [0.46, 1.61, 0.46],
							"pivot": [-1.22855, 2.44151, 1.88002],
							"rotation": [0, 0, 22.5],
							"uv": {
								"north": {"uv": [22, 22], "uv_size": [1, 1], "uv_rotation": 270},
								"east": {"uv": [24, 22], "uv_size": [-1, -1], "uv_rotation": 90},
								"south": {"uv": [23, 15], "uv_size": [1, 1], "uv_rotation": 90},
								"west": {"uv": [23, 23], "uv_size": [-1, 1], "uv_rotation": 90},
								"up": {"uv": [24, 21], "uv_size": [-1, -1], "uv_rotation": 90},
								"down": {"uv": [24, 15], "uv_size": [-1, -1], "uv_rotation": 90}
							}
						},
						{
							"origin": [-0.345, 2.72451, -4.55998],
							"size": [0.69, 0.23, 7.59],
							"uv": {
								"north": {"uv": [23, 22], "uv_size": [1, 1]},
								"east": {"uv": [23, 23], "uv_size": [1, 1]},
								"south": {"uv": [0, 24], "uv_size": [1, 1]},
								"west": {"uv": [1, 24], "uv_size": [1, 1]},
								"up": {"uv": [2, 24], "uv_size": [1, 1]},
								"down": {"uv": [24, 3], "uv_size": [1, -1]}
							}
						},
						{
							"origin": [-0.8625, 0.48201, -7.72248],
							"size": [1.725, 1.955, 11.5],
							"uv": {
								"north": {"uv": [20, 2], "uv_size": [2, 2]},
								"east": {"uv": [0, 0], "uv_size": [16, 2]},
								"south": {"uv": [20, 20], "uv_size": [2, 2]},
								"west": {"uv": [0, 2], "uv_size": [16, 2]},
								"up": {"uv": [0, 4], "uv_size": [2, 16]},
								"down": {"uv": [2, 20], "uv_size": [2, -16]}
							}
						},
						{
							"origin": [-0.6325, 0.82701, -23.70748],
							"size": [1.265, 1.61, 15.985],
							"uv": {
								"north": {"uv": [20, 2], "uv_size": [2, 2]},
								"east": {"uv": [0, 0], "uv_size": [16, 2]},
								"south": {"uv": [20, 20], "uv_size": [2, 2]},
								"west": {"uv": [0, 2], "uv_size": [16, 2]},
								"up": {"uv": [0, 4], "uv_size": [2, 16]},
								"down": {"uv": [2, 20], "uv_size": [2, -16]}
							}
						},
						{
							"origin": [-0.6325, 2.43701, -17.26748],
							"size": [1.265, 0.345, 7.82],
							"uv": {
								"north": {"uv": [20, 2], "uv_size": [2, 2]},
								"east": {"uv": [0, 0], "uv_size": [16, 2]},
								"south": {"uv": [20, 20], "uv_size": [2, 2]},
								"west": {"uv": [0, 2], "uv_size": [16, 2]},
								"up": {"uv": [0, 4], "uv_size": [2, 16]},
								"down": {"uv": [2, 20], "uv_size": [2, -16]}
							}
						},
						{
							"origin": [-0.8625, -4.76655, 1.95389],
							"size": [1.725, 2.07, 14.375],
							"pivot": [0, -3.84655, 15.9423],
							"rotation": [-22.5, 0, 0],
							"uv": {
								"north": {"uv": [22, 2], "uv_size": [2, 2]},
								"east": {"uv": [6, 6], "uv_size": [12, 2]},
								"south": {"uv": [6, 22], "uv_size": [2, 2]},
								"west": {"uv": [6, 8], "uv_size": [12, 2]},
								"up": {"uv": [6, 10], "uv_size": [2, 12]},
								"down": {"uv": [8, 22], "uv_size": [2, -12]}
							}
						},
						{
							"origin": [-0.8625, -1.08592, 6.78983],
							"size": [1.725, 2.185, 10.0625],
							"uv": {
								"north": {"uv": [22, 6], "uv_size": [2, 2]},
								"east": {"uv": [14, 14], "uv_size": [9, 2]},
								"south": {"uv": [8, 22], "uv_size": [2, 2]},
								"west": {"uv": [16, 0], "uv_size": [9, 2]},
								"up": {"uv": [14, 16], "uv_size": [2, 9]},
								"down": {"uv": [16, 25], "uv_size": [2, -9]}
							}
						},
						{
							"origin": [-0.8625, -3.15592, 11.96483],
							"size": [1.725, 4.255, 4.8875],
							"uv": {
								"north": {"uv": [0, 20], "uv_size": [2, 4]},
								"east": {"uv": [18, 6], "uv_size": [4, 4]},
								"south": {"uv": [2, 20], "uv_size": [2, 4]},
								"west": {"uv": [18, 16], "uv_size": [4, 4]},
								"up": {"uv": [20, 10], "uv_size": [2, 4]},
								"down": {"uv": [18, 24], "uv_size": [2, -4]}
							}
						},
						{
							"origin": [-0.8625, -4.90338, 15.67088],
							"size": [1.725, 1.74746, 1.18144],
							"uv": {
								"north": {"uv": [22, 8], "uv_size": [2, 2]},
								"east": {"uv": [22, 10], "uv_size": [2, 2]},
								"south": {"uv": [22, 12], "uv_size": [2, 2]},
								"west": {"uv": [22, 16], "uv_size": [2, 2]},
								"up": {"uv": [22, 18], "uv_size": [2, 2]},
								"down": {"uv": [20, 24], "uv_size": [2, -2]}
							}
						}
					]
				}
			]
		}
	]
}