{
	"format_version": "1.12.0",
	"minecraft:geometry": [
		{
			"description": {
				"identifier": "geometry.m_1911",
				"texture_width": 32,
				"texture_height": 32,
				"visible_bounds_width": 2,
				"visible_bounds_height": 1.5,
				"visible_bounds_offset": [0, 0.25, 0]
			},
			"bones": [
				{
					"name": "group",
					"pivot": [0, 1.22775, 0.38473],
					"cubes": [
						{
							"origin": [-0.50727, 1.06231, -4.06866],
							"size": [1.01454, 0.72467, 7.10179],
							"uv": {
								"north": {"uv": [14, 14], "uv_size": [1, 0.75]},
								"east": {"uv": [5, 5], "uv_size": [7, 0.75]},
								"west": {"uv": [6, 0], "uv_size": [7, 0.75]},
								"down": {"uv": [0, 12], "uv_size": [1, -7]}
							}
						},
						{
							"origin": [-0.45727, 1.35218, -6.85864],
							"size": [0.91454, 0.6348, 2.80875],
							"uv": {
								"north": {"uv": [1, 15], "uv_size": [1, 0.75]},
								"east": {"uv": [12, 6], "uv_size": [2.75, 0.75]},
								"west": {"uv": [12, 7], "uv_size": [2.75, 0.75]}
							}
						},
						{
							"origin": [-0.20727, 1.10218, -6.85864],
							"size": [0.41454, 0.25, 2.80875],
							"uv": {
								"north": {"uv": [18, 14], "uv_size": [0.5, 0.25]},
								"down": {"uv": [8, 15.75], "uv_size": [0.5, -2.75]}
							}
						},
						{
							"origin": [0.05817, 1.21213, -6.85864],
							"size": [0.35454, 0.25, 2.80875],
							"pivot": [0.26544, 1.33713, -5.42677],
							"rotation": [0, 0, -45],
							"uv": {
								"north": {"uv": [19, 7], "uv_size": [0.25, 0.25]},
								"down": {"uv": [15, 15.75], "uv_size": [0.25, -2.75]}
							}
						},
						{
							"origin": [-0.41271, 1.21213, -6.85864],
							"size": [0.35454, 0.25, 2.80875],
							"pivot": [-0.26544, 1.33713, -5.42677],
							"rotation": [0, 0, 45],
							"uv": {
								"north": {"uv": [8, 19], "uv_size": [0.25, 0.25]},
								"down": {"uv": [14, 17.75], "uv_size": [0.25, -2.75]}
							}
						},
						{
							"origin": [-0.50727, 1.57465, 3.03313],
							"size": [1.01454, 0.21234, 1.36454],
							"uv": {
								"east": {"uv": [16, 14], "uv_size": [1.25, 0.25]},
								"south": {"uv": [17, 2], "uv_size": [1, 0.25]},
								"west": {"uv": [15, 16], "uv_size": [1.25, 0.25]},
								"up": {"uv": [9, 13], "uv_size": [1, 1.25]},
								"down": {"uv": [10, 14.25], "uv_size": [1, -1.25]}
							}
						},
						{
							"origin": [-0.50727, 1.289, 3.00793],
							"size": [1.01454, 0.21734, 0.95714],
							"pivot": [0, 1.37017, 3.22534],
							"rotation": [22.5, 0, 0],
							"uv": {
								"east": {"uv": [17, 3], "uv_size": [1, 0.25]},
								"west": {"uv": [4, 17], "uv_size": [1, 0.25]},
								"down": {"uv": [10, 4], "uv_size": [1, -1]}
							}
						},
						{
							"origin": [-0.50727, 1.03685, 2.85253],
							"size": [1.01454, 0.51734, 0.88214],
							"pivot": [0, 1.14552, 3.2561],
							"rotation": [60, 0, 0],
							"uv": {
								"east": {"uv": [11, 16], "uv_size": [1, 0.5]},
								"west": {"uv": [16, 11], "uv_size": [1, 0.5]},
								"down": {"uv": [1, 15], "uv_size": [1, -1]}
							}
						},
						{
							"origin": [-0.2174, 1.43698, 3.37806],
							"size": [0.4348, 1.01454, 0.36234],
							"pivot": [0, 2.17541, 3.73757],
							"rotation": [-67, 0, 0],
							"uv": {
								"north": {"uv": [9, 16], "uv_size": [0.5, 1]},
								"east": {"uv": [5, 17], "uv_size": [0.25, 1]},
								"south": {"uv": [16, 9], "uv_size": [0.5, 1]},
								"west": {"uv": [6, 17], "uv_size": [0.25, 1]},
								"up": {"uv": [9, 18], "uv_size": [0.5, 0.25]}
							}
						},
						{
							"origin": [-0.2174, 2.21202, 3.70092],
							"size": [0.4348, 0.2174, 0.57974],
							"pivot": [0, 2.17541, 3.73757],
							"rotation": [-44.5, 0, 0],
							"uv": {
								"east": {"uv": [18, 9], "uv_size": [0.5, 0.25]},
								"south": {"uv": [10, 18], "uv_size": [0.5, 0.25]},
								"west": {"uv": [18, 10], "uv_size": [0.5, 0.25]},
								"up": {"uv": [7, 17], "uv_size": [0.5, 0.5]},
								"down": {"uv": [8, 17.5], "uv_size": [0.5, -0.5]}
							}
						},
						{
							"origin": [-0.25364, -0.42753, -1.28617],
							"size": [0.50727, 0.51818, 0.18117],
							"pivot": [0, 0.20656, -1.19558],
							"rotation": [45, 0, 0],
							"uv": {
								"north": {"uv": [9, 17], "uv_size": [0.5, 0.5]},
								"east": {"uv": [11, 18], "uv_size": [0.25, 0.5]},
								"south": {"uv": [17, 9], "uv_size": [0.5, 0.5]},
								"west": {"uv": [18, 11], "uv_size": [0.25, 0.5]}
							}
						},
						{
							"origin": [-0.25364, 0.06054, -1.17767],
							"size": [0.50727, 1.01818, 0.18117],
							"uv": {
								"north": {"uv": [10, 16], "uv_size": [0.5, 1]},
								"east": {"uv": [12, 17], "uv_size": [0.25, 1]},
								"south": {"uv": [16, 10], "uv_size": [0.5, 1]},
								"west": {"uv": [17, 12], "uv_size": [0.25, 1]}
							}
						},
						{
							"origin": [-0.25364, 0.56054, -1.2965],
							"size": [0.50727, 0.6, 0.6],
							"pivot": [0, 1.06963, -0.78709],
							"rotation": [-45, 0, 0],
							"uv": {
								"east": {"uv": [13, 17], "uv_size": [0.5, 0.5]},
								"south": {"uv": [15, 17], "uv_size": [0.5, 0.5]},
								"west": {"uv": [16, 17], "uv_size": [0.5, 0.5]},
								"down": {"uv": [17, 16.5], "uv_size": [0.5, -0.5]}
							}
						},
						{
							"origin": [-0.1087, 0.50903, 0.41123],
							"size": [0.2174, 0.88051, 0.83337],
							"pivot": [0, 0.94929, 0.82792],
							"rotation": [10, 0, 0],
							"uv": {
								"north": {"uv": [10, 17], "uv_size": [0.25, 1]},
								"east": {"uv": [2, 15], "uv_size": [0.75, 1]},
								"west": {"uv": [3, 15], "uv_size": [0.75, 1]}
							}
						},
						{
							"origin": [-0.1087, -0.24097, 0.41123],
							"size": [0.2174, 0.88051, 0.83337],
							"pivot": [0, 0.19929, 0.82792],
							"rotation": [-7, 0, 0],
							"uv": {
								"north": {"uv": [17, 17], "uv_size": [0.25, 1]},
								"east": {"uv": [15, 4], "uv_size": [0.75, 1]},
								"west": {"uv": [15, 5], "uv_size": [0.75, 1]}
							}
						},
						{
							"origin": [-0.20291, 1.41029, -6.97318],
							"size": [0.40582, 0.40582, 0.16182],
							"pivot": [0, 1.6132, -6.89227],
							"rotation": [0, 0, 45],
							"uv": {
								"north": {"uv": [18, 2], "uv_size": [0.5, 0.5]},
								"east": {"uv": [19, 5], "uv_size": [0.25, 0.5]},
								"west": {"uv": [6, 19], "uv_size": [0.25, 0.5]},
								"up": {"uv": [19, 6], "uv_size": [0.5, 0.25]},
								"down": {"uv": [7, 19.25], "uv_size": [0.5, -0.25]}
							}
						},
						{
							"origin": [-0.25364, -0.30586, -0.81127],
							"size": [0.50727, 0.18117, 2.46752],
							"uv": {
								"east": {"uv": [16, 4], "uv_size": [2.5, 0.25]},
								"south": {"uv": [14, 18], "uv_size": [0.5, 0.25]},
								"west": {"uv": [16, 5], "uv_size": [2.5, 0.25]},
								"up": {"uv": [13, 10], "uv_size": [0.5, 2.5]},
								"down": {"uv": [11, 15.5], "uv_size": [0.5, -2.5]}
							}
						},
						{
							"origin": [-0.64655, -2.78959, 1.36294],
							"size": [1.29309, 4.12193, 1.59428],
							"pivot": [0.72467, 0.50767, 1.94775],
							"rotation": [22.5, 0, 0],
							"uv": {
								"north": {"uv": [6, 1], "uv_size": [1.25, 4]},
								"east": {"uv": [1, 5], "uv_size": [1.5, 4]},
								"south": {"uv": [5, 6], "uv_size": [1.25, 4]},
								"west": {"uv": [3, 5], "uv_size": [1.5, 4]}
							}
						},
						{
							"origin": [-0.64655, -2.74002, 2.52488],
							"size": [1.29309, 0.54693, 1.49928],
							"pivot": [0.72467, 0.55723, 3.10969],
							"rotation": [2.5, 0, 0],
							"uv": {
								"north": {"uv": [16, 6], "uv_size": [1.25, 0.5]},
								"east": {"uv": [9, 15], "uv_size": [1.5, 0.5]},
								"south": {"uv": [7, 16], "uv_size": [1.25, 0.5]},
								"west": {"uv": [15, 12], "uv_size": [1.5, 0.5]},
								"down": {"uv": [12, 9.5], "uv_size": [1.25, -1.5]}
							}
						},
						{
							"origin": [-0.64655, 1.04577, 1.09187],
							"size": [1.29309, 0.64193, 1.47428],
							"uv": {
								"north": {"uv": [14, 10], "uv_size": [1.25, 0.75]},
								"east": {"uv": [14, 0], "uv_size": [1.5, 0.75]},
								"south": {"uv": [14, 11], "uv_size": [1.25, 0.75]},
								"west": {"uv": [14, 1], "uv_size": [1.5, 0.75]},
								"up": {"uv": [3, 12], "uv_size": [1.25, 1.5]}
							}
						},
						{
							"origin": [-0.50161, -2.93452, 1.02307],
							"size": [1.00322, 4.43427, 2.12908],
							"pivot": [0.72467, 0.50767, 1.94775],
							"rotation": [22.5, 0, 0],
							"uv": {
								"north": {"uv": [7, 6], "uv_size": [1, 4.5]},
								"east": {"uv": [0, 0], "uv_size": [2.25, 4.5]},
								"south": {"uv": [8, 6], "uv_size": [1, 4.5]},
								"west": {"uv": [3, 0], "uv_size": [2.25, 4.5]},
								"down": {"uv": [10, 9.25], "uv_size": [1, -2.25]}
							}
						},
						{
							"origin": [-0.50161, -2.97692, 2.40236],
							"size": [1.00322, 0.43427, 2.27408],
							"pivot": [0, -2.80979, 3.5394],
							"rotation": [2.5, 0, 0],
							"uv": {
								"north": {"uv": [12, 16], "uv_size": [1, 0.5]},
								"east": {"uv": [14, 2], "uv_size": [2.25, 0.5]},
								"south": {"uv": [13, 16], "uv_size": [1, 0.5]},
								"west": {"uv": [14, 3], "uv_size": [2.25, 0.5]},
								"down": {"uv": [10, 12.25], "uv_size": [1, -2.25]}
							}
						},
						{
							"origin": [-0.45161, -3.12692, 2.20236],
							"size": [0.90322, 0.15, 2.27408],
							"pivot": [0, -2.80979, 3.5394],
							"rotation": [2.5, 0, 0],
							"uv": {
								"north": {"uv": [1, 18], "uv_size": [1, 0.25]},
								"east": {"uv": [16, 7], "uv_size": [2.25, 0.25]},
								"south": {"uv": [2, 18], "uv_size": [1, 0.25]},
								"west": {"uv": [16, 8], "uv_size": [2.25, 0.25]},
								"up": {"uv": [7, 11], "uv_size": [1, 2.25]},
								"down": {"uv": [11, 9.25], "uv_size": [1, -2.25]}
							}
						},
						{
							"origin": [-0.50161, -2.89228, 3.60103],
							"size": [1.00322, 1.43427, 1.07408],
							"pivot": [0, -2.72515, 3.53807],
							"rotation": [20, 0, 0],
							"uv": {
								"north": {"uv": [8, 11], "uv_size": [1, 1.5]},
								"east": {"uv": [13, 0], "uv_size": [1, 1.5]},
								"south": {"uv": [2, 13], "uv_size": [1, 1.5]},
								"west": {"uv": [13, 2], "uv_size": [1, 1.5]},
								"down": {"uv": [3, 15], "uv_size": [1, -1]}
							}
						},
						{
							"origin": [-0.50161, -1.62067, 3.62349],
							"size": [1.00322, 0.86927, 0.22408],
							"pivot": [0, -0.90353, 3.31053],
							"rotation": [37.5, 0, 0],
							"uv": {
								"north": {"uv": [15, 6], "uv_size": [1, 0.75]},
								"east": {"uv": [4, 18], "uv_size": [0.25, 0.75]},
								"south": {"uv": [15, 7], "uv_size": [1, 0.75]},
								"west": {"uv": [5, 18], "uv_size": [0.25, 0.75]},
								"down": {"uv": [0, 18.25], "uv_size": [1, -0.25]}
							}
						}
					]
				},
				{
					"name": "huatao",
					"parent": "group",
					"pivot": [0.1146, 2.11252, -5.48344],
					"cubes": [
						{
							"origin": [-0.57974, 1.98698, -6.85864],
							"size": [1.15948, 0.80441, 2.75041],
							"uv": {
								"north": {"uv": [14, 8], "uv_size": [1.25, 0.75]},
								"east": {"uv": [0, 12], "uv_size": [2.75, 0.75]},
								"west": {"uv": [12, 5], "uv_size": [2.75, 0.75]}
							}
						},
						{
							"origin": [-0.57974, 1.78698, -4.10864],
							"size": [1.15948, 1.00441, 2.89541],
							"uv": {
								"east": {"uv": [8, 4], "uv_size": [3, 1]},
								"west": {"uv": [9, 6], "uv_size": [3, 1]},
								"down": {"uv": [8, 4], "uv_size": [1.25, -3]}
							}
						},
						{
							"origin": [-0.57976, 1.78698, -1.21323],
							"size": [1.1595, 1.00441, 1.74541],
							"uv": {
								"east": {"uv": [11, 12], "uv_size": [1.75, 1]},
								"west": {"uv": [0, 13], "uv_size": [1.75, 1]},
								"up": {"uv": [11, 3], "uv_size": [1.25, 1.75]},
								"down": {"uv": [11, 11.75], "uv_size": [1.25, -1.75]}
							}
						},
						{
							"origin": [-0.57976, 1.78698, 0.53217],
							"size": [1.1595, 1.00441, 2.5],
							"uv": {
								"east": {"uv": [10, 1], "uv_size": [2.5, 1]},
								"west": {"uv": [10, 2], "uv_size": [2.5, 1]},
								"up": {"uv": [1, 9], "uv_size": [1.25, 2.5]},
								"down": {"uv": [3, 11.5], "uv_size": [1.25, -2.5]}
							}
						},
						{
							"origin": [-0.57976, 0.96845, 3.01456],
							"size": [1.1595, 0.97941, 0.22],
							"pivot": [1.05, 1.44566, -0.71774],
							"rotation": [12.5, 0, 0],
							"uv": {
								"east": {"uv": [11, 17], "uv_size": [0.25, 1]},
								"south": {"uv": [13, 4], "uv_size": [1.25, 1]},
								"west": {"uv": [17, 11], "uv_size": [0.25, 1]},
								"up": {"uv": [0, 17], "uv_size": [1.25, 0.25]},
								"down": {"uv": [2, 17.25], "uv_size": [1.25, -0.25]}
							}
						},
						{
							"origin": [-0.57974, 2.13346, -4.7622],
							"size": [1.15948, 0.20441, 0.82541],
							"pivot": [0, 2.63567, -5.38449],
							"rotation": [-14.5, 0, 0],
							"uv": {
								"east": {"uv": [3, 18], "uv_size": [0.75, 0.25]},
								"south": {"uv": [16, 15], "uv_size": [1.25, 0.25]},
								"west": {"uv": [18, 3], "uv_size": [0.75, 0.25]},
								"down": {"uv": [14, 9.75], "uv_size": [1.25, -0.75]}
							}
						},
						{
							"origin": [-0.27974, 2.79139, -6.85864],
							"size": [0.55948, 0.3, 5.64541],
							"uv": {
								"north": {"uv": [15, 18], "uv_size": [0.5, 0.25]},
								"south": {"uv": [18, 15], "uv_size": [0.5, 0.25]},
								"up": {"uv": [9, 7], "uv_size": [0.5, 5.75]}
							}
						},
						{
							"origin": [-0.55366, 2.72793, -6.85864],
							"size": [0.42448, 0.25, 5.64541],
							"pivot": [-0.34142, 2.85293, -4.03594],
							"rotation": [0, 0, -45],
							"uv": {
								"north": {"uv": [16, 18], "uv_size": [0.5, 0.25]},
								"south": {"uv": [18, 16], "uv_size": [0.5, 0.25]},
								"up": {"uv": [5, 10], "uv_size": [0.5, 5.75]}
							}
						},
						{
							"origin": [-0.53866, 2.67793, -1.21323],
							"size": [0.42448, 0.25, 1.75],
							"pivot": [-0.32642, 2.80293, -4.03594],
							"rotation": [0, 0, -45],
							"uv": {
								"up": {"uv": [14, 12], "uv_size": [0.5, 1.75]}
							}
						},
						{
							"origin": [-0.26474, 2.74139, -1.21323],
							"size": [0.55948, 0.3, 1.75],
							"uv": {
								"up": {"uv": [7, 14], "uv_size": [0.5, 1.75]}
							}
						},
						{
							"origin": [0.12919, 2.72793, -6.85864],
							"size": [0.42448, 0.25, 5.64541],
							"pivot": [0.34142, 2.85293, -4.03594],
							"rotation": [0, 0, 45],
							"uv": {
								"north": {"uv": [17, 18], "uv_size": [0.5, 0.25]},
								"south": {"uv": [18, 17], "uv_size": [0.5, 0.25]},
								"up": {"uv": [6, 10], "uv_size": [0.5, 5.75]}
							}
						},
						{
							"origin": [0.12919, 2.72793, -1.21323],
							"size": [0.42448, 0.25, 1.75],
							"pivot": [0.34142, 2.85293, -4.03594],
							"rotation": [0, 0, 45],
							"uv": {
								"east": {"uv": [16, 13], "uv_size": [1.75, 0.25]},
								"up": {"uv": [4, 14], "uv_size": [0.5, 1.75]}
							}
						},
						{
							"origin": [-0.27961, 2.79154, 0.53217],
							"size": [0.55948, 0.3, 2.5],
							"uv": {
								"north": {"uv": [19, 1], "uv_size": [0.5, 0.25]},
								"south": {"uv": [2, 19], "uv_size": [0.5, 0.25]},
								"up": {"uv": [0, 14], "uv_size": [0.5, 2.5]}
							}
						},
						{
							"origin": [-0.27961, 3.09154, 2.58217],
							"size": [0.55948, 0.15, 0.15],
							"uv": {
								"north": {"uv": [19, 2], "uv_size": [0.5, 0.25]},
								"east": {"uv": [19, 9], "uv_size": [0.25, 0.25]},
								"south": {"uv": [3, 19], "uv_size": [0.5, 0.25]},
								"west": {"uv": [10, 19], "uv_size": [0.25, 0.25]},
								"up": {"uv": [19, 3], "uv_size": [0.5, 0.25]}
							}
						},
						{
							"origin": [-0.05474, 3.09139, -6.81323],
							"size": [0.10948, 0.15, 0.5],
							"uv": {
								"north": {"uv": [19, 10], "uv_size": [0.25, 0.25]},
								"east": {"uv": [4, 19], "uv_size": [0.5, 0.25]},
								"south": {"uv": [11, 19], "uv_size": [0.25, 0.25]},
								"west": {"uv": [19, 4], "uv_size": [0.5, 0.25]},
								"up": {"uv": [5, 19], "uv_size": [0.25, 0.5]}
							}
						},
						{
							"origin": [-0.55354, 2.72808, 0.53217],
							"size": [0.42448, 0.25, 2.5],
							"pivot": [-0.3413, 2.85308, 0.45947],
							"rotation": [0, 0, -45],
							"uv": {
								"north": {"uv": [19, 0], "uv_size": [0.5, 0.25]},
								"south": {"uv": [1, 19], "uv_size": [0.5, 0.25]},
								"up": {"uv": [13, 13], "uv_size": [0.5, 2.5]}
							}
						},
						{
							"origin": [0.12931, 2.72808, 0.53217],
							"size": [0.42448, 0.25, 2.5],
							"pivot": [0.34155, 2.85308, 0.45947],
							"rotation": [0, 0, 45],
							"uv": {
								"north": {"uv": [18, 18], "uv_size": [0.5, 0.25]},
								"south": {"uv": [0, 19], "uv_size": [0.5, 0.25]},
								"up": {"uv": [12, 13], "uv_size": [0.5, 2.5]}
							}
						},
						{
							"origin": [-0.28987, 2.22333, -7.00786],
							"size": [0.57974, 0.57974, 0.23117],
							"pivot": [0, 2.5132, -6.86727],
							"rotation": [0, 0, 45],
							"uv": {
								"north": {"uv": [17, 10], "uv_size": [0.5, 0.5]},
								"east": {"uv": [12, 18], "uv_size": [0.25, 0.5]},
								"west": {"uv": [18, 12], "uv_size": [0.25, 0.5]},
								"up": {"uv": [13, 18], "uv_size": [0.5, 0.25]},
								"down": {"uv": [18, 13.25], "uv_size": [0.5, -0.25]}
							}
						},
						{
							"origin": [-0.50852, 1.97895, -6.94818],
							"size": [0.75582, 0.26082, 0.13682],
							"pivot": [-0.13061, 2.10936, -6.89227],
							"rotation": [0, 0, 77],
							"uv": {
								"north": {"uv": [6, 18], "uv_size": [0.75, 0.25]},
								"down": {"uv": [18, 6.25], "uv_size": [0.75, -0.25]}
							}
						},
						{
							"origin": [-0.2473, 1.97895, -6.94818],
							"size": [0.75582, 0.26082, 0.13682],
							"pivot": [0.13061, 2.10936, -6.89227],
							"rotation": [0, 0, -77],
							"uv": {
								"north": {"uv": [7, 18], "uv_size": [0.75, 0.25]},
								"down": {"uv": [8, 18.25], "uv_size": [0.75, -0.25]}
							}
						},
						{
							"origin": [0.30566, 2.33031, -6.85864],
							"size": [0.15948, 0.18441, 2.75041],
							"pivot": [-0.1146, 2.11252, -5.48344],
							"rotation": [0, 0, 45],
							"uv": {
								"north": {"uv": [9, 19], "uv_size": [0.25, 0.25]},
								"east": {"uv": [16, 1], "uv_size": [2.75, 0.25]},
								"west": {"uv": [4, 16], "uv_size": [2.75, 0.25]}
							}
						},
						{
							"origin": [-0.46514, 2.33031, -6.85864],
							"size": [0.15948, 0.18441, 2.75041],
							"pivot": [0.1146, 2.11252, -5.48344],
							"rotation": [0, 0, -45],
							"uv": {
								"north": {"uv": [19, 8], "uv_size": [0.25, 0.25]},
								"east": {"uv": [16, 0], "uv_size": [2.75, 0.25]},
								"west": {"uv": [1, 16], "uv_size": [2.75, 0.25]}
							}
						}
					]
				},
				{
					"name": "flare",
					"pivot": [-0.01172, 2.48125, -7.08516]
				}
			],
			"item_display_transforms": {
				"thirdperson_righthand": {
					"translation": [-1, 1.5, 0],
					"scale": [0.5, 0.5, 0.5]
				},
				"thirdperson_lefthand": {
					"scale": [0, 0, 0]
				},
				"firstperson_lefthand": {
					"translation": [0, -80, 0],
					"scale": [0, 0, 0]
				},
				"ground": {
					"translation": [0, -0.25, 0],
					"scale": [0.75, 0.75, 0.75]
				},
				"head": {
					"translation": [0, 10.25, 0]
				},
				"fixed": {
					"rotation": [90, 45, -90],
					"translation": [1.25, 4, 0],
					"scale": [1.2, 1.2, 1.2]
				}
			}
		}
	]
}