{
	"format_version": "1.12.0",
	"minecraft:geometry": [
		{
			"description": {
				"identifier": "geometry.m_2_hb",
				"texture_width": 64,
				"texture_height": 64,
				"visible_bounds_width": 5,
				"visible_bounds_height": 3,
				"visible_bounds_offset": [0, 0.5, 0]
			},
			"bones": [
				{
					"name": "gun2",
					"pivot": [0, 3.09144, 4.26768],
					"cubes": [
						{
							"origin": [-1.932, 0.67644, -8.61232],
							"size": [3.864, 4.83, 21.735],
							"uv": {
								"north": {"uv": [13, 24], "uv_size": [4, 5]},
								"east": {"uv": [0, 0], "uv_size": [21.5, 5]},
								"south": {"uv": [26, 10], "uv_size": [4, 5]},
								"west": {"uv": [0, 5], "uv_size": [21.5, 5]},
								"up": {"uv": [0, 10], "uv_size": [4, 21.5]},
								"down": {"uv": [4, 31.5], "uv_size": [4, -21.5]}
							}
						},
						{
							"origin": [-0.75, 2.25644, 13.12268],
							"size": [1.5, 1.5, 3.5],
							"pivot": [0, 3.00644, 14.87268],
							"rotation": [0, 0, -45],
							"uv": {
								"north": {"uv": [39, 18], "uv_size": [1.5, 1.5]},
								"east": {"uv": [28, 5], "uv_size": [3.5, 1.5]},
								"south": {"uv": [39, 20], "uv_size": [1.5, 1.5]},
								"west": {"uv": [0, 32], "uv_size": [3.5, 1.5]},
								"up": {"uv": [32, 0], "uv_size": [1.5, 3.5]},
								"down": {"uv": [4, 35.5], "uv_size": [1.5, -3.5]}
							}
						},
						{
							"origin": [-2.182, 1.67644, 2.63768],
							"size": [0.25, 2.58, 9.985],
							"uv": {
								"north": {"uv": [40, 39], "uv_size": [0.5, 2.5]},
								"east": {"uv": [22, 7], "uv_size": [10, 2.5]},
								"south": {"uv": [41, 1], "uv_size": [0.5, 2.5]},
								"up": {"uv": [32, 16], "uv_size": [0.5, 10]},
								"down": {"uv": [32, 36], "uv_size": [0.5, -10]}
							}
						},
						{
							"origin": [-5.182, 3.25644, 3.62268],
							"size": [3, 1, 1],
							"uv": {
								"north": {"uv": [38, 24], "uv_size": [3, 1]},
								"east": {"uv": [27, 41], "uv_size": [1, 1]},
								"south": {"uv": [25, 38], "uv_size": [3, 1]},
								"up": {"uv": [38, 25], "uv_size": [3, 1]},
								"down": {"uv": [38, 27], "uv_size": [3, -1]}
							}
						},
						{
							"origin": [-0.7245, 5.50644, 9.09768],
							"size": [1.449, 0.5635, 2.415],
							"uv": {
								"north": {"uv": [41, 40], "uv_size": [1.5, 0.5]},
								"east": {"uv": [39, 29], "uv_size": [2.5, 0.5]},
								"south": {"uv": [41, 41], "uv_size": [1.5, 0.5]},
								"west": {"uv": [39, 36], "uv_size": [2.5, 0.5]},
								"up": {"uv": [34, 18], "uv_size": [1.5, 2.5]},
								"down": {"uv": [34, 23.5], "uv_size": [1.5, -2.5]}
							}
						},
						{
							"origin": [-0.52325, 4.98319, -8.37082],
							"size": [1.0465, 1.0465, 0.805],
							"pivot": [0, 5.50644, -7.96832],
							"rotation": [0, 0, 45],
							"uv": {
								"north": {"uv": [25, 41], "uv_size": [1, 1]},
								"east": {"uv": [41, 25], "uv_size": [1, 1]},
								"south": {"uv": [26, 41], "uv_size": [1, 1]},
								"up": {"uv": [41, 26], "uv_size": [1, 1]}
							}
						},
						{
							"origin": [1.61, -2.48856, -7.40482],
							"size": [8.855, 6.385, 5.635],
							"uv": {
								"north": {"uv": [8, 10], "uv_size": [9, 6.5]},
								"east": {"uv": [22, 0], "uv_size": [5.5, 6.5]},
								"south": {"uv": [8, 17], "uv_size": [9, 6.5]},
								"west": {"uv": [17, 22], "uv_size": [5.5, 6.5]},
								"up": {"uv": [17, 10], "uv_size": [9, 5.5]},
								"down": {"uv": [17, 21.5], "uv_size": [9, -5.5]}
							}
						},
						{
							"origin": [1.61, 1.96444, -7.00232],
							"size": [4.83, 0.966, 4.83],
							"pivot": [9.66, 3.97694, 1.85268],
							"rotation": [0, 0, 15.5],
							"uv": {
								"north": {"uv": [32, 4], "uv_size": [5, 1]},
								"south": {"uv": [32, 5], "uv_size": [5, 1]},
								"up": {"uv": [23, 22], "uv_size": [5, 5]},
								"down": {"uv": [8, 29], "uv_size": [5, -5]}
							}
						},
						{
							"origin": [2.8651, 0.68824, 17.19258],
							"size": [1.5456, 4.8182, 1.5456],
							"uv": {
								"north": {"uv": [26, 15], "uv_size": [1.5, 5]},
								"east": {"uv": [28, 0], "uv_size": [1.5, 5]},
								"south": {"uv": [30, 0], "uv_size": [1.5, 5]},
								"west": {"uv": [30, 10], "uv_size": [1.5, 5]},
								"up": {"uv": [26, 20], "uv_size": [1.5, 1.5]},
								"down": {"uv": [10, 40.5], "uv_size": [1.5, -1.5]}
							}
						},
						{
							"origin": [-0.5796, 5.09724, 11.15668],
							"size": [1.1592, 0.4092, 5.0912],
							"pivot": [0, 3.09144, 13.70228],
							"rotation": [0, -90, 0],
							"uv": {
								"east": {"uv": [38, 30], "uv_size": [5, 0.5]},
								"west": {"uv": [38, 31], "uv_size": [5, 0.5]},
								"up": {"uv": [6, 32], "uv_size": [1, 5]},
								"down": {"uv": [32, 11], "uv_size": [1, -5]}
							}
						},
						{
							"origin": [-0.5796, 0.67644, 11.15668],
							"size": [1.1592, 0.4092, 5.0912],
							"pivot": [0, 3.09144, 13.70228],
							"rotation": [0, -90, 0],
							"uv": {
								"east": {"uv": [37, 38], "uv_size": [5, 0.5]},
								"west": {"uv": [39, 0], "uv_size": [5, 0.5]},
								"up": {"uv": [7, 32], "uv_size": [1, 5]},
								"down": {"uv": [32, 16], "uv_size": [1, -5]}
							}
						},
						{
							"origin": [3.35617, 5.09724, 15.78693],
							"size": [1.1592, 0.4092, 2.0912],
							"pivot": [3.93577, 3.09144, 15.33253],
							"rotation": [0, -135, 0],
							"uv": {
								"east": {"uv": [30, 41], "uv_size": [2, 0.5]},
								"west": {"uv": [41, 32], "uv_size": [2, 0.5]},
								"up": {"uv": [38, 39], "uv_size": [1, 2]},
								"down": {"uv": [39, 41], "uv_size": [1, -2]}
							}
						},
						{
							"origin": [3.35617, 0.67644, 15.78693],
							"size": [1.1592, 0.4092, 2.0912],
							"pivot": [3.93577, 3.09144, 15.33253],
							"rotation": [0, -135, 0],
							"uv": {
								"east": {"uv": [41, 27], "uv_size": [2, 0.5]},
								"west": {"uv": [41, 28], "uv_size": [2, 0.5]},
								"up": {"uv": [39, 34], "uv_size": [1, 2]},
								"down": {"uv": [37, 41], "uv_size": [1, -2]}
							}
						},
						{
							"origin": [-4.51537, 0.67644, 15.78693],
							"size": [1.1592, 0.4092, 2.0912],
							"pivot": [-3.93577, 3.09144, 15.33253],
							"rotation": [0, 135, 0],
							"uv": {
								"east": {"uv": [37, 41], "uv_size": [2, 0.5]},
								"west": {"uv": [41, 39], "uv_size": [2, 0.5]},
								"up": {"uv": [5, 40], "uv_size": [1, 2]},
								"down": {"uv": [40, 8], "uv_size": [1, -2]}
							}
						},
						{
							"origin": [-4.51537, 5.09724, 15.78693],
							"size": [1.1592, 0.4092, 2.0912],
							"pivot": [-3.93577, 3.09144, 15.33253],
							"rotation": [0, 135, 0],
							"uv": {
								"east": {"uv": [41, 33], "uv_size": [2, 0.5]},
								"west": {"uv": [35, 41], "uv_size": [2, 0.5]},
								"up": {"uv": [40, 1], "uv_size": [1, 2]},
								"down": {"uv": [4, 42], "uv_size": [1, -2]}
							}
						},
						{
							"origin": [-4.0243, 5.09724, 14.60138],
							"size": [1.1592, 0.4092, 2.5912],
							"pivot": [-3.4447, 3.09144, 15.89698],
							"rotation": [0, 180, 0],
							"uv": {
								"east": {"uv": [40, 37], "uv_size": [2.5, 0.5]},
								"west": {"uv": [41, 4], "uv_size": [2.5, 0.5]},
								"up": {"uv": [39, 1], "uv_size": [1, 2.5]},
								"down": {"uv": [2, 41.5], "uv_size": [1, -2.5]}
							}
						},
						{
							"origin": [-4.0243, 0.67644, 14.60138],
							"size": [1.1592, 0.4092, 2.5912],
							"pivot": [-3.4447, 3.09144, 15.89698],
							"rotation": [0, 180, 0],
							"uv": {
								"east": {"uv": [40, 34], "uv_size": [2.5, 0.5]},
								"west": {"uv": [40, 35], "uv_size": [2.5, 0.5]},
								"up": {"uv": [0, 39], "uv_size": [1, 2.5]},
								"down": {"uv": [1, 41.5], "uv_size": [1, -2.5]}
							}
						},
						{
							"origin": [2.8651, 5.09724, 14.60138],
							"size": [1.1592, 0.4092, 2.5912],
							"pivot": [3.4447, 3.09144, 15.89698],
							"rotation": [0, -180, 0],
							"uv": {
								"east": {"uv": [41, 7], "uv_size": [2.5, 0.5]},
								"west": {"uv": [41, 8], "uv_size": [2.5, 0.5]},
								"up": {"uv": [9, 39], "uv_size": [1, 2.5]},
								"down": {"uv": [39, 11.5], "uv_size": [1, -2.5]}
							}
						},
						{
							"origin": [2.8651, 0.67644, 14.60138],
							"size": [1.1592, 0.4092, 2.5912],
							"pivot": [3.4447, 3.09144, 15.89698],
							"rotation": [0, -180, 0],
							"uv": {
								"east": {"uv": [41, 5], "uv_size": [2.5, 0.5]},
								"west": {"uv": [41, 6], "uv_size": [2.5, 0.5]},
								"up": {"uv": [3, 39], "uv_size": [1, 2.5]},
								"down": {"uv": [8, 41.5], "uv_size": [1, -2.5]}
							}
						},
						{
							"origin": [-4.4107, 0.68824, 17.19258],
							"size": [1.5456, 4.8182, 1.5456],
							"uv": {
								"north": {"uv": [30, 15], "uv_size": [1.5, 5]},
								"east": {"uv": [30, 20], "uv_size": [1.5, 5]},
								"south": {"uv": [30, 25], "uv_size": [1.5, 5]},
								"west": {"uv": [30, 30], "uv_size": [1.5, 5]},
								"up": {"uv": [12, 39], "uv_size": [1.5, 1.5]},
								"down": {"uv": [14, 40.5], "uv_size": [1.5, -1.5]}
							}
						}
					]
				},
				{
					"name": "barrel2",
					"parent": "gun2",
					"pivot": [-1.57813, 148.15302, 43.52547]
				},
				{
					"name": "action2",
					"parent": "barrel2",
					"pivot": [0, 3.11673, -31.35518],
					"cubes": [
						{
							"origin": [-0.35889, 2.25448, -42.97381],
							"size": [0.71778, 1.72448, 23.23727],
							"pivot": [0, 3.11673, -32.30315],
							"rotation": [0, 0, 22.5],
							"uv": {
								"up": {"uv": [16, 29], "uv_size": [0.5, 23]},
								"down": {"uv": [17, 52], "uv_size": [0.5, -23]}
							}
						},
						{
							"origin": [-0.35889, 2.25448, -42.97381],
							"size": [0.71778, 1.72448, 23.23727],
							"pivot": [0, 3.11673, -32.30315],
							"rotation": [0, 0, 67.5],
							"uv": {
								"up": {"uv": [18, 29], "uv_size": [0.5, 23]},
								"down": {"uv": [19, 52], "uv_size": [0.5, -23]}
							}
						},
						{
							"origin": [-0.35889, 2.25448, -42.97381],
							"size": [0.71778, 1.72448, 23.23727],
							"pivot": [0, 3.11673, -32.30315],
							"rotation": [0, 0, 112.5],
							"uv": {
								"up": {"uv": [20, 29], "uv_size": [0.5, 23]},
								"down": {"uv": [21, 52], "uv_size": [0.5, -23]}
							}
						},
						{
							"origin": [-0.35889, 2.25448, -42.97381],
							"size": [0.71778, 1.72448, 23.23727],
							"pivot": [0, 3.11673, -32.30315],
							"rotation": [0, 0, 157.5],
							"uv": {
								"up": {"uv": [22, 29], "uv_size": [0.5, 23]},
								"down": {"uv": [29, 48], "uv_size": [0.5, -23]}
							}
						}
					]
				},
				{
					"name": "bone33",
					"parent": "action2",
					"pivot": [0, 3.11673, -11.63089],
					"rotation": [0, 180, 0],
					"cubes": [
						{
							"origin": [-0.50078, 1.9136, -5.19089],
							"size": [1.00155, 2.40625, 1.61],
							"pivot": [0, 3.11673, 2.9439],
							"rotation": [0, 0, 22.5],
							"uv": {
								"south": {"uv": [38, 27], "uv_size": [1, 2.5]},
								"up": {"uv": [40, 9], "uv_size": [1, 1.5]},
								"down": {"uv": [40, 12.5], "uv_size": [1, -1.5]}
							}
						},
						{
							"origin": [-0.50078, 1.9136, -5.19089],
							"size": [1.00155, 2.40625, 1.61],
							"pivot": [0, 3.11673, 2.9439],
							"rotation": [0, 0, 67.5],
							"uv": {
								"south": {"uv": [28, 38], "uv_size": [1, 2.5]},
								"up": {"uv": [40, 16], "uv_size": [1, 1.5]},
								"down": {"uv": [40, 23.5], "uv_size": [1, -1.5]}
							}
						},
						{
							"origin": [-0.50078, 1.9136, -5.19089],
							"size": [1.00155, 2.40625, 1.61],
							"pivot": [0, 3.11673, 2.9439],
							"rotation": [0, 0, 112.5],
							"uv": {
								"south": {"uv": [33, 38], "uv_size": [1, 2.5]},
								"up": {"uv": [40, 27], "uv_size": [1, 1.5]},
								"down": {"uv": [32, 41.5], "uv_size": [1, -1.5]}
							}
						},
						{
							"origin": [-0.50078, 1.9136, -5.19089],
							"size": [1.00155, 2.40625, 1.61],
							"pivot": [0, 3.11673, 2.9439],
							"rotation": [0, 0, 157.5],
							"uv": {
								"south": {"uv": [36, 38], "uv_size": [1, 2.5]},
								"up": {"uv": [40, 32], "uv_size": [1, 1.5]},
								"down": {"uv": [34, 41.5], "uv_size": [1, -1.5]}
							}
						}
					]
				},
				{
					"name": "bone34",
					"parent": "action2",
					"pivot": [0, 3.11673, -51.07589],
					"rotation": [0, 180, 0],
					"cubes": [
						{
							"origin": [-0.41064, 2.13016, -59.15809],
							"size": [0.82127, 1.97313, 3.9606],
							"pivot": [0, 3.11673, -57.17779],
							"rotation": [0, 0, 22.5],
							"uv": {
								"north": {"uv": [28, 25], "uv_size": [1, 2]},
								"south": {"uv": [25, 39], "uv_size": [1, 2]},
								"up": {"uv": [33, 18], "uv_size": [1, 4]},
								"down": {"uv": [33, 26], "uv_size": [1, -4]}
							}
						},
						{
							"origin": [-0.41064, 2.13016, -59.15809],
							"size": [0.82127, 1.97313, 3.9606],
							"pivot": [0, 3.11673, -57.17779],
							"rotation": [0, 0, 67.5],
							"uv": {
								"north": {"uv": [26, 39], "uv_size": [1, 2]},
								"south": {"uv": [27, 39], "uv_size": [1, 2]},
								"up": {"uv": [33, 26], "uv_size": [1, 4]},
								"down": {"uv": [33, 34], "uv_size": [1, -4]}
							}
						},
						{
							"origin": [-0.41064, 2.13016, -59.15809],
							"size": [0.82127, 1.97313, 3.9606],
							"pivot": [0, 3.11673, -57.17779],
							"rotation": [0, 0, 112.5],
							"uv": {
								"north": {"uv": [39, 27], "uv_size": [1, 2]},
								"south": {"uv": [30, 39], "uv_size": [1, 2]},
								"up": {"uv": [0, 34], "uv_size": [1, 4]},
								"down": {"uv": [34, 4], "uv_size": [1, -4]}
							}
						},
						{
							"origin": [-0.41064, 2.13016, -59.15809],
							"size": [0.82127, 1.97313, 3.9606],
							"pivot": [0, 3.11673, -57.17779],
							"rotation": [0, 0, 157.5],
							"uv": {
								"north": {"uv": [31, 39], "uv_size": [1, 2]},
								"south": {"uv": [39, 32], "uv_size": [1, 2]},
								"up": {"uv": [1, 34], "uv_size": [1, 4]},
								"down": {"uv": [2, 38], "uv_size": [1, -4]}
							}
						}
					]
				},
				{
					"name": "bone35",
					"parent": "barrel2",
					"pivot": [0, 3.09144, 4.26768],
					"cubes": [
						{
							"origin": [-1.80329, 4.15224, -15.20527],
							"size": [0.76048, 0.805, 3.5259],
							"pivot": [0, 3.13169, -13.44232],
							"rotation": [90, -45, -180],
							"uv": {
								"north": {"uv": [39, 12], "uv_size": [1, 1]},
								"east": {"uv": [34, 24], "uv_size": [3.5, 1]},
								"south": {"uv": [40, 3], "uv_size": [1, 1]},
								"west": {"uv": [34, 25], "uv_size": [3.5, 1]},
								"up": {"uv": [3, 34], "uv_size": [1, 3.5]},
								"down": {"uv": [34, 29.5], "uv_size": [1, -3.5]}
							}
						},
						{
							"origin": [-0.38024, 2.72919, -15.20527],
							"size": [0.76048, 0.805, 3.5259],
							"pivot": [0, 3.13169, -13.44232],
							"rotation": [90, -45, -180],
							"uv": {
								"north": {"uv": [6, 41], "uv_size": [1, 1]},
								"east": {"uv": [34, 30], "uv_size": [3.5, 1]},
								"south": {"uv": [7, 41], "uv_size": [1, 1]},
								"west": {"uv": [34, 31], "uv_size": [3.5, 1]},
								"up": {"uv": [34, 32], "uv_size": [1, 3.5]},
								"down": {"uv": [33, 37.5], "uv_size": [1, -3.5]}
							}
						},
						{
							"origin": [1.04281, 1.30614, -15.20527],
							"size": [0.76048, 0.805, 3.5259],
							"pivot": [0, 3.13169, -13.44232],
							"rotation": [90, -45, -180],
							"uv": {
								"north": {"uv": [41, 9], "uv_size": [1, 1]},
								"east": {"uv": [35, 0], "uv_size": [3.5, 1]},
								"south": {"uv": [10, 41], "uv_size": [1, 1]},
								"west": {"uv": [35, 1], "uv_size": [3.5, 1]},
								"up": {"uv": [35, 6], "uv_size": [1, 3.5]},
								"down": {"uv": [35, 13.5], "uv_size": [1, -3.5]}
							}
						},
						{
							"origin": [-1.80329, 4.15224, -15.20527],
							"size": [0.76048, 0.805, 3.5259],
							"pivot": [0, 3.13169, -13.44232],
							"rotation": [90, -45, -90],
							"uv": {
								"north": {"uv": [41, 10], "uv_size": [1, 1]},
								"east": {"uv": [35, 2], "uv_size": [3.5, 1]},
								"south": {"uv": [11, 41], "uv_size": [1, 1]},
								"west": {"uv": [35, 3], "uv_size": [3.5, 1]},
								"up": {"uv": [35, 14], "uv_size": [1, 3.5]},
								"down": {"uv": [35, 29.5], "uv_size": [1, -3.5]}
							}
						},
						{
							"origin": [-0.38024, 2.72919, -15.20527],
							"size": [0.76048, 0.805, 3.5259],
							"pivot": [0, 3.13169, -13.44232],
							"rotation": [90, -45, -90],
							"uv": {
								"north": {"uv": [41, 11], "uv_size": [1, 1]},
								"east": {"uv": [35, 32], "uv_size": [3.5, 1]},
								"south": {"uv": [12, 41], "uv_size": [1, 1]},
								"west": {"uv": [35, 33], "uv_size": [3.5, 1]},
								"up": {"uv": [30, 35], "uv_size": [1, 3.5]},
								"down": {"uv": [31, 38.5], "uv_size": [1, -3.5]}
							}
						},
						{
							"origin": [1.04281, 1.30614, -15.20527],
							"size": [0.76048, 0.805, 3.5259],
							"pivot": [0, 3.13169, -13.44232],
							"rotation": [90, -45, -90],
							"uv": {
								"north": {"uv": [41, 12], "uv_size": [1, 1]},
								"east": {"uv": [35, 34], "uv_size": [3.5, 1]},
								"south": {"uv": [13, 41], "uv_size": [1, 1]},
								"west": {"uv": [35, 35], "uv_size": [3.5, 1]},
								"up": {"uv": [4, 36], "uv_size": [1, 3.5]},
								"down": {"uv": [5, 39.5], "uv_size": [1, -3.5]}
							}
						},
						{
							"origin": [-1.80329, 4.15224, -16.11492],
							"size": [0.76048, 0.805, 3.5259],
							"pivot": [0, 3.13169, -14.35197],
							"rotation": [90, -45, -135],
							"uv": {
								"north": {"uv": [41, 13], "uv_size": [1, 1]},
								"east": {"uv": [36, 6], "uv_size": [3.5, 1]},
								"south": {"uv": [14, 41], "uv_size": [1, 1]},
								"west": {"uv": [36, 7], "uv_size": [3.5, 1]},
								"up": {"uv": [36, 8], "uv_size": [1, 3.5]},
								"down": {"uv": [36, 15.5], "uv_size": [1, -3.5]}
							}
						},
						{
							"origin": [-0.38024, 2.72919, -16.11492],
							"size": [0.76048, 0.805, 3.5259],
							"pivot": [0, 3.13169, -14.35197],
							"rotation": [90, -45, -135],
							"uv": {
								"north": {"uv": [41, 14], "uv_size": [1, 1]},
								"east": {"uv": [36, 16], "uv_size": [3.5, 1]},
								"south": {"uv": [15, 41], "uv_size": [1, 1]},
								"west": {"uv": [36, 17], "uv_size": [3.5, 1]},
								"up": {"uv": [36, 18], "uv_size": [1, 3.5]},
								"down": {"uv": [36, 29.5], "uv_size": [1, -3.5]}
							}
						},
						{
							"origin": [1.04281, 1.30614, -16.11492],
							"size": [0.76048, 0.805, 3.5259],
							"pivot": [0, 3.13169, -14.35197],
							"rotation": [90, -45, -135],
							"uv": {
								"north": {"uv": [41, 15], "uv_size": [1, 1]},
								"east": {"uv": [36, 22], "uv_size": [3.5, 1]},
								"south": {"uv": [41, 16], "uv_size": [1, 1]},
								"west": {"uv": [36, 23], "uv_size": [3.5, 1]},
								"up": {"uv": [32, 36], "uv_size": [1, 3.5]},
								"down": {"uv": [34, 39.5], "uv_size": [1, -3.5]}
							}
						},
						{
							"origin": [1.04281, 1.30614, -14.10242],
							"size": [0.76048, 0.805, 3.5259],
							"pivot": [0, 3.13169, -12.33947],
							"rotation": [90, -45, -135],
							"uv": {
								"north": {"uv": [41, 17], "uv_size": [1, 1]},
								"east": {"uv": [35, 36], "uv_size": [3.5, 1]},
								"south": {"uv": [41, 18], "uv_size": [1, 1]},
								"west": {"uv": [37, 4], "uv_size": [3.5, 1]},
								"up": {"uv": [6, 37], "uv_size": [1, 3.5]},
								"down": {"uv": [7, 40.5], "uv_size": [1, -3.5]}
							}
						},
						{
							"origin": [1.04281, 1.30614, -14.10242],
							"size": [0.76048, 0.805, 3.5259],
							"pivot": [0, 3.13169, -12.33947],
							"rotation": [90, -45, -45],
							"uv": {
								"north": {"uv": [41, 19], "uv_size": [1, 1]},
								"east": {"uv": [37, 5], "uv_size": [3.5, 1]},
								"south": {"uv": [41, 20], "uv_size": [1, 1]},
								"west": {"uv": [37, 8], "uv_size": [3.5, 1]},
								"up": {"uv": [37, 9], "uv_size": [1, 3.5]},
								"down": {"uv": [37, 21.5], "uv_size": [1, -3.5]}
							}
						},
						{
							"origin": [1.04281, 1.30614, -16.11492],
							"size": [0.76048, 0.805, 3.5259],
							"pivot": [0, 3.13169, -14.35197],
							"rotation": [90, -45, -45],
							"uv": {
								"north": {"uv": [41, 21], "uv_size": [1, 1]},
								"east": {"uv": [37, 13], "uv_size": [3.5, 1]},
								"south": {"uv": [41, 22], "uv_size": [1, 1]},
								"west": {"uv": [37, 14], "uv_size": [3.5, 1]},
								"up": {"uv": [23, 37], "uv_size": [1, 3.5]},
								"down": {"uv": [24, 40.5], "uv_size": [1, -3.5]}
							}
						},
						{
							"origin": [-0.38024, 2.72919, -16.11492],
							"size": [0.76048, 0.805, 3.5259],
							"pivot": [0, 3.13169, -14.35197],
							"rotation": [90, -45, -45],
							"uv": {
								"north": {"uv": [23, 41], "uv_size": [1, 1]},
								"east": {"uv": [37, 15], "uv_size": [3.5, 1]},
								"south": {"uv": [41, 23], "uv_size": [1, 1]},
								"west": {"uv": [25, 37], "uv_size": [3.5, 1]},
								"up": {"uv": [37, 26], "uv_size": [1, 3.5]},
								"down": {"uv": [35, 40.5], "uv_size": [1, -3.5]}
							}
						},
						{
							"origin": [-1.80329, 4.15224, -16.11492],
							"size": [0.76048, 0.805, 3.5259],
							"pivot": [0, 3.13169, -14.35197],
							"rotation": [90, -45, -45],
							"uv": {
								"north": {"uv": [24, 41], "uv_size": [1, 1]},
								"east": {"uv": [36, 37], "uv_size": [3.5, 1]},
								"south": {"uv": [41, 24], "uv_size": [1, 1]},
								"west": {"uv": [0, 38], "uv_size": [3.5, 1]},
								"up": {"uv": [38, 9], "uv_size": [1, 3.5]},
								"down": {"uv": [38, 21.5], "uv_size": [1, -3.5]}
							}
						}
					]
				},
				{
					"name": "bone36",
					"parent": "barrel2",
					"pivot": [0, 3.11673, -11.63089],
					"rotation": [0, 180, 0],
					"cubes": [
						{
							"origin": [-0.67104, 1.50454, -14.85089],
							"size": [1.34208, 3.22438, 9.66],
							"pivot": [0, 3.11673, -5.19089],
							"rotation": [0, 0, 22.5],
							"uv": {
								"south": {"uv": [33, 6], "uv_size": [1.5, 3]},
								"up": {"uv": [23, 27], "uv_size": [1.5, 9.5]},
								"down": {"uv": [25, 36.5], "uv_size": [1.5, -9.5]}
							}
						},
						{
							"origin": [-0.67104, 1.50454, -14.85089],
							"size": [1.34208, 3.22438, 9.66],
							"pivot": [0, 3.11673, -5.19089],
							"rotation": [0, 0, 67.5],
							"uv": {
								"south": {"uv": [33, 9], "uv_size": [1.5, 3]},
								"up": {"uv": [27, 27], "uv_size": [1.5, 9.5]},
								"down": {"uv": [28, 24.5], "uv_size": [1.5, -9.5]}
							}
						},
						{
							"origin": [-0.67104, 1.50454, -14.85089],
							"size": [1.34208, 3.22438, 9.66],
							"pivot": [0, 3.11673, -5.19089],
							"rotation": [0, 0, 112.5],
							"uv": {
								"south": {"uv": [33, 12], "uv_size": [1.5, 3]},
								"up": {"uv": [8, 29], "uv_size": [1.5, 9.5]},
								"down": {"uv": [10, 38.5], "uv_size": [1.5, -9.5]}
							}
						},
						{
							"origin": [-0.67104, 1.50454, -14.85089],
							"size": [1.34208, 3.22438, 9.66],
							"pivot": [0, 3.11673, -5.19089],
							"rotation": [0, 0, 157.5],
							"uv": {
								"south": {"uv": [33, 15], "uv_size": [1.5, 3]},
								"up": {"uv": [12, 29], "uv_size": [1.5, 9.5]},
								"down": {"uv": [14, 38.5], "uv_size": [1.5, -9.5]}
							}
						}
					]
				}
			]
		}
	]
}