{
	"format_version": "1.12.0",
	"minecraft:geometry": [
		{
			"description": {
				"identifier": "geometry.m_60",
				"texture_width": 64,
				"texture_height": 64,
				"visible_bounds_width": 5,
				"visible_bounds_height": 2.5,
				"visible_bounds_offset": [0, 0.75, 0]
			},
			"bones": [
				{
					"name": "group2",
					"pivot": [0, 6.5, -3.75],
					"cubes": [
						{
							"origin": [-1, 3.25, -14.75],
							"size": [2, 3.5, 11.75],
							"uv": {
								"north": {"uv": [22, 12], "uv_size": [2, 3]},
								"east": {"uv": [10, 12], "uv_size": [12, 3]},
								"south": {"uv": [26, 5], "uv_size": [2, 3]},
								"west": {"uv": [14, 0], "uv_size": [12, 3]},
								"up": {"uv": [17, 15], "uv_size": [2, 12]},
								"down": {"uv": [19, 27], "uv_size": [2, -12]}
							}
						},
						{
							"origin": [-1, 3.25, 6.75],
							"size": [2, 3.25, 9],
							"uv": {
								"north": {"uv": [17, 27], "uv_size": [2, 3]},
								"east": {"uv": [0, 20], "uv_size": [8, 3]},
								"south": {"uv": [19, 27], "uv_size": [2, 3]},
								"west": {"uv": [8, 20], "uv_size": [8, 3]},
								"up": {"uv": [2, 23], "uv_size": [2, 8]},
								"down": {"uv": [4, 31], "uv_size": [2, -8]}
							}
						},
						{
							"origin": [-1.25, 3.25, -3],
							"size": [2.5, 3.75, 9.75],
							"uv": {
								"north": {"uv": [27, 12], "uv_size": [2, 4]},
								"east": {"uv": [0, 8], "uv_size": [10, 4]},
								"south": {"uv": [27, 16], "uv_size": [2, 4]},
								"west": {"uv": [10, 8], "uv_size": [10, 4]},
								"up": {"uv": [21, 22], "uv_size": [2, 10]},
								"down": {"uv": [0, 33], "uv_size": [2, -10]}
							}
						},
						{
							"origin": [-0.75, -7.75, 1.5],
							"size": [1.5, 4.75, 2],
							"pivot": [8, -1.5, -14.75],
							"rotation": [22.5, 0, 0],
							"uv": {
								"north": {"uv": [11, 23], "uv_size": [2, 5]},
								"east": {"uv": [13, 23], "uv_size": [2, 5]},
								"south": {"uv": [23, 22], "uv_size": [2, 5]},
								"west": {"uv": [24, 3], "uv_size": [2, 5]},
								"up": {"uv": [23, 27], "uv_size": [2, 2]},
								"down": {"uv": [27, 26], "uv_size": [2, -2]}
							}
						},
						{
							"origin": [1, -1.5, -2],
							"size": [4.75, 6.25, 3.25],
							"uv": {
								"north": {"uv": [0, 0], "uv_size": [7, 8]},
								"east": {"uv": [0, 12], "uv_size": [5, 8]},
								"south": {"uv": [7, 0], "uv_size": [7, 8]},
								"west": {"uv": [5, 12], "uv_size": [5, 8]},
								"up": {"uv": [14, 3], "uv_size": [7, 5]},
								"down": {"uv": [10, 20], "uv_size": [7, -5]}
							}
						},
						{
							"origin": [-1.25, -0.25, 14.5],
							"size": [2.5, 7, 1.5],
							"uv": {
								"north": {"uv": [21, 3], "uv_size": [3, 7]},
								"east": {"uv": [6, 23], "uv_size": [2, 7]},
								"south": {"uv": [21, 15], "uv_size": [3, 7]},
								"west": {"uv": [8, 23], "uv_size": [2, 7]},
								"up": {"uv": [27, 20], "uv_size": [3, 2]},
								"down": {"uv": [27, 24], "uv_size": [3, -2]}
							}
						},
						{
							"origin": [-1, -0.03401, 13.16789],
							"size": [2, 4.5, 1.75],
							"pivot": [0, 1.59099, 13.79289],
							"rotation": [45, 0, 0],
							"uv": {
								"north": {"uv": [24, 12], "uv_size": [2, 5]},
								"east": {"uv": [24, 17], "uv_size": [2, 5]},
								"south": {"uv": [25, 22], "uv_size": [2, 5]},
								"west": {"uv": [26, 0], "uv_size": [2, 5]},
								"up": {"uv": [25, 27], "uv_size": [2, 2]},
								"down": {"uv": [27, 28], "uv_size": [2, -2]}
							}
						},
						{
							"origin": [-1, 2.95343, 14.40533],
							"size": [2, 2, 1.75],
							"pivot": [0, 2.82843, 15.03033],
							"rotation": [45, 0, 0],
							"uv": {
								"north": {"uv": [28, 0], "uv_size": [2, 2]},
								"east": {"uv": [28, 2], "uv_size": [2, 2]},
								"south": {"uv": [28, 4], "uv_size": [2, 2]},
								"west": {"uv": [28, 6], "uv_size": [2, 2]},
								"up": {"uv": [11, 28], "uv_size": [2, 2]},
								"down": {"uv": [13, 30], "uv_size": [2, -2]}
							}
						},
						{
							"origin": [-0.5, 4.75, -32.5],
							"size": [1, 1, 17.75],
							"uv": {
								"north": {"uv": [20, 8], "uv_size": [1, 1]},
								"east": {"uv": [20, 10], "uv_size": [12, 1]},
								"south": {"uv": [20, 9], "uv_size": [1, 1]},
								"west": {"uv": [20, 11], "uv_size": [12, 1]},
								"up": {"uv": [16, 20], "uv_size": [1, 12]},
								"down": {"uv": [10, 35], "uv_size": [1, -12]}
							}
						},
						{
							"origin": [-0.5, 3.5, -24.75],
							"size": [1, 1, 10],
							"uv": {
								"north": {"uv": [26, 21], "uv_size": [1, 1]},
								"east": {"uv": [24, 8], "uv_size": [9, 1]},
								"south": {"uv": [29, 18], "uv_size": [1, 1]},
								"west": {"uv": [24, 9], "uv_size": [9, 1]},
								"up": {"uv": [15, 23], "uv_size": [1, 9]},
								"down": {"uv": [26, 21], "uv_size": [1, -9]}
							}
						},
						{
							"origin": [-0.25, 4.5, -26.5],
							"size": [0.5, 3.25, 1],
							"uv": {
								"north": {"uv": [27, 28], "uv_size": [1, 3]},
								"east": {"uv": [28, 28], "uv_size": [1, 3]},
								"south": {"uv": [29, 12], "uv_size": [1, 3]},
								"west": {"uv": [29, 15], "uv_size": [1, 3]},
								"up": {"uv": [29, 19], "uv_size": [1, 1]},
								"down": {"uv": [23, 30], "uv_size": [1, -1]}
							}
						}
					]
				}
			]
		}
	]
}