{
	"format_version": "1.12.0",
	"minecraft:geometry": [
		{
			"description": {
				"identifier": "geometry.m_79",
				"texture_width": 32,
				"texture_height": 32,
				"visible_bounds_width": 4,
				"visible_bounds_height": 2.5,
				"visible_bounds_offset": [0, 0.75, 0]
			},
			"bones": [
				{
					"name": "group",
					"pivot": [0, 0.61136, 5.701],
					"cubes": [
						{
							"origin": [-0.665, 1.16, -9.89],
							"size": [1.33, 1.33, 17.29],
							"uv": {
								"north": {"uv": [11, 6], "uv_size": [1, 1]},
								"east": {"uv": [0, 4], "uv_size": [13, 1]},
								"south": {"uv": [16, 11], "uv_size": [1, 1]},
								"west": {"uv": [0, 5], "uv_size": [13, 1]},
								"up": {"uv": [0, 6], "uv_size": [1, 13]},
								"down": {"uv": [1, 19], "uv_size": [1, -13]}
							}
						},
						{
							"origin": [-0.665, 0.75373, 6.44195],
							"size": [1.33, 2.3275, 4.9875],
							"pivot": [0, 0.37739, 5.43483],
							"rotation": [-22.5, 0, 0],
							"uv": {
								"north": {"uv": [14, 4], "uv_size": [1, 2]},
								"east": {"uv": [7, 1], "uv_size": [4, 2]},
								"south": {"uv": [14, 6], "uv_size": [1, 2]},
								"west": {"uv": [4, 7], "uv_size": [4, 2]},
								"up": {"uv": [5, 11], "uv_size": [1, 4]},
								"down": {"uv": [6, 15], "uv_size": [1, -4]}
							}
						},
						{
							"origin": [-0.665, -1.56896, 11.11715],
							"size": [1.33, 2.3275, 8.9775],
							"uv": {
								"north": {"uv": [8, 14], "uv_size": [1, 2]},
								"east": {"uv": [0, 0], "uv_size": [7, 2]},
								"south": {"uv": [14, 8], "uv_size": [1, 2]},
								"west": {"uv": [0, 2], "uv_size": [7, 2]},
								"up": {"uv": [8, 7], "uv_size": [1, 7]},
								"down": {"uv": [4, 16], "uv_size": [1, -7]}
							}
						},
						{
							"origin": [-0.665, -2.23396, 15.77215],
							"size": [1.33, 0.665, 4.3225],
							"uv": {
								"north": {"uv": [13, 16], "uv_size": [1, 1]},
								"east": {"uv": [7, 3], "uv_size": [3, 1]},
								"south": {"uv": [14, 16], "uv_size": [1, 1]},
								"west": {"uv": [10, 3], "uv_size": [3, 1]},
								"up": {"uv": [12, 10], "uv_size": [1, 3]},
								"down": {"uv": [13, 6], "uv_size": [1, -3]}
							}
						},
						{
							"origin": [-0.665, -1.90286, 12.77756],
							"size": [1.33, 0.665, 2.3275],
							"uv": {
								"north": {"uv": [15, 16], "uv_size": [1, 1]},
								"east": {"uv": [14, 10], "uv_size": [2, 1]},
								"south": {"uv": [16, 16], "uv_size": [1, 1]},
								"west": {"uv": [14, 11], "uv_size": [2, 1]},
								"up": {"uv": [14, 12], "uv_size": [1, 2]},
								"down": {"uv": [14, 16], "uv_size": [1, -2]}
							}
						},
						{
							"origin": [-0.665, 1.92073, 14.9871],
							"size": [1.33, 0.665, 0.9975],
							"pivot": [0, 0.37739, 5.43483],
							"rotation": [-22.5, 0, 0],
							"uv": {
								"north": {"uv": [2, 17], "uv_size": [1, 1]},
								"east": {"uv": [3, 17], "uv_size": [1, 1]},
								"south": {"uv": [5, 17], "uv_size": [1, 1]},
								"west": {"uv": [6, 17], "uv_size": [1, 1]},
								"up": {"uv": [7, 17], "uv_size": [1, 1]},
								"down": {"uv": [17, 8], "uv_size": [1, -1]}
							}
						},
						{
							"origin": [-0.665, 1.08067, 12.09375],
							"size": [1.33, 0.665, 0.9975],
							"pivot": [0, 0.37739, 5.43483],
							"rotation": [-22.5, 0, 0],
							"uv": {
								"north": {"uv": [17, 8], "uv_size": [1, 1]},
								"east": {"uv": [9, 17], "uv_size": [1, 1]},
								"south": {"uv": [17, 9], "uv_size": [1, 1]},
								"west": {"uv": [10, 17], "uv_size": [1, 1]},
								"up": {"uv": [11, 17], "uv_size": [1, 1]},
								"down": {"uv": [17, 12], "uv_size": [1, -1]}
							}
						},
						{
							"origin": [-0.798, -2.56646, 19.42965],
							"size": [1.596, 5.6525, 1.6625],
							"uv": {
								"north": {"uv": [7, 11], "uv_size": [1, 4]},
								"east": {"uv": [9, 11], "uv_size": [1, 4]},
								"south": {"uv": [10, 11], "uv_size": [1, 4]},
								"west": {"uv": [11, 11], "uv_size": [1, 4]},
								"up": {"uv": [17, 12], "uv_size": [1, 1]},
								"down": {"uv": [13, 18], "uv_size": [1, -1]}
							}
						},
						{
							"origin": [-0.665, -4.35878, 11.78291],
							"size": [1.33, 2.3275, 3.325],
							"pivot": [0, 0.37739, 5.43483],
							"rotation": [22.5, 0, 0],
							"uv": {
								"north": {"uv": [15, 1], "uv_size": [1, 2]},
								"east": {"uv": [5, 9], "uv_size": [3, 2]},
								"south": {"uv": [15, 3], "uv_size": [1, 2]},
								"west": {"uv": [9, 7], "uv_size": [3, 2]},
								"up": {"uv": [13, 10], "uv_size": [1, 3]},
								"down": {"uv": [12, 16], "uv_size": [1, -3]}
							}
						},
						{
							"origin": [-0.665, -4.94508, 16.06036],
							"size": [1.33, 2.3275, 3.325],
							"pivot": [0, 0.37739, 5.43483],
							"rotation": [22.5, 0, 0],
							"uv": {
								"north": {"uv": [5, 15], "uv_size": [1, 2]},
								"east": {"uv": [9, 9], "uv_size": [3, 2]},
								"south": {"uv": [15, 5], "uv_size": [1, 2]},
								"west": {"uv": [11, 1], "uv_size": [3, 2]},
								"up": {"uv": [13, 13], "uv_size": [1, 3]},
								"down": {"uv": [14, 4], "uv_size": [1, -3]}
							}
						},
						{
							"origin": [-0.665, -0.47371, 15.29336],
							"size": [1.33, 2.3275, 1.995],
							"uv": {
								"north": {"uv": [6, 15], "uv_size": [1, 2]},
								"east": {"uv": [12, 6], "uv_size": [2, 2]},
								"south": {"uv": [7, 15], "uv_size": [1, 2]},
								"west": {"uv": [12, 8], "uv_size": [2, 2]},
								"up": {"uv": [15, 7], "uv_size": [1, 2]},
								"down": {"uv": [9, 17], "uv_size": [1, -2]}
							}
						},
						{
							"origin": [-0.9975, 2.49, -3.24],
							"size": [1.995, 0.3325, 0.3325],
							"uv": {
								"north": {"uv": [15, 9], "uv_size": [2, 1]},
								"east": {"uv": [17, 13], "uv_size": [1, 1]},
								"south": {"uv": [10, 15], "uv_size": [2, 1]},
								"west": {"uv": [14, 17], "uv_size": [1, 1]},
								"up": {"uv": [15, 12], "uv_size": [2, 1]},
								"down": {"uv": [15, 14], "uv_size": [2, -1]}
							}
						},
						{
							"origin": [-0.9975, 2.49, -6.565],
							"size": [1.995, 0.3325, 0.3325],
							"uv": {
								"north": {"uv": [15, 14], "uv_size": [2, 1]},
								"east": {"uv": [17, 14], "uv_size": [1, 1]},
								"south": {"uv": [15, 15], "uv_size": [2, 1]},
								"west": {"uv": [15, 17], "uv_size": [1, 1]},
								"up": {"uv": [16, 0], "uv_size": [2, 1]},
								"down": {"uv": [16, 2], "uv_size": [2, -1]}
							}
						},
						{
							"origin": [-0.9975, 2.49, -6.565],
							"size": [1.995, 0.3325, 0.3325],
							"uv": {
								"north": {"uv": [2, 16], "uv_size": [2, 1]},
								"east": {"uv": [17, 15], "uv_size": [1, 1]},
								"south": {"uv": [16, 2], "uv_size": [2, 1]},
								"west": {"uv": [16, 17], "uv_size": [1, 1]},
								"up": {"uv": [16, 3], "uv_size": [2, 1]},
								"down": {"uv": [16, 5], "uv_size": [2, -1]}
							}
						},
						{
							"origin": [-0.1995, 2.49, -9.5575],
							"size": [0.399, 0.3325, 0.3325],
							"uv": {
								"north": {"uv": [17, 16], "uv_size": [1, 1]},
								"east": {"uv": [17, 17], "uv_size": [1, 1]},
								"south": {"uv": [18, 0], "uv_size": [1, 1]},
								"west": {"uv": [18, 1], "uv_size": [1, 1]},
								"up": {"uv": [2, 18], "uv_size": [1, 1]},
								"down": {"uv": [18, 3], "uv_size": [1, -1]}
							}
						},
						{
							"origin": [-0.1995, 2.49, -9.5575],
							"size": [0.399, 0.3325, 0.3325],
							"uv": {
								"north": {"uv": [3, 18], "uv_size": [1, 1]},
								"east": {"uv": [18, 3], "uv_size": [1, 1]},
								"south": {"uv": [4, 18], "uv_size": [1, 1]},
								"west": {"uv": [18, 4], "uv_size": [1, 1]},
								"up": {"uv": [5, 18], "uv_size": [1, 1]},
								"down": {"uv": [18, 6], "uv_size": [1, -1]}
							}
						},
						{
							"origin": [-0.9975, 2.49, -6.2325],
							"size": [0.1995, 0.3325, 2.9925],
							"uv": {
								"north": {"uv": [6, 18], "uv_size": [1, 1]},
								"east": {"uv": [16, 5], "uv_size": [2, 1]},
								"south": {"uv": [18, 6], "uv_size": [1, 1]},
								"west": {"uv": [16, 6], "uv_size": [2, 1]},
								"up": {"uv": [4, 16], "uv_size": [1, 2]},
								"down": {"uv": [16, 9], "uv_size": [1, -2]}
							}
						},
						{
							"origin": [0.798, 2.49, -6.2325],
							"size": [0.1995, 0.3325, 2.9925],
							"uv": {
								"north": {"uv": [7, 18], "uv_size": [1, 1]},
								"east": {"uv": [10, 16], "uv_size": [2, 1]},
								"south": {"uv": [18, 7], "uv_size": [1, 1]},
								"west": {"uv": [16, 10], "uv_size": [2, 1]},
								"up": {"uv": [8, 16], "uv_size": [1, 2]},
								"down": {"uv": [12, 18], "uv_size": [1, -2]}
							}
						},
						{
							"origin": [-0.532, 0.1625, -3.905],
							"size": [1.064, 1.6625, 11.305],
							"uv": {
								"north": {"uv": [8, 18], "uv_size": [1, 1]},
								"east": {"uv": [2, 6], "uv_size": [9, 1]},
								"south": {"uv": [18, 8], "uv_size": [1, 1]},
								"west": {"uv": [7, 0], "uv_size": [9, 1]},
								"up": {"uv": [2, 7], "uv_size": [1, 9]},
								"down": {"uv": [3, 16], "uv_size": [1, -9]}
							}
						},
						{
							"origin": [-0.1995, -1.1675, 4.4075],
							"size": [0.399, 1.33, 0.3325],
							"uv": {
								"north": {"uv": [9, 18], "uv_size": [1, 1]},
								"east": {"uv": [18, 9], "uv_size": [1, 1]},
								"south": {"uv": [10, 18], "uv_size": [1, 1]},
								"west": {"uv": [18, 10], "uv_size": [1, 1]},
								"up": {"uv": [11, 18], "uv_size": [1, 1]},
								"down": {"uv": [18, 12], "uv_size": [1, -1]}
							}
						},
						{
							"origin": [-0.1995, -1.1675, 4.74],
							"size": [0.399, 0.3325, 1.6625],
							"uv": {
								"north": {"uv": [12, 18], "uv_size": [1, 1]},
								"east": {"uv": [18, 12], "uv_size": [1, 1]},
								"south": {"uv": [13, 18], "uv_size": [1, 1]},
								"west": {"uv": [18, 13], "uv_size": [1, 1]},
								"up": {"uv": [14, 18], "uv_size": [1, 1]},
								"down": {"uv": [18, 15], "uv_size": [1, -1]}
							}
						},
						{
							"origin": [-0.1995, -0.5025, 3.7425],
							"size": [0.399, 0.3325, 0.665],
							"uv": {
								"north": {"uv": [15, 18], "uv_size": [1, 1]},
								"east": {"uv": [18, 15], "uv_size": [1, 1]},
								"south": {"uv": [16, 18], "uv_size": [1, 1]},
								"west": {"uv": [18, 16], "uv_size": [1, 1]},
								"up": {"uv": [17, 18], "uv_size": [1, 1]},
								"down": {"uv": [18, 18], "uv_size": [1, -1]}
							}
						},
						{
							"origin": [-0.1995, -1.1675, 6.4025],
							"size": [0.399, 1.33, 0.3325],
							"uv": {
								"north": {"uv": [18, 18], "uv_size": [1, 1]},
								"east": {"uv": [0, 19], "uv_size": [1, 1]},
								"south": {"uv": [19, 0], "uv_size": [1, 1]},
								"west": {"uv": [1, 19], "uv_size": [1, 1]},
								"up": {"uv": [19, 1], "uv_size": [1, 1]},
								"down": {"uv": [2, 20], "uv_size": [1, -1]}
							}
						},
						{
							"origin": [-0.1995, -0.5025, 5.7375],
							"size": [0.399, 0.665, 0.3325],
							"uv": {
								"north": {"uv": [19, 2], "uv_size": [1, 1]},
								"east": {"uv": [3, 19], "uv_size": [1, 1]},
								"south": {"uv": [19, 3], "uv_size": [1, 1]},
								"west": {"uv": [4, 19], "uv_size": [1, 1]},
								"up": {"uv": [19, 4], "uv_size": [1, 1]},
								"down": {"uv": [5, 20], "uv_size": [1, -1]}
							}
						}
					]
				}
			]
		}
	]
}