{
	"format_version": "1.12.0",
	"minecraft:geometry": [
		{
			"description": {
				"identifier": "geometry.minigun",
				"texture_width": 64,
				"texture_height": 64,
				"visible_bounds_width": 5,
				"visible_bounds_height": 2.5,
				"visible_bounds_offset": [0, 0.75, 0]
			},
			"bones": [
				{
					"name": "group2",
					"pivot": [0, 8.75, 6.25],
					"cubes": [
						{
							"origin": [-3.825, 0.4625, 1.2775],
							"size": [7.65, 4.27125, 11.3475],
							"uv": {
								"north": {"uv": [15, 19], "uv_size": [6, 3]},
								"east": {"uv": [0, 9], "uv_size": [9, 3]},
								"south": {"uv": [21, 0], "uv_size": [6, 3]},
								"west": {"uv": [9, 9], "uv_size": [9, 3]},
								"up": {"uv": [0, 0], "uv_size": [6, 9]},
								"down": {"uv": [6, 9], "uv_size": [6, -9]}
							}
						},
						{
							"origin": [-6.05625, -1.96, 2.87125],
							"size": [3.825, 3.6975, 9.11625],
							"uv": {
								"north": {"uv": [43, 12], "uv_size": [3, 3]},
								"east": {"uv": [15, 16], "uv_size": [7, 3]},
								"south": {"uv": [44, 21], "uv_size": [3, 3]},
								"west": {"uv": [18, 9], "uv_size": [7, 3]},
								"up": {"uv": [6, 15], "uv_size": [3, 7]},
								"down": {"uv": [0, 26], "uv_size": [3, -7]}
							}
						},
						{
							"origin": [-1.9125, -4.19125, 3.8275],
							"size": [3.825, 4.65375, 8.16],
							"uv": {
								"north": {"uv": [40, 40], "uv_size": [3, 4]},
								"east": {"uv": [0, 15], "uv_size": [6, 4]},
								"south": {"uv": [3, 41], "uv_size": [3, 4]},
								"west": {"uv": [15, 12], "uv_size": [6, 4]},
								"up": {"uv": [3, 19], "uv_size": [3, 6]},
								"down": {"uv": [21, 9], "uv_size": [3, -6]}
							}
						},
						{
							"origin": [-4.78125, 4.2875, 5.1025],
							"size": [2.55, 2.55, 9.11625],
							"pivot": [-3.50625, 5.5625, 9.66063],
							"rotation": [0, 0, -45],
							"uv": {
								"north": {"uv": [29, 52], "uv_size": [2, 2]},
								"east": {"uv": [40, 7], "uv_size": [7, 2]},
								"south": {"uv": [52, 32], "uv_size": [2, 2]},
								"west": {"uv": [40, 19], "uv_size": [7, 2]},
								"up": {"uv": [12, 40], "uv_size": [2, 7]},
								"down": {"uv": [38, 47], "uv_size": [2, -7]}
							}
						},
						{
							"origin": [2.55, -0.8125, 1.59625],
							"size": [3.50625, 3.50625, 11.985],
							"pivot": [3.825, 0.4625, 9.66063],
							"rotation": [0, 0, -45],
							"uv": {
								"north": {"uv": [44, 24], "uv_size": [3, 3]},
								"east": {"uv": [0, 12], "uv_size": [9, 3]},
								"south": {"uv": [44, 27], "uv_size": [3, 3]},
								"west": {"uv": [12, 0], "uv_size": [9, 3]},
								"up": {"uv": [9, 12], "uv_size": [3, 9]},
								"down": {"uv": [12, 21], "uv_size": [3, -9]}
							}
						},
						{
							"origin": [-1.59375, 0.78125, 12.625],
							"size": [3.1875, 3.9525, 7.96875],
							"uv": {
								"north": {"uv": [40, 44], "uv_size": [3, 3]},
								"east": {"uv": [9, 21], "uv_size": [6, 3]},
								"south": {"uv": [43, 44], "uv_size": [3, 3]},
								"west": {"uv": [21, 12], "uv_size": [6, 3]},
								"up": {"uv": [21, 19], "uv_size": [3, 6]},
								"down": {"uv": [6, 28], "uv_size": [3, -6]}
							}
						},
						{
							"origin": [-0.95625, 4.09625, 17.0875],
							"size": [1.9125, 5.41875, 2.23125],
							"pivot": [0, 7.12438, 18.20313],
							"rotation": [22.5, 0, 0],
							"uv": {
								"north": {"uv": [3, 45], "uv_size": [2, 4]},
								"east": {"uv": [21, 45], "uv_size": [2, 4]},
								"south": {"uv": [0, 46], "uv_size": [2, 4]},
								"west": {"uv": [46, 11], "uv_size": [2, 4]},
								"up": {"uv": [34, 52], "uv_size": [2, 2]},
								"down": {"uv": [40, 54], "uv_size": [2, -2]}
							}
						},
						{
							"origin": [-5.7375, 4.73375, 1.2775],
							"size": [11.475, 1.53, 3.4425],
							"uv": {
								"north": {"uv": [45, 9], "uv_size": [9, 1]},
								"east": {"uv": [47, 29], "uv_size": [3, 1]},
								"south": {"uv": [45, 10], "uv_size": [9, 1]},
								"west": {"uv": [53, 2], "uv_size": [3, 1]},
								"up": {"uv": [12, 3], "uv_size": [9, 3]},
								"down": {"uv": [12, 9], "uv_size": [9, -3]}
							}
						},
						{
							"origin": [-4.4625, 6.26375, 2.23375],
							"size": [1.08375, 3.1875, 1.53],
							"uv": {
								"north": {"uv": [5, 45], "uv_size": [1, 3]},
								"east": {"uv": [2, 46], "uv_size": [1, 3]},
								"south": {"uv": [27, 47], "uv_size": [1, 3]},
								"west": {"uv": [4, 49], "uv_size": [1, 3]},
								"up": {"uv": [45, 11], "uv_size": [1, 1]},
								"down": {"uv": [37, 54], "uv_size": [1, -1]}
							}
						},
						{
							"origin": [3.37875, 6.26375, 2.23375],
							"size": [1.08375, 3.1875, 1.53],
							"uv": {
								"north": {"uv": [6, 53], "uv_size": [1, 3]},
								"east": {"uv": [7, 53], "uv_size": [1, 3]},
								"south": {"uv": [8, 53], "uv_size": [1, 3]},
								"west": {"uv": [53, 19], "uv_size": [1, 3]},
								"up": {"uv": [0, 54], "uv_size": [1, 1]},
								"down": {"uv": [1, 55], "uv_size": [1, -1]}
							}
						},
						{
							"origin": [-3.37875, 8.94125, 2.23375],
							"size": [6.7575, 0.51, 1.53],
							"uv": {
								"north": {"uv": [50, 31], "uv_size": [5, 1]},
								"east": {"uv": [54, 7], "uv_size": [1, 1]},
								"south": {"uv": [51, 28], "uv_size": [5, 1]},
								"west": {"uv": [54, 8], "uv_size": [1, 1]},
								"up": {"uv": [40, 51], "uv_size": [5, 1]},
								"down": {"uv": [4, 53], "uv_size": [5, -1]}
							}
						}
					]
				},
				{
					"name": "group3",
					"parent": "group2",
					"pivot": [1.43438, 2.05625, -3.95]
				},
				{
					"name": "group4",
					"parent": "group3",
					"pivot": [0, 2.59812, -21.1625],
					"cubes": [
						{
							"origin": [-0.95625, 0.14375, -24.0625],
							"size": [1.9125, 4.59, 3.825],
							"uv": {
								"north": {"uv": [28, 46], "uv_size": [2, 4]},
								"east": {"uv": [21, 41], "uv_size": [3, 4]},
								"south": {"uv": [46, 40], "uv_size": [2, 4]},
								"west": {"uv": [41, 21], "uv_size": [3, 4]},
								"up": {"uv": [51, 0], "uv_size": [2, 3]},
								"down": {"uv": [51, 22], "uv_size": [2, -3]}
							}
						},
						{
							"origin": [-2.295, 1.4825, -24.0625],
							"size": [4.59, 1.9125, 3.825],
							"uv": {
								"north": {"uv": [46, 30], "uv_size": [4, 2]},
								"east": {"uv": [41, 25], "uv_size": [3, 2]},
								"south": {"uv": [46, 44], "uv_size": [4, 2]},
								"west": {"uv": [51, 7], "uv_size": [3, 2]},
								"up": {"uv": [41, 9], "uv_size": [4, 3]},
								"down": {"uv": [43, 3], "uv_size": [4, -3]}
							}
						},
						{
							"origin": [-0.95625, 0.14375, -24.0625],
							"size": [1.9125, 4.59, 3.825],
							"pivot": [0, 2.43875, -22.15],
							"rotation": [0, 0, -45],
							"uv": {
								"north": {"uv": [46, 46], "uv_size": [2, 4]},
								"east": {"uv": [0, 42], "uv_size": [3, 4]},
								"south": {"uv": [12, 47], "uv_size": [2, 4]},
								"west": {"uv": [25, 43], "uv_size": [3, 4]},
								"up": {"uv": [51, 22], "uv_size": [2, 3]},
								"down": {"uv": [25, 54], "uv_size": [2, -3]}
							}
						},
						{
							"origin": [-0.95625, 0.14375, -24.0625],
							"size": [1.9125, 4.59, 3.825],
							"pivot": [0, 2.43875, -22.15],
							"rotation": [0, 0, 45],
							"uv": {
								"north": {"uv": [47, 19], "uv_size": [2, 4]},
								"east": {"uv": [43, 40], "uv_size": [3, 4]},
								"south": {"uv": [47, 23], "uv_size": [2, 4]},
								"west": {"uv": [6, 44], "uv_size": [3, 4]},
								"up": {"uv": [51, 25], "uv_size": [2, 3]},
								"down": {"uv": [38, 54], "uv_size": [2, -3]}
							}
						}
					]
				},
				{
					"name": "group5",
					"parent": "group3",
					"pivot": [0, 2.59812, -21.1625],
					"cubes": [
						{
							"origin": [-0.95625, 0.14375, -17.56],
							"size": [1.9125, 4.59, 0.765],
							"uv": {
								"north": {"uv": [25, 47], "uv_size": [2, 4]},
								"east": {"uv": [14, 40], "uv_size": [1, 4]},
								"south": {"uv": [38, 47], "uv_size": [2, 4]},
								"west": {"uv": [14, 44], "uv_size": [1, 4]},
								"up": {"uv": [53, 15], "uv_size": [2, 1]},
								"down": {"uv": [21, 54], "uv_size": [2, -1]}
							}
						},
						{
							"origin": [-2.295, 1.4825, -17.56],
							"size": [4.59, 1.9125, 0.765],
							"uv": {
								"north": {"uv": [47, 0], "uv_size": [4, 2]},
								"east": {"uv": [40, 21], "uv_size": [1, 2]},
								"south": {"uv": [47, 7], "uv_size": [4, 2]},
								"west": {"uv": [29, 50], "uv_size": [1, 2]},
								"up": {"uv": [47, 2], "uv_size": [4, 1]},
								"down": {"uv": [52, 37], "uv_size": [4, -1]}
							}
						},
						{
							"origin": [-0.95625, 0.14375, -17.56],
							"size": [1.9125, 4.59, 0.765],
							"pivot": [0, 2.43875, -15.6475],
							"rotation": [0, 0, -45],
							"uv": {
								"north": {"uv": [40, 47], "uv_size": [2, 4]},
								"east": {"uv": [23, 45], "uv_size": [1, 4]},
								"south": {"uv": [42, 47], "uv_size": [2, 4]},
								"west": {"uv": [14, 48], "uv_size": [1, 4]},
								"up": {"uv": [53, 22], "uv_size": [2, 1]},
								"down": {"uv": [53, 24], "uv_size": [2, -1]}
							}
						},
						{
							"origin": [-0.95625, 0.14375, -17.56],
							"size": [1.9125, 4.59, 0.765],
							"pivot": [0, 2.43875, -15.6475],
							"rotation": [0, 0, 45],
							"uv": {
								"north": {"uv": [44, 47], "uv_size": [2, 4]},
								"east": {"uv": [23, 49], "uv_size": [1, 4]},
								"south": {"uv": [5, 48], "uv_size": [2, 4]},
								"west": {"uv": [45, 51], "uv_size": [1, 4]},
								"up": {"uv": [53, 24], "uv_size": [2, 1]},
								"down": {"uv": [53, 26], "uv_size": [2, -1]}
							}
						}
					]
				},
				{
					"name": "group6",
					"parent": "group3",
					"pivot": [0, 2.59812, -21.1625],
					"cubes": [
						{
							"origin": [-0.95625, 0.14375, -14.8825],
							"size": [1.9125, 4.59, 0.765],
							"uv": {
								"north": {"uv": [7, 48], "uv_size": [2, 4]},
								"east": {"uv": [14, 52], "uv_size": [1, 4]},
								"south": {"uv": [48, 11], "uv_size": [2, 4]},
								"west": {"uv": [31, 52], "uv_size": [1, 4]},
								"up": {"uv": [53, 26], "uv_size": [2, 1]},
								"down": {"uv": [53, 28], "uv_size": [2, -1]}
							}
						},
						{
							"origin": [-2.295, 1.4825, -14.8825],
							"size": [4.59, 1.9125, 0.765],
							"uv": {
								"north": {"uv": [47, 27], "uv_size": [4, 2]},
								"east": {"uv": [23, 53], "uv_size": [1, 2]},
								"south": {"uv": [48, 32], "uv_size": [4, 2]},
								"west": {"uv": [36, 53], "uv_size": [1, 2]},
								"up": {"uv": [52, 40], "uv_size": [4, 1]},
								"down": {"uv": [52, 42], "uv_size": [4, -1]}
							}
						},
						{
							"origin": [-0.95625, 0.14375, -14.8825],
							"size": [1.9125, 4.59, 0.765],
							"pivot": [0, 2.43875, -12.97],
							"rotation": [0, 0, -45],
							"uv": {
								"north": {"uv": [30, 48], "uv_size": [2, 4]},
								"east": {"uv": [42, 52], "uv_size": [1, 4]},
								"south": {"uv": [48, 40], "uv_size": [2, 4]},
								"west": {"uv": [52, 42], "uv_size": [1, 4]},
								"up": {"uv": [53, 42], "uv_size": [2, 1]},
								"down": {"uv": [53, 44], "uv_size": [2, -1]}
							}
						},
						{
							"origin": [-0.95625, 0.14375, -14.8825],
							"size": [1.9125, 4.59, 0.765],
							"pivot": [0, 2.43875, -12.97],
							"rotation": [0, 0, 45],
							"uv": {
								"north": {"uv": [48, 46], "uv_size": [2, 4]},
								"east": {"uv": [43, 52], "uv_size": [1, 4]},
								"south": {"uv": [2, 49], "uv_size": [2, 4]},
								"west": {"uv": [44, 52], "uv_size": [1, 4]},
								"up": {"uv": [53, 44], "uv_size": [2, 1]},
								"down": {"uv": [53, 46], "uv_size": [2, -1]}
							}
						}
					]
				},
				{
					"name": "group7",
					"parent": "group3",
					"pivot": [0, 2.59812, -21.1625],
					"cubes": [
						{
							"origin": [-0.95625, 0.14375, -12.205],
							"size": [1.9125, 4.59, 2.04],
							"uv": {
								"north": {"uv": [49, 19], "uv_size": [2, 4]},
								"east": {"uv": [21, 49], "uv_size": [2, 4]},
								"south": {"uv": [49, 23], "uv_size": [2, 4]},
								"west": {"uv": [0, 50], "uv_size": [2, 4]},
								"up": {"uv": [52, 46], "uv_size": [2, 2]},
								"down": {"uv": [52, 50], "uv_size": [2, -2]}
							}
						},
						{
							"origin": [-2.295, 1.4825, -12.205],
							"size": [4.59, 1.9125, 2.04],
							"uv": {
								"north": {"uv": [50, 11], "uv_size": [4, 2]},
								"east": {"uv": [50, 52], "uv_size": [2, 2]},
								"south": {"uv": [50, 13], "uv_size": [4, 2]},
								"west": {"uv": [52, 50], "uv_size": [2, 2]},
								"up": {"uv": [50, 29], "uv_size": [4, 2]},
								"down": {"uv": [50, 36], "uv_size": [4, -2]}
							}
						},
						{
							"origin": [-0.95625, 0.14375, -12.205],
							"size": [1.9125, 4.59, 2.04],
							"pivot": [0, 2.43875, -10.2925],
							"rotation": [0, 0, -45],
							"uv": {
								"north": {"uv": [27, 50], "uv_size": [2, 4]},
								"east": {"uv": [32, 50], "uv_size": [2, 4]},
								"south": {"uv": [50, 40], "uv_size": [2, 4]},
								"west": {"uv": [50, 44], "uv_size": [2, 4]},
								"up": {"uv": [52, 52], "uv_size": [2, 2]},
								"down": {"uv": [53, 2], "uv_size": [2, -2]}
							}
						},
						{
							"origin": [-0.95625, 0.14375, -12.205],
							"size": [1.9125, 4.59, 2.04],
							"pivot": [0, 2.43875, -10.2925],
							"rotation": [0, 0, 45],
							"uv": {
								"north": {"uv": [46, 50], "uv_size": [2, 4]},
								"east": {"uv": [48, 50], "uv_size": [2, 4]},
								"south": {"uv": [50, 48], "uv_size": [2, 4]},
								"west": {"uv": [12, 51], "uv_size": [2, 4]},
								"up": {"uv": [2, 53], "uv_size": [2, 2]},
								"down": {"uv": [4, 55], "uv_size": [2, -2]}
							}
						}
					]
				},
				{
					"name": "group8",
					"parent": "group3",
					"pivot": [0, 2.59812, -21.1625]
				},
				{
					"name": "group9",
					"parent": "group8",
					"pivot": [0, 2.59812, -21.1625],
					"cubes": [
						{
							"origin": [-0.19125, 3.50975, -20.5435],
							"size": [0.3825, 0.918, 23.6195],
							"uv": {
								"north": {"uv": [54, 9], "uv_size": [1, 1]},
								"east": {"uv": [21, 15], "uv_size": [16, 1]},
								"south": {"uv": [54, 10], "uv_size": [1, 1]},
								"west": {"uv": [22, 16], "uv_size": [16, 1]},
								"up": {"uv": [15, 22], "uv_size": [1, 16]},
								"down": {"uv": [16, 38], "uv_size": [1, -16]}
							}
						},
						{
							"origin": [-0.459, 3.7775, -20.5435],
							"size": [0.918, 0.3825, 23.6195],
							"uv": {
								"north": {"uv": [54, 11], "uv_size": [1, 1]},
								"east": {"uv": [22, 17], "uv_size": [16, 1]},
								"south": {"uv": [54, 12], "uv_size": [1, 1]},
								"west": {"uv": [22, 18], "uv_size": [16, 1]},
								"up": {"uv": [17, 22], "uv_size": [1, 16]},
								"down": {"uv": [18, 38], "uv_size": [1, -16]}
							}
						},
						{
							"origin": [-0.19125, 3.50975, -20.5435],
							"size": [0.3825, 0.918, 23.6195],
							"pivot": [0, 3.96875, -16.47625],
							"rotation": [0, 0, -45],
							"uv": {
								"north": {"uv": [54, 13], "uv_size": [1, 1]},
								"east": {"uv": [24, 3], "uv_size": [16, 1]},
								"south": {"uv": [54, 14], "uv_size": [1, 1]},
								"west": {"uv": [24, 4], "uv_size": [16, 1]},
								"up": {"uv": [19, 22], "uv_size": [1, 16]},
								"down": {"uv": [20, 38], "uv_size": [1, -16]}
							}
						},
						{
							"origin": [-0.19125, 3.50975, -20.5435],
							"size": [0.3825, 0.918, 23.6195],
							"pivot": [0, 3.96875, -16.47625],
							"rotation": [0, 0, 45],
							"uv": {
								"north": {"uv": [15, 54], "uv_size": [1, 1]},
								"east": {"uv": [24, 5], "uv_size": [16, 1]},
								"south": {"uv": [16, 54], "uv_size": [1, 1]},
								"west": {"uv": [24, 6], "uv_size": [16, 1]},
								"up": {"uv": [9, 24], "uv_size": [1, 16]},
								"down": {"uv": [10, 40], "uv_size": [1, -16]}
							}
						}
					]
				},
				{
					"name": "group10",
					"parent": "group8",
					"pivot": [0, 2.59812, -21.1625],
					"cubes": [
						{
							"origin": [-0.19125, 0.44975, -20.5435],
							"size": [0.3825, 0.918, 23.6195],
							"uv": {
								"north": {"uv": [54, 16], "uv_size": [1, 1]},
								"east": {"uv": [24, 7], "uv_size": [16, 1]},
								"south": {"uv": [17, 54], "uv_size": [1, 1]},
								"west": {"uv": [24, 8], "uv_size": [16, 1]},
								"up": {"uv": [11, 24], "uv_size": [1, 16]},
								"down": {"uv": [12, 40], "uv_size": [1, -16]}
							}
						},
						{
							"origin": [-0.459, 0.7175, -20.5435],
							"size": [0.918, 0.3825, 23.6195],
							"uv": {
								"north": {"uv": [54, 17], "uv_size": [1, 1]},
								"east": {"uv": [24, 19], "uv_size": [16, 1]},
								"south": {"uv": [18, 54], "uv_size": [1, 1]},
								"west": {"uv": [24, 20], "uv_size": [16, 1]},
								"up": {"uv": [13, 24], "uv_size": [1, 16]},
								"down": {"uv": [14, 40], "uv_size": [1, -16]}
							}
						},
						{
							"origin": [-0.19125, 0.44975, -20.5435],
							"size": [0.3825, 0.918, 23.6195],
							"pivot": [0, 0.90875, -16.47625],
							"rotation": [0, 0, -45],
							"uv": {
								"north": {"uv": [54, 18], "uv_size": [1, 1]},
								"east": {"uv": [24, 21], "uv_size": [16, 1]},
								"south": {"uv": [19, 54], "uv_size": [1, 1]},
								"west": {"uv": [24, 22], "uv_size": [16, 1]},
								"up": {"uv": [24, 23], "uv_size": [1, 16]},
								"down": {"uv": [3, 41], "uv_size": [1, -16]}
							}
						},
						{
							"origin": [-0.19125, 0.44975, -20.5435],
							"size": [0.3825, 0.918, 23.6195],
							"pivot": [0, 0.90875, -16.47625],
							"rotation": [0, 0, 45],
							"uv": {
								"north": {"uv": [54, 19], "uv_size": [1, 1]},
								"east": {"uv": [25, 9], "uv_size": [16, 1]},
								"south": {"uv": [20, 54], "uv_size": [1, 1]},
								"west": {"uv": [25, 10], "uv_size": [16, 1]},
								"up": {"uv": [4, 25], "uv_size": [1, 16]},
								"down": {"uv": [5, 41], "uv_size": [1, -16]}
							}
						}
					]
				},
				{
					"name": "group11",
					"parent": "group8",
					"pivot": [0, 2.59812, -21.1625],
					"cubes": [
						{
							"origin": [-1.46625, 1.2785, -20.5435],
							"size": [0.3825, 0.918, 23.6195],
							"uv": {
								"north": {"uv": [54, 20], "uv_size": [1, 1]},
								"east": {"uv": [25, 11], "uv_size": [16, 1]},
								"south": {"uv": [21, 54], "uv_size": [1, 1]},
								"west": {"uv": [25, 23], "uv_size": [16, 1]},
								"up": {"uv": [21, 25], "uv_size": [1, 16]},
								"down": {"uv": [22, 41], "uv_size": [1, -16]}
							}
						},
						{
							"origin": [-1.734, 1.54625, -20.5435],
							"size": [0.918, 0.3825, 23.6195],
							"uv": {
								"north": {"uv": [54, 21], "uv_size": [1, 1]},
								"east": {"uv": [25, 24], "uv_size": [16, 1]},
								"south": {"uv": [22, 54], "uv_size": [1, 1]},
								"west": {"uv": [25, 25], "uv_size": [16, 1]},
								"up": {"uv": [23, 25], "uv_size": [1, 16]},
								"down": {"uv": [0, 42], "uv_size": [1, -16]}
							}
						},
						{
							"origin": [-1.46625, 1.2785, -20.5435],
							"size": [0.3825, 0.918, 23.6195],
							"pivot": [-1.275, 1.7375, -16.47625],
							"rotation": [0, 0, 45],
							"uv": {
								"north": {"uv": [25, 54], "uv_size": [1, 1]},
								"east": {"uv": [25, 26], "uv_size": [16, 1]},
								"south": {"uv": [26, 54], "uv_size": [1, 1]},
								"west": {"uv": [27, 0], "uv_size": [16, 1]},
								"up": {"uv": [1, 26], "uv_size": [1, 16]},
								"down": {"uv": [2, 42], "uv_size": [1, -16]}
							}
						},
						{
							"origin": [-1.46625, 1.2785, -20.5435],
							"size": [0.3825, 0.918, 23.6195],
							"pivot": [-1.275, 1.7375, -16.47625],
							"rotation": [0, 0, -45],
							"uv": {
								"north": {"uv": [27, 54], "uv_size": [1, 1]},
								"east": {"uv": [27, 1], "uv_size": [16, 1]},
								"south": {"uv": [28, 54], "uv_size": [1, 1]},
								"west": {"uv": [27, 2], "uv_size": [16, 1]},
								"up": {"uv": [25, 27], "uv_size": [1, 16]},
								"down": {"uv": [26, 43], "uv_size": [1, -16]}
							}
						}
					]
				},
				{
					"name": "group12",
					"parent": "group8",
					"pivot": [0, 2.59812, -21.1625],
					"cubes": [
						{
							"origin": [1.08375, 1.2785, -20.5435],
							"size": [0.3825, 0.918, 23.6195],
							"uv": {
								"north": {"uv": [29, 54], "uv_size": [1, 1]},
								"east": {"uv": [27, 12], "uv_size": [16, 1]},
								"south": {"uv": [54, 29], "uv_size": [1, 1]},
								"west": {"uv": [27, 13], "uv_size": [16, 1]},
								"up": {"uv": [27, 27], "uv_size": [1, 16]},
								"down": {"uv": [6, 44], "uv_size": [1, -16]}
							}
						},
						{
							"origin": [0.816, 1.54625, -20.5435],
							"size": [0.918, 0.3825, 23.6195],
							"uv": {
								"north": {"uv": [30, 54], "uv_size": [1, 1]},
								"east": {"uv": [27, 14], "uv_size": [16, 1]},
								"south": {"uv": [54, 30], "uv_size": [1, 1]},
								"west": {"uv": [28, 27], "uv_size": [16, 1]},
								"up": {"uv": [7, 28], "uv_size": [1, 16]},
								"down": {"uv": [8, 44], "uv_size": [1, -16]}
							}
						},
						{
							"origin": [1.08375, 1.2785, -20.5435],
							"size": [0.3825, 0.918, 23.6195],
							"pivot": [1.275, 1.7375, -16.47625],
							"rotation": [0, 0, -45],
							"uv": {
								"north": {"uv": [32, 54], "uv_size": [1, 1]},
								"east": {"uv": [28, 28], "uv_size": [16, 1]},
								"south": {"uv": [54, 32], "uv_size": [1, 1]},
								"west": {"uv": [28, 29], "uv_size": [16, 1]},
								"up": {"uv": [28, 30], "uv_size": [1, 16]},
								"down": {"uv": [29, 46], "uv_size": [1, -16]}
							}
						},
						{
							"origin": [1.08375, 1.2785, -20.5435],
							"size": [0.3825, 0.918, 23.6195],
							"pivot": [1.275, 1.7375, -16.47625],
							"rotation": [0, 0, 45],
							"uv": {
								"north": {"uv": [33, 54], "uv_size": [1, 1]},
								"east": {"uv": [30, 30], "uv_size": [16, 1]},
								"south": {"uv": [54, 33], "uv_size": [1, 1]},
								"west": {"uv": [30, 31], "uv_size": [16, 1]},
								"up": {"uv": [30, 32], "uv_size": [1, 16]},
								"down": {"uv": [31, 48], "uv_size": [1, -16]}
							}
						}
					]
				},
				{
					"name": "group13",
					"parent": "group8",
					"pivot": [0, 2.59812, -21.1625],
					"cubes": [
						{
							"origin": [-1.46625, 2.74574, -20.5435],
							"size": [0.3825, 0.918, 23.6195],
							"uv": {
								"north": {"uv": [34, 54], "uv_size": [1, 1]},
								"east": {"uv": [32, 32], "uv_size": [16, 1]},
								"south": {"uv": [54, 34], "uv_size": [1, 1]},
								"west": {"uv": [32, 33], "uv_size": [16, 1]},
								"up": {"uv": [32, 34], "uv_size": [1, 16]},
								"down": {"uv": [33, 50], "uv_size": [1, -16]}
							}
						},
						{
							"origin": [-1.734, 3.01349, -20.5435],
							"size": [0.918, 0.3825, 23.6195],
							"uv": {
								"north": {"uv": [35, 54], "uv_size": [1, 1]},
								"east": {"uv": [34, 34], "uv_size": [16, 1]},
								"south": {"uv": [54, 35], "uv_size": [1, 1]},
								"west": {"uv": [34, 35], "uv_size": [16, 1]},
								"up": {"uv": [34, 36], "uv_size": [1, 16]},
								"down": {"uv": [35, 52], "uv_size": [1, -16]}
							}
						},
						{
							"origin": [-1.46625, 2.74574, -20.5435],
							"size": [0.3825, 0.918, 23.6195],
							"pivot": [-1.275, 3.20474, -16.47625],
							"rotation": [0, 0, 45],
							"uv": {
								"north": {"uv": [37, 54], "uv_size": [1, 1]},
								"east": {"uv": [36, 36], "uv_size": [16, 1]},
								"south": {"uv": [54, 37], "uv_size": [1, 1]},
								"west": {"uv": [37, 15], "uv_size": [16, 1]},
								"up": {"uv": [36, 37], "uv_size": [1, 16]},
								"down": {"uv": [37, 53], "uv_size": [1, -16]}
							}
						},
						{
							"origin": [-1.46625, 2.74574, -20.5435],
							"size": [0.3825, 0.918, 23.6195],
							"pivot": [-1.275, 3.20474, -16.47625],
							"rotation": [0, 0, -45],
							"uv": {
								"north": {"uv": [38, 54], "uv_size": [1, 1]},
								"east": {"uv": [38, 16], "uv_size": [16, 1]},
								"south": {"uv": [54, 38], "uv_size": [1, 1]},
								"west": {"uv": [38, 17], "uv_size": [16, 1]},
								"up": {"uv": [15, 38], "uv_size": [1, 16]},
								"down": {"uv": [16, 54], "uv_size": [1, -16]}
							}
						}
					]
				},
				{
					"name": "group",
					"parent": "group8",
					"pivot": [0, 2.59812, -21.1625],
					"cubes": [
						{
							"origin": [1.08375, 2.74574, -20.5435],
							"size": [0.3825, 0.918, 23.6195],
							"uv": {
								"north": {"uv": [39, 54], "uv_size": [1, 1]},
								"east": {"uv": [38, 18], "uv_size": [16, 1]},
								"south": {"uv": [54, 39], "uv_size": [1, 1]},
								"west": {"uv": [38, 37], "uv_size": [16, 1]},
								"up": {"uv": [17, 38], "uv_size": [1, 16]},
								"down": {"uv": [18, 54], "uv_size": [1, -16]}
							}
						},
						{
							"origin": [0.816, 3.01349, -20.5435],
							"size": [0.918, 0.3825, 23.6195],
							"uv": {
								"north": {"uv": [40, 54], "uv_size": [1, 1]},
								"east": {"uv": [38, 38], "uv_size": [16, 1]},
								"south": {"uv": [41, 54], "uv_size": [1, 1]},
								"west": {"uv": [38, 39], "uv_size": [16, 1]},
								"up": {"uv": [19, 38], "uv_size": [1, 16]},
								"down": {"uv": [20, 54], "uv_size": [1, -16]}
							}
						},
						{
							"origin": [1.08375, 2.74574, -20.5435],
							"size": [0.3825, 0.918, 23.6195],
							"pivot": [1.275, 3.20474, -16.47625],
							"rotation": [0, 0, -45],
							"uv": {
								"north": {"uv": [46, 54], "uv_size": [1, 1]},
								"east": {"uv": [40, 3], "uv_size": [16, 1]},
								"south": {"uv": [54, 46], "uv_size": [1, 1]},
								"west": {"uv": [40, 4], "uv_size": [16, 1]},
								"up": {"uv": [24, 39], "uv_size": [1, 16]},
								"down": {"uv": [9, 56], "uv_size": [1, -16]}
							}
						},
						{
							"origin": [1.08375, 2.74574, -20.5435],
							"size": [0.3825, 0.918, 23.6195],
							"pivot": [1.275, 3.20474, -16.47625],
							"rotation": [0, 0, 45],
							"uv": {
								"north": {"uv": [47, 54], "uv_size": [1, 1]},
								"east": {"uv": [40, 5], "uv_size": [16, 1]},
								"south": {"uv": [54, 47], "uv_size": [1, 1]},
								"west": {"uv": [40, 6], "uv_size": [16, 1]},
								"up": {"uv": [10, 40], "uv_size": [1, 16]},
								"down": {"uv": [11, 56], "uv_size": [1, -16]}
							}
						}
					]
				}
			]
		}
	]
}