{
	"format_version": "1.12.0",
	"minecraft:geometry": [
		{
			"description": {
				"identifier": "geometry.mk_14",
				"texture_width": 64,
				"texture_height": 64,
				"visible_bounds_width": 2,
				"visible_bounds_height": 2.5,
				"visible_bounds_offset": [0, 0.75, 0]
			},
			"bones": [
				{
					"name": "group4",
					"pivot": [0, 0, 0],
					"cubes": [
						{
							"origin": [-0.904, 0.755, -16.3],
							"size": [1.808, 2.712, 11.3],
							"uv": {
								"north": {"uv": [22, 14], "uv_size": [2, 2]},
								"east": {"uv": [4, 0], "uv_size": [10, 2]},
								"south": {"uv": [2, 26], "uv_size": [2, 2]},
								"west": {"uv": [4, 2], "uv_size": [10, 2]},
								"up": {"uv": [4, 4], "uv_size": [2, 10]},
								"down": {"uv": [6, 14], "uv_size": [2, -10]}
							}
						},
						{
							"origin": [-1.017, 0.4725, -12.0625],
							"size": [2.034, 1.582, 17.2325],
							"uv": {
								"north": {"uv": [29, 1], "uv_size": [2, 1]},
								"east": {"uv": [14, 0], "uv_size": [15, 1]},
								"south": {"uv": [29, 6], "uv_size": [2, 1]},
								"west": {"uv": [14, 1], "uv_size": [15, 1]},
								"up": {"uv": [0, 0], "uv_size": [2, 15]},
								"down": {"uv": [2, 15], "uv_size": [2, -15]}
							}
						},
						{
							"origin": [-1.017, 0.4725, 11.385],
							"size": [2.034, 1.8645, 5.085],
							"uv": {
								"north": {"uv": [26, 2], "uv_size": [2, 2]},
								"east": {"uv": [17, 10], "uv_size": [5, 2]},
								"south": {"uv": [26, 10], "uv_size": [2, 2]},
								"west": {"uv": [17, 12], "uv_size": [5, 2]},
								"up": {"uv": [12, 18], "uv_size": [2, 5]},
								"down": {"uv": [14, 23], "uv_size": [2, -5]}
							}
						},
						{
							"origin": [-1.017, 2.6195, 7.995],
							"size": [2.034, 0.2825, 5.085],
							"uv": {
								"north": {"uv": [29, 7], "uv_size": [2, 1]},
								"east": {"uv": [25, 21], "uv_size": [5, 1]},
								"south": {"uv": [13, 29], "uv_size": [2, 1]},
								"west": {"uv": [25, 22], "uv_size": [5, 1]},
								"up": {"uv": [16, 18], "uv_size": [2, 5]},
								"down": {"uv": [18, 23], "uv_size": [2, -5]}
							}
						},
						{
							"origin": [-0.7345, 2.337, 11.6675],
							"size": [1.469, 0.2825, 1.4125],
							"uv": {
								"north": {"uv": [26, 30], "uv_size": [1, 1]},
								"east": {"uv": [30, 26], "uv_size": [1, 1]},
								"south": {"uv": [27, 30], "uv_size": [1, 1]},
								"west": {"uv": [28, 30], "uv_size": [1, 1]},
								"up": {"uv": [29, 30], "uv_size": [1, 1]},
								"down": {"uv": [30, 31], "uv_size": [1, -1]}
							}
						},
						{
							"origin": [-1.017, -2.9175, 14.6055],
							"size": [2.034, 3.39, 1.8645],
							"uv": {
								"north": {"uv": [16, 23], "uv_size": [2, 3]},
								"east": {"uv": [18, 23], "uv_size": [2, 3]},
								"south": {"uv": [24, 2], "uv_size": [2, 3]},
								"west": {"uv": [6, 24], "uv_size": [2, 3]},
								"up": {"uv": [26, 12], "uv_size": [2, 2]},
								"down": {"uv": [26, 16], "uv_size": [2, -2]}
							}
						},
						{
							"origin": [-1.017, -2.62526, 14.21021],
							"size": [2.034, 3.955, 1.8645],
							"pivot": [0, -1.77776, 15.14246],
							"rotation": [22.5, 0, 0],
							"uv": {
								"north": {"uv": [6, 20], "uv_size": [2, 4]},
								"east": {"uv": [20, 20], "uv_size": [2, 4]},
								"south": {"uv": [0, 21], "uv_size": [2, 4]},
								"west": {"uv": [22, 2], "uv_size": [2, 4]},
								"up": {"uv": [16, 26], "uv_size": [2, 2]},
								"down": {"uv": [18, 28], "uv_size": [2, -2]}
							}
						},
						{
							"origin": [-1.13, -5.49621, 2.68628],
							"size": [2.034, 4.1245, 1.695],
							"pivot": [-0.113, -2.86896, -1.69247],
							"rotation": [22.5, 0, 0],
							"uv": {
								"north": {"uv": [22, 10], "uv_size": [2, 4]},
								"east": {"uv": [22, 20], "uv_size": [2, 4]},
								"south": {"uv": [12, 23], "uv_size": [2, 4]},
								"west": {"uv": [14, 23], "uv_size": [2, 4]},
								"up": {"uv": [26, 23], "uv_size": [2, 2]},
								"down": {"uv": [26, 27], "uv_size": [2, -2]}
							}
						},
						{
							"origin": [-1.13, -5.77871, 2.40378],
							"size": [2.034, 0.2825, 1.9775],
							"pivot": [-0.113, -2.86896, -1.69247],
							"rotation": [22.5, 0, 0],
							"uv": {
								"north": {"uv": [26, 29], "uv_size": [2, 1]},
								"east": {"uv": [29, 27], "uv_size": [2, 1]},
								"south": {"uv": [29, 28], "uv_size": [2, 1]},
								"west": {"uv": [29, 29], "uv_size": [2, 1]},
								"up": {"uv": [6, 27], "uv_size": [2, 2]},
								"down": {"uv": [27, 8], "uv_size": [2, -2]}
							}
						},
						{
							"origin": [-0.904, 2.0545, -0.1975],
							"size": [1.808, 1.695, 2.5425],
							"uv": {
								"north": {"uv": [12, 27], "uv_size": [2, 2]},
								"east": {"uv": [14, 27], "uv_size": [2, 2]},
								"south": {"uv": [26, 27], "uv_size": [2, 2]},
								"west": {"uv": [2, 28], "uv_size": [2, 2]},
								"up": {"uv": [28, 2], "uv_size": [2, 2]},
								"down": {"uv": [28, 10], "uv_size": [2, -2]}
							}
						},
						{
							"origin": [-0.904, 2.73954, 1.52828],
							"size": [1.808, 0.8475, 1.13],
							"pivot": [0, 2.88079, 2.09328],
							"rotation": [22.5, 0, 0],
							"uv": {
								"north": {"uv": [1, 30], "uv_size": [2, 1]},
								"east": {"uv": [0, 31], "uv_size": [1, 1]},
								"south": {"uv": [30, 2], "uv_size": [2, 1]},
								"west": {"uv": [1, 31], "uv_size": [1, 1]},
								"up": {"uv": [3, 30], "uv_size": [2, 1]},
								"down": {"uv": [30, 4], "uv_size": [2, -1]}
							}
						},
						{
							"origin": [-0.904, 1.17682, 2.03084],
							"size": [1.808, 1.13, 1.695],
							"pivot": [0, 1.74182, 4.14959],
							"rotation": [-22.5, 0, 0],
							"uv": {
								"north": {"uv": [30, 4], "uv_size": [2, 1]},
								"east": {"uv": [30, 5], "uv_size": [2, 1]},
								"south": {"uv": [30, 8], "uv_size": [2, 1]},
								"west": {"uv": [30, 9], "uv_size": [2, 1]},
								"up": {"uv": [28, 10], "uv_size": [2, 2]},
								"down": {"uv": [28, 14], "uv_size": [2, -2]}
							}
						},
						{
							"origin": [-0.904, 1.29598, 3.6918],
							"size": [1.808, 1.13, 0.565],
							"uv": {
								"north": {"uv": [30, 10], "uv_size": [2, 1]},
								"east": {"uv": [31, 1], "uv_size": [1, 1]},
								"south": {"uv": [30, 11], "uv_size": [2, 1]},
								"west": {"uv": [2, 31], "uv_size": [1, 1]},
								"up": {"uv": [30, 12], "uv_size": [2, 1]},
								"down": {"uv": [13, 31], "uv_size": [2, -1]}
							}
						},
						{
							"origin": [-0.904, 0.32852, 3.15398],
							"size": [1.808, 0.565, 0.565],
							"pivot": [0, 0.32852, 5.55523],
							"rotation": [-45, 0, 0],
							"uv": {
								"north": {"uv": [30, 13], "uv_size": [2, 1]},
								"east": {"uv": [3, 31], "uv_size": [1, 1]},
								"south": {"uv": [30, 16], "uv_size": [2, 1]},
								"west": {"uv": [4, 31], "uv_size": [1, 1]},
								"up": {"uv": [30, 17], "uv_size": [2, 1]},
								"down": {"uv": [30, 19], "uv_size": [2, -1]}
							}
						},
						{
							"origin": [-0.6215, 0.19, 1.78],
							"size": [1.243, 1.8645, 5.085],
							"uv": {
								"north": {"uv": [15, 29], "uv_size": [1, 2]},
								"east": {"uv": [17, 14], "uv_size": [5, 2]},
								"south": {"uv": [5, 30], "uv_size": [1, 2]},
								"west": {"uv": [19, 16], "uv_size": [5, 2]},
								"up": {"uv": [1, 25], "uv_size": [1, 5]},
								"down": {"uv": [25, 28], "uv_size": [1, -5]}
							}
						},
						{
							"origin": [0.565, 0.755, 1.78],
							"size": [0.678, 0.678, 12.1475],
							"uv": {
								"north": {"uv": [31, 6], "uv_size": [1, 1]},
								"east": {"uv": [16, 6], "uv_size": [11, 1]},
								"south": {"uv": [31, 7], "uv_size": [1, 1]},
								"west": {"uv": [16, 7], "uv_size": [11, 1]},
								"up": {"uv": [2, 15], "uv_size": [1, 11]},
								"down": {"uv": [3, 26], "uv_size": [1, -11]}
							}
						},
						{
							"origin": [-1.243, 0.755, 1.78],
							"size": [0.678, 0.678, 12.1475],
							"uv": {
								"north": {"uv": [13, 31], "uv_size": [1, 1]},
								"east": {"uv": [8, 16], "uv_size": [11, 1]},
								"south": {"uv": [14, 31], "uv_size": [1, 1]},
								"west": {"uv": [8, 17], "uv_size": [11, 1]},
								"up": {"uv": [8, 18], "uv_size": [1, 11]},
								"down": {"uv": [9, 29], "uv_size": [1, -11]}
							}
						},
						{
							"origin": [-0.904, 0.19, -5],
							"size": [1.808, 2.9945, 6.78],
							"uv": {
								"north": {"uv": [24, 10], "uv_size": [2, 3]},
								"east": {"uv": [8, 4], "uv_size": [6, 3]},
								"south": {"uv": [24, 13], "uv_size": [2, 3]},
								"west": {"uv": [8, 7], "uv_size": [6, 3]},
								"up": {"uv": [14, 2], "uv_size": [2, 6]},
								"down": {"uv": [4, 20], "uv_size": [2, -6]}
							}
						},
						{
							"origin": [-1.7515, 2.337, -5],
							"size": [0.8475, 0.565, 0.2825],
							"uv": {
								"north": {"uv": [15, 31], "uv_size": [1, 1]},
								"east": {"uv": [31, 15], "uv_size": [1, 1]},
								"south": {"uv": [19, 31], "uv_size": [1, 1]},
								"west": {"uv": [20, 31], "uv_size": [1, 1]},
								"up": {"uv": [31, 20], "uv_size": [1, 1]},
								"down": {"uv": [21, 32], "uv_size": [1, -1]}
							}
						},
						{
							"origin": [-0.6215, 0.19, -5],
							"size": [1.243, 3.277, 6.78],
							"uv": {
								"north": {"uv": [19, 28], "uv_size": [1, 3]},
								"east": {"uv": [8, 10], "uv_size": [6, 3]},
								"south": {"uv": [25, 28], "uv_size": [1, 3]},
								"west": {"uv": [8, 13], "uv_size": [6, 3]},
								"up": {"uv": [20, 24], "uv_size": [1, 6]},
								"down": {"uv": [24, 26], "uv_size": [1, -6]}
							}
						},
						{
							"origin": [-0.6215, -4.0475, -4.7175],
							"size": [1.243, 4.972, 3.39],
							"uv": {
								"north": {"uv": [24, 26], "uv_size": [1, 4]},
								"east": {"uv": [14, 8], "uv_size": [3, 4]},
								"south": {"uv": [16, 28], "uv_size": [1, 4]},
								"west": {"uv": [14, 12], "uv_size": [3, 4]},
								"up": {"uv": [28, 27], "uv_size": [1, 3]},
								"down": {"uv": [6, 32], "uv_size": [1, -3]}
							}
						},
						{
							"origin": [-0.904, 1.37332, -5.75363],
							"size": [1.808, 0.7345, 1.58466],
							"pivot": [0, 2.87057, -7.55898],
							"rotation": [-22.5, 0, 0],
							"uv": {
								"north": {"uv": [30, 19], "uv_size": [2, 1]},
								"east": {"uv": [22, 31], "uv_size": [1, 1]},
								"south": {"uv": [20, 30], "uv_size": [2, 1]},
								"west": {"uv": [23, 31], "uv_size": [1, 1]},
								"up": {"uv": [30, 21], "uv_size": [2, 1]},
								"down": {"uv": [22, 31], "uv_size": [2, -1]}
							}
						},
						{
							"origin": [-0.6215, 3.467, -16.3],
							"size": [1.243, 0.2825, 11.3],
							"uv": {
								"north": {"uv": [31, 24], "uv_size": [1, 1]},
								"east": {"uv": [20, 18], "uv_size": [10, 1]},
								"south": {"uv": [25, 31], "uv_size": [1, 1]},
								"west": {"uv": [20, 19], "uv_size": [10, 1]},
								"up": {"uv": [4, 20], "uv_size": [1, 10]},
								"down": {"uv": [5, 30], "uv_size": [1, -10]}
							}
						},
						{
							"origin": [-0.6215, 4.032, -5.2825],
							"size": [1.243, 0.2825, 7.0625],
							"uv": {
								"north": {"uv": [31, 25], "uv_size": [1, 1]},
								"east": {"uv": [24, 5], "uv_size": [6, 1]},
								"south": {"uv": [26, 31], "uv_size": [1, 1]},
								"west": {"uv": [24, 16], "uv_size": [6, 1]},
								"up": {"uv": [21, 24], "uv_size": [1, 6]},
								"down": {"uv": [22, 30], "uv_size": [1, -6]}
							}
						},
						{
							"origin": [-0.7345, 4.032, -4.3785],
							"size": [1.469, 0.5085, 4.9155],
							"uv": {
								"north": {"uv": [31, 26], "uv_size": [1, 1]},
								"east": {"uv": [26, 4], "uv_size": [4, 1]},
								"south": {"uv": [27, 31], "uv_size": [1, 1]},
								"west": {"uv": [28, 14], "uv_size": [4, 1]},
								"up": {"uv": [17, 28], "uv_size": [1, 4]},
								"down": {"uv": [18, 32], "uv_size": [1, -4]}
							}
						},
						{
							"origin": [-0.6215, 4.032, -3.5875],
							"size": [1.243, 0.7345, 3.277],
							"uv": {
								"north": {"uv": [31, 27], "uv_size": [1, 1]},
								"east": {"uv": [28, 15], "uv_size": [3, 1]},
								"south": {"uv": [28, 31], "uv_size": [1, 1]},
								"west": {"uv": [29, 0], "uv_size": [3, 1]},
								"up": {"uv": [7, 29], "uv_size": [1, 3]},
								"down": {"uv": [8, 32], "uv_size": [1, -3]}
							}
						},
						{
							"origin": [-0.904, 4.7665, -9.8025],
							"size": [1.808, 1.808, 10.9045],
							"uv": {
								"north": {"uv": [28, 23], "uv_size": [2, 2]},
								"east": {"uv": [16, 2], "uv_size": [6, 2]},
								"south": {"uv": [28, 25], "uv_size": [2, 2]},
								"west": {"uv": [16, 4], "uv_size": [6, 2]},
								"up": {"uv": [6, 14], "uv_size": [2, 6]},
								"down": {"uv": [0, 21], "uv_size": [2, -6]}
							}
						},
						{
							"origin": [-0.6215, 3.467, 0.085],
							"size": [1.243, 0.565, 1.695],
							"uv": {
								"north": {"uv": [31, 28], "uv_size": [1, 1]},
								"east": {"uv": [30, 22], "uv_size": [2, 1]},
								"south": {"uv": [29, 31], "uv_size": [1, 1]},
								"west": {"uv": [30, 23], "uv_size": [2, 1]},
								"up": {"uv": [24, 30], "uv_size": [1, 2]},
								"down": {"uv": [30, 26], "uv_size": [1, -2]}
							}
						}
					]
				},
				{
					"name": "group6",
					"parent": "group4",
					"pivot": [0, 8.1, -5],
					"cubes": [
						{
							"origin": [-0.452, 2.111, -28.73],
							"size": [0.904, 0.904, 12.43],
							"uv": {
								"north": {"uv": [31, 29], "uv_size": [1, 1]},
								"east": {"uv": [17, 8], "uv_size": [11, 1]},
								"south": {"uv": [30, 31], "uv_size": [1, 1]},
								"west": {"uv": [17, 9], "uv_size": [11, 1]},
								"up": {"uv": [10, 18], "uv_size": [1, 11]},
								"down": {"uv": [11, 29], "uv_size": [1, -11]}
							}
						},
						{
							"origin": [-0.452, 0.981, -23.3625],
							"size": [0.904, 0.904, 7.0625],
							"uv": {
								"north": {"uv": [31, 30], "uv_size": [1, 1]},
								"east": {"uv": [24, 17], "uv_size": [6, 1]},
								"south": {"uv": [31, 31], "uv_size": [1, 1]},
								"west": {"uv": [25, 20], "uv_size": [6, 1]},
								"up": {"uv": [23, 24], "uv_size": [1, 6]},
								"down": {"uv": [0, 31], "uv_size": [1, -6]}
							}
						},
						{
							"origin": [-0.6215, 0.8115, -22.7975],
							"size": [1.243, 3.616, 1.13],
							"uv": {
								"north": {"uv": [9, 29], "uv_size": [1, 3]},
								"east": {"uv": [10, 29], "uv_size": [1, 3]},
								"south": {"uv": [11, 29], "uv_size": [1, 3]},
								"west": {"uv": [12, 29], "uv_size": [1, 3]},
								"up": {"uv": [0, 32], "uv_size": [1, 1]},
								"down": {"uv": [32, 1], "uv_size": [1, -1]}
							}
						}
					]
				}
			]
		}
	]
}