{
	"format_version": "1.12.0",
	"minecraft:geometry": [
		{
			"description": {
				"identifier": "geometry.mosin_nagant",
				"texture_width": 32,
				"texture_height": 32,
				"visible_bounds_width": 4,
				"visible_bounds_height": 1.5,
				"visible_bounds_offset": [0, 0.25, 0]
			},
			"bones": [
				{
					"name": "group",
					"pivot": [0, 3.83658, 27.48323],
					"cubes": [
						{
							"origin": [-0.69, 2.26451, -0.01748],
							"size": [1.38, 0.92, 3.5075],
							"uv": {
								"north": {"uv": [20, 23], "uv_size": [1, 1]},
								"east": {"uv": [18, 16], "uv_size": [3, 1]},
								"south": {"uv": [23, 20], "uv_size": [1, 1]},
								"west": {"uv": [21, 6], "uv_size": [3, 1]},
								"up": {"uv": [2, 21], "uv_size": [1, 3]},
								"down": {"uv": [3, 24], "uv_size": [1, -3]}
							}
						},
						{
							"origin": [-0.575, 3.87451, -2.31748],
							"size": [1.15, 1.15, 6.3825],
							"pivot": [0, 4.44951, 1.16127],
							"rotation": [0, 0, 45],
							"uv": {
								"north": {"uv": [21, 23], "uv_size": [1, 1]},
								"east": {"uv": [18, 15], "uv_size": [6, 1]},
								"south": {"uv": [23, 21], "uv_size": [1, 1]},
								"west": {"uv": [16, 18], "uv_size": [6, 1]},
								"up": {"uv": [19, 0], "uv_size": [1, 6]},
								"down": {"uv": [16, 25], "uv_size": [1, -6]}
							}
						},
						{
							"origin": [-0.46, 1.80451, -35.43748],
							"size": [0.92, 0.92, 7.7625],
							"uv": {
								"north": {"uv": [23, 22], "uv_size": [1, 1]},
								"east": {"uv": [16, 17], "uv_size": [7, 1]},
								"south": {"uv": [23, 23], "uv_size": [1, 1]},
								"west": {"uv": [18, 12], "uv_size": [7, 1]},
								"up": {"uv": [4, 18], "uv_size": [1, 7]},
								"down": {"uv": [5, 25], "uv_size": [1, -7]}
							}
						},
						{
							"origin": [-0.345, 2.72451, -34.17248],
							"size": [0.69, 0.575, 0.6325],
							"uv": {
								"north": {"uv": [24, 0], "uv_size": [1, 1]},
								"east": {"uv": [24, 1], "uv_size": [1, 1]},
								"south": {"uv": [2, 24], "uv_size": [1, 1]},
								"west": {"uv": [3, 24], "uv_size": [1, 1]},
								"up": {"uv": [24, 4], "uv_size": [1, 1]},
								"down": {"uv": [24, 6], "uv_size": [1, -1]}
							}
						},
						{
							"origin": [-0.7475, 0.76951, -8.23998],
							"size": [1.495, 2.07, 0.5175],
							"uv": {
								"north": {"uv": [17, 21], "uv_size": [1, 2]},
								"east": {"uv": [18, 21], "uv_size": [1, 2]},
								"south": {"uv": [19, 21], "uv_size": [1, 2]},
								"west": {"uv": [21, 19], "uv_size": [1, 2]},
								"up": {"uv": [24, 6], "uv_size": [1, 1]},
								"down": {"uv": [24, 8], "uv_size": [1, -1]}
							}
						},
						{
							"origin": [-0.7475, 0.76951, -22.15498],
							"size": [1.495, 2.07, 0.5175],
							"uv": {
								"north": {"uv": [20, 21], "uv_size": [1, 2]},
								"east": {"uv": [21, 21], "uv_size": [1, 2]},
								"south": {"uv": [22, 0], "uv_size": [1, 2]},
								"west": {"uv": [22, 2], "uv_size": [1, 2]},
								"up": {"uv": [12, 24], "uv_size": [1, 1]},
								"down": {"uv": [13, 25], "uv_size": [1, -1]}
							}
						},
						{
							"origin": [-0.575, 2.37951, -7.72248],
							"size": [1.15, 0.69, 3.1625],
							"uv": {
								"north": {"uv": [14, 24], "uv_size": [1, 1]},
								"east": {"uv": [21, 7], "uv_size": [3, 1]},
								"south": {"uv": [15, 24], "uv_size": [1, 1]},
								"west": {"uv": [21, 16], "uv_size": [3, 1]},
								"up": {"uv": [12, 21], "uv_size": [1, 3]},
								"down": {"uv": [13, 24], "uv_size": [1, -3]}
							}
						},
						{
							"origin": [-1.265, 2.49451, -0.53498],
							"size": [0.92, 0.46, 0.46],
							"uv": {
								"north": {"uv": [24, 15], "uv_size": [1, 1]},
								"east": {"uv": [24, 16], "uv_size": [1, 1]},
								"south": {"uv": [24, 17], "uv_size": [1, 1]},
								"west": {"uv": [18, 24], "uv_size": [1, 1]},
								"up": {"uv": [24, 18], "uv_size": [1, 1]},
								"down": {"uv": [19, 25], "uv_size": [1, -1]}
							}
						},
						{
							"origin": [-1.45854, 1.29151, -0.53498],
							"size": [0.46, 1.61, 0.46],
							"pivot": [-1.22855, 2.44151, -0.30498],
							"rotation": [0, 0, 22.5],
							"uv": {
								"north": {"uv": [20, 24], "uv_size": [1, 1]},
								"east": {"uv": [24, 20], "uv_size": [1, 1]},
								"south": {"uv": [21, 24], "uv_size": [1, 1]},
								"west": {"uv": [24, 21], "uv_size": [1, 1]},
								"up": {"uv": [22, 24], "uv_size": [1, 1]},
								"down": {"uv": [24, 23], "uv_size": [1, -1]}
							}
						},
						{
							"origin": [-0.345, 2.14951, -4.55998],
							"size": [0.69, 0.805, 7.59],
							"uv": {
								"north": {"uv": [23, 24], "uv_size": [1, 1]},
								"east": {"uv": [18, 13], "uv_size": [7, 1]},
								"south": {"uv": [24, 23], "uv_size": [1, 1]},
								"west": {"uv": [18, 14], "uv_size": [7, 1]},
								"up": {"uv": [6, 18], "uv_size": [1, 7]},
								"down": {"uv": [7, 25], "uv_size": [1, -7]}
							}
						},
						{
							"origin": [-0.8625, 0.48201, -7.72248],
							"size": [1.725, 1.955, 11.5],
							"uv": {
								"north": {"uv": [19, 6], "uv_size": [2, 2]},
								"east": {"uv": [4, 4], "uv_size": [10, 2]},
								"south": {"uv": [17, 19], "uv_size": [2, 2]},
								"west": {"uv": [4, 6], "uv_size": [10, 2]},
								"up": {"uv": [4, 8], "uv_size": [2, 10]},
								"down": {"uv": [6, 18], "uv_size": [2, -10]}
							}
						},
						{
							"origin": [0.7475, 2.55201, -1.05248],
							"size": [0.345, 1.84, 0.575],
							"uv": {
								"north": {"uv": [22, 4], "uv_size": [1, 2]},
								"east": {"uv": [14, 22], "uv_size": [1, 2]},
								"south": {"uv": [15, 22], "uv_size": [1, 2]},
								"west": {"uv": [22, 18], "uv_size": [1, 2]},
								"up": {"uv": [24, 24], "uv_size": [1, 1]},
								"down": {"uv": [0, 26], "uv_size": [1, -1]}
							}
						},
						{
							"origin": [0.7475, 2.55201, 0.78752],
							"size": [0.345, 1.84, 0.575],
							"uv": {
								"north": {"uv": [22, 20], "uv_size": [1, 2]},
								"east": {"uv": [22, 22], "uv_size": [1, 2]},
								"south": {"uv": [0, 23], "uv_size": [1, 2]},
								"west": {"uv": [23, 0], "uv_size": [1, 2]},
								"up": {"uv": [25, 0], "uv_size": [1, 1]},
								"down": {"uv": [1, 26], "uv_size": [1, -1]}
							}
						},
						{
							"origin": [-0.1725, 3.70201, 0.78752],
							"size": [0.92, 0.69, 0.575],
							"uv": {
								"north": {"uv": [25, 1], "uv_size": [1, 1]},
								"east": {"uv": [2, 25], "uv_size": [1, 1]},
								"south": {"uv": [25, 2], "uv_size": [1, 1]},
								"west": {"uv": [3, 25], "uv_size": [1, 1]},
								"up": {"uv": [25, 3], "uv_size": [1, 1]},
								"down": {"uv": [4, 26], "uv_size": [1, -1]}
							}
						},
						{
							"origin": [-0.1725, 3.70201, -1.05248],
							"size": [0.92, 0.69, 0.575],
							"uv": {
								"north": {"uv": [25, 4], "uv_size": [1, 1]},
								"east": {"uv": [5, 25], "uv_size": [1, 1]},
								"south": {"uv": [25, 5], "uv_size": [1, 1]},
								"west": {"uv": [6, 25], "uv_size": [1, 1]},
								"up": {"uv": [25, 6], "uv_size": [1, 1]},
								"down": {"uv": [7, 26], "uv_size": [1, -1]}
							}
						},
						{
							"origin": [0.7475, 1.97701, -1.16748],
							"size": [0.38633, 0.575, 2.645],
							"uv": {
								"north": {"uv": [25, 7], "uv_size": [1, 1]},
								"east": {"uv": [23, 2], "uv_size": [2, 1]},
								"south": {"uv": [12, 25], "uv_size": [1, 1]},
								"west": {"uv": [23, 3], "uv_size": [2, 1]},
								"up": {"uv": [1, 23], "uv_size": [1, 2]},
								"down": {"uv": [23, 6], "uv_size": [1, -2]}
							}
						},
						{
							"origin": [-0.6325, 0.82701, -28.30748],
							"size": [1.265, 1.61, 20.585],
							"uv": {
								"north": {"uv": [25, 12], "uv_size": [1, 1]},
								"east": {"uv": [8, 8], "uv_size": [18, 1]},
								"south": {"uv": [13, 25], "uv_size": [1, 1]},
								"west": {"uv": [8, 9], "uv_size": [18, 1]},
								"up": {"uv": [8, 10], "uv_size": [1, 18]},
								"down": {"uv": [9, 28], "uv_size": [1, -18]}
							}
						},
						{
							"origin": [-0.6325, 2.43701, -28.30748],
							"size": [1.265, 0.345, 20.585],
							"uv": {
								"north": {"uv": [25, 13], "uv_size": [1, 1]},
								"east": {"uv": [10, 10], "uv_size": [18, 1]},
								"south": {"uv": [14, 25], "uv_size": [1, 1]},
								"west": {"uv": [10, 11], "uv_size": [18, 1]},
								"up": {"uv": [10, 12], "uv_size": [1, 18]},
								"down": {"uv": [11, 30], "uv_size": [1, -18]}
							}
						},
						{
							"origin": [-0.8625, -4.76655, 1.95389],
							"size": [1.725, 2.07, 14.375],
							"pivot": [0, -3.84655, 15.9423],
							"rotation": [-22.5, 0, 0],
							"uv": {
								"north": {"uv": [19, 19], "uv_size": [2, 2]},
								"east": {"uv": [0, 0], "uv_size": [13, 2]},
								"south": {"uv": [20, 0], "uv_size": [2, 2]},
								"west": {"uv": [0, 2], "uv_size": [13, 2]},
								"up": {"uv": [0, 4], "uv_size": [2, 13]},
								"down": {"uv": [2, 17], "uv_size": [2, -13]}
							}
						},
						{
							"origin": [-0.8625, -1.08592, 6.78983],
							"size": [1.725, 2.185, 5.2325],
							"uv": {
								"north": {"uv": [20, 2], "uv_size": [2, 2]},
								"east": {"uv": [14, 4], "uv_size": [5, 2]},
								"south": {"uv": [20, 4], "uv_size": [2, 2]},
								"west": {"uv": [14, 6], "uv_size": [5, 2]},
								"up": {"uv": [12, 16], "uv_size": [2, 5]},
								"down": {"uv": [16, 17], "uv_size": [2, -5]}
							}
						},
						{
							"origin": [-0.8625, -3.15592, 11.96483],
							"size": [1.725, 4.255, 4.8875],
							"uv": {
								"north": {"uv": [14, 16], "uv_size": [2, 4]},
								"east": {"uv": [12, 12], "uv_size": [4, 4]},
								"south": {"uv": [0, 17], "uv_size": [2, 4]},
								"west": {"uv": [13, 0], "uv_size": [4, 4]},
								"up": {"uv": [17, 0], "uv_size": [2, 4]},
								"down": {"uv": [2, 21], "uv_size": [2, -4]}
							}
						},
						{
							"origin": [-0.8625, -4.90338, 15.67088],
							"size": [1.725, 1.74746, 1.18144],
							"uv": {
								"north": {"uv": [14, 20], "uv_size": [2, 2]},
								"east": {"uv": [17, 23], "uv_size": [1, 2]},
								"south": {"uv": [0, 21], "uv_size": [2, 2]},
								"west": {"uv": [23, 17], "uv_size": [1, 2]},
								"up": {"uv": [18, 23], "uv_size": [2, 1]},
								"down": {"uv": [23, 20], "uv_size": [2, -1]}
							}
						}
					]
				}
			],
			"item_display_transforms": {
				"thirdperson_righthand": {
					"translation": [-0.75, -0.25, 1],
					"scale": [0.6, 0.6, 0.6]
				},
				"thirdperson_lefthand": {
					"scale": [0, 0, 0]
				},
				"ground": {
					"translation": [0, 1.5, 3.5],
					"scale": [0.6, 0.6, 0.6]
				},
				"head": {
					"translation": [0, 5.5, 2]
				},
				"fixed": {
					"rotation": [0, -90, 0],
					"translation": [-8.25, 0, 0],
					"scale": [1.1, 1.1, 1.1]
				}
			}
		}
	]
}