{
	"format_version": "1.12.0",
	"minecraft:geometry": [
		{
			"description": {
				"identifier": "geometry.qbz_95",
				"texture_width": 64,
				"texture_height": 64,
				"visible_bounds_width": 4,
				"visible_bounds_height": 3,
				"visible_bounds_offset": [0, 0.5, 0]
			},
			"bones": [
				{
					"name": "group",
					"pivot": [0, 1.26872, 3.05596],
					"cubes": [
						{
							"origin": [-1.0625, 1.01512, -12.04375],
							"size": [2.125, 1.825, 28.875],
							"uv": {
								"north": {"uv": [28, 28], "uv_size": [2, 2]},
								"east": {"uv": [0, 0], "uv_size": [29, 2]},
								"south": {"uv": [29, 0], "uv_size": [2, 2]},
								"west": {"uv": [0, 2], "uv_size": [29, 2]},
								"down": {"uv": [0, 33], "uv_size": [2, -29]}
							}
						},
						{
							"origin": [-0.7625, 3.39012, -12.04375],
							"size": [1.525, 0.95, 28.875],
							"uv": {
								"north": {"uv": [31, 18], "uv_size": [1.5, 1.5]},
								"east": {"uv": [2, 4], "uv_size": [29, 1.5]},
								"west": {"uv": [2, 6], "uv_size": [29, 1.5]},
								"up": {"uv": [2, 8], "uv_size": [1.5, 29]}
							}
						},
						{
							"origin": [-0.7625, 2.84012, -12.04375],
							"size": [1.525, 0.55, 0.25],
							"uv": {
								"north": {"uv": [31, 18], "uv_size": [1.5, 1.5]}
							}
						},
						{
							"origin": [-0.1625, 4.34012, -1.54375],
							"size": [0.325, 1.35, 0.875],
							"uv": {
								"north": {"uv": [32, 30], "uv_size": [0.5, 1.5]},
								"east": {"uv": [32, 2], "uv_size": [1, 1.5]},
								"south": {"uv": [31, 32], "uv_size": [0.5, 1.5]},
								"west": {"uv": [32, 4], "uv_size": [1, 1.5]},
								"up": {"uv": [8, 33], "uv_size": [0.5, 1]}
							}
						},
						{
							"origin": [-1.15228, 2.97449, -12.04375],
							"size": [0.83, 0.26, 28.875],
							"pivot": [-0.81228, 3.10449, 2.39375],
							"rotation": [0, 0, -67.5],
							"uv": {
								"north": {"uv": [33, 5], "uv_size": [1, 0.5]},
								"up": {"uv": [4, 8], "uv_size": [1, 29]}
							}
						},
						{
							"origin": [0.32228, 2.97449, -12.04375],
							"size": [0.83, 0.26, 28.875],
							"pivot": [0.81228, 3.10449, 2.39375],
							"rotation": [0, 0, 67.5],
							"uv": {
								"north": {"uv": [33, 7], "uv_size": [1, 0.5]},
								"up": {"uv": [5, 8], "uv_size": [1, 29]}
							}
						},
						{
							"origin": [0.50395, 1.88633, -11.79375],
							"size": [0.84, 0.26, 2.125],
							"pivot": [1.00395, 2.01633, 2.39375],
							"rotation": [0, 0, 82],
							"uv": {
								"north": {"uv": [33, 9], "uv_size": [1, 0.5]},
								"up": {"uv": [12, 22], "uv_size": [1, 8]}
							}
						},
						{
							"origin": [-1.34395, 1.88633, -11.79375],
							"size": [0.84, 0.26, 2.125],
							"pivot": [-1.00395, 2.01633, 2.39375],
							"rotation": [0, 0, -82],
							"uv": {
								"north": {"uv": [33, 10], "uv_size": [1, 0.5]},
								"up": {"uv": [22, 12], "uv_size": [1, 8]}
							}
						},
						{
							"origin": [0.51, -0.97227, -11.79375],
							"size": [0.73, 2.36, 2.125],
							"pivot": [1, 1.20773, 2.39375],
							"rotation": [0, 0, 90],
							"uv": {
								"north": {"uv": [20, 32], "uv_size": [0.5, 2.5]},
								"west": {"uv": [6, 8], "uv_size": [8, 2.5]},
								"up": {"uv": [18, 29], "uv_size": [0.5, 8]},
								"down": {"uv": [19, 37], "uv_size": [0.5, -8]}
							}
						},
						{
							"origin": [0.51, -0.97227, -9.66875],
							"size": [0.73, 2.36, 2.125],
							"pivot": [1, 1.20773, 4.51875],
							"rotation": [0, 0, 90],
							"uv": {
								"west": {"uv": [6, 8], "uv_size": [8, 2.5]},
								"up": {"uv": [18, 29], "uv_size": [0.5, 8]},
								"down": {"uv": [19, 37], "uv_size": [0.5, -8]}
							}
						},
						{
							"origin": [-1.34395, 1.88633, -9.66875],
							"size": [0.84, 0.26, 2.125],
							"pivot": [-1.00395, 2.01633, 4.51875],
							"rotation": [0, 0, -82],
							"uv": {
								"up": {"uv": [22, 12], "uv_size": [1, 8]}
							}
						},
						{
							"origin": [0.50395, 1.88633, -9.66875],
							"size": [0.84, 0.26, 2.125],
							"pivot": [1.00395, 2.01633, 4.51875],
							"rotation": [0, 0, 82],
							"uv": {
								"up": {"uv": [12, 22], "uv_size": [1, 8]}
							}
						},
						{
							"origin": [0.51, -0.97227, -7.54375],
							"size": [0.73, 2.36, 2.125],
							"pivot": [1, 1.20773, 6.64375],
							"rotation": [0, 0, 90],
							"uv": {
								"south": {"uv": [21, 32], "uv_size": [0.5, 2.5]},
								"west": {"uv": [6, 8], "uv_size": [8, 2.5]},
								"up": {"uv": [18, 29], "uv_size": [0.5, 8]},
								"down": {"uv": [19, 37], "uv_size": [0.5, -8]}
							}
						},
						{
							"origin": [0.50395, 1.88633, -7.54375],
							"size": [0.84, 0.26, 2.125],
							"pivot": [1.00395, 2.01633, 6.64375],
							"rotation": [0, 0, 82],
							"uv": {
								"south": {"uv": [10, 33], "uv_size": [1, 0.5]},
								"up": {"uv": [12, 22], "uv_size": [1, 8]}
							}
						},
						{
							"origin": [-1.34395, 1.88633, -7.54375],
							"size": [0.84, 0.26, 2.125],
							"pivot": [-1.00395, 2.01633, 6.64375],
							"rotation": [0, 0, -82],
							"uv": {
								"south": {"uv": [11, 33], "uv_size": [1, 0.5]},
								"up": {"uv": [22, 12], "uv_size": [1, 8]}
							}
						},
						{
							"origin": [-0.625, 6.5694, -3.28284],
							"size": [1.25, 0.7, 10.1875],
							"pivot": [0, 6.9194, 1.81091],
							"rotation": [1.5, 0, 0],
							"uv": {
								"east": {"uv": [26, 26], "uv_size": [10, 0.5]},
								"west": {"uv": [26, 27], "uv_size": [10, 0.5]},
								"up": {"uv": [14, 8], "uv_size": [1.5, 10]}
							}
						},
						{
							"origin": [-0.625, 6.43618, -2.47193],
							"size": [1.25, 0.28, 8.3375],
							"uv": {
								"east": {"uv": [28, 11], "uv_size": [8.5, 0.5]},
								"west": {"uv": [28, 25], "uv_size": [8.5, 0.5]},
								"down": {"uv": [18, 28.5], "uv_size": [1.5, -8.5]}
							}
						},
						{
							"origin": [-0.625, 4.34747, 7.81319],
							"size": [1.25, 3.3375, 1.2],
							"pivot": [0, 2.21622, 8.66319],
							"rotation": [22.5, 0, 0],
							"uv": {
								"north": {"uv": [22, 24], "uv_size": [1.5, 3.5]},
								"east": {"uv": [6, 30], "uv_size": [1, 3.5]},
								"south": {"uv": [24, 24], "uv_size": [1.5, 3.5]},
								"west": {"uv": [7, 30], "uv_size": [1, 3.5]}
							}
						},
						{
							"origin": [-0.625, 3.36512, 5.79375],
							"size": [1.25, 3.3375, 1.1],
							"uv": {
								"north": {"uv": [26, 18], "uv_size": [1.5, 3.5]},
								"east": {"uv": [12, 30], "uv_size": [1, 3.5]},
								"south": {"uv": [26, 22], "uv_size": [1.5, 3.5]},
								"west": {"uv": [15, 30], "uv_size": [1, 3.5]}
							}
						},
						{
							"origin": [-0.625, 3.7713, -2.59698],
							"size": [1.25, 3.0875, 1.05],
							"pivot": [0, 8.74005, -2.24698],
							"rotation": [-22.5, 0, 0],
							"uv": {
								"north": {"uv": [10, 28], "uv_size": [1.5, 3]},
								"east": {"uv": [30, 18], "uv_size": [1, 3]},
								"south": {"uv": [28, 18], "uv_size": [1.5, 3]},
								"west": {"uv": [22, 30], "uv_size": [1, 3]}
							}
						},
						{
							"origin": [-0.6875, 4.34012, -12.04375],
							"size": [1.375, 0.75, 1.5],
							"uv": {
								"north": {"uv": [31, 7], "uv_size": [1.5, 1]},
								"east": {"uv": [31, 22], "uv_size": [1.5, 1]},
								"south": {"uv": [31, 23], "uv_size": [1.5, 1]},
								"west": {"uv": [31, 24], "uv_size": [1.5, 1]},
								"up": {"uv": [31, 0], "uv_size": [1.5, 1.5]}
							}
						},
						{
							"origin": [-0.4875, 4.77456, -11.93017],
							"size": [0.975, 1.25, 1.2],
							"pivot": [0, 5.14956, -11.38017],
							"rotation": [22.5, 0, 0],
							"uv": {
								"north": {"uv": [27, 31], "uv_size": [1, 1.5]},
								"east": {"uv": [28, 31], "uv_size": [1, 1.5]},
								"south": {"uv": [31, 28], "uv_size": [1, 1.5]},
								"west": {"uv": [29, 31], "uv_size": [1, 1.5]},
								"up": {"uv": [15, 26], "uv_size": [1, 1]}
							}
						},
						{
							"origin": [-0.2375, 5.74748, -12.07315],
							"size": [0.475, 1.25, 0.85],
							"uv": {
								"north": {"uv": [26, 32], "uv_size": [0.5, 1.5]},
								"east": {"uv": [30, 31], "uv_size": [1, 1.5]},
								"south": {"uv": [32, 28], "uv_size": [0.5, 1.5]},
								"west": {"uv": [31, 30], "uv_size": [1, 1.5]},
								"up": {"uv": [33, 0], "uv_size": [0.5, 1]}
							}
						},
						{
							"origin": [-0.3, 6.84748, -12.12315],
							"size": [0.6, 0.6, 0.95],
							"pivot": [0, 7.14748, -11.64815],
							"rotation": [0, 0, 45],
							"uv": {
								"north": {"uv": [33, 12], "uv_size": [0.5, 0.5]},
								"east": {"uv": [33, 1], "uv_size": [1, 0.5]},
								"south": {"uv": [13, 33], "uv_size": [0.5, 0.5]},
								"west": {"uv": [33, 2], "uv_size": [1, 0.5]},
								"up": {"uv": [33, 3], "uv_size": [0.5, 1]},
								"down": {"uv": [33, 5], "uv_size": [0.5, -1]}
							}
						},
						{
							"origin": [-1.0625, -2.10988, 16.83125],
							"size": [2.125, 6.625, 2.625],
							"uv": {
								"north": {"uv": [20, 12], "uv_size": [2, 6.5]},
								"east": {"uv": [8, 11], "uv_size": [2.5, 6.5]},
								"south": {"uv": [16, 20], "uv_size": [2, 6.5]},
								"west": {"uv": [11, 11], "uv_size": [2.5, 6.5]},
								"up": {"uv": [6, 27], "uv_size": [2, 2.5]},
								"down": {"uv": [15, 29.5], "uv_size": [2, -2.5]}
							}
						},
						{
							"origin": [-1.0625, 0.59015, 2.05775],
							"size": [2.125, 1.375, 2.35],
							"pivot": [1.75, 2.34015, 0.38275],
							"rotation": [-15, 0, 0],
							"uv": {
								"east": {"uv": [29, 2], "uv_size": [2.5, 1.5]},
								"south": {"uv": [30, 12], "uv_size": [2, 1.5]},
								"west": {"uv": [29, 14], "uv_size": [2.5, 1.5]},
								"down": {"uv": [8, 30.5], "uv_size": [2, -2.5]}
							}
						},
						{
							"origin": [-1.0625, 1.56494, -2.4703],
							"size": [2.125, 0.825, 2.275],
							"pivot": [1.75, 3.31494, -4.2203],
							"rotation": [-22.5, 0, 0],
							"uv": {
								"east": {"uv": [30, 10], "uv_size": [2.5, 1]},
								"west": {"uv": [27, 30], "uv_size": [2.5, 1]},
								"down": {"uv": [28, 10.5], "uv_size": [2, -2.5]}
							}
						},
						{
							"origin": [-1.0625, 0.15783, -1.17138],
							"size": [2.125, 1.575, 2.975],
							"uv": {
								"east": {"uv": [28, 21], "uv_size": [3, 1.5]},
								"west": {"uv": [22, 28], "uv_size": [3, 1.5]},
								"down": {"uv": [23, 17], "uv_size": [2, -3]}
							}
						},
						{
							"origin": [-0.4375, -1.61717, -0.69639],
							"size": [0.875, 0.275, 2.7],
							"uv": {
								"east": {"uv": [32, 17], "uv_size": [2.5, 0.5]},
								"west": {"uv": [23, 32], "uv_size": [2.5, 0.5]},
								"up": {"uv": [30, 28], "uv_size": [1, 2.5]},
								"down": {"uv": [31, 6.5], "uv_size": [1, -2.5]}
							}
						},
						{
							"origin": [-0.4375, -1.40995, -1.19665],
							"size": [0.875, 0.275, 0.7],
							"pivot": [0, -1.27245, -0.84665],
							"rotation": [-45, 0, 0],
							"uv": {
								"east": {"uv": [33, 13], "uv_size": [0.5, 0.5]},
								"west": {"uv": [14, 33], "uv_size": [0.5, 0.5]},
								"up": {"uv": [33, 8], "uv_size": [1, 0.5]},
								"down": {"uv": [9, 33.5], "uv_size": [1, -0.5]}
							}
						},
						{
							"origin": [-0.4375, -0.90969, -2.15386],
							"size": [0.875, 0.275, 1.45],
							"pivot": [0, -0.77219, -1.05386],
							"rotation": [-90, 0, 0],
							"uv": {
								"east": {"uv": [32, 32], "uv_size": [1.5, 0.5]},
								"west": {"uv": [0, 33], "uv_size": [1.5, 0.5]},
								"up": {"uv": [32, 12], "uv_size": [1, 1.5]},
								"down": {"uv": [32, 15.5], "uv_size": [1, -1.5]}
							}
						},
						{
							"origin": [-1.0625, -0.39197, 3.81767],
							"size": [2.125, 1.425, 3.25],
							"uv": {
								"east": {"uv": [28, 23], "uv_size": [3, 1.5]},
								"south": {"uv": [23, 30], "uv_size": [2, 1.5]},
								"west": {"uv": [25, 28], "uv_size": [3, 1.5]},
								"down": {"uv": [23, 20], "uv_size": [2, -3]}
							}
						},
						{
							"origin": [-0.9125, -0.39197, 7.06767],
							"size": [1.825, 1.425, 9.75],
							"uv": {
								"east": {"uv": [16, 8], "uv_size": [10, 1.5]},
								"west": {"uv": [16, 10], "uv_size": [10, 1.5]},
								"down": {"uv": [6, 21], "uv_size": [2, -10]}
							}
						},
						{
							"origin": [-0.8125, -1.76697, 14.36767],
							"size": [1.625, 1.375, 2.45],
							"uv": {
								"east": {"uv": [29, 16], "uv_size": [2.5, 1.5]},
								"west": {"uv": [30, 8], "uv_size": [2.5, 1.5]},
								"down": {"uv": [20, 31.5], "uv_size": [1.5, -2.5]}
							}
						},
						{
							"origin": [-0.8125, -1.05667, 13.75321],
							"size": [1.625, 0.825, 1.7],
							"pivot": [0, -0.36917, 14.22821],
							"rotation": [-55, 0, 0],
							"uv": {
								"east": {"uv": [32, 6], "uv_size": [1.5, 1]},
								"west": {"uv": [32, 16], "uv_size": [1.5, 1]},
								"down": {"uv": [31, 21.5], "uv_size": [1.5, -1.5]}
							}
						},
						{
							"origin": [-0.55, -2.51697, 8.56767],
							"size": [1.1, 2.125, 3.4375],
							"uv": {
								"north": {"uv": [25, 18], "uv_size": [1, 2]},
								"east": {"uv": [22, 20], "uv_size": [3.5, 2]},
								"south": {"uv": [17, 31], "uv_size": [1, 2]},
								"west": {"uv": [22, 22], "uv_size": [3.5, 2]}
							}
						},
						{
							"origin": [-0.55, -5.58675, 7.95705],
							"size": [1.1, 3.875, 3.4375],
							"pivot": [0, -3.64925, 9.6758],
							"rotation": [-22.5, 0, 0],
							"uv": {
								"north": {"uv": [15, 22], "uv_size": [1, 4]},
								"east": {"uv": [16, 12], "uv_size": [3.5, 4]},
								"south": {"uv": [17, 27], "uv_size": [1, 4]},
								"west": {"uv": [16, 16], "uv_size": [3.5, 4]}
							}
						},
						{
							"origin": [-0.55, -8.18918, 6.21816],
							"size": [1.1, 3.875, 3.4375],
							"pivot": [0, -6.25168, 7.93691],
							"rotation": [-45, 0, 0],
							"uv": {
								"north": {"uv": [13, 29], "uv_size": [1, 4]},
								"east": {"uv": [8, 18], "uv_size": [3.5, 4]},
								"south": {"uv": [14, 29], "uv_size": [1, 4]},
								"west": {"uv": [12, 18], "uv_size": [3.5, 4]},
								"down": {"uv": [16, 33.5], "uv_size": [1, -3.5]}
							}
						},
						{
							"origin": [-0.7125, -4.56922, 2.14911],
							"size": [1.425, 5.325, 2.025],
							"pivot": [0, -1.90672, 3.16161],
							"rotation": [17.5, 0, 0],
							"uv": {
								"north": {"uv": [8, 22], "uv_size": [1.5, 5.5]},
								"east": {"uv": [20, 19], "uv_size": [2, 5.5]},
								"south": {"uv": [10, 22], "uv_size": [1.5, 5.5]},
								"west": {"uv": [6, 21], "uv_size": [2, 5.5]},
								"down": {"uv": [25, 32], "uv_size": [1.5, -2]}
							}
						},
						{
							"origin": [-0.50625, 1.82137, -19.04375],
							"size": [1.0125, 1.0125, 7],
							"pivot": [0, 2.32762, -19.04375],
							"rotation": [0, 0, 45],
							"uv": {
								"east": {"uv": [23, 12], "uv_size": [7, 1]},
								"west": {"uv": [23, 13], "uv_size": [7, 1]},
								"up": {"uv": [13, 22], "uv_size": [1, 7]},
								"down": {"uv": [14, 29], "uv_size": [1, -7]}
							}
						},
						{
							"origin": [-0.75, 1.57762, -22.54375],
							"size": [1.5, 1.5, 3.5],
							"pivot": [0, 2.32762, -16.94375],
							"rotation": [0, 0, 45],
							"uv": {
								"north": {"uv": [8, 31], "uv_size": [1.5, 1.5]},
								"east": {"uv": [25, 14], "uv_size": [3.5, 1.5]},
								"south": {"uv": [10, 31], "uv_size": [1.5, 1.5]},
								"west": {"uv": [25, 16], "uv_size": [3.5, 1.5]},
								"up": {"uv": [20, 25], "uv_size": [1.5, 3.5]},
								"down": {"uv": [26, 11.5], "uv_size": [1.5, -3.5]}
							}
						}
					]
				},
				{
					"name": "flare",
					"pivot": [0, 2.35156, -21.5]
				}
			]
		}
	]
}