{
	"format_version": "1.12.0",
	"minecraft:geometry": [
		{
			"description": {
				"identifier": "geometry.rpg",
				"texture_width": 32,
				"texture_height": 32,
				"visible_bounds_width": 6,
				"visible_bounds_height": 2.5,
				"visible_bounds_offset": [0, 0.75, 0]
			},
			"bones": [
				{
					"name": "group2",
					"pivot": [0.14583, 0.97708, -2.17708],
					"cubes": [
						{
							"origin": [-1.16133, 0.20467, -0.26387],
							"size": [2.2816, 2.2816, 19.4044],
							"pivot": [-0.02053, 1.34547, 2.44823],
							"rotation": [0, 0, 45],
							"uv": {
								"north": {"uv": [15, 1], "uv_size": [2, 2]},
								"east": {"uv": [0, 0], "uv_size": [12, 2]},
								"south": {"uv": [14, 15], "uv_size": [2, 2]},
								"west": {"uv": [0, 2], "uv_size": [12, 2]},
								"up": {"uv": [0, 4], "uv_size": [2, 12]},
								"down": {"uv": [2, 16], "uv_size": [2, -12]}
							}
						},
						{
							"origin": [-0.87613, 0.48987, 19.14053],
							"size": [1.7112, 1.7112, 9.3948],
							"pivot": [-0.02053, 1.34547, 26.38433],
							"rotation": [0, 0, 45],
							"uv": {
								"north": {"uv": [17, 18], "uv_size": [2, 1]},
								"east": {"uv": [12, 14], "uv_size": [6, 1]},
								"south": {"uv": [18, 17], "uv_size": [2, 1]},
								"west": {"uv": [15, 0], "uv_size": [6, 1]},
								"up": {"uv": [6, 6], "uv_size": [2, 6]},
								"down": {"uv": [8, 12], "uv_size": [2, -6]}
							}
						},
						{
							"origin": [-0.75635, 0.60965, -10.06049],
							"size": [1.47163, 1.47163, 11.03724],
							"pivot": [-0.02053, 1.34547, 2.44823],
							"rotation": [0, 0, 45],
							"uv": {
								"north": {"uv": [16, 9], "uv_size": [1, 1]},
								"east": {"uv": [12, 3], "uv_size": [8, 1]},
								"south": {"uv": [19, 6], "uv_size": [1, 1]},
								"west": {"uv": [12, 13], "uv_size": [8, 1]},
								"up": {"uv": [8, 12], "uv_size": [1, 8]},
								"down": {"uv": [9, 20], "uv_size": [1, -8]}
							}
						},
						{
							"origin": [0.54987, 1.34547, -7.10867],
							"size": [0.8556, 2.852, 0.2852],
							"uv": {
								"north": {"uv": [16, 6], "uv_size": [1, 3]},
								"east": {"uv": [10, 16], "uv_size": [1, 3]},
								"south": {"uv": [11, 16], "uv_size": [1, 3]},
								"west": {"uv": [16, 15], "uv_size": [1, 3]},
								"up": {"uv": [19, 7], "uv_size": [1, 1]},
								"down": {"uv": [19, 9], "uv_size": [1, -1]}
							}
						},
						{
							"origin": [0.54987, 1.34547, 2.58813],
							"size": [0.8556, 2.852, 0.2852],
							"uv": {
								"north": {"uv": [17, 6], "uv_size": [1, 3]},
								"east": {"uv": [17, 9], "uv_size": [1, 3]},
								"south": {"uv": [14, 17], "uv_size": [1, 3]},
								"west": {"uv": [15, 17], "uv_size": [1, 3]},
								"up": {"uv": [10, 19], "uv_size": [1, 1]},
								"down": {"uv": [11, 20], "uv_size": [1, -1]}
							}
						},
						{
							"origin": [-0.59093, 0.77507, -38.14667],
							"size": [1.1408, 1.1408, 29.3268],
							"pivot": [-0.02053, 1.34547, -23.48327],
							"rotation": [0, 0, 45],
							"uv": {
								"north": {"uv": [19, 14], "uv_size": [1, 1]},
								"east": {"uv": [4, 4], "uv_size": [15, 1]},
								"south": {"uv": [19, 15], "uv_size": [1, 1]},
								"west": {"uv": [4, 5], "uv_size": [15, 1]},
								"up": {"uv": [4, 6], "uv_size": [1, 15]},
								"down": {"uv": [5, 21], "uv_size": [1, -15]}
							}
						},
						{
							"origin": [-1.9713, -0.6053, -25.09968],
							"size": [3.90154, 3.90154, 10.72922],
							"pivot": [-0.02053, 1.34547, -26.81767],
							"rotation": [0, 0, 45],
							"uv": {
								"north": {"uv": [0, 16], "uv_size": [2, 2]},
								"east": {"uv": [10, 6], "uv_size": [6, 2]},
								"south": {"uv": [2, 16], "uv_size": [2, 2]},
								"west": {"uv": [10, 8], "uv_size": [6, 2]},
								"up": {"uv": [10, 10], "uv_size": [2, 6]},
								"down": {"uv": [6, 18], "uv_size": [2, -6]}
							}
						},
						{
							"origin": [-1.04725, 0.31875, -36.86147],
							"size": [2.05344, 2.05344, 5.9224],
							"pivot": [-0.02053, 1.34547, -26.81767],
							"rotation": [0, 0, 45],
							"uv": {
								"north": {"uv": [19, 4], "uv_size": [2, 1]},
								"east": {"uv": [17, 1], "uv_size": [3, 1]},
								"south": {"uv": [19, 5], "uv_size": [2, 1]},
								"west": {"uv": [17, 2], "uv_size": [3, 1]},
								"up": {"uv": [15, 10], "uv_size": [2, 3]},
								"down": {"uv": [12, 18], "uv_size": [2, -3]}
							}
						},
						{
							"origin": [-0.59093, -3.14733, 2.33813],
							"size": [1.1408, 3.352, 1.1408],
							"uv": {
								"north": {"uv": [17, 15], "uv_size": [1, 3]},
								"east": {"uv": [0, 18], "uv_size": [1, 3]},
								"south": {"uv": [1, 18], "uv_size": [1, 3]},
								"west": {"uv": [2, 18], "uv_size": [1, 3]},
								"up": {"uv": [19, 16], "uv_size": [1, 1]},
								"down": {"uv": [17, 20], "uv_size": [1, -1]}
							}
						},
						{
							"origin": [-0.59093, -3.50293, -3.68627],
							"size": [1.1408, 3.352, 1.1408],
							"uv": {
								"north": {"uv": [3, 18], "uv_size": [1, 3]},
								"east": {"uv": [6, 18], "uv_size": [1, 3]},
								"south": {"uv": [18, 6], "uv_size": [1, 3]},
								"west": {"uv": [7, 18], "uv_size": [1, 3]},
								"up": {"uv": [18, 19], "uv_size": [1, 1]},
								"down": {"uv": [19, 19], "uv_size": [1, -1]}
							}
						},
						{
							"origin": [-0.59093, -0.15093, -5.04747],
							"size": [1.1408, 0.926, 4.0372],
							"uv": {
								"north": {"uv": [19, 19], "uv_size": [1, 1]},
								"east": {"uv": [17, 12], "uv_size": [3, 1]},
								"south": {"uv": [20, 1], "uv_size": [1, 1]},
								"west": {"uv": [18, 9], "uv_size": [3, 1]},
								"up": {"uv": [12, 18], "uv_size": [1, 3]},
								"down": {"uv": [13, 21], "uv_size": [1, -3]}
							}
						},
						{
							"origin": [-2.29643, -0.93043, 28.5471],
							"size": [4.55179, 4.55179, 0.76726],
							"pivot": [-0.02053, 1.34547, 26.38433],
							"rotation": [0, 0, 45],
							"uv": {
								"north": {"uv": [12, 0], "uv_size": [3, 3]},
								"east": {"uv": [18, 14], "uv_size": [1, 3]},
								"south": {"uv": [12, 10], "uv_size": [3, 3]},
								"west": {"uv": [16, 18], "uv_size": [1, 3]},
								"up": {"uv": [18, 10], "uv_size": [3, 1]},
								"down": {"uv": [18, 12], "uv_size": [3, -1]}
							}
						}
					]
				}
			]
		}
	]
}