{
	"format_version": "1.12.0",
	"minecraft:geometry": [
		{
			"description": {
				"identifier": "geometry.sentinel",
				"texture_width": 64,
				"texture_height": 64,
				"visible_bounds_width": 4,
				"visible_bounds_height": 1.5,
				"visible_bounds_offset": [0, 0.25, 0]
			},
			"bones": [
				{
					"name": "group",
					"pivot": [0.125, 2.85, -3.3],
					"cubes": [
						{
							"origin": [-0.375, 0.85, -24.3],
							"size": [0.75, 1, 12],
							"uv": {
								"north": {"uv": [26, 10], "uv_size": [1, 1]},
								"east": {"uv": [22, 13], "uv_size": [12, 1]},
								"south": {"uv": [15, 27], "uv_size": [1, 1]},
								"west": {"uv": [22, 14], "uv_size": [12, 1]},
								"up": {"uv": [22, 15], "uv_size": [1, 12]},
								"down": {"uv": [23, 27], "uv_size": [1, -12]}
							}
						},
						{
							"origin": [-2.625, 1.35, 9.95],
							"size": [1.75, 1, 1],
							"uv": {
								"north": {"uv": [20, 11], "uv_size": [2, 1]},
								"east": {"uv": [26, 30], "uv_size": [1, 1]},
								"south": {"uv": [30, 8], "uv_size": [2, 1]},
								"west": {"uv": [30, 26], "uv_size": [1, 1]},
								"up": {"uv": [30, 10], "uv_size": [2, 1]},
								"down": {"uv": [30, 12], "uv_size": [2, -1]}
							}
						},
						{
							"origin": [-0.875, 0.35, -15.8],
							"size": [1.75, 2, 34.25],
							"uv": {
								"north": {"uv": [18, 10], "uv_size": [2, 2]},
								"east": {"uv": [0, 0], "uv_size": [34, 2]},
								"south": {"uv": [28, 15], "uv_size": [2, 2]},
								"west": {"uv": [0, 2], "uv_size": [34, 2]},
								"up": {"uv": [0, 4], "uv_size": [2, 34]},
								"down": {"uv": [2, 38], "uv_size": [2, -34]}
							}
						},
						{
							"origin": [-1.075, 1.6, 12.95],
							"size": [2.15, 1, 4.25],
							"uv": {
								"north": {"uv": [30, 15], "uv_size": [2, 1]},
								"east": {"uv": [17, 28], "uv_size": [4, 1]},
								"south": {"uv": [30, 16], "uv_size": [2, 1]},
								"west": {"uv": [28, 17], "uv_size": [4, 1]},
								"up": {"uv": [4, 26], "uv_size": [2, 4]},
								"down": {"uv": [6, 30], "uv_size": [2, -4]}
							}
						},
						{
							"origin": [-0.875, 2.35, -4.05],
							"size": [1.75, 0.5, 14],
							"uv": {
								"north": {"uv": [30, 18], "uv_size": [2, 1]},
								"east": {"uv": [15, 4], "uv_size": [14, 1]},
								"south": {"uv": [30, 19], "uv_size": [2, 1]},
								"west": {"uv": [15, 5], "uv_size": [14, 1]},
								"up": {"uv": [4, 12], "uv_size": [2, 14]},
								"down": {"uv": [6, 26], "uv_size": [2, -14]}
							}
						},
						{
							"origin": [-1.125, 2.85, 1.7],
							"size": [2.25, 2, 4.5],
							"uv": {
								"north": {"uv": [28, 18], "uv_size": [2, 2]},
								"east": {"uv": [15, 6], "uv_size": [5, 2]},
								"south": {"uv": [28, 20], "uv_size": [2, 2]},
								"west": {"uv": [15, 8], "uv_size": [5, 2]},
								"up": {"uv": [20, 6], "uv_size": [2, 5]},
								"down": {"uv": [16, 28], "uv_size": [2, -5]}
							}
						},
						{
							"origin": [-0.875, -3.15, 7.45],
							"size": [1.75, 3.5, 11],
							"uv": {
								"north": {"uv": [26, 6], "uv_size": [2, 4]},
								"east": {"uv": [4, 4], "uv_size": [11, 4]},
								"south": {"uv": [26, 15], "uv_size": [2, 4]},
								"west": {"uv": [4, 8], "uv_size": [11, 4]},
								"up": {"uv": [12, 16], "uv_size": [2, 11]},
								"down": {"uv": [14, 27], "uv_size": [2, -11]}
							}
						},
						{
							"origin": [-0.625, -4.65, 10.95],
							"size": [1.25, 1.5, 2.75],
							"uv": {
								"north": {"uv": [11, 30], "uv_size": [1, 2]},
								"east": {"uv": [15, 10], "uv_size": [3, 2]},
								"south": {"uv": [30, 20], "uv_size": [1, 2]},
								"west": {"uv": [24, 11], "uv_size": [3, 2]},
								"up": {"uv": [21, 28], "uv_size": [1, 3]},
								"down": {"uv": [14, 32], "uv_size": [1, -3]}
							}
						},
						{
							"origin": [-1.125, -4.15, 18.45],
							"size": [2.25, 6.75, 2.25],
							"uv": {
								"north": {"uv": [16, 16], "uv_size": [2, 7]},
								"east": {"uv": [18, 16], "uv_size": [2, 7]},
								"south": {"uv": [20, 16], "uv_size": [2, 7]},
								"west": {"uv": [22, 6], "uv_size": [2, 7]},
								"up": {"uv": [28, 22], "uv_size": [2, 2]},
								"down": {"uv": [28, 26], "uv_size": [2, -2]}
							}
						},
						{
							"origin": [-0.875, -3.55, 13.7],
							"size": [1.75, 0.4, 4.75],
							"uv": {
								"north": {"uv": [22, 30], "uv_size": [2, 1]},
								"east": {"uv": [27, 12], "uv_size": [5, 1]},
								"south": {"uv": [30, 22], "uv_size": [2, 1]},
								"west": {"uv": [28, 9], "uv_size": [5, 1]},
								"up": {"uv": [18, 23], "uv_size": [2, 5]},
								"down": {"uv": [20, 28], "uv_size": [2, -5]}
							}
						},
						{
							"origin": [-0.875, -1.15, -10.8],
							"size": [1.75, 1.5, 14],
							"uv": {
								"north": {"uv": [28, 26], "uv_size": [2, 2]},
								"east": {"uv": [8, 12], "uv_size": [14, 2]},
								"south": {"uv": [28, 28], "uv_size": [2, 2]},
								"west": {"uv": [8, 14], "uv_size": [14, 2]},
								"up": {"uv": [8, 16], "uv_size": [2, 14]},
								"down": {"uv": [10, 30], "uv_size": [2, -14]}
							}
						},
						{
							"origin": [-0.875, -4.35641, 3.67051],
							"size": [1.75, 4.8, 1.5],
							"pivot": [0, -4.55641, 4.42051],
							"rotation": [22.5, 0, 0],
							"uv": {
								"north": {"uv": [24, 6], "uv_size": [2, 5]},
								"east": {"uv": [24, 15], "uv_size": [2, 5]},
								"south": {"uv": [24, 20], "uv_size": [2, 5]},
								"west": {"uv": [24, 25], "uv_size": [2, 5]},
								"up": {"uv": [29, 4], "uv_size": [2, 2]},
								"down": {"uv": [12, 31], "uv_size": [2, -2]}
							}
						},
						{
							"origin": [-0.875, -4.35641, 5.17051],
							"size": [1.75, 1.55, 3.25],
							"pivot": [0, -4.55641, 4.42051],
							"rotation": [22.5, 0, 0],
							"uv": {
								"north": {"uv": [17, 29], "uv_size": [2, 2]},
								"east": {"uv": [27, 10], "uv_size": [3, 2]},
								"south": {"uv": [19, 29], "uv_size": [2, 2]},
								"west": {"uv": [12, 27], "uv_size": [3, 2]},
								"up": {"uv": [22, 27], "uv_size": [2, 3]},
								"down": {"uv": [26, 30], "uv_size": [2, -3]}
							}
						},
						{
							"origin": [-0.875, -2.15, -0.8],
							"size": [1.75, 1, 4],
							"uv": {
								"north": {"uv": [30, 23], "uv_size": [2, 1]},
								"east": {"uv": [4, 30], "uv_size": [4, 1]},
								"south": {"uv": [24, 30], "uv_size": [2, 1]},
								"west": {"uv": [30, 6], "uv_size": [4, 1]},
								"up": {"uv": [26, 19], "uv_size": [2, 4]},
								"down": {"uv": [26, 27], "uv_size": [2, -4]}
							}
						},
						{
							"origin": [-0.875, 0.8, -27.3],
							"size": [1.75, 1.1, 3],
							"uv": {
								"north": {"uv": [30, 24], "uv_size": [2, 1]},
								"east": {"uv": [30, 7], "uv_size": [3, 1]},
								"south": {"uv": [30, 25], "uv_size": [2, 1]},
								"west": {"uv": [8, 30], "uv_size": [3, 1]},
								"up": {"uv": [28, 6], "uv_size": [2, 3]},
								"down": {"uv": [15, 31], "uv_size": [2, -3]}
							}
						}
					]
				}
			]
		}
	]
}