{
	"format_version": "1.12.0",
	"minecraft:geometry": [
		{
			"description": {
				"identifier": "geometry.sks",
				"texture_width": 32,
				"texture_height": 32,
				"visible_bounds_width": 3,
				"visible_bounds_height": 1.5,
				"visible_bounds_offset": [0, 0.25, 0]
			},
			"bones": [
				{
					"name": "group",
					"pivot": [0, 2.25, -5],
					"cubes": [
						{
							"origin": [-0.3, 2.24237, -18.70836],
							"size": [0.6, 0.6, 1.5],
							"pivot": [0, 2.54237, -18.33336],
							"rotation": [45, 0, 0],
							"uv": {
								"north": {"uv": [17, 4], "uv_size": [1, 1]},
								"east": {"uv": [17, 5], "uv_size": [2, 1]},
								"south": {"uv": [20, 1], "uv_size": [1, 1]},
								"west": {"uv": [18, 13], "uv_size": [2, 1]},
								"up": {"uv": [18, 14], "uv_size": [1, 2]},
								"down": {"uv": [15, 20], "uv_size": [1, -2]}
							}
						},
						{
							"origin": [-0.5, 1, -12.5],
							"size": [1, 1.5, 14.55],
							"uv": {
								"north": {"uv": [18, 16], "uv_size": [1, 2]},
								"east": {"uv": [0, 0], "uv_size": [15, 2]},
								"south": {"uv": [18, 18], "uv_size": [1, 2]},
								"west": {"uv": [0, 2], "uv_size": [15, 2]},
								"up": {"uv": [0, 4], "uv_size": [1, 15]},
								"down": {"uv": [1, 19], "uv_size": [1, -15]}
							}
						},
						{
							"origin": [-0.5, 2.5, -12.5],
							"size": [1, 1.25, 5.25],
							"uv": {
								"north": {"uv": [8, 20], "uv_size": [1, 1]},
								"east": {"uv": [14, 7], "uv_size": [5, 1]},
								"south": {"uv": [20, 8], "uv_size": [1, 1]},
								"west": {"uv": [14, 8], "uv_size": [5, 1]},
								"up": {"uv": [8, 15], "uv_size": [1, 5]},
								"down": {"uv": [9, 20], "uv_size": [1, -5]}
							}
						},
						{
							"origin": [-0.4, 2.5, -7.25],
							"size": [0.8, 1, 1.25],
							"uv": {
								"north": {"uv": [9, 20], "uv_size": [1, 1]},
								"east": {"uv": [20, 9], "uv_size": [1, 1]},
								"south": {"uv": [10, 20], "uv_size": [1, 1]},
								"west": {"uv": [20, 10], "uv_size": [1, 1]},
								"up": {"uv": [20, 11], "uv_size": [1, 1]},
								"down": {"uv": [20, 14], "uv_size": [1, -1]}
							}
						},
						{
							"origin": [-0.4, 2.5, -1.14844],
							"size": [0.8, 1, 3],
							"uv": {
								"north": {"uv": [20, 14], "uv_size": [1, 1]},
								"east": {"uv": [15, 2], "uv_size": [3, 1]},
								"south": {"uv": [15, 20], "uv_size": [1, 1]},
								"west": {"uv": [15, 3], "uv_size": [3, 1]},
								"up": {"uv": [11, 15], "uv_size": [1, 3]},
								"down": {"uv": [12, 18], "uv_size": [1, -3]}
							}
						},
						{
							"origin": [-0.3, 2.5, -5.99844],
							"size": [0.6, 1, 4.85],
							"uv": {
								"north": {"uv": [20, 15], "uv_size": [1, 1]},
								"east": {"uv": [15, 0], "uv_size": [5, 1]},
								"south": {"uv": [16, 20], "uv_size": [1, 1]},
								"west": {"uv": [15, 1], "uv_size": [5, 1]},
								"up": {"uv": [10, 15], "uv_size": [1, 5]},
								"down": {"uv": [15, 15], "uv_size": [1, -5]}
							}
						},
						{
							"origin": [-1.05, 2.75, -5.74844],
							"size": [0.85, 0.5, 0.5],
							"uv": {
								"north": {"uv": [17, 20], "uv_size": [1, 1]},
								"east": {"uv": [20, 17], "uv_size": [1, 1]},
								"south": {"uv": [18, 20], "uv_size": [1, 1]},
								"west": {"uv": [20, 18], "uv_size": [1, 1]},
								"up": {"uv": [20, 19], "uv_size": [1, 1]},
								"down": {"uv": [20, 21], "uv_size": [1, -1]}
							}
						},
						{
							"origin": [-0.5, 3.5, -7.25],
							"size": [1, 0.15, 2],
							"uv": {
								"north": {"uv": [0, 21], "uv_size": [1, 1]},
								"east": {"uv": [0, 19], "uv_size": [2, 1]},
								"south": {"uv": [1, 21], "uv_size": [1, 1]},
								"west": {"uv": [19, 2], "uv_size": [2, 1]},
								"up": {"uv": [19, 3], "uv_size": [1, 2]},
								"down": {"uv": [19, 9], "uv_size": [1, -2]}
							}
						},
						{
							"origin": [-0.5, 0, 3.7],
							"size": [1, 1.5, 7.15],
							"uv": {
								"north": {"uv": [19, 10], "uv_size": [1, 2]},
								"east": {"uv": [4, 6], "uv_size": [7, 2]},
								"south": {"uv": [13, 19], "uv_size": [1, 2]},
								"west": {"uv": [4, 8], "uv_size": [7, 2]},
								"up": {"uv": [5, 14], "uv_size": [1, 7]},
								"down": {"uv": [6, 21], "uv_size": [1, -7]}
							}
						},
						{
							"origin": [-0.5, -2.5, 9.85],
							"size": [1, 2.5, 1],
							"uv": {
								"north": {"uv": [15, 15], "uv_size": [1, 3]},
								"east": {"uv": [16, 10], "uv_size": [1, 3]},
								"south": {"uv": [16, 13], "uv_size": [1, 3]},
								"west": {"uv": [14, 16], "uv_size": [1, 3]},
								"up": {"uv": [21, 1], "uv_size": [1, 1]},
								"down": {"uv": [2, 22], "uv_size": [1, -1]}
							}
						},
						{
							"origin": [-0.5, 0.35, 7.8],
							"size": [1, 1.15, 2.3],
							"pivot": [0, 0.75, 6.725],
							"rotation": [-22.5, 0, 0],
							"uv": {
								"north": {"uv": [21, 2], "uv_size": [1, 1]},
								"east": {"uv": [19, 5], "uv_size": [2, 1]},
								"south": {"uv": [3, 21], "uv_size": [1, 1]},
								"west": {"uv": [19, 12], "uv_size": [2, 1]},
								"up": {"uv": [14, 19], "uv_size": [1, 2]},
								"down": {"uv": [19, 16], "uv_size": [1, -2]}
							}
						},
						{
							"origin": [-0.3, -0.55986, -4.64587],
							"size": [0.6, 2.6, 2.5],
							"pivot": [0, 3.29014, -4.09587],
							"rotation": [-22.5, 0, 0],
							"uv": {
								"north": {"uv": [16, 16], "uv_size": [1, 3]},
								"east": {"uv": [4, 10], "uv_size": [3, 3]},
								"south": {"uv": [17, 10], "uv_size": [1, 3]},
								"west": {"uv": [7, 10], "uv_size": [3, 3]},
								"up": {"uv": [17, 13], "uv_size": [1, 3]},
								"down": {"uv": [17, 19], "uv_size": [1, -3]}
							}
						},
						{
							"origin": [-0.3, -2.34838, -6.82076],
							"size": [0.6, 2.6, 2.5],
							"pivot": [0, -1.04838, -5.57076],
							"rotation": [-45, 0, 0],
							"uv": {
								"north": {"uv": [18, 2], "uv_size": [1, 3]},
								"east": {"uv": [10, 10], "uv_size": [3, 3]},
								"south": {"uv": [18, 10], "uv_size": [1, 3]},
								"west": {"uv": [11, 6], "uv_size": [3, 3]},
								"up": {"uv": [11, 18], "uv_size": [1, 3]},
								"down": {"uv": [12, 21], "uv_size": [1, -3]}
							}
						},
						{
							"origin": [-0.49218, 0.06973, 1.52681],
							"size": [0.99218, 1.5, 9],
							"pivot": [0.00391, 0.71973, 4.12681],
							"rotation": [-22.5, 0, 0],
							"uv": {
								"north": {"uv": [7, 21], "uv_size": [1, 1]},
								"east": {"uv": [11, 9], "uv_size": [9, 1]},
								"south": {"uv": [21, 7], "uv_size": [1, 1]},
								"west": {"uv": [4, 13], "uv_size": [9, 1]},
								"up": {"uv": [13, 10], "uv_size": [1, 9]},
								"down": {"uv": [4, 23], "uv_size": [1, -9]}
							}
						},
						{
							"origin": [-0.25, -0.23076, -1.00328],
							"size": [0.5, 0.1, 2.25],
							"uv": {
								"north": {"uv": [8, 21], "uv_size": [1, 1]},
								"east": {"uv": [16, 19], "uv_size": [2, 1]},
								"south": {"uv": [21, 8], "uv_size": [1, 1]},
								"west": {"uv": [19, 16], "uv_size": [2, 1]},
								"up": {"uv": [19, 17], "uv_size": [1, 2]},
								"down": {"uv": [19, 21], "uv_size": [1, -2]}
							}
						},
						{
							"origin": [-0.25, -0.23076, -1.60328],
							"size": [0.5, 1.35, 0.6],
							"uv": {
								"north": {"uv": [9, 21], "uv_size": [1, 1]},
								"east": {"uv": [21, 9], "uv_size": [1, 1]},
								"south": {"uv": [10, 21], "uv_size": [1, 1]},
								"west": {"uv": [21, 10], "uv_size": [1, 1]},
								"up": {"uv": [11, 21], "uv_size": [1, 1]},
								"down": {"uv": [21, 12], "uv_size": [1, -1]}
							}
						},
						{
							"origin": [-0.25, -0.23076, 1.14672],
							"size": [0.5, 1.35, 0.6],
							"uv": {
								"north": {"uv": [9, 21], "uv_size": [1, 1]},
								"east": {"uv": [21, 9], "uv_size": [1, 1]},
								"south": {"uv": [10, 21], "uv_size": [1, 1]},
								"west": {"uv": [21, 10], "uv_size": [1, 1]},
								"up": {"uv": [12, 22], "uv_size": [-1, -1]},
								"down": {"uv": [22, 12], "uv_size": [-1, -1]}
							}
						},
						{
							"origin": [-0.25, 0.06924, -0.20328],
							"size": [0.5, 1.05, 0.35],
							"pivot": [0, 0.59424, 0.07172],
							"rotation": [-22.5, 0, 0],
							"uv": {
								"north": {"uv": [12, 21], "uv_size": [1, 1]},
								"east": {"uv": [21, 12], "uv_size": [1, 1]},
								"south": {"uv": [13, 21], "uv_size": [1, 1]},
								"west": {"uv": [21, 13], "uv_size": [1, 1]},
								"up": {"uv": [14, 21], "uv_size": [1, 1]},
								"down": {"uv": [21, 15], "uv_size": [1, -1]}
							}
						},
						{
							"origin": [-0.5, 0.75, -9],
							"size": [1, 0.25, 1.75],
							"uv": {
								"north": {"uv": [15, 21], "uv_size": [1, 1]},
								"east": {"uv": [0, 20], "uv_size": [2, 1]},
								"south": {"uv": [21, 15], "uv_size": [1, 1]},
								"west": {"uv": [20, 0], "uv_size": [2, 1]},
								"up": {"uv": [20, 3], "uv_size": [1, 2]},
								"down": {"uv": [20, 8], "uv_size": [1, -2]}
							}
						},
						{
							"origin": [-0.3, 1.95, -26],
							"size": [0.6, 0.6, 14.5],
							"uv": {
								"north": {"uv": [16, 21], "uv_size": [1, 1]},
								"east": {"uv": [2, 4], "uv_size": [15, 1]},
								"south": {"uv": [21, 16], "uv_size": [1, 1]},
								"west": {"uv": [2, 5], "uv_size": [15, 1]},
								"up": {"uv": [2, 6], "uv_size": [1, 15]},
								"down": {"uv": [3, 21], "uv_size": [1, -15]}
							}
						},
						{
							"origin": [-0.1, 2.55, -25.75],
							"size": [0.2, 1.3, 0.75],
							"uv": {
								"north": {"uv": [17, 21], "uv_size": [1, 1]},
								"east": {"uv": [21, 17], "uv_size": [1, 1]},
								"south": {"uv": [18, 21], "uv_size": [1, 1]},
								"west": {"uv": [21, 18], "uv_size": [1, 1]},
								"up": {"uv": [19, 21], "uv_size": [1, 1]},
								"down": {"uv": [21, 20], "uv_size": [1, -1]}
							}
						},
						{
							"origin": [-0.3, 2.95, -17.75],
							"size": [0.6, 0.6, 6],
							"uv": {
								"north": {"uv": [20, 21], "uv_size": [1, 1]},
								"east": {"uv": [14, 6], "uv_size": [6, 1]},
								"south": {"uv": [21, 20], "uv_size": [1, 1]},
								"west": {"uv": [7, 14], "uv_size": [6, 1]},
								"up": {"uv": [14, 10], "uv_size": [1, 6]},
								"down": {"uv": [7, 21], "uv_size": [1, -6]}
							}
						}
					]
				}
			],
			"item_display_transforms": {
				"thirdperson_righthand": {
					"translation": [-0.75, -0.75, 0],
					"scale": [0.7, 0.7, 0.7]
				},
				"thirdperson_lefthand": {
					"translation": [-1.5, 4.25, -2.75],
					"scale": [0, 0, 0]
				},
				"ground": {
					"translation": [0, 1.25, 0],
					"scale": [0.65, 0.65, 0.65]
				},
				"head": {
					"translation": [0, 10.5, 0]
				},
				"fixed": {
					"rotation": [0, -90, 0],
					"translation": [-2, -1, 0],
					"scale": [1.3, 1.3, 1.3]
				}
			}
		}
	]
}