{
	"format_version": "1.12.0",
	"minecraft:geometry": [
		{
			"description": {
				"identifier": "geometry.svd",
				"texture_width": 32,
				"texture_height": 32,
				"visible_bounds_width": 3,
				"visible_bounds_height": 1.5,
				"visible_bounds_offset": [0, 0.25, 0]
			},
			"bones": [
				{
					"name": "group",
					"pivot": [0, 3.25, -0.25],
					"cubes": [
						{
							"origin": [-0.3, 1.94237, -18.45836],
							"size": [0.6, 0.6, 1.5],
							"pivot": [0, 2.24237, -18.08336],
							"rotation": [45, 0, 0],
							"uv": {
								"north": {"uv": [11, 7], "uv_size": [1, 1]},
								"east": {"uv": [16, 13], "uv_size": [2, 1]},
								"south": {"uv": [18, 16], "uv_size": [1, 1]},
								"west": {"uv": [16, 14], "uv_size": [2, 1]},
								"up": {"uv": [15, 16], "uv_size": [1, 2]},
								"down": {"uv": [16, 17], "uv_size": [1, -2]}
							}
						},
						{
							"origin": [-0.5, 1.45, -15.25],
							"size": [1, 2, 10.5],
							"uv": {
								"north": {"uv": [5, 17], "uv_size": [1, 2]},
								"east": {"uv": [0, 0], "uv_size": [11, 2]},
								"south": {"uv": [6, 17], "uv_size": [1, 2]},
								"west": {"uv": [0, 2], "uv_size": [11, 2]},
								"up": {"uv": [2, 9], "uv_size": [1, 11]},
								"down": {"uv": [3, 20], "uv_size": [1, -11]}
							}
						},
						{
							"origin": [-0.5, 1.2, -4.75],
							"size": [1, 2.25, 8],
							"uv": {
								"north": {"uv": [7, 17], "uv_size": [1, 2]},
								"east": {"uv": [0, 4], "uv_size": [8, 2]},
								"south": {"uv": [17, 7], "uv_size": [1, 2]},
								"west": {"uv": [0, 6], "uv_size": [8, 2]},
								"up": {"uv": [7, 9], "uv_size": [1, 8]},
								"down": {"uv": [8, 17], "uv_size": [1, -8]}
							}
						},
						{
							"origin": [-0.6, 1.9, 7.5],
							"size": [1.2, 0.65, 3.5],
							"uv": {
								"north": {"uv": [7, 17], "uv_size": [1, 2]},
								"east": {"uv": [0, 4], "uv_size": [8, 2]},
								"south": {"uv": [17, 7], "uv_size": [1, 2]},
								"west": {"uv": [0, 6], "uv_size": [8, 2]},
								"up": {"uv": [8, 17], "uv_size": [-1, -8]},
								"down": {"uv": [9, 17], "uv_size": [-1, -8]}
							}
						},
						{
							"origin": [-0.5, 3.45, -4.75],
							"size": [1, 0.25, 2.75],
							"uv": {
								"north": {"uv": [18, 17], "uv_size": [1, 1]},
								"east": {"uv": [15, 0], "uv_size": [3, 1]},
								"south": {"uv": [18, 18], "uv_size": [1, 1]},
								"west": {"uv": [15, 1], "uv_size": [3, 1]},
								"up": {"uv": [15, 7], "uv_size": [1, 3]},
								"down": {"uv": [9, 18], "uv_size": [1, -3]}
							}
						},
						{
							"origin": [-0.5, 4.2, -4.7],
							"size": [1, 1, 8],
							"uv": {
								"north": {"uv": [18, 17], "uv_size": [1, 1]},
								"east": {"uv": [15, 0], "uv_size": [3, 1]},
								"south": {"uv": [18, 18], "uv_size": [1, 1]},
								"west": {"uv": [15, 1], "uv_size": [3, 1]},
								"up": {"uv": [16, 10], "uv_size": [-1, -3]},
								"down": {"uv": [10, 18], "uv_size": [-1, -3]}
							}
						},
						{
							"origin": [0.5, 1.8, -2.2],
							"size": [0.2, 3.4, 0.9],
							"uv": {
								"north": {"uv": [18, 17], "uv_size": [1, 1]},
								"east": {"uv": [15, 0], "uv_size": [3, 1]},
								"south": {"uv": [18, 18], "uv_size": [1, 1]},
								"west": {"uv": [15, 1], "uv_size": [3, 1]},
								"up": {"uv": [16, 10], "uv_size": [-1, -3]},
								"down": {"uv": [10, 18], "uv_size": [-1, -3]}
							}
						},
						{
							"origin": [0.5, 1.8, 0.05],
							"size": [0.2, 3.4, 0.9],
							"uv": {
								"north": {"uv": [18, 17], "uv_size": [1, 1]},
								"east": {"uv": [15, 0], "uv_size": [3, 1]},
								"south": {"uv": [18, 18], "uv_size": [1, 1]},
								"west": {"uv": [15, 1], "uv_size": [3, 1]},
								"up": {"uv": [16, 10], "uv_size": [-1, -3]},
								"down": {"uv": [10, 18], "uv_size": [-1, -3]}
							}
						},
						{
							"origin": [-0.3, -1.45, -4.55],
							"size": [0.6, 3.4, 3],
							"uv": {
								"north": {"uv": [10, 15], "uv_size": [1, 3]},
								"east": {"uv": [8, 5], "uv_size": [3, 3]},
								"south": {"uv": [15, 10], "uv_size": [1, 3]},
								"west": {"uv": [4, 9], "uv_size": [3, 3]},
								"up": {"uv": [15, 13], "uv_size": [1, 3]},
								"down": {"uv": [16, 10], "uv_size": [1, -3]}
							}
						},
						{
							"origin": [-0.49609, -1.8, 1.85],
							"size": [0.99218, 3.5, 1.5],
							"pivot": [0, -0.3, 2.5],
							"rotation": [22.5, 0, 0],
							"uv": {
								"north": {"uv": [13, 0], "uv_size": [1, 4]},
								"east": {"uv": [9, 9], "uv_size": [2, 4]},
								"south": {"uv": [13, 7], "uv_size": [1, 4]},
								"west": {"uv": [11, 0], "uv_size": [2, 4]},
								"up": {"uv": [8, 17], "uv_size": [1, 2]},
								"down": {"uv": [17, 11], "uv_size": [1, -2]}
							}
						},
						{
							"origin": [-0.5, -1.8, 1.6],
							"size": [1, 0.75, 0.25],
							"pivot": [0, -0.3, 2.5],
							"rotation": [22.5, 0, 0],
							"uv": {
								"north": {"uv": [19, 0], "uv_size": [1, 1]},
								"east": {"uv": [19, 1], "uv_size": [1, 1]},
								"south": {"uv": [19, 2], "uv_size": [1, 1]},
								"west": {"uv": [19, 3], "uv_size": [1, 1]},
								"up": {"uv": [4, 19], "uv_size": [1, 1]},
								"down": {"uv": [5, 20], "uv_size": [1, -1]}
							}
						},
						{
							"origin": [-0.25, -0.03076, -0.50328],
							"size": [0.5, 0.1, 2.25],
							"uv": {
								"north": {"uv": [6, 19], "uv_size": [1, 1]},
								"east": {"uv": [17, 11], "uv_size": [2, 1]},
								"south": {"uv": [19, 6], "uv_size": [1, 1]},
								"west": {"uv": [12, 17], "uv_size": [2, 1]},
								"up": {"uv": [14, 17], "uv_size": [1, 2]},
								"down": {"uv": [17, 17], "uv_size": [1, -2]}
							}
						},
						{
							"origin": [-0.25, -0.03076, -1.10328],
							"size": [0.5, 1.35, 0.6],
							"uv": {
								"north": {"uv": [7, 19], "uv_size": [1, 1]},
								"east": {"uv": [19, 7], "uv_size": [1, 1]},
								"south": {"uv": [8, 19], "uv_size": [1, 1]},
								"west": {"uv": [19, 8], "uv_size": [1, 1]},
								"up": {"uv": [19, 9], "uv_size": [1, 1]},
								"down": {"uv": [11, 20], "uv_size": [1, -1]}
							}
						},
						{
							"origin": [-0.25, 0.26924, 0.29672],
							"size": [0.5, 1.05, 0.35],
							"pivot": [0, 0.79424, 0.57172],
							"rotation": [-22.5, 0, 0],
							"uv": {
								"north": {"uv": [19, 11], "uv_size": [1, 1]},
								"east": {"uv": [19, 12], "uv_size": [1, 1]},
								"south": {"uv": [14, 19], "uv_size": [1, 1]},
								"west": {"uv": [19, 14], "uv_size": [1, 1]},
								"up": {"uv": [19, 15], "uv_size": [1, 1]},
								"down": {"uv": [16, 20], "uv_size": [1, -1]}
							}
						},
						{
							"origin": [-0.5, 1.2, -7.5],
							"size": [1, 0.25, 2.75],
							"uv": {
								"north": {"uv": [19, 16], "uv_size": [1, 1]},
								"east": {"uv": [15, 2], "uv_size": [3, 1]},
								"south": {"uv": [17, 19], "uv_size": [1, 1]},
								"west": {"uv": [15, 3], "uv_size": [3, 1]},
								"up": {"uv": [16, 10], "uv_size": [1, 3]},
								"down": {"uv": [11, 19], "uv_size": [1, -3]}
							}
						},
						{
							"origin": [-0.5, -1.17392, 1.33471],
							"size": [1, 2, 1.5],
							"pivot": [0, -0.17392, 5.45971],
							"rotation": [-45, 0, 0],
							"uv": {
								"north": {"uv": [16, 17], "uv_size": [1, 2]},
								"east": {"uv": [9, 13], "uv_size": [2, 2]},
								"south": {"uv": [17, 17], "uv_size": [1, 2]},
								"west": {"uv": [13, 11], "uv_size": [2, 2]},
								"up": {"uv": [18, 0], "uv_size": [1, 2]},
								"down": {"uv": [18, 4], "uv_size": [1, -2]}
							}
						},
						{
							"origin": [-0.50391, -0.02956, 2.96513],
							"size": [1.00782, 1.35, 1.5],
							"pivot": [0, 0.32044, 7.09013],
							"rotation": [-22.5, 0, 0],
							"uv": {
								"north": {"uv": [19, 17], "uv_size": [1, 1]},
								"east": {"uv": [17, 12], "uv_size": [2, 1]},
								"south": {"uv": [18, 19], "uv_size": [1, 1]},
								"west": {"uv": [18, 5], "uv_size": [2, 1]},
								"up": {"uv": [18, 6], "uv_size": [1, 2]},
								"down": {"uv": [18, 10], "uv_size": [1, -2]}
							}
						},
						{
							"origin": [-0.50391, -1.91164, 1.75506],
							"size": [1.00782, 1.35, 0.8],
							"pivot": [0, -1.56164, 5.68006],
							"rotation": [-45, 0, 0],
							"uv": {
								"north": {"uv": [19, 17], "uv_size": [1, 1]},
								"east": {"uv": [17, 12], "uv_size": [2, 1]},
								"south": {"uv": [18, 19], "uv_size": [1, 1]},
								"west": {"uv": [18, 5], "uv_size": [2, 1]},
								"up": {"uv": [19, 8], "uv_size": [-1, -2]},
								"down": {"uv": [19, 10], "uv_size": [-1, -2]}
							}
						},
						{
							"origin": [-0.51173, -1.36054, 3.10932],
							"size": [1.00782, 0.5, 4.75],
							"uv": {
								"north": {"uv": [19, 17], "uv_size": [1, 1]},
								"east": {"uv": [17, 12], "uv_size": [2, 1]},
								"south": {"uv": [18, 19], "uv_size": [1, 1]},
								"west": {"uv": [18, 5], "uv_size": [2, 1]},
								"up": {"uv": [19, 8], "uv_size": [-1, -2]},
								"down": {"uv": [19, 10], "uv_size": [-1, -2]}
							}
						},
						{
							"origin": [-0.51173, -3.64686, 7.60346],
							"size": [1.00782, 0.5, 2],
							"pivot": [-0.00782, -2.64686, 13.47846],
							"rotation": [-22.5, 0, 0],
							"uv": {
								"north": {"uv": [19, 17], "uv_size": [1, 1]},
								"east": {"uv": [17, 12], "uv_size": [2, 1]},
								"south": {"uv": [18, 19], "uv_size": [1, 1]},
								"west": {"uv": [18, 5], "uv_size": [2, 1]},
								"up": {"uv": [19, 8], "uv_size": [-1, -2]},
								"down": {"uv": [19, 10], "uv_size": [-1, -2]}
							}
						},
						{
							"origin": [-0.51173, -2.12591, 9.50708],
							"size": [1.00782, 0.5, 2.7],
							"uv": {
								"north": {"uv": [19, 17], "uv_size": [1, 1]},
								"east": {"uv": [17, 12], "uv_size": [2, 1]},
								"south": {"uv": [18, 19], "uv_size": [1, 1]},
								"west": {"uv": [18, 5], "uv_size": [2, 1]},
								"up": {"uv": [19, 8], "uv_size": [-1, -2]},
								"down": {"uv": [19, 10], "uv_size": [-1, -2]}
							}
						},
						{
							"origin": [-0.5, 1.13141, 4.39906],
							"size": [1, 1.15, 6.75],
							"uv": {
								"north": {"uv": [19, 18], "uv_size": [1, 1]},
								"east": {"uv": [11, 5], "uv_size": [7, 1]},
								"south": {"uv": [19, 19], "uv_size": [1, 1]},
								"west": {"uv": [11, 6], "uv_size": [7, 1]},
								"up": {"uv": [11, 9], "uv_size": [1, 7]},
								"down": {"uv": [4, 19], "uv_size": [1, -7]}
							}
						},
						{
							"origin": [-0.5, -1.71859, 11.14906],
							"size": [1, 4, 0.98437],
							"uv": {
								"north": {"uv": [13, 13], "uv_size": [1, 4]},
								"east": {"uv": [14, 0], "uv_size": [1, 4]},
								"south": {"uv": [14, 7], "uv_size": [1, 4]},
								"west": {"uv": [14, 13], "uv_size": [1, 4]},
								"up": {"uv": [20, 0], "uv_size": [1, 1]},
								"down": {"uv": [20, 2], "uv_size": [1, -1]}
							}
						},
						{
							"origin": [-0.3, -1.41859, 8.39906],
							"size": [0.6, 2.6, 0.98437],
							"uv": {
								"north": {"uv": [13, 13], "uv_size": [1, 4]},
								"east": {"uv": [14, 0], "uv_size": [1, 4]},
								"south": {"uv": [14, 7], "uv_size": [1, 4]},
								"west": {"uv": [14, 13], "uv_size": [1, 4]},
								"up": {"uv": [21, 1], "uv_size": [-1, -1]},
								"down": {"uv": [21, 2], "uv_size": [-1, -1]}
							}
						},
						{
							"origin": [-0.5, -2.30219, 12.1264],
							"size": [1, 4.5836, 0.77266],
							"uv": {
								"north": {"uv": [5, 12], "uv_size": [1, 5]},
								"east": {"uv": [6, 12], "uv_size": [1, 5]},
								"south": {"uv": [12, 7], "uv_size": [1, 5]},
								"west": {"uv": [12, 12], "uv_size": [1, 5]},
								"up": {"uv": [2, 20], "uv_size": [1, 1]},
								"down": {"uv": [20, 3], "uv_size": [1, -1]}
							}
						},
						{
							"origin": [-0.3, 1.65, -27.25],
							"size": [0.6, 0.6, 12],
							"uv": {
								"north": {"uv": [3, 20], "uv_size": [1, 1]},
								"east": {"uv": [0, 8], "uv_size": [12, 1]},
								"south": {"uv": [20, 3], "uv_size": [1, 1]},
								"west": {"uv": [8, 4], "uv_size": [12, 1]},
								"up": {"uv": [0, 9], "uv_size": [1, 12]},
								"down": {"uv": [1, 21], "uv_size": [1, -12]}
							}
						},
						{
							"origin": [-0.1, 2.25, -27],
							"size": [0.2, 1.8, 0.75],
							"uv": {
								"north": {"uv": [9, 18], "uv_size": [1, 2]},
								"east": {"uv": [10, 18], "uv_size": [1, 2]},
								"south": {"uv": [12, 18], "uv_size": [1, 2]},
								"west": {"uv": [13, 18], "uv_size": [1, 2]},
								"up": {"uv": [4, 20], "uv_size": [1, 1]},
								"down": {"uv": [20, 5], "uv_size": [1, -1]}
							}
						},
						{
							"origin": [-0.3, 2.65, -17.5],
							"size": [0.6, 0.6, 2.25],
							"uv": {
								"north": {"uv": [5, 20], "uv_size": [1, 1]},
								"east": {"uv": [18, 10], "uv_size": [2, 1]},
								"south": {"uv": [20, 5], "uv_size": [1, 1]},
								"west": {"uv": [18, 13], "uv_size": [2, 1]},
								"up": {"uv": [18, 14], "uv_size": [1, 2]},
								"down": {"uv": [15, 20], "uv_size": [1, -2]}
							}
						}
					]
				}
			],
			"item_display_transforms": {
				"thirdperson_righthand": {
					"translation": [-0.75, -0.75, 0],
					"scale": [0.7, 0.7, 0.7]
				},
				"thirdperson_lefthand": {
					"translation": [-1.5, 4.25, -2.75],
					"scale": [0, 0, 0]
				},
				"ground": {
					"translation": [0, 1.25, 0],
					"scale": [0.65, 0.65, 0.65]
				},
				"head": {
					"translation": [0, 10.5, 0]
				},
				"fixed": {
					"rotation": [0, -90, 0],
					"translation": [-2, -1, 0],
					"scale": [1.3, 1.3, 1.3]
				}
			}
		}
	]
}