{
	"format_version": "1.12.0",
	"minecraft:geometry": [
		{
			"description": {
				"identifier": "geometry.taser",
				"texture_width": 32,
				"texture_height": 32,
				"visible_bounds_width": 2,
				"visible_bounds_height": 1.5,
				"visible_bounds_offset": [0, 0.25, 0]
			},
			"bones": [
				{
					"name": "0",
					"pivot": [0, 0, 0]
				},
				{
					"name": "head",
					"parent": "0",
					"pivot": [0, 0.32257, -5.37042],
					"cubes": [
						{
							"origin": [-0.45, -0.45, -6.1],
							"size": [0.9, 1.5, 0.1],
							"uv": {
								"north": {"uv": [8, 11], "uv_size": [1, 1.5]},
								"east": {"uv": [19, 11], "uv_size": [0.25, 1.5]},
								"south": {"uv": [0, 12], "uv_size": [1, 1.5]},
								"west": {"uv": [12, 19], "uv_size": [0.25, 1.5]},
								"up": {"uv": [10, 20], "uv_size": [1, 0.25]},
								"down": {"uv": [20, 10.25], "uv_size": [1, -0.25]}
							}
						},
						{
							"origin": [-0.65, -0.55, -6.05],
							"size": [1.3, 1.7, 1.55],
							"uv": {
								"north": {"uv": [0, 10], "uv_size": [1.25, 1.75]},
								"east": {"uv": [2, 8], "uv_size": [1.5, 1.75]},
								"south": {"uv": [2, 10], "uv_size": [1.25, 1.75]},
								"west": {"uv": [4, 8], "uv_size": [1.5, 1.75]},
								"up": {"uv": [6, 11], "uv_size": [1.25, 1.5]},
								"down": {"uv": [11, 7.5], "uv_size": [1.25, -1.5]}
							}
						},
						{
							"origin": [-0.5, 1.09825, -5.11014],
							"size": [1, 0.4, 0.45],
							"pivot": [0, 1.29825, -4.83514],
							"rotation": [22.5, 0, 0],
							"uv": {
								"north": {"uv": [17, 13], "uv_size": [1, 0.5]},
								"east": {"uv": [20, 12], "uv_size": [0.5, 0.5]},
								"south": {"uv": [17, 14], "uv_size": [1, 0.5]},
								"west": {"uv": [13, 20], "uv_size": [0.5, 0.5]},
								"up": {"uv": [17, 15], "uv_size": [1, 0.5]},
								"down": {"uv": [16, 17.5], "uv_size": [1, -0.5]}
							}
						},
						{
							"origin": [-0.5, -0.79825, -5.11014],
							"size": [1, 0.4, 0.45],
							"pivot": [0, -0.59825, -4.83514],
							"rotation": [-22.5, 0, 0],
							"uv": {
								"north": {"uv": [17, 16], "uv_size": [1, 0.5]},
								"east": {"uv": [20, 13], "uv_size": [0.5, 0.5]},
								"south": {"uv": [17, 17], "uv_size": [1, 0.5]},
								"west": {"uv": [14, 20], "uv_size": [0.5, 0.5]},
								"up": {"uv": [0, 18], "uv_size": [1, 0.5]},
								"down": {"uv": [1, 18.5], "uv_size": [1, -0.5]}
							}
						},
						{
							"origin": [-0.5, -0.9743, -5.83731],
							"size": [1, 0.4, 0.45],
							"pivot": [0, -0.5243, -4.81231],
							"rotation": [-22.5, 0, 0],
							"uv": {
								"north": {"uv": [2, 18], "uv_size": [1, 0.5]},
								"east": {"uv": [20, 14], "uv_size": [0.5, 0.5]},
								"south": {"uv": [3, 18], "uv_size": [1, 0.5]},
								"west": {"uv": [15, 20], "uv_size": [0.5, 0.5]},
								"up": {"uv": [4, 18], "uv_size": [1, 0.5]},
								"down": {"uv": [5, 18.5], "uv_size": [1, -0.5]}
							}
						},
						{
							"origin": [-0.5, 0.92605, -5.87589],
							"size": [1, 0.4, 0.45],
							"pivot": [0, 1.12605, -5.60089],
							"rotation": [22.5, 0, 0],
							"uv": {
								"north": {"uv": [6, 18], "uv_size": [1, 0.5]},
								"east": {"uv": [20, 15], "uv_size": [0.5, 0.5]},
								"south": {"uv": [7, 18], "uv_size": [1, 0.5]},
								"west": {"uv": [16, 20], "uv_size": [0.5, 0.5]},
								"up": {"uv": [18, 8], "uv_size": [1, 0.5]},
								"down": {"uv": [9, 18.5], "uv_size": [1, -0.5]}
							}
						},
						{
							"origin": [-0.5, 1.07779, -5.51575],
							"size": [1, 0.3, 0.45],
							"uv": {
								"north": {"uv": [20, 16], "uv_size": [1, 0.25]},
								"east": {"uv": [21, 17], "uv_size": [0.5, 0.25]},
								"south": {"uv": [17, 20], "uv_size": [1, 0.25]},
								"west": {"uv": [18, 21], "uv_size": [0.5, 0.25]},
								"up": {"uv": [18, 9], "uv_size": [1, 0.5]},
								"down": {"uv": [10, 18.5], "uv_size": [1, -0.5]}
							}
						},
						{
							"origin": [-0.75, -0.01005, -4.06924],
							"size": [1.5, 0.8, 0.8],
							"pivot": [0, 1.28995, -4.16924],
							"rotation": [-45, 0, 0],
							"uv": {
								"north": {"uv": [13, 8], "uv_size": [1.5, 0.75]},
								"east": {"uv": [9, 17], "uv_size": [0.75, 0.75]},
								"south": {"uv": [9, 13], "uv_size": [1.5, 0.75]},
								"west": {"uv": [10, 17], "uv_size": [0.75, 0.75]},
								"up": {"uv": [13, 9], "uv_size": [1.5, 0.75]},
								"down": {"uv": [13, 10.75], "uv_size": [1.5, -0.75]}
							}
						},
						{
							"origin": [-0.5, -0.72, -5.51575],
							"size": [1, 0.23, 0.45],
							"uv": {
								"north": {"uv": [20, 17], "uv_size": [1, 0.25]},
								"east": {"uv": [21, 18], "uv_size": [0.5, 0.25]},
								"south": {"uv": [18, 20], "uv_size": [1, 0.25]},
								"west": {"uv": [19, 21], "uv_size": [0.5, 0.25]},
								"up": {"uv": [18, 10], "uv_size": [1, 0.5]},
								"down": {"uv": [11, 18.5], "uv_size": [1, -0.5]}
							}
						}
					]
				},
				{
					"name": "gun",
					"parent": "0",
					"pivot": [-0.00238, 0.35352, 0.03753]
				},
				{
					"name": "bone2",
					"parent": "gun",
					"pivot": [0.5, -0.64441, -3.41851],
					"cubes": [
						{
							"origin": [-0.65, -0.55, -4.5],
							"size": [1.3, 1.7, 3],
							"uv": {
								"north": {"uv": [9, 6], "uv_size": [1.25, 1.75]},
								"east": {"uv": [4, 0], "uv_size": [3, 1.75]},
								"south": {"uv": [9, 8], "uv_size": [1.25, 1.75]},
								"west": {"uv": [4, 2], "uv_size": [3, 1.75]},
								"up": {"uv": [0, 7], "uv_size": [1.25, 3]},
								"down": {"uv": [7, 3], "uv_size": [1.25, -3]}
							}
						},
						{
							"origin": [-0.5, -0.85, -4.75],
							"size": [1, 2.4, 0.25],
							"uv": {
								"north": {"uv": [8, 4], "uv_size": [1, 2.5]},
								"east": {"uv": [12, 16], "uv_size": [0.25, 2.5]},
								"south": {"uv": [6, 8], "uv_size": [1, 2.5]},
								"west": {"uv": [16, 12], "uv_size": [0.25, 2.5]},
								"up": {"uv": [11, 20], "uv_size": [1, 0.25]},
								"down": {"uv": [20, 11.25], "uv_size": [1, -0.25]}
							}
						},
						{
							"origin": [-0.25, -0.55, 0.3],
							"size": [0.5, 1.7, 1.2],
							"uv": {
								"north": {"uv": [2, 15], "uv_size": [0.5, 1.75]},
								"east": {"uv": [4, 10], "uv_size": [1.25, 1.75]},
								"south": {"uv": [3, 15], "uv_size": [0.5, 1.75]},
								"west": {"uv": [9, 10], "uv_size": [1.25, 1.75]},
								"up": {"uv": [13, 16], "uv_size": [0.5, 1.25]},
								"down": {"uv": [14, 17.25], "uv_size": [0.5, -1.25]}
							}
						},
						{
							"origin": [-0.45, -1.75, 0.5],
							"size": [0.9, 1, 0.7],
							"uv": {
								"north": {"uv": [0, 14], "uv_size": [1, 1]},
								"east": {"uv": [15, 3], "uv_size": [0.75, 1]},
								"south": {"uv": [1, 14], "uv_size": [1, 1]},
								"west": {"uv": [4, 15], "uv_size": [0.75, 1]},
								"up": {"uv": [15, 4], "uv_size": [1, 0.75]},
								"down": {"uv": [5, 15.75], "uv_size": [1, -0.75]}
							}
						},
						{
							"origin": [-0.45, -2.7, 0.6],
							"size": [0.9, 0.7, 0.7],
							"uv": {
								"north": {"uv": [15, 5], "uv_size": [1, 0.75]},
								"east": {"uv": [17, 10], "uv_size": [0.75, 0.75]},
								"south": {"uv": [6, 15], "uv_size": [1, 0.75]},
								"west": {"uv": [11, 17], "uv_size": [0.75, 0.75]},
								"up": {"uv": [15, 6], "uv_size": [1, 0.75]},
								"down": {"uv": [7, 15.75], "uv_size": [1, -0.75]}
							}
						},
						{
							"origin": [-0.45, -2.378, 0.6647],
							"size": [0.9, 0.8, 0.7],
							"pivot": [0, -2.078, 1.0147],
							"rotation": [22.5, 0, 0],
							"uv": {
								"north": {"uv": [15, 7], "uv_size": [1, 0.75]},
								"east": {"uv": [17, 11], "uv_size": [0.75, 0.75]},
								"south": {"uv": [8, 15], "uv_size": [1, 0.75]},
								"west": {"uv": [17, 12], "uv_size": [0.75, 0.75]},
								"up": {"uv": [15, 8], "uv_size": [1, 0.75]},
								"down": {"uv": [15, 9.75], "uv_size": [1, -0.75]}
							}
						},
						{
							"origin": [-0.45, -3.028, 0.7647],
							"size": [0.9, 0.5, 0.7],
							"pivot": [0, -3.028, 1.1147],
							"rotation": [22.5, 0, 0],
							"uv": {
								"north": {"uv": [18, 11], "uv_size": [1, 0.5]},
								"east": {"uv": [13, 19], "uv_size": [0.75, 0.5]},
								"south": {"uv": [18, 12], "uv_size": [1, 0.5]},
								"west": {"uv": [19, 13], "uv_size": [0.75, 0.5]},
								"up": {"uv": [15, 10], "uv_size": [1, 0.75]},
								"down": {"uv": [11, 15.75], "uv_size": [1, -0.75]}
							}
						},
						{
							"origin": [-0.25, -0.93551, 0.12441],
							"size": [0.5, 1.2, 0.7],
							"pivot": [0, -0.33551, 0.47441],
							"rotation": [-22.5, 0, 0],
							"uv": {
								"north": {"uv": [15, 16], "uv_size": [0.5, 1.25]},
								"east": {"uv": [9, 14], "uv_size": [0.75, 1.25]},
								"south": {"uv": [16, 15], "uv_size": [0.5, 1.25]},
								"west": {"uv": [10, 14], "uv_size": [0.75, 1.25]},
								"up": {"uv": [14, 19], "uv_size": [0.5, 0.75]},
								"down": {"uv": [19, 14.75], "uv_size": [0.5, -0.75]}
							}
						},
						{
							"origin": [-0.5, -3.3, 0.8],
							"size": [1, 2.45, 1.9],
							"uv": {
								"north": {"uv": [7, 8], "uv_size": [1, 2.5]},
								"east": {"uv": [4, 4], "uv_size": [2, 2.5]},
								"south": {"uv": [8, 8], "uv_size": [1, 2.5]},
								"west": {"uv": [6, 4], "uv_size": [2, 2.5]},
								"up": {"uv": [11, 0], "uv_size": [1, 2]},
								"down": {"uv": [11, 6], "uv_size": [1, -2]}
							}
						},
						{
							"origin": [-0.4, -0.85, 0.8],
							"size": [0.8, 1.55, 1.6],
							"uv": {
								"north": {"uv": [11, 13], "uv_size": [0.75, 1.5]},
								"east": {"uv": [9, 0], "uv_size": [1.5, 1.5]},
								"south": {"uv": [13, 11], "uv_size": [0.75, 1.5]},
								"west": {"uv": [9, 4], "uv_size": [1.5, 1.5]},
								"up": {"uv": [12, 13], "uv_size": [0.75, 1.5]},
								"down": {"uv": [13, 14.5], "uv_size": [0.75, -1.5]}
							}
						},
						{
							"origin": [-0.6, 0.7, 0.8],
							"size": [1, 0.95, 1.2],
							"uv": {
								"north": {"uv": [14, 1], "uv_size": [1, 1]},
								"east": {"uv": [9, 12], "uv_size": [1.25, 1]},
								"south": {"uv": [2, 14], "uv_size": [1, 1]},
								"west": {"uv": [11, 12], "uv_size": [1.25, 1]},
								"up": {"uv": [3, 13], "uv_size": [1, 1.25]},
								"down": {"uv": [4, 14.25], "uv_size": [1, -1.25]}
							}
						},
						{
							"origin": [-0.6, 1.3, 0.8],
							"size": [1.2, 0.35, 1.2],
							"uv": {
								"north": {"uv": [20, 7], "uv_size": [1.25, 0.25]},
								"east": {"uv": [8, 20], "uv_size": [1.25, 0.25]},
								"south": {"uv": [20, 8], "uv_size": [1.25, 0.25]},
								"west": {"uv": [20, 9], "uv_size": [1.25, 0.25]},
								"up": {"uv": [11, 8], "uv_size": [1.25, 1.25]},
								"down": {"uv": [11, 11.25], "uv_size": [1.25, -1.25]}
							}
						},
						{
							"origin": [-0.6, 0.7, 2],
							"size": [1.2, 0.95, 0.8],
							"uv": {
								"north": {"uv": [13, 4], "uv_size": [1.25, 1]},
								"east": {"uv": [12, 15], "uv_size": [0.75, 1]},
								"south": {"uv": [13, 5], "uv_size": [1.25, 1]},
								"west": {"uv": [13, 15], "uv_size": [0.75, 1]},
								"up": {"uv": [14, 11], "uv_size": [1.25, 0.75]},
								"down": {"uv": [14, 12.75], "uv_size": [1.25, -0.75]}
							}
						},
						{
							"origin": [-0.6, 0.74114, 2.60465],
							"size": [1.2, 0.87, 0.4],
							"pivot": [0, 1.11614, 2.80465],
							"rotation": [22.5, 0, 0],
							"uv": {
								"north": {"uv": [14, 13], "uv_size": [1.25, 0.75]},
								"east": {"uv": [15, 19], "uv_size": [0.5, 0.75]},
								"south": {"uv": [14, 14], "uv_size": [1.25, 0.75]},
								"west": {"uv": [19, 15], "uv_size": [0.5, 0.75]},
								"up": {"uv": [17, 1], "uv_size": [1.25, 0.5]},
								"down": {"uv": [2, 17.5], "uv_size": [1.25, -0.5]}
							}
						},
						{
							"origin": [-0.52344, 0.86912, 2.58967],
							"size": [1.04688, 0.52859, 0.41],
							"pivot": [0, 1.13341, 2.79467],
							"rotation": [22.5, 0, 0],
							"uv": {
								"north": {"uv": [14, 15], "uv_size": [1, 0.75]},
								"east": {"uv": [16, 19], "uv_size": [0.5, 0.75]},
								"south": {"uv": [15, 15], "uv_size": [1, 0.75]},
								"west": {"uv": [19, 16], "uv_size": [0.5, 0.75]},
								"up": {"uv": [13, 18], "uv_size": [1, 0.5]},
								"down": {"uv": [18, 13.5], "uv_size": [1, -0.5]}
							}
						},
						{
							"origin": [-0.5, -3.28478, 2.62654],
							"size": [1, 1.5, 0.55],
							"uv": {
								"north": {"uv": [1, 12], "uv_size": [1, 1.5]},
								"east": {"uv": [0, 16], "uv_size": [0.5, 1.5]},
								"south": {"uv": [2, 12], "uv_size": [1, 1.5]},
								"west": {"uv": [1, 16], "uv_size": [0.5, 1.5]},
								"up": {"uv": [14, 18], "uv_size": [1, 0.5]},
								"down": {"uv": [18, 14.5], "uv_size": [1, -0.5]}
							}
						},
						{
							"origin": [-0.5, -1.96994, 2.24565],
							"size": [1, 1.1, 0.55],
							"pivot": [0, -0.91994, 2.52065],
							"rotation": [22.5, 0, 0],
							"uv": {
								"north": {"uv": [14, 3], "uv_size": [1, 1]},
								"east": {"uv": [15, 18], "uv_size": [0.5, 1]},
								"south": {"uv": [5, 14], "uv_size": [1, 1]},
								"west": {"uv": [18, 15], "uv_size": [0.5, 1]},
								"up": {"uv": [16, 18], "uv_size": [1, 0.5]},
								"down": {"uv": [18, 16.5], "uv_size": [1, -0.5]}
							}
						},
						{
							"origin": [-0.5, -0.63692, 2.21009],
							"size": [1, 0.55, 0.6],
							"pivot": [0, -0.36192, 1.96009],
							"rotation": [-45, 0, 0],
							"uv": {
								"north": {"uv": [17, 18], "uv_size": [1, 0.5]},
								"east": {"uv": [20, 18], "uv_size": [0.5, 0.5]},
								"south": {"uv": [18, 17], "uv_size": [1, 0.5]},
								"west": {"uv": [19, 20], "uv_size": [0.5, 0.5]},
								"up": {"uv": [18, 18], "uv_size": [1, 0.5]},
								"down": {"uv": [0, 19.5], "uv_size": [1, -0.5]}
							}
						},
						{
							"origin": [-0.4, -0.25083, 1.674],
							"size": [0.8, 1.1, 0.45],
							"pivot": [0, -0.75083, 2.349],
							"rotation": [-22.5, 0, 0],
							"uv": {
								"north": {"uv": [16, 2], "uv_size": [0.75, 1]},
								"east": {"uv": [19, 0], "uv_size": [0.5, 1]},
								"south": {"uv": [16, 3], "uv_size": [0.75, 1]},
								"west": {"uv": [1, 19], "uv_size": [0.5, 1]},
								"up": {"uv": [17, 19], "uv_size": [0.75, 0.5]},
								"down": {"uv": [19, 17.5], "uv_size": [0.75, -0.5]}
							}
						},
						{
							"origin": [-0.5, -3.6, 1],
							"size": [1, 0.3, 0.7],
							"uv": {
								"north": {"uv": [20, 19], "uv_size": [1, 0.25]},
								"east": {"uv": [21, 12], "uv_size": [0.75, 0.25]},
								"south": {"uv": [20, 20], "uv_size": [1, 0.25]},
								"west": {"uv": [13, 21], "uv_size": [0.75, 0.25]},
								"up": {"uv": [4, 16], "uv_size": [1, 0.75]},
								"down": {"uv": [16, 4.75], "uv_size": [1, -0.75]}
							}
						},
						{
							"origin": [-0.5, -3.5, 1.6],
							"size": [1, 0.3, 0.7],
							"uv": {
								"north": {"uv": [0, 21], "uv_size": [1, 0.25]},
								"east": {"uv": [21, 13], "uv_size": [0.75, 0.25]},
								"south": {"uv": [21, 0], "uv_size": [1, 0.25]},
								"west": {"uv": [14, 21], "uv_size": [0.75, 0.25]},
								"up": {"uv": [5, 16], "uv_size": [1, 0.75]},
								"down": {"uv": [16, 5.75], "uv_size": [1, -0.75]}
							}
						},
						{
							"origin": [-0.5, -3.41351, 0.99165],
							"size": [1, 0.45, 0.7],
							"pivot": [0, -3.61351, 1.74165],
							"rotation": [22.5, 0, 0],
							"uv": {
								"north": {"uv": [19, 1], "uv_size": [1, 0.5]},
								"east": {"uv": [18, 19], "uv_size": [0.75, 0.5]},
								"south": {"uv": [2, 19], "uv_size": [1, 0.5]},
								"west": {"uv": [19, 18], "uv_size": [0.75, 0.5]},
								"up": {"uv": [6, 16], "uv_size": [1, 0.75]},
								"down": {"uv": [16, 6.75], "uv_size": [1, -0.75]}
							}
						},
						{
							"origin": [-0.5, -3.19776, 2.31945],
							"size": [1, 0.45, 0.7],
							"pivot": [0, -3.39776, 3.06945],
							"rotation": [22.5, 0, 0],
							"uv": {
								"north": {"uv": [19, 2], "uv_size": [1, 0.5]},
								"east": {"uv": [19, 19], "uv_size": [0.75, 0.5]},
								"south": {"uv": [3, 19], "uv_size": [1, 0.5]},
								"west": {"uv": [0, 20], "uv_size": [0.75, 0.5]},
								"up": {"uv": [7, 16], "uv_size": [1, 0.75]},
								"down": {"uv": [16, 7.75], "uv_size": [1, -0.75]}
							}
						},
						{
							"origin": [-0.5, -3.29776, 1.71945],
							"size": [1, 0.45, 0.7],
							"pivot": [0, -3.49776, 2.46945],
							"rotation": [22.5, 0, 0],
							"uv": {
								"north": {"uv": [19, 3], "uv_size": [1, 0.5]},
								"east": {"uv": [20, 0], "uv_size": [0.75, 0.5]},
								"south": {"uv": [4, 19], "uv_size": [1, 0.5]},
								"west": {"uv": [1, 20], "uv_size": [0.75, 0.5]},
								"up": {"uv": [8, 16], "uv_size": [1, 0.75]},
								"down": {"uv": [16, 8.75], "uv_size": [1, -0.75]}
							}
						},
						{
							"origin": [-0.15, 0.35, -0.2],
							"size": [0.3, 0.8, 0.5],
							"uv": {
								"north": {"uv": [21, 14], "uv_size": [0.25, 0.75]},
								"east": {"uv": [20, 1], "uv_size": [0.5, 0.75]},
								"south": {"uv": [15, 21], "uv_size": [0.25, 0.75]},
								"west": {"uv": [2, 20], "uv_size": [0.5, 0.75]},
								"up": {"uv": [21, 19], "uv_size": [0.25, 0.5]},
								"down": {"uv": [20, 21.5], "uv_size": [0.25, -0.5]}
							}
						},
						{
							"origin": [-0.65, 0.95, 1.6],
							"size": [1.3, 0.4, 0.4],
							"pivot": [0, 1.15, 1.8],
							"rotation": [45, 0, 0],
							"uv": {
								"north": {"uv": [17, 2], "uv_size": [1.25, 0.5]},
								"east": {"uv": [1, 21], "uv_size": [0.5, 0.5]},
								"south": {"uv": [17, 3], "uv_size": [1.25, 0.5]},
								"west": {"uv": [21, 1], "uv_size": [0.5, 0.5]},
								"up": {"uv": [4, 17], "uv_size": [1.25, 0.5]},
								"down": {"uv": [17, 4.5], "uv_size": [1.25, -0.5]}
							}
						},
						{
							"origin": [-0.75, 1.05, 0.9],
							"size": [1.5, 0.2, 1.1],
							"pivot": [0, 1.15, 1.8],
							"rotation": [45, 0, 0],
							"uv": {
								"north": {"uv": [20, 2], "uv_size": [1.5, 0.25]},
								"east": {"uv": [2, 21], "uv_size": [1, 0.25]},
								"south": {"uv": [3, 20], "uv_size": [1.5, 0.25]},
								"west": {"uv": [3, 21], "uv_size": [1, 0.25]},
								"up": {"uv": [12, 1], "uv_size": [1.5, 1]},
								"down": {"uv": [3, 13], "uv_size": [1.5, -1]}
							}
						},
						{
							"origin": [-0.15, -0.32388, -0.33404],
							"size": [0.3, 0.8, 0.5],
							"pivot": [0, 0.07612, -0.08404],
							"rotation": [-22.5, 0, 0],
							"uv": {
								"north": {"uv": [21, 15], "uv_size": [0.25, 0.75]},
								"east": {"uv": [20, 3], "uv_size": [0.5, 0.75]},
								"south": {"uv": [16, 21], "uv_size": [0.25, 0.75]},
								"west": {"uv": [20, 4], "uv_size": [0.5, 0.75]},
								"up": {"uv": [21, 20], "uv_size": [0.25, 0.5]},
								"down": {"uv": [21, 21.5], "uv_size": [0.25, -0.5]}
							}
						},
						{
							"origin": [-0.5, 1.15, -4.5],
							"size": [1, 0.4, 6.25],
							"uv": {
								"north": {"uv": [19, 4], "uv_size": [1, 0.5]},
								"east": {"uv": [2, 7], "uv_size": [6.25, 0.5]},
								"south": {"uv": [5, 19], "uv_size": [1, 0.5]},
								"west": {"uv": [7, 3], "uv_size": [6.25, 0.5]},
								"up": {"uv": [0, 0], "uv_size": [1, 6.25]},
								"down": {"uv": [1, 6.25], "uv_size": [1, -6.25]}
							}
						},
						{
							"origin": [-0.3, 1.35, -2.3],
							"size": [0.6, 0.25, 0.55],
							"pivot": [0, 1.675, -2.075],
							"rotation": [22.5, 0, 0],
							"uv": {
								"north": {"uv": [0, 22], "uv_size": [0.5, 0.25]},
								"east": {"uv": [22, 0], "uv_size": [0.5, 0.25]},
								"south": {"uv": [1, 22], "uv_size": [0.5, 0.25]},
								"west": {"uv": [22, 1], "uv_size": [0.5, 0.25]},
								"up": {"uv": [21, 3], "uv_size": [0.5, 0.5]},
								"down": {"uv": [4, 21.5], "uv_size": [0.5, -0.5]}
							}
						},
						{
							"origin": [-0.3, 1.33087, -1.74619],
							"size": [0.6, 0.25, 0.15],
							"pivot": [0, 1.65587, -2.12119],
							"rotation": [22.5, 0, 0],
							"uv": {
								"north": {"uv": [2, 22], "uv_size": [0.5, 0.25]},
								"east": {"uv": [6, 22], "uv_size": [0.25, 0.25]},
								"south": {"uv": [22, 2], "uv_size": [0.5, 0.25]},
								"west": {"uv": [22, 6], "uv_size": [0.25, 0.25]},
								"up": {"uv": [3, 22], "uv_size": [0.5, 0.25]},
								"down": {"uv": [22, 3.25], "uv_size": [0.5, -0.25]}
							}
						},
						{
							"origin": [-0.5, -0.85, -4.5],
							"size": [1, 0.3, 6.25],
							"uv": {
								"north": {"uv": [21, 4], "uv_size": [1, 0.25]},
								"east": {"uv": [9, 2], "uv_size": [6.25, 0.25]},
								"south": {"uv": [5, 21], "uv_size": [1, 0.25]},
								"west": {"uv": [12, 0], "uv_size": [6.25, 0.25]},
								"up": {"uv": [2, 0], "uv_size": [1, 6.25]},
								"down": {"uv": [3, 6.25], "uv_size": [1, -6.25]}
							}
						},
						{
							"origin": [-0.5, -1.51172, -4.32331],
							"size": [1, 0.55, 0.9],
							"pivot": [0, -0.73672, -2.74831],
							"rotation": [-22.5, 0, 0],
							"uv": {
								"north": {"uv": [19, 5], "uv_size": [1, 0.5]},
								"east": {"uv": [6, 19], "uv_size": [1, 0.5]},
								"south": {"uv": [19, 6], "uv_size": [1, 0.5]},
								"west": {"uv": [7, 19], "uv_size": [1, 0.5]},
								"up": {"uv": [14, 6], "uv_size": [1, 1]},
								"down": {"uv": [14, 8], "uv_size": [1, -1]}
							}
						},
						{
							"origin": [-0.5, -1.19442, -3.66851],
							"size": [1, 0.55, 0.5],
							"uv": {
								"north": {"uv": [19, 7], "uv_size": [1, 0.5]},
								"east": {"uv": [21, 5], "uv_size": [0.5, 0.5]},
								"south": {"uv": [8, 19], "uv_size": [1, 0.5]},
								"west": {"uv": [6, 21], "uv_size": [0.5, 0.5]},
								"up": {"uv": [19, 8], "uv_size": [1, 0.5]},
								"down": {"uv": [9, 19.5], "uv_size": [1, -0.5]}
							}
						},
						{
							"origin": [-0.5, -1.59263, -2.31652],
							"size": [1, 0.75, 0.4],
							"uv": {
								"north": {"uv": [9, 16], "uv_size": [1, 0.75]},
								"east": {"uv": [5, 20], "uv_size": [0.5, 0.75]},
								"south": {"uv": [16, 9], "uv_size": [1, 0.75]},
								"west": {"uv": [20, 5], "uv_size": [0.5, 0.75]},
								"up": {"uv": [19, 9], "uv_size": [1, 0.5]},
								"down": {"uv": [10, 19.5], "uv_size": [1, -0.5]}
							}
						},
						{
							"origin": [-0.5, -1.13341, -1.95787],
							"size": [1, 0.35, 1.4],
							"uv": {
								"north": {"uv": [7, 21], "uv_size": [1, 0.25]},
								"east": {"uv": [6, 20], "uv_size": [1.5, 0.25]},
								"south": {"uv": [8, 21], "uv_size": [1, 0.25]},
								"west": {"uv": [20, 6], "uv_size": [1.5, 0.25]},
								"up": {"uv": [12, 4], "uv_size": [1, 1.5]},
								"down": {"uv": [5, 13.5], "uv_size": [1, -1.5]}
							}
						},
						{
							"origin": [-0.5, -1.44897, -2.09428],
							"size": [1, 0.55, 1.2],
							"pivot": [0, -1.07397, -1.64428],
							"rotation": [22.5, 0, 0],
							"uv": {
								"north": {"uv": [19, 10], "uv_size": [1, 0.5]},
								"east": {"uv": [17, 5], "uv_size": [1.25, 0.5]},
								"south": {"uv": [11, 19], "uv_size": [1, 0.5]},
								"west": {"uv": [6, 17], "uv_size": [1.25, 0.5]},
								"up": {"uv": [6, 13], "uv_size": [1, 1.25]},
								"down": {"uv": [13, 7.25], "uv_size": [1, -1.25]}
							}
						},
						{
							"origin": [-0.5, -1.75512, -0.58339],
							"size": [1, 0.35, 0.75],
							"pivot": [0, -1.38012, -2.13339],
							"rotation": [22.5, 0, 0],
							"uv": {
								"north": {"uv": [9, 21], "uv_size": [1, 0.25]},
								"east": {"uv": [21, 16], "uv_size": [0.75, 0.25]},
								"south": {"uv": [10, 21], "uv_size": [1, 0.25]},
								"west": {"uv": [17, 21], "uv_size": [0.75, 0.25]},
								"up": {"uv": [10, 16], "uv_size": [1, 0.75]},
								"down": {"uv": [16, 10.75], "uv_size": [1, -0.75]}
							}
						},
						{
							"origin": [-0.25, -1.55, -3.61652],
							"size": [0.5, 0.4, 1.3],
							"uv": {
								"north": {"uv": [21, 10], "uv_size": [0.5, 0.5]},
								"east": {"uv": [17, 6], "uv_size": [1.25, 0.5]},
								"south": {"uv": [11, 21], "uv_size": [0.5, 0.5]},
								"west": {"uv": [17, 7], "uv_size": [1.25, 0.5]},
								"up": {"uv": [8, 17], "uv_size": [0.5, 1.25]},
								"down": {"uv": [17, 9.25], "uv_size": [0.5, -1.25]}
							}
						},
						{
							"origin": [-0.25, -1.55, -3.86652],
							"size": [0.5, 0.4, 0.25],
							"uv": {
								"north": {"uv": [21, 11], "uv_size": [0.5, 0.5]},
								"east": {"uv": [4, 22], "uv_size": [0.25, 0.5]},
								"south": {"uv": [12, 21], "uv_size": [0.5, 0.5]},
								"west": {"uv": [22, 4], "uv_size": [0.25, 0.5]},
								"up": {"uv": [5, 22], "uv_size": [0.5, 0.25]},
								"down": {"uv": [22, 5.25], "uv_size": [0.5, -0.25]}
							}
						},
						{
							"origin": [-0.5, -1.09874, -3.18754],
							"size": [1, 0.85, 1.15],
							"pivot": [0.5, -0.64441, -3.41851],
							"rotation": [-22.5, 0, 0],
							"uv": {
								"north": {"uv": [11, 16], "uv_size": [1, 0.75]},
								"east": {"uv": [0, 15], "uv_size": [1.25, 0.75]},
								"south": {"uv": [16, 11], "uv_size": [1, 0.75]},
								"west": {"uv": [15, 1], "uv_size": [1.25, 0.75]},
								"up": {"uv": [7, 13], "uv_size": [1, 1.25]},
								"down": {"uv": [8, 14.25], "uv_size": [1, -1.25]}
							}
						}
					]
				}
			]
		}
	]
}