{
	"format_version": "1.12.0",
	"minecraft:geometry": [
		{
			"description": {
				"identifier": "geometry.trachelium",
				"texture_width": 64,
				"texture_height": 64,
				"visible_bounds_width": 126,
				"visible_bounds_height": 126,
				"visible_bounds_offset": [0, 0, 0]
			},
			"bones": [
				{
					"name": "gun",
					"pivot": [-0.00238, 0.35352, 0.03753]
				},
				{
					"name": "jichui",
					"parent": "gun",
					"pivot": [0, 1.47715, 1.24609],
					"cubes": [
						{
							"origin": [-0.11275, 1.32595, 0.52877],
							"size": [0.2255, 0.847, 1.028],
							"pivot": [0, 1.35974, 1.24701],
							"rotation": [-15.5, 0, 0],
							"uv": {
								"east": {"uv": [9, 16], "uv_size": [1, 0.75]},
								"south": {"uv": [17, 20], "uv_size": [0.25, 0.75]},
								"west": {"uv": [10, 16], "uv_size": [1, 0.75]},
								"up": {"uv": [5, 19], "uv_size": [0.25, 1]}
							}
						},
						{
							"origin": [-0.11275, 1.64773, 1.66396],
							"size": [0.2255, 0.1845, 0.7995],
							"pivot": [0, 1.77773, 1.03307],
							"rotation": [22.5, 0, 0],
							"uv": {
								"east": {"uv": [20, 17], "uv_size": [0.75, 0.25]},
								"south": {"uv": [22, 11], "uv_size": [0.25, 0.25]},
								"west": {"uv": [18, 20], "uv_size": [0.75, 0.25]},
								"up": {"uv": [20, 18], "uv_size": [0.25, 0.75]},
								"down": {"uv": [19, 20.75], "uv_size": [0.25, -0.75]}
							}
						}
					]
				},
				{
					"name": "qian",
					"parent": "gun",
					"pivot": [0, 0, -2.91406]
				},
				{
					"name": "qianzhunxing1",
					"parent": "qian",
					"pivot": [0, 2.18732, -10.96062],
					"cubes": [
						{
							"origin": [-0.0205, 2.67447, -10.80562],
							"size": [0.041, 0.205, 1.075],
							"uv": {
								"north": {"uv": [22, 19], "uv_size": [0.25, 0.25]},
								"east": {"uv": [14, 20], "uv_size": [1, 0.25]},
								"west": {"uv": [20, 14], "uv_size": [1, 0.25]},
								"up": {"uv": [15, 20], "uv_size": [0.25, 1]}
							}
						},
						{
							"origin": [-0.091, 2.65397, -10.05862],
							"size": [0.182, 0.205, 0.847],
							"uv": {
								"north": {"uv": [20, 22], "uv_size": [0.25, 0.25]},
								"east": {"uv": [21, 8], "uv_size": [0.75, 0.25]},
								"south": {"uv": [22, 20], "uv_size": [0.25, 0.25]},
								"west": {"uv": [9, 21], "uv_size": [0.75, 0.25]},
								"up": {"uv": [21, 9], "uv_size": [0.25, 0.75]}
							}
						}
					]
				},
				{
					"name": "lun",
					"parent": "qian",
					"pivot": [0, 1.342, 0]
				},
				{
					"name": "group9",
					"parent": "lun",
					"pivot": [4.72, -7.39, -7.273]
				},
				{
					"name": "bone12",
					"parent": "group9",
					"pivot": [0, 1.352, -0.07513],
					"cubes": [
						{
							"origin": [-0.43096, 0.31588, -2.54663],
							"size": [0.86194, 2.07225, 2.943],
							"pivot": [0.00001, 1.352, -0.07513],
							"rotation": [0, 0, -90],
							"uv": {
								"north": {"uv": [12, 10], "uv_size": [0.75, 2]},
								"south": {"uv": [11, 12], "uv_size": [0.75, 2]},
								"up": {"uv": [7, 6], "uv_size": [0.75, 3]},
								"down": {"uv": [5, 11], "uv_size": [0.75, -3]}
							}
						},
						{
							"origin": [-0.43096, 0.31588, -2.54663],
							"size": [0.86194, 2.07225, 2.943],
							"pivot": [0.00001, 1.352, -0.07513],
							"rotation": [0, 0, -135],
							"uv": {
								"north": {"uv": [13, 13], "uv_size": [0.75, 2]},
								"south": {"uv": [1, 14], "uv_size": [0.75, 2]},
								"up": {"uv": [8, 9], "uv_size": [0.75, 3]},
								"down": {"uv": [9, 12], "uv_size": [0.75, -3]}
							}
						},
						{
							"origin": [-0.43096, 0.31588, -2.54663],
							"size": [0.86194, 2.07225, 2.943],
							"pivot": [0.00001, 1.352, -0.07513],
							"rotation": [0, 0, -180],
							"uv": {
								"north": {"uv": [14, 2], "uv_size": [0.75, 2]},
								"south": {"uv": [4, 14], "uv_size": [0.75, 2]},
								"up": {"uv": [10, 0], "uv_size": [0.75, 3]},
								"down": {"uv": [2, 13], "uv_size": [0.75, -3]}
							}
						},
						{
							"origin": [-0.43096, 0.31588, -2.54663],
							"size": [0.86194, 2.07225, 2.943],
							"pivot": [0.00001, 1.352, -0.07513],
							"rotation": [0, 0, 135],
							"uv": {
								"north": {"uv": [14, 6], "uv_size": [0.75, 2]},
								"south": {"uv": [8, 14], "uv_size": [0.75, 2]},
								"up": {"uv": [3, 10], "uv_size": [0.75, 3]},
								"down": {"uv": [10, 6], "uv_size": [0.75, -3]}
							}
						}
					]
				},
				{
					"name": "ammo",
					"parent": "lun",
					"pivot": [0, 1.342, 0.05],
					"cubes": [
						{
							"origin": [0.31619, 1.67502, 0.39637],
							"size": [0.4, 0.4, 0.025],
							"pivot": [0, 1.35884, 0.40887],
							"rotation": [0, 0, -105],
							"uv": {
								"east": {"uv": [22, 1], "uv_size": [0.25, 0.5]},
								"south": {"uv": [20, 11], "uv_size": [0.5, 0.5]},
								"west": {"uv": [2, 22], "uv_size": [0.25, 0.5]},
								"up": {"uv": [22, 2], "uv_size": [0.5, 0.25]},
								"down": {"uv": [3, 22.25], "uv_size": [0.5, -0.25]}
							}
						},
						{
							"origin": [-0.71619, 0.64265, 0.39637],
							"size": [0.4, 0.4, 0.025],
							"pivot": [0, 1.35884, 0.40887],
							"rotation": [0, 0, -105],
							"uv": {
								"east": {"uv": [21, 21], "uv_size": [0.25, 0.5]},
								"south": {"uv": [11, 20], "uv_size": [0.5, 0.5]},
								"west": {"uv": [0, 22], "uv_size": [0.25, 0.5]},
								"up": {"uv": [22, 0], "uv_size": [0.5, 0.25]},
								"down": {"uv": [1, 22.25], "uv_size": [0.5, -0.25]}
							}
						},
						{
							"origin": [-0.71619, 0.64265, 0.39637],
							"size": [0.4, 0.4, 0.025],
							"pivot": [0, 1.35884, 0.40887],
							"rotation": [0, 0, -45],
							"uv": {
								"east": {"uv": [22, 5], "uv_size": [0.25, 0.5]},
								"south": {"uv": [20, 12], "uv_size": [0.5, 0.5]},
								"west": {"uv": [6, 22], "uv_size": [0.25, 0.5]},
								"up": {"uv": [22, 6], "uv_size": [0.5, 0.25]},
								"down": {"uv": [7, 22.25], "uv_size": [0.5, -0.25]}
							}
						},
						{
							"origin": [0.31619, 1.67502, 0.39637],
							"size": [0.4, 0.4, 0.025],
							"pivot": [0, 1.35884, 0.40887],
							"rotation": [0, 0, -45],
							"uv": {
								"east": {"uv": [22, 3], "uv_size": [0.25, 0.5]},
								"south": {"uv": [12, 20], "uv_size": [0.5, 0.5]},
								"west": {"uv": [4, 22], "uv_size": [0.25, 0.5]},
								"up": {"uv": [22, 4], "uv_size": [0.5, 0.25]},
								"down": {"uv": [5, 22.25], "uv_size": [0.5, -0.25]}
							}
						},
						{
							"origin": [-0.71619, 0.64265, 0.39637],
							"size": [0.4, 0.4, 0.025],
							"pivot": [0, 1.35884, 0.40887],
							"rotation": [0, 0, 15],
							"uv": {
								"east": {"uv": [22, 9], "uv_size": [0.25, 0.5]},
								"south": {"uv": [20, 13], "uv_size": [0.5, 0.5]},
								"west": {"uv": [10, 22], "uv_size": [0.25, 0.5]},
								"up": {"uv": [22, 10], "uv_size": [0.5, 0.25]},
								"down": {"uv": [11, 22.25], "uv_size": [0.5, -0.25]}
							}
						},
						{
							"origin": [0.31619, 1.67502, 0.39637],
							"size": [0.4, 0.4, 0.025],
							"pivot": [0, 1.35884, 0.40887],
							"rotation": [0, 0, 15],
							"uv": {
								"east": {"uv": [22, 7], "uv_size": [0.25, 0.5]},
								"south": {"uv": [13, 20], "uv_size": [0.5, 0.5]},
								"west": {"uv": [8, 22], "uv_size": [0.25, 0.5]},
								"up": {"uv": [22, 8], "uv_size": [0.5, 0.25]},
								"down": {"uv": [9, 22.25], "uv_size": [0.5, -0.25]}
							}
						}
					]
				},
				{
					"name": "group10",
					"parent": "qian",
					"pivot": [4.72, -12.72, -10.02],
					"cubes": [
						{
							"origin": [-0.10668, 1.19363, -6.3071],
							"size": [0.21, 0.66, 0.285],
							"uv": {
								"north": {"uv": [20, 19], "uv_size": [0.25, 0.75]},
								"east": {"uv": [20, 20], "uv_size": [0.25, 0.75]},
								"west": {"uv": [0, 21], "uv_size": [0.25, 0.75]},
								"down": {"uv": [12, 22.25], "uv_size": [0.25, -0.25]}
							}
						}
					]
				},
				{
					"name": "group11",
					"parent": "group10",
					"pivot": [4.72, -12.72, -10.02],
					"cubes": [
						{
							"origin": [-0.30906, 1.03203, -6.02012],
							"size": [0.61813, 0.6181, 3.4735],
							"pivot": [0, 1.34108, -4.30837],
							"rotation": [0, 0, -45],
							"uv": {
								"north": {"uv": [6, 19], "uv_size": [0.5, 0.5]},
								"east": {"uv": [11, 4], "uv_size": [3.5, 0.5]},
								"south": {"uv": [19, 6], "uv_size": [0.5, 0.5]},
								"west": {"uv": [11, 5], "uv_size": [3.5, 0.5]},
								"up": {"uv": [5, 11], "uv_size": [0.5, 3.5]},
								"down": {"uv": [6, 14.5], "uv_size": [0.5, -3.5]}
							}
						}
					]
				},
				{
					"name": "group12",
					"parent": "group11",
					"pivot": [4.72, -12.72, -10.02],
					"cubes": [
						{
							"origin": [-0.205, 0.68871, -3.70814],
							"size": [0.41, 0.451, 1.148],
							"uv": {
								"north": {"uv": [7, 19], "uv_size": [0.5, 0.5]},
								"east": {"uv": [17, 6], "uv_size": [1.25, 0.5]},
								"south": {"uv": [9, 19], "uv_size": [0.5, 0.5]},
								"west": {"uv": [7, 17], "uv_size": [1.25, 0.5]},
								"down": {"uv": [9, 18.25], "uv_size": [0.5, -1.25]}
							}
						},
						{
							"origin": [-0.164, 0.21721, -3.17514],
							"size": [0.328, 1.2095, 0.615],
							"uv": {
								"east": {"uv": [10, 17], "uv_size": [0.5, 1.25]},
								"south": {"uv": [19, 1], "uv_size": [0.25, 1.25]},
								"west": {"uv": [17, 11], "uv_size": [0.5, 1.25]},
								"up": {"uv": [10, 21], "uv_size": [0.25, 0.5]},
								"down": {"uv": [21, 10.5], "uv_size": [0.25, -0.5]}
							}
						},
						{
							"origin": [-0.164, -0.67911, -2.93232],
							"size": [0.328, 1.0875, 0.5125],
							"pivot": [0.16366, -1.09095, -4.14123],
							"rotation": [22.5, 0, 0],
							"uv": {
								"north": {"uv": [10, 19], "uv_size": [0.25, 1]},
								"east": {"uv": [4, 18], "uv_size": [0.5, 1]},
								"west": {"uv": [18, 4], "uv_size": [0.5, 1]}
							}
						}
					]
				},
				{
					"name": "group13",
					"parent": "qian",
					"pivot": [4.88366, -9.82293, -10.31411]
				},
				{
					"name": "bone14",
					"parent": "group13",
					"pivot": [0, 2.17956, -7.12712],
					"cubes": [
						{
							"origin": [-0.49508, 1.92456, -11.63712],
							"size": [0.69016, 0.6902, 9.07],
							"pivot": [0, 2.41966, -7.10212],
							"rotation": [0, 0, -45],
							"uv": {
								"north": {"uv": [14, 17], "uv_size": [0.75, 0.75]},
								"east": {"uv": [0, 0], "uv_size": [9, 0.75]},
								"south": {"uv": [17, 14], "uv_size": [0.75, 0.75]},
								"west": {"uv": [0, 1], "uv_size": [9, 0.75]},
								"up": {"uv": [0, 2], "uv_size": [0.75, 9]},
								"down": {"uv": [1, 11], "uv_size": [0.75, -9]}
							}
						},
						{
							"origin": [-0.40374, 1.80376, -11.15357],
							"size": [0.80749, 0.80753, 1.6029],
							"pivot": [0, 2.20753, -10.35212],
							"rotation": [0, 0, -45],
							"uv": {
								"north": {"uv": [3, 18], "uv_size": [0.75, 0.75]},
								"east": {"uv": [10, 15], "uv_size": [1.5, 0.75]},
								"south": {"uv": [18, 3], "uv_size": [0.75, 0.75]},
								"west": {"uv": [15, 11], "uv_size": [1.5, 0.75]},
								"up": {"uv": [12, 15], "uv_size": [0.75, 1.5]},
								"down": {"uv": [13, 16.5], "uv_size": [0.75, -1.5]}
							}
						},
						{
							"origin": [0.3517, 1.86867, -2.58678],
							"size": [0.14063, 0.61, 2.993],
							"pivot": [-0.00275, 2.17367, -7.14678],
							"rotation": [0, 0, -90],
							"uv": {
								"north": {"uv": [11, 21], "uv_size": [0.25, 0.5]},
								"east": {"uv": [12, 12], "uv_size": [3, 0.5]},
								"west": {"uv": [13, 0], "uv_size": [3, 0.5]},
								"up": {"uv": [11, 16], "uv_size": [0.25, 3]},
								"down": {"uv": [16, 15], "uv_size": [0.25, -3]}
							}
						},
						{
							"origin": [0.43844, 1.85135, -2.56713],
							"size": [0.125, 0.57797, 2.993],
							"pivot": [0.08398, 2.05635, -7.12713],
							"rotation": [0, 0, -90],
							"uv": {
								"east": {"uv": [13, 1], "uv_size": [3, 0.5]},
								"south": {"uv": [21, 11], "uv_size": [0.25, 0.5]}
							}
						}
					]
				},
				{
					"name": "group15",
					"parent": "qian",
					"pivot": [4.72, -12.72, -10.02],
					"cubes": [
						{
							"origin": [-0.16355, 2.60976, -1.15108],
							"size": [0.32709, 0.22063, 1.587],
							"uv": {
								"north": {"uv": [22, 12], "uv_size": [0.25, 0.25]},
								"east": {"uv": [12, 18], "uv_size": [1.5, 0.25]},
								"south": {"uv": [13, 22], "uv_size": [0.25, 0.25]},
								"west": {"uv": [18, 12], "uv_size": [1.5, 0.25]},
								"up": {"uv": [8, 18], "uv_size": [0.25, 1.5]}
							}
						}
					]
				},
				{
					"name": "hou",
					"parent": "gun",
					"pivot": [4.72, -12.72, -10.02]
				},
				{
					"name": "Stock0",
					"parent": "hou",
					"pivot": [-0.01025, -1.6794, 3.77169],
					"cubes": [
						{
							"origin": [-0.5125, 0.5465, 1.96528],
							"size": [1.0045, 0.574, 1.2505],
							"pivot": [-0.01025, -0.9705, 2.95953],
							"rotation": [22.5, 0, 0],
							"uv": {
								"east": {"uv": [12, 17], "uv_size": [1.25, 0.5]},
								"south": {"uv": [5, 18], "uv_size": [1, 0.5]},
								"west": {"uv": [17, 13], "uv_size": [1.25, 0.5]}
							}
						},
						{
							"origin": [-0.5125, -0.51095, 1.81534],
							"size": [1.0045, 1.116, 1.2105],
							"pivot": [-0.01025, -0.17395, 2.31859],
							"rotation": [45, 0, 0],
							"uv": {
								"north": {"uv": [15, 12], "uv_size": [1, 1]},
								"east": {"uv": [10, 14], "uv_size": [1.25, 1]},
								"south": {"uv": [15, 14], "uv_size": [1, 1]},
								"west": {"uv": [14, 13], "uv_size": [1.25, 1]},
								"down": {"uv": [14, 15.25], "uv_size": [1, -1.25]}
							}
						},
						{
							"origin": [-0.3895, -0.02782, 1.59281],
							"size": [0.7585, 0.5, 2.05],
							"pivot": [-0.01025, -0.19407, 2.37181],
							"rotation": [-22.5, 0, 0],
							"uv": {
								"east": {"uv": [15, 15], "uv_size": [2, 0.5]},
								"west": {"uv": [16, 0], "uv_size": [2, 0.5]},
								"up": {"uv": [2, 13], "uv_size": [0.75, 2]}
							}
						},
						{
							"origin": [-0.3895, -1.28343, 3.39448],
							"size": [0.7585, 0.5, 1.375],
							"pivot": [-0.01025, -0.85518, 4.35948],
							"rotation": [-50.5, 0, 0],
							"uv": {
								"east": {"uv": [16, 10], "uv_size": [1.5, 0.5]},
								"west": {"uv": [14, 16], "uv_size": [1.5, 0.5]},
								"up": {"uv": [15, 5], "uv_size": [0.75, 1.5]}
							}
						},
						{
							"origin": [-0.3895, -3.82369, 2.96678],
							"size": [0.7585, 0.5, 2.51219],
							"pivot": [-0.01025, -3.39544, 5.32678],
							"rotation": [-72.25, 0, 0],
							"uv": {
								"east": {"uv": [15, 4], "uv_size": [2.5, 0.5]},
								"west": {"uv": [5, 15], "uv_size": [2.5, 0.5]},
								"up": {"uv": [1, 11], "uv_size": [0.75, 2.5]}
							}
						},
						{
							"origin": [-0.3895, -5.24051, 3.19151],
							"size": [0.7585, 1.722, 2.25],
							"uv": {
								"north": {"uv": [14, 8], "uv_size": [0.75, 1.75]},
								"east": {"uv": [2, 2], "uv_size": [2.25, 1.75]},
								"south": {"uv": [9, 14], "uv_size": [0.75, 1.75]},
								"west": {"uv": [2, 4], "uv_size": [2.25, 1.75]},
								"down": {"uv": [7, 14.25], "uv_size": [0.75, -2.25]}
							}
						}
					]
				},
				{
					"name": "bone2",
					"parent": "Stock0",
					"pivot": [-0.01025, -0.17395, 2.31859],
					"cubes": [
						{
							"origin": [-0.4895, -5.14051, 3.04151],
							"size": [0.9585, 1.522, 2.2],
							"uv": {
								"north": {"uv": [13, 2], "uv_size": [1, 1.5]},
								"east": {"uv": [7, 2], "uv_size": [2.25, 1.5]},
								"south": {"uv": [3, 13], "uv_size": [1, 1.5]},
								"west": {"uv": [7, 4], "uv_size": [2.25, 1.5]},
								"down": {"uv": [6, 10.25], "uv_size": [1, -2.25]}
							}
						},
						{
							"origin": [-0.4895, -4.77749, 3.04646],
							"size": [0.9585, 0.897, 0.37],
							"pivot": [-0.01025, -4.01649, 2.31646],
							"rotation": [-22.5, 0, 0],
							"uv": {
								"north": {"uv": [16, 3], "uv_size": [1, 1]},
								"east": {"uv": [20, 15], "uv_size": [0.25, 1]},
								"west": {"uv": [16, 20], "uv_size": [0.25, 1]},
								"down": {"uv": [20, 16.25], "uv_size": [1, -0.25]}
							}
						},
						{
							"origin": [-0.4895, -1.83412, 3.12156],
							"size": [0.9585, 1.7, 0.93875],
							"pivot": [-0.01025, -2.53412, 3.32594],
							"rotation": [27.25, 0, 0],
							"uv": {
								"north": {"uv": [11, 6], "uv_size": [1, 1.75]},
								"east": {"uv": [11, 10], "uv_size": [1, 1.75]},
								"west": {"uv": [4, 12], "uv_size": [1, 1.75]}
							}
						},
						{
							"origin": [-0.4895, -3.68772, 2.93271],
							"size": [0.9585, 1.94813, 0.59844],
							"pivot": [-0.01025, -2.87459, 3.41709],
							"rotation": [8.75, 0, 0],
							"uv": {
								"north": {"uv": [9, 0], "uv_size": [1, 2]},
								"east": {"uv": [1, 16], "uv_size": [0.5, 2]},
								"west": {"uv": [16, 1], "uv_size": [0.5, 2]}
							}
						},
						{
							"origin": [-0.4895, -3.88382, 3.51779],
							"size": [0.9585, 2.459, 1.55],
							"pivot": [-0.01025, -3.18682, 4.29279],
							"rotation": [17.5, 0, 0],
							"uv": {
								"east": {"uv": [5, 2], "uv_size": [1.5, 2.5]},
								"south": {"uv": [4, 6], "uv_size": [1, 2.5]},
								"west": {"uv": [5, 5], "uv_size": [1.5, 2.5]}
							}
						},
						{
							"origin": [-0.4895, -1.70174, 3.2727],
							"size": [0.9585, 0.85, 1.365],
							"pivot": [-0.01025, -0.92349, 4.1377],
							"rotation": [-52, 0, 0],
							"uv": {
								"east": {"uv": [7, 16], "uv_size": [1.25, 0.75]},
								"west": {"uv": [16, 7], "uv_size": [1.25, 0.75]},
								"up": {"uv": [0, 15], "uv_size": [1, 1.25]}
							}
						},
						{
							"origin": [-0.4895, -0.36058, 1.45348],
							"size": [0.9585, 0.7, 2.05],
							"pivot": [-0.01025, -0.32683, 2.23248],
							"rotation": [-22.5, 0, 0],
							"uv": {
								"east": {"uv": [13, 10], "uv_size": [2, 0.75]},
								"west": {"uv": [13, 11], "uv_size": [2, 0.75]},
								"up": {"uv": [10, 6], "uv_size": [1, 2]}
							}
						}
					]
				},
				{
					"name": "woba4",
					"parent": "Stock0",
					"pivot": [4.88366, -9.944, -8.04538],
					"cubes": [
						{
							"origin": [-0.492, -2.55303, 3.65587],
							"size": [0.984, 0.369, 0.369],
							"pivot": [0, -2.45053, 4.12737],
							"rotation": [-45, 0, 0],
							"uv": {
								"north": {"uv": [11, 19], "uv_size": [1, 0.25]},
								"east": {"uv": [22, 13], "uv_size": [0.25, 0.25]},
								"south": {"uv": [12, 19], "uv_size": [1, 0.25]},
								"west": {"uv": [14, 22], "uv_size": [0.25, 0.25]},
								"up": {"uv": [13, 19], "uv_size": [1, 0.25]},
								"down": {"uv": [19, 13.25], "uv_size": [1, -0.25]}
							}
						},
						{
							"origin": [-0.492, -2.18403, 2.58987],
							"size": [0.984, 0.369, 0.369],
							"pivot": [0, -2.45053, 4.12737],
							"rotation": [-45, 0, 0],
							"uv": {
								"north": {"uv": [14, 19], "uv_size": [1, 0.25]},
								"east": {"uv": [22, 14], "uv_size": [0.25, 0.25]},
								"south": {"uv": [15, 19], "uv_size": [1, 0.25]},
								"west": {"uv": [15, 22], "uv_size": [0.25, 0.25]},
								"up": {"uv": [16, 19], "uv_size": [1, 0.25]},
								"down": {"uv": [19, 16.25], "uv_size": [1, -0.25]}
							}
						},
						{
							"origin": [-0.51056, -4.15203, 2.98562],
							"size": [0.99378, 0.287, 2.29563],
							"uv": {
								"north": {"uv": [19, 17], "uv_size": [1, 0.25]},
								"east": {"uv": [15, 17], "uv_size": [2.25, 0.25]},
								"south": {"uv": [18, 19], "uv_size": [1, 0.25]},
								"west": {"uv": [17, 15], "uv_size": [2.25, 0.25]},
								"up": {"uv": [8, 6], "uv_size": [1, 2.25]},
								"down": {"uv": [4, 11.25], "uv_size": [1, -2.25]}
							}
						},
						{
							"origin": [-0.51056, -3.53703, 2.95062],
							"size": [0.99378, 0.287, 2.2955],
							"uv": {
								"north": {"uv": [19, 18], "uv_size": [1, 0.25]},
								"east": {"uv": [0, 18], "uv_size": [2.25, 0.25]},
								"south": {"uv": [19, 19], "uv_size": [1, 0.25]},
								"west": {"uv": [18, 0], "uv_size": [2.25, 0.25]},
								"up": {"uv": [9, 6], "uv_size": [1, 2.25]},
								"down": {"uv": [7, 11.25], "uv_size": [1, -2.25]}
							}
						},
						{
							"origin": [-0.51462, -3.20903, 1.74904],
							"size": [0.99788, 0.246, 3.64934],
							"pivot": [0, -3.39353, 4.06588],
							"rotation": [-45, 0, 0],
							"uv": {
								"east": {"uv": [16, 8], "uv_size": [3.75, 0.25]},
								"west": {"uv": [16, 9], "uv_size": [3.75, 0.25]},
								"up": {"uv": [2, 6], "uv_size": [1, 3.75]},
								"down": {"uv": [3, 9.75], "uv_size": [1, -3.75]}
							}
						},
						{
							"origin": [-0.51462, -1.63979, 2.44511],
							"size": [0.99788, 0.246, 0.24934],
							"pivot": [-0.01568, -1.51679, 2.56978],
							"rotation": [-22.5, 0, 0],
							"uv": {
								"north": {"uv": [20, 1], "uv_size": [1, 0.25]},
								"east": {"uv": [22, 15], "uv_size": [0.25, 0.25]},
								"south": {"uv": [2, 20], "uv_size": [1, 0.25]},
								"west": {"uv": [16, 22], "uv_size": [0.25, 0.25]},
								"up": {"uv": [20, 2], "uv_size": [1, 0.25]},
								"down": {"uv": [3, 20.25], "uv_size": [1, -0.25]}
							}
						},
						{
							"origin": [-0.51462, -4.26236, 5.17614],
							"size": [0.99788, 0.246, 0.14934],
							"pivot": [-0.01568, -4.13936, 5.30081],
							"rotation": [-22.5, 0, 0],
							"uv": {
								"north": {"uv": [20, 4], "uv_size": [1, 0.25]},
								"east": {"uv": [22, 16], "uv_size": [0.25, 0.25]},
								"south": {"uv": [5, 20], "uv_size": [1, 0.25]},
								"west": {"uv": [17, 22], "uv_size": [0.25, 0.25]},
								"up": {"uv": [20, 5], "uv_size": [1, 0.25]},
								"down": {"uv": [6, 20.25], "uv_size": [1, -0.25]}
							}
						}
					]
				},
				{
					"name": "houti2",
					"parent": "hou",
					"pivot": [4.72, -12.72, -10.02]
				},
				{
					"name": "wobahou2",
					"parent": "houti2",
					"pivot": [4.88366, -9.82293, -10.31411],
					"cubes": [
						{
							"origin": [-0.2665, -0.27479, -3.17514],
							"size": [0.533, 0.5125, 3.895],
							"uv": {
								"north": {"uv": [20, 6], "uv_size": [0.5, 0.5]},
								"east": {"uv": [10, 8], "uv_size": [4, 0.5]},
								"west": {"uv": [10, 9], "uv_size": [4, 0.5]},
								"up": {"uv": [10, 10], "uv_size": [0.5, 4]},
								"down": {"uv": [0, 15], "uv_size": [0.5, -4]}
							}
						},
						{
							"origin": [-0.2255, -0.58229, -0.59214],
							"size": [0.451, 0.3075, 1.066],
							"uv": {
								"east": {"uv": [7, 20], "uv_size": [1, 0.25]},
								"south": {"uv": [12, 21], "uv_size": [0.5, 0.25]},
								"west": {"uv": [20, 7], "uv_size": [1, 0.25]},
								"down": {"uv": [18, 6], "uv_size": [0.5, -1]}
							}
						},
						{
							"origin": [-0.2255, -0.46848, -1.32833],
							"size": [0.451, 0.3075, 0.82],
							"pivot": [0, -0.31473, -0.83633],
							"rotation": [-22.5, 0, 0],
							"uv": {
								"east": {"uv": [21, 0], "uv_size": [0.75, 0.25]},
								"west": {"uv": [1, 21], "uv_size": [0.75, 0.25]},
								"down": {"uv": [14, 18.75], "uv_size": [0.5, -0.75]}
							}
						},
						{
							"origin": [-0.164, -0.87243, -1.82406],
							"size": [0.328, 0.6625, 0.205],
							"uv": {
								"north": {"uv": [21, 1], "uv_size": [0.25, 0.75]},
								"east": {"uv": [2, 21], "uv_size": [0.25, 0.75]},
								"south": {"uv": [21, 2], "uv_size": [0.25, 0.75]},
								"west": {"uv": [3, 21], "uv_size": [0.25, 0.75]}
							}
						},
						{
							"origin": [-0.164, 0.12076, 0.15119],
							"size": [0.328, 0.75237, 0.17302],
							"pivot": [0.16366, -0.39395, -4.14123],
							"rotation": [-22.5, 0, 0],
							"uv": {
								"north": {"uv": [21, 3], "uv_size": [0.25, 0.75]},
								"east": {"uv": [4, 21], "uv_size": [0.25, 0.75]},
								"south": {"uv": [21, 4], "uv_size": [0.25, 0.75]},
								"west": {"uv": [5, 21], "uv_size": [0.25, 0.75]}
							}
						},
						{
							"origin": [-0.164, -0.93217, 0.29373],
							"size": [0.328, 0.39527, 0.17546],
							"uv": {
								"north": {"uv": [21, 12], "uv_size": [0.25, 0.5]},
								"east": {"uv": [13, 21], "uv_size": [0.25, 0.5]},
								"south": {"uv": [21, 13], "uv_size": [0.25, 0.5]},
								"west": {"uv": [14, 21], "uv_size": [0.25, 0.5]}
							}
						},
						{
							"origin": [-0.164, -3.22749, -2.63028],
							"size": [0.328, 1.0675, 0.205],
							"pivot": [0.16366, -0.54301, -3.78138],
							"rotation": [45, 0, 0],
							"uv": {
								"north": {"uv": [8, 20], "uv_size": [0.25, 1]},
								"east": {"uv": [20, 8], "uv_size": [0.25, 1]},
								"south": {"uv": [9, 20], "uv_size": [0.25, 1]},
								"west": {"uv": [20, 9], "uv_size": [0.25, 1]}
							}
						},
						{
							"origin": [-0.164, -1.62727, -1.06922],
							"size": [0.328, 0.205, 1.2505],
							"uv": {
								"east": {"uv": [2, 19], "uv_size": [1.25, 0.25]},
								"west": {"uv": [19, 3], "uv_size": [1.25, 0.25]},
								"up": {"uv": [4, 19], "uv_size": [0.25, 1.25]},
								"down": {"uv": [19, 5.25], "uv_size": [0.25, -1.25]}
							}
						},
						{
							"origin": [-0.3075, -0.17229, -3.07264],
							"size": [0.615, 0.3075, 0.3075],
							"uv": {
								"north": {"uv": [21, 14], "uv_size": [0.5, 0.25]},
								"east": {"uv": [22, 17], "uv_size": [0.25, 0.25]},
								"south": {"uv": [15, 21], "uv_size": [0.5, 0.25]},
								"west": {"uv": [18, 22], "uv_size": [0.25, 0.25]},
								"up": {"uv": [21, 15], "uv_size": [0.5, 0.25]},
								"down": {"uv": [16, 21.25], "uv_size": [0.5, -0.25]}
							}
						},
						{
							"origin": [-0.7475, 1.16021, 0.48193],
							"size": [1.495, 0.5945, 0.355],
							"uv": {
								"north": {"uv": [16, 16], "uv_size": [1.5, 0.5]},
								"east": {"uv": [21, 16], "uv_size": [0.25, 0.5]},
								"south": {"uv": [17, 1], "uv_size": [1.5, 0.5]},
								"west": {"uv": [17, 21], "uv_size": [0.25, 0.5]},
								"up": {"uv": [18, 14], "uv_size": [1.5, 0.25]},
								"down": {"uv": [15, 18.25], "uv_size": [1.5, -0.25]}
							}
						},
						{
							"origin": [0.11275, 1.84788, 0.13414],
							"size": [0.3895, 0.105, 2.04034],
							"pivot": [0, 1.98239, 1.13431],
							"rotation": [-45, 0, 0],
							"uv": {
								"north": {"uv": [21, 17], "uv_size": [0.5, 0.25]},
								"east": {"uv": [6, 18], "uv_size": [2, 0.25]},
								"west": {"uv": [18, 7], "uv_size": [2, 0.25]},
								"up": {"uv": [4, 16], "uv_size": [0.5, 2]},
								"down": {"uv": [5, 18], "uv_size": [0.5, -2]}
							}
						},
						{
							"origin": [0.11275, 0.92609, 0.51751],
							"size": [0.3485, 1.533, 0.19134],
							"pivot": [0, 2.26559, 0.69368],
							"rotation": [45, 0, 0],
							"uv": {
								"east": {"uv": [18, 16], "uv_size": [0.25, 1.5]},
								"west": {"uv": [17, 18], "uv_size": [0.25, 1.5]}
							}
						},
						{
							"origin": [0.11275, 2.27446, 0.43286],
							"size": [0.3485, 0.248, 0.11134],
							"uv": {
								"east": {"uv": [21, 22], "uv_size": [0.25, 0.25]},
								"west": {"uv": [22, 21], "uv_size": [0.25, 0.25]}
							}
						},
						{
							"origin": [-0.46125, 0.92609, 0.51751],
							"size": [0.3485, 1.533, 0.19134],
							"pivot": [0, 2.26559, 0.69368],
							"rotation": [45, 0, 0],
							"uv": {
								"east": {"uv": [0, 19], "uv_size": [0.25, 1.5]},
								"west": {"uv": [1, 19], "uv_size": [0.25, 1.5]}
							}
						},
						{
							"origin": [-0.46125, 2.27446, 0.43286],
							"size": [0.3485, 0.248, 0.11134],
							"uv": {
								"east": {"uv": [22, 22], "uv_size": [0.25, 0.25]},
								"west": {"uv": [0, 23], "uv_size": [0.25, 0.25]}
							}
						},
						{
							"origin": [-0.50225, 1.84788, 0.09414],
							"size": [0.3895, 0.105, 2.08034],
							"pivot": [0, 1.98239, 1.13431],
							"rotation": [-45, 0, 0],
							"uv": {
								"north": {"uv": [18, 21], "uv_size": [0.5, 0.25]},
								"east": {"uv": [18, 10], "uv_size": [2, 0.25]},
								"west": {"uv": [18, 11], "uv_size": [2, 0.25]},
								"up": {"uv": [16, 5], "uv_size": [0.5, 2]},
								"down": {"uv": [6, 18], "uv_size": [0.5, -2]}
							}
						},
						{
							"origin": [-0.42025, -3.9729, -0.41977],
							"size": [0.8405, 0.82, 1.025],
							"pivot": [0.16366, -1.09095, -4.14123],
							"rotation": [45, 0, 0],
							"uv": {
								"north": {"uv": [18, 2], "uv_size": [0.75, 0.75]},
								"east": {"uv": [0, 17], "uv_size": [1, 0.75]},
								"west": {"uv": [2, 17], "uv_size": [1, 0.75]},
								"up": {"uv": [17, 2], "uv_size": [0.75, 1]},
								"down": {"uv": [3, 18], "uv_size": [0.75, -1]}
							}
						},
						{
							"origin": [-0.46125, 1.30146, 0.43286],
							"size": [0.9225, 1.221, 1.274],
							"uv": {
								"north": {"uv": [2, 15], "uv_size": [1, 1.25]},
								"east": {"uv": [12, 6], "uv_size": [1.25, 1.25]},
								"west": {"uv": [8, 12], "uv_size": [1.25, 1.25]}
							}
						},
						{
							"origin": [-0.50225, -0.13241, 0.43546],
							"size": [1.0045, 1.435, 1.3735],
							"uv": {
								"north": {"uv": [12, 13], "uv_size": [1, 1.5]},
								"east": {"uv": [11, 0], "uv_size": [1.25, 1.5]},
								"west": {"uv": [11, 2], "uv_size": [1.25, 1.5]},
								"up": {"uv": [15, 2], "uv_size": [1, 1.25]},
								"down": {"uv": [3, 16.25], "uv_size": [1, -1.25]}
							}
						},
						{
							"origin": [-0.50225, -0.35942, 1.09295],
							"size": [1.0045, 1.435, 0.6355],
							"pivot": [0, -0.61072, 2.02158],
							"rotation": [-22.5, 0, 0],
							"uv": {
								"east": {"uv": [15, 7], "uv_size": [0.75, 1.5]},
								"west": {"uv": [15, 9], "uv_size": [0.75, 1.5]},
								"up": {"uv": [17, 3], "uv_size": [1, 0.75]},
								"down": {"uv": [17, 5.75], "uv_size": [1, -0.75]}
							}
						},
						{
							"origin": [-0.19475, 2.01702, 0.43592],
							"size": [0.3895, 0.697, 0.369],
							"uv": {
								"east": {"uv": [21, 5], "uv_size": [0.25, 0.75]},
								"south": {"uv": [18, 18], "uv_size": [0.5, 0.75]},
								"west": {"uv": [6, 21], "uv_size": [0.25, 0.75]},
								"up": {"uv": [21, 18], "uv_size": [0.5, 0.25]}
							}
						}
					]
				},
				{
					"name": "banji2",
					"parent": "wobahou2",
					"pivot": [4.72, -9.58639, -6.40873],
					"cubes": [
						{
							"origin": [-0.123, -0.6369, -0.15726],
							"size": [0.246, 0.41, 0.164],
							"uv": {
								"north": {"uv": [19, 21], "uv_size": [0.25, 0.5]},
								"east": {"uv": [21, 19], "uv_size": [0.25, 0.5]},
								"south": {"uv": [20, 21], "uv_size": [0.25, 0.5]},
								"west": {"uv": [21, 20], "uv_size": [0.25, 0.5]},
								"up": {"uv": [22, 18], "uv_size": [0.25, 0.25]}
							}
						},
						{
							"origin": [-0.123, 0.30895, -0.38003],
							"size": [0.246, 0.66, 0.164],
							"pivot": [0.16366, -0.39395, -4.14123],
							"rotation": [-22.5, 0, 0],
							"uv": {
								"north": {"uv": [21, 6], "uv_size": [0.25, 0.75]},
								"east": {"uv": [7, 21], "uv_size": [0.25, 0.75]},
								"south": {"uv": [21, 7], "uv_size": [0.25, 0.75]},
								"west": {"uv": [8, 21], "uv_size": [0.25, 0.75]},
								"down": {"uv": [19, 22.25], "uv_size": [0.25, -0.25]}
							}
						}
					]
				},
				{
					"name": "hua2",
					"parent": "hou",
					"pivot": [4.72, -12.72, -10.02],
					"cubes": [
						{
							"origin": [0.45225, -0.2455, -0.56425],
							"size": [0.05, 0.41, 0.41],
							"pivot": [0.48175, -0.0405, -0.05175],
							"rotation": [0, 22.5, 0],
							"uv": {
								"west": {"uv": [10, 20], "uv_size": [0.5, 0.5]}
							}
						},
						{
							"origin": [0.41146, -0.2455, -0.15429],
							"size": [0.05, 0.41, 0.615],
							"uv": {
								"west": {"uv": [20, 10], "uv_size": [0.5, 0.5]}
							}
						}
					]
				},
				{
					"name": "flare",
					"pivot": [0, 2.25, -11.75]
				},
				{
					"name": "flower_illuminated",
					"pivot": [0.5028, 0.77, 1.50967],
					"cubes": [
						{
							"origin": [0.5228, -0.505, 0.38467],
							"size": [0.05, 1.15, 1.15],
							"pivot": [0.5478, 0.07, 0.95967],
							"rotation": [68.77432, -5.16507, -2.29168],
							"uv": {
								"west": {"uv": [49.75, 49.5], "uv_size": [14, 14]}
							}
						},
						{
							"origin": [0.6528, 0.965, 0.48467],
							"size": [0.05, 1.15, 1.15],
							"pivot": [0.6778, 1.54, 1.05967],
							"rotation": [0, -19, 0],
							"uv": {
								"west": {"uv": [49.75, 49.5], "uv_size": [14, 14]}
							}
						},
						{
							"origin": [0.4778, 0.195, 0.93467],
							"size": [0.05, 1.15, 1.15],
							"pivot": [0.5028, 0.77, 1.50967],
							"rotation": [61.93916, -1.54439, 0.82312],
							"uv": {
								"west": {"uv": [49.75, 49.5], "uv_size": [14, 14]}
							}
						}
					]
				}
			]
		}
	]
}