{
	"format_version": "1.12.0",
	"minecraft:geometry": [
		{
			"description": {
				"identifier": "geometry.vector",
				"texture_width": 64,
				"texture_height": 64,
				"visible_bounds_width": 4,
				"visible_bounds_height": 2.5,
				"visible_bounds_offset": [0, 0.75, 0]
			},
			"bones": [
				{
					"name": "group",
					"pivot": [0, 1.6, -6.7],
					"cubes": [
						{
							"origin": [-1.05, -3.65, -4.6],
							"size": [2.1, 5.25, 2.1],
							"pivot": [0, -3.65, -3.55],
							"rotation": [22.5, 0, 0],
							"uv": {
								"north": {"uv": [16, 20], "uv_size": [2, 5]},
								"east": {"uv": [20, 17], "uv_size": [2, 5]},
								"south": {"uv": [18, 20], "uv_size": [2, 5]},
								"west": {"uv": [21, 11], "uv_size": [2, 5]},
								"up": {"uv": [28, 25], "uv_size": [2, 2]},
								"down": {"uv": [16, 31], "uv_size": [2, -2]}
							}
						},
						{
							"origin": [-0.7875, -11, -4.3375],
							"size": [1.575, 12.6, 2.1],
							"pivot": [0, -3.65, -3.55],
							"rotation": [22.5, 0, 0],
							"uv": {
								"north": {"uv": [4, 6], "uv_size": [2, 12]},
								"east": {"uv": [6, 6], "uv_size": [2, 12]},
								"south": {"uv": [8, 6], "uv_size": [2, 12]},
								"west": {"uv": [10, 6], "uv_size": [2, 12]},
								"up": {"uv": [18, 29], "uv_size": [2, 2]},
								"down": {"uv": [30, 8], "uv_size": [2, -2]}
							}
						},
						{
							"origin": [-1.05, -3.65, -1.45],
							"size": [2.1, 5.25, 2.1],
							"pivot": [0, -3.65, -0.4],
							"rotation": [22.5, 0, 0],
							"uv": {
								"north": {"uv": [12, 22], "uv_size": [2, 5]},
								"east": {"uv": [22, 16], "uv_size": [2, 5]},
								"south": {"uv": [20, 22], "uv_size": [2, 5]},
								"west": {"uv": [22, 21], "uv_size": [2, 5]},
								"up": {"uv": [30, 8], "uv_size": [2, 2]},
								"down": {"uv": [14, 32], "uv_size": [2, -2]}
							}
						},
						{
							"origin": [-1.3125, 1.6, 6.425],
							"size": [2.625, 2.625, 11.445],
							"uv": {
								"north": {"uv": [12, 22], "uv_size": [2, 5]},
								"east": {"uv": [22, 16], "uv_size": [2, 5]},
								"south": {"uv": [20, 22], "uv_size": [2, 5]},
								"west": {"uv": [22, 21], "uv_size": [2, 5]},
								"up": {"uv": [30, 8], "uv_size": [2, 2]},
								"down": {"uv": [14, 32], "uv_size": [2, -2]}
							}
						},
						{
							"origin": [-1.3125, -3.3875, 15.875],
							"size": [2.625, 4.9875, 1.995],
							"uv": {
								"north": {"uv": [12, 22], "uv_size": [2, 5]},
								"east": {"uv": [22, 16], "uv_size": [2, 5]},
								"south": {"uv": [20, 22], "uv_size": [2, 5]},
								"west": {"uv": [22, 21], "uv_size": [2, 5]},
								"up": {"uv": [30, 8], "uv_size": [2, 2]},
								"down": {"uv": [14, 32], "uv_size": [2, -2]}
							}
						},
						{
							"origin": [-1.3125, -1.45502, 8.57156],
							"size": [2.625, 3.56591, 7.875],
							"pivot": [0, -1.51161, 13.95281],
							"rotation": [-22.5, 0, 0],
							"uv": {
								"north": {"uv": [32, 10], "uv_size": [-2, -2], "uv_rotation": 180},
								"east": {"uv": [22, 16], "uv_size": [2, 5], "uv_rotation": 90},
								"south": {"uv": [16, 30], "uv_size": [-2, 2]},
								"west": {"uv": [22, 21], "uv_size": [2, 5], "uv_rotation": 270},
								"up": {"uv": [22, 27], "uv_size": [-2, -5]},
								"down": {"uv": [14, 27], "uv_size": [-2, -5], "uv_rotation": 180}
							}
						},
						{
							"origin": [-1.3125, 0.59999, 7.69033],
							"size": [2.625, 1.48231, 1.95235],
							"uv": {
								"north": {"uv": [32, 10], "uv_size": [-2, -2], "uv_rotation": 180},
								"east": {"uv": [22, 16], "uv_size": [2, 5], "uv_rotation": 90},
								"south": {"uv": [16, 30], "uv_size": [-2, 2]},
								"west": {"uv": [22, 21], "uv_size": [2, 5], "uv_rotation": 270},
								"up": {"uv": [22, 27], "uv_size": [-2, -5]},
								"down": {"uv": [14, 27], "uv_size": [-2, -5], "uv_rotation": 180}
							}
						},
						{
							"origin": [-1.05, -4.175, 2.75],
							"size": [2.1, 6.0375, 2.1],
							"pivot": [0, -3.65, -0.4],
							"rotation": [22.5, 0, 0],
							"uv": {
								"north": {"uv": [0, 23], "uv_size": [2, 5]},
								"east": {"uv": [2, 23], "uv_size": [2, 5]},
								"south": {"uv": [23, 11], "uv_size": [2, 5]},
								"west": {"uv": [24, 16], "uv_size": [2, 5]},
								"up": {"uv": [30, 15], "uv_size": [2, 2]},
								"down": {"uv": [22, 32], "uv_size": [2, -2]}
							}
						},
						{
							"origin": [-1.05, -4.05181, -4.52007],
							"size": [2.1, 5.25, 3.15],
							"uv": {
								"north": {"uv": [24, 21], "uv_size": [2, 5]},
								"east": {"uv": [14, 13], "uv_size": [3, 5]},
								"south": {"uv": [25, 0], "uv_size": [2, 5]},
								"west": {"uv": [16, 4], "uv_size": [3, 5]},
								"up": {"uv": [0, 28], "uv_size": [2, 3]},
								"down": {"uv": [2, 31], "uv_size": [2, -3]}
							}
						},
						{
							"origin": [-1.05, 0.67319, -10.55757],
							"size": [2.1, 1.3125, 9.1875],
							"uv": {
								"north": {"uv": [28, 6], "uv_size": [2, 3]},
								"east": {"uv": [4, 0], "uv_size": [9, 3]},
								"south": {"uv": [28, 15], "uv_size": [2, 3]},
								"west": {"uv": [4, 3], "uv_size": [9, 3]},
								"up": {"uv": [12, 6], "uv_size": [2, 9]},
								"down": {"uv": [0, 23], "uv_size": [2, -9]}
							}
						},
						{
							"origin": [-0.7875, 4.08569, -10.55757],
							"size": [1.575, 0.2625, 14.7],
							"uv": {
								"north": {"uv": [14, 32], "uv_size": [2, 1]},
								"east": {"uv": [16, 9], "uv_size": [14, 1]},
								"south": {"uv": [22, 32], "uv_size": [2, 1]},
								"west": {"uv": [16, 10], "uv_size": [14, 1]},
								"up": {"uv": [0, 0], "uv_size": [2, 14]},
								"down": {"uv": [2, 14], "uv_size": [2, -14]}
							}
						},
						{
							"origin": [-1.05, 4.19069, -4.25757],
							"size": [2.1, 0.4725, 4.2],
							"uv": {
								"north": {"uv": [32, 29], "uv_size": [2, 1]},
								"east": {"uv": [29, 3], "uv_size": [4, 1]},
								"south": {"uv": [30, 32], "uv_size": [2, 1]},
								"west": {"uv": [30, 10], "uv_size": [4, 1]},
								"up": {"uv": [22, 0], "uv_size": [2, 4]},
								"down": {"uv": [16, 29], "uv_size": [2, -4]}
							}
						},
						{
							"origin": [-1.05, 6.08069, -4.25757],
							"size": [2.1, 0.1575, 0.63],
							"uv": {
								"north": {"uv": [32, 30], "uv_size": [2, 1]},
								"east": {"uv": [30, 17], "uv_size": [4, 1]},
								"south": {"uv": [32, 31], "uv_size": [2, 1]},
								"west": {"uv": [30, 22], "uv_size": [4, 1]},
								"up": {"uv": [18, 25], "uv_size": [2, 4]},
								"down": {"uv": [14, 30], "uv_size": [2, -4]}
							}
						},
						{
							"origin": [0.8925, 4.66319, -4.25757],
							"size": [0.1575, 1.4175, 0.63],
							"uv": {
								"north": {"uv": [13, 4], "uv_size": [1, 1]},
								"east": {"uv": [30, 23], "uv_size": [4, 1]},
								"south": {"uv": [13, 5], "uv_size": [1, 1]},
								"west": {"uv": [30, 24], "uv_size": [4, 1]},
								"up": {"uv": [24, 0], "uv_size": [1, 4]},
								"down": {"uv": [24, 34], "uv_size": [1, -4]}
							}
						},
						{
							"origin": [-1.05, 4.66319, -4.25757],
							"size": [0.1575, 1.4175, 0.63],
							"uv": {
								"north": {"uv": [16, 11], "uv_size": [1, 1]},
								"east": {"uv": [30, 25], "uv_size": [4, 1]},
								"south": {"uv": [16, 12], "uv_size": [1, 1]},
								"west": {"uv": [30, 26], "uv_size": [4, 1]},
								"up": {"uv": [25, 30], "uv_size": [1, 4]},
								"down": {"uv": [30, 32], "uv_size": [1, -4]}
							}
						},
						{
							"origin": [-1.05, 1.98569, -10.55757],
							"size": [2.1, 2.1, 14.9625],
							"uv": {
								"north": {"uv": [0, 31], "uv_size": [2, 2]},
								"east": {"uv": [14, 18], "uv_size": [6, 2]},
								"south": {"uv": [31, 0], "uv_size": [2, 2]},
								"west": {"uv": [19, 4], "uv_size": [6, 2]},
								"up": {"uv": [19, 11], "uv_size": [2, 6]},
								"down": {"uv": [14, 26], "uv_size": [2, -6]}
							}
						},
						{
							"origin": [-1.26, 0.67319, -21.58257],
							"size": [2.52, 3.4125, 10.7625],
							"uv": {
								"north": {"uv": [0, 31], "uv_size": [2, 2]},
								"east": {"uv": [14, 18], "uv_size": [6, 2]},
								"south": {"uv": [31, 0], "uv_size": [2, 2]},
								"west": {"uv": [19, 4], "uv_size": [6, 2]},
								"up": {"uv": [19, 11], "uv_size": [2, 6]},
								"down": {"uv": [14, 26], "uv_size": [2, -6]}
							}
						},
						{
							"origin": [-1.05, 1.98569, 4.40493],
							"size": [2.1, 1.8375, 7.0875],
							"uv": {
								"north": {"uv": [32, 32], "uv_size": [2, 1]},
								"east": {"uv": [27, 4], "uv_size": [7, 1]},
								"south": {"uv": [0, 33], "uv_size": [2, 1]},
								"west": {"uv": [26, 27], "uv_size": [7, 1]},
								"up": {"uv": [12, 15], "uv_size": [2, 7]},
								"down": {"uv": [17, 18], "uv_size": [2, -7]}
							}
						},
						{
							"origin": [-1.05, 0.67319, -31.9],
							"size": [2.1, 2.3625, 21.07993],
							"uv": {
								"north": {"uv": [26, 31], "uv_size": [2, 2]},
								"east": {"uv": [13, 0], "uv_size": [9, 2]},
								"south": {"uv": [28, 31], "uv_size": [2, 2]},
								"west": {"uv": [13, 2], "uv_size": [9, 2]},
								"up": {"uv": [2, 14], "uv_size": [2, 9]},
								"down": {"uv": [14, 13], "uv_size": [2, -9]}
							}
						},
						{
							"origin": [-0.10873, 3.03941, -31.9],
							"size": [0.7875, 0.3675, 21.07993],
							"uv": {
								"north": {"uv": [19, 17], "uv_size": [1, 1]},
								"east": {"uv": [19, 6], "uv_size": [9, 1]},
								"south": {"uv": [21, 16], "uv_size": [1, 1]},
								"west": {"uv": [19, 7], "uv_size": [9, 1]},
								"up": {"uv": [4, 25], "uv_size": [1, 9]},
								"down": {"uv": [5, 34], "uv_size": [1, -9]}
							}
						},
						{
							"origin": [0.49315, 2.58757, -31.9],
							"size": [0.525, 0.525, 21.07993],
							"pivot": [0.49315, 2.85007, -15.67632],
							"rotation": [0, 0, -45],
							"uv": {
								"north": {"uv": [25, 15], "uv_size": [1, 1]},
								"east": {"uv": [19, 8], "uv_size": [9, 1]},
								"south": {"uv": [28, 33], "uv_size": [1, 1]},
								"west": {"uv": [25, 5], "uv_size": [9, 1]},
								"up": {"uv": [6, 25], "uv_size": [1, 9]},
								"down": {"uv": [7, 34], "uv_size": [1, -9]}
							}
						},
						{
							"origin": [-1.01815, 2.58757, -31.9],
							"size": [0.525, 0.525, 21.07993],
							"pivot": [-0.49315, 2.85007, -15.67632],
							"rotation": [0, 0, 45],
							"uv": {
								"north": {"uv": [29, 33], "uv_size": [1, 1]},
								"east": {"uv": [25, 11], "uv_size": [9, 1]},
								"south": {"uv": [30, 33], "uv_size": [1, 1]},
								"west": {"uv": [25, 12], "uv_size": [9, 1]},
								"up": {"uv": [8, 25], "uv_size": [1, 9]},
								"down": {"uv": [9, 34], "uv_size": [1, -9]}
							}
						},
						{
							"origin": [-0.67877, 3.03941, -31.9],
							"size": [0.7875, 0.3675, 21.07993],
							"uv": {
								"north": {"uv": [31, 33], "uv_size": [1, 1]},
								"east": {"uv": [25, 13], "uv_size": [9, 1]},
								"south": {"uv": [32, 33], "uv_size": [1, 1]},
								"west": {"uv": [25, 14], "uv_size": [9, 1]},
								"up": {"uv": [10, 25], "uv_size": [1, 9]},
								"down": {"uv": [11, 34], "uv_size": [1, -9]}
							}
						},
						{
							"origin": [-0.7875, -3.52681, -9.24507],
							"size": [1.575, 4.2, 1.3125],
							"uv": {
								"north": {"uv": [22, 26], "uv_size": [2, 4]},
								"east": {"uv": [31, 28], "uv_size": [1, 4]},
								"south": {"uv": [26, 23], "uv_size": [2, 4]},
								"west": {"uv": [32, 6], "uv_size": [1, 4]},
								"up": {"uv": [18, 33], "uv_size": [2, 1]},
								"down": {"uv": [33, 20], "uv_size": [2, -1]}
							}
						},
						{
							"origin": [-0.7875, 0.80444, -13.05132],
							"size": [1.575, 1.3125, 4.2],
							"uv": {
								"north": {"uv": [33, 20], "uv_size": [2, 1]},
								"east": {"uv": [31, 21], "uv_size": [4, 1]},
								"south": {"uv": [22, 33], "uv_size": [2, 1]},
								"west": {"uv": [32, 15], "uv_size": [4, 1]},
								"up": {"uv": [24, 26], "uv_size": [2, 4]},
								"down": {"uv": [27, 4], "uv_size": [2, -4]}
							}
						},
						{
							"origin": [-1.05, -2.92958, -0.17637],
							"size": [2.1, 0.525, 2.8875],
							"uv": {
								"north": {"uv": [26, 33], "uv_size": [2, 1]},
								"east": {"uv": [32, 16], "uv_size": [3, 1]},
								"south": {"uv": [33, 27], "uv_size": [2, 1]},
								"west": {"uv": [32, 28], "uv_size": [3, 1]},
								"up": {"uv": [28, 28], "uv_size": [2, 3]},
								"down": {"uv": [29, 3], "uv_size": [2, -3]}
							}
						}
					]
				},
				{
					"name": "flare",
					"pivot": [0, 1.75, -23.25]
				}
			]
		}
	]
}