{
  "credit": "Made with Blockbench",
  "texture_size": [
    32,
    32
  ],
  "elements": [
    {
      "from": [
        7.60219,
        6.27939,
        7.02386
      ],
      "to": [
        8.39953,
        8.68395,
        8.35276
      ],
      "rotation": {
        "angle": 0,
        "axis": "y",
        "origin": [
          8.00086,
          8.60667,
          7.98633
        ]
      },
      "faces": {
        "north": {
          "uv": [
            0.5,
            6,
            1,
            7.25
          ],
          "texture": "#0"
        },
        "east": {
          "uv": [
            0,
            0,
            0.75,
            1.25
          ],
          "texture": "#0"
        },
        "south": {
          "uv": [
            6,
            2,
            6.5,
            3.25
          ],
          "texture": "#0"
        },
        "west": {
          "uv": [
            1,
            0,
            1.75,
            1.25
          ],
          "texture": "#0"
        },
        "up": {
          "uv": [
            8.5,
            0.75,
            8,
            0
          ],
          "texture": "#0"
        },
        "down": {
          "uv": [
            1.5,
            8,
            1,
            8.75
          ],
          "texture": "#0"
        }
      }
    },
    {
      "from": [
        7.60218,
        6.27939,
        7.02387
      ],
      "to": [
        8.39952,
        8.68395,
        8.35277
      ],
      "rotation": {
        "angle": -45,
        "axis": "y",
        "origin": [
          8.00086,
          8.60667,
          7.98633
        ]
      },
      "faces": {
        "north": {
          "uv": [
            6,
            3.5,
            6.5,
            4.75
          ],
          "texture": "#0"
        },
        "east": {
          "uv": [
            0,
            1.5,
            0.75,
            2.75
          ],
          "texture": "#0"
        },
        "south": {
          "uv": [
            5,
            6,
            5.5,
            7.25
          ],
          "texture": "#0"
        },
        "west": {
          "uv": [
            1,
            1.5,
            1.75,
            2.75
          ],
          "texture": "#0"
        },
        "up": {
          "uv": [
            8.5,
            1.75,
            8,
            1
          ],
          "texture": "#0"
        },
        "down": {
          "uv": [
            2,
            8,
            1.5,
            8.75
          ],
          "texture": "#0"
        }
      }
    },
    {
      "from": [
        7.63443,
        6.27939,
        7.58766
      ],
      "to": [
        8.96333,
        8.68395,
        8.385
      ],
      "rotation": {
        "angle": 0,
        "axis": "z",
        "origin": [
          8.00086,
          8.60667,
          7.98633
        ]
      },
      "faces": {
        "north": {
          "uv": [
            2,
            0,
            2.75,
            1.25
          ],
          "texture": "#0"
        },
        "east": {
          "uv": [
            6,
            5,
            6.5,
            6.25
          ],
          "texture": "#0"
        },
        "south": {
          "uv": [
            2,
            1.5,
            2.75,
            2.75
          ],
          "texture": "#0"
        },
        "west": {
          "uv": [
            5.5,
            6,
            6,
            7.25
          ],
          "texture": "#0"
        },
        "up": {
          "uv": [
            2.75,
            8.5,
            2,
            8
          ],
          "texture": "#0"
        },
        "down": {
          "uv": [
            8.75,
            2,
            8,
            2.5
          ],
          "texture": "#0"
        }
      }
    },
    {
      "from": [
        7.63442,
        6.27939,
        7.58767
      ],
      "to": [
        8.96332,
        8.68395,
        8.38501
      ],
      "rotation": {
        "angle": -45,
        "axis": "y",
        "origin": [
          8.00086,
          8.60667,
          7.98633
        ]
      },
      "faces": {
        "north": {
          "uv": [
            0,
            3,
            0.75,
            4.25
          ],
          "texture": "#0"
        },
        "east": {
          "uv": [
            6.5,
            0,
            7,
            1.25
          ],
          "texture": "#0"
        },
        "south": {
          "uv": [
            3,
            0,
            3.75,
            1.25
          ],
          "texture": "#0"
        },
        "west": {
          "uv": [
            1,
            6.5,
            1.5,
            7.75
          ],
          "texture": "#0"
        },
        "up": {
          "uv": [
            8.75,
            3,
            8,
            2.5
          ],
          "texture": "#0"
        },
        "down": {
          "uv": [
            3.75,
            8,
            3,
            8.5
          ],
          "texture": "#0"
        }
      }
    },
    {
      "from": [
        7.60219,
        6.27939,
        7.6199
      ],
      "to": [
        8.39953,
        8.68395,
        8.9488
      ],
      "rotation": {
        "angle": 0,
        "axis": "z",
        "origin": [
          8.00086,
          8.60667,
          7.98633
        ]
      },
      "faces": {
        "north": {
          "uv": [
            1.5,
            6.5,
            2,
            7.75
          ],
          "texture": "#0"
        },
        "east": {
          "uv": [
            1,
            3,
            1.75,
            4.25
          ],
          "texture": "#0"
        },
        "south": {
          "uv": [
            6.5,
            1.5,
            7,
            2.75
          ],
          "texture": "#0"
        },
        "west": {
          "uv": [
            3,
            1.5,
            3.75,
            2.75
          ],
          "texture": "#0"
        },
        "up": {
          "uv": [
            8.5,
            3.75,
            8,
            3
          ],
          "texture": "#0"
        },
        "down": {
          "uv": [
            4.5,
            8,
            4,
            8.75
          ],
          "texture": "#0"
        }
      }
    },
    {
      "from": [
        7.0384,
        6.27939,
        7.58766
      ],
      "to": [
        8.3673,
        8.68395,
        8.385
      ],
      "rotation": {
        "angle": 45,
        "axis": "y",
        "origin": [
          8.00086,
          8.60667,
          7.98633
        ]
      },
      "faces": {
        "north": {
          "uv": [
            2,
            3,
            2.75,
            4.25
          ],
          "texture": "#0"
        },
        "east": {
          "uv": [
            2,
            6.5,
            2.5,
            7.75
          ],
          "texture": "#0"
        },
        "south": {
          "uv": [
            3,
            3,
            3.75,
            4.25
          ],
          "texture": "#0"
        },
        "west": {
          "uv": [
            2.5,
            6.5,
            3,
            7.75
          ],
          "texture": "#0"
        },
        "up": {
          "uv": [
            8.75,
            4.5,
            8,
            4
          ],
          "texture": "#0"
        },
        "down": {
          "uv": [
            8.75,
            4.5,
            8,
            5
          ],
          "texture": "#0"
        }
      }
    },
    {
      "from": [
        7.03839,
        6.27939,
        7.58766
      ],
      "to": [
        8.36729,
        8.68395,
        8.385
      ],
      "rotation": {
        "angle": 0,
        "axis": "z",
        "origin": [
          8.00086,
          8.60667,
          7.98633
        ]
      },
      "faces": {
        "north": {
          "uv": [
            4,
            0,
            4.75,
            1.25
          ],
          "texture": "#0"
        },
        "east": {
          "uv": [
            3,
            6.5,
            3.5,
            7.75
          ],
          "texture": "#0"
        },
        "south": {
          "uv": [
            4,
            1.5,
            4.75,
            2.75
          ],
          "texture": "#0"
        },
        "west": {
          "uv": [
            6.5,
            3,
            7,
            4.25
          ],
          "texture": "#0"
        },
        "up": {
          "uv": [
            8.75,
            5.5,
            8,
            5
          ],
          "texture": "#0"
        },
        "down": {
          "uv": [
            8.75,
            5.5,
            8,
            6
          ],
          "texture": "#0"
        }
      }
    },
    {
      "from": [
        7.6022,
        6.27939,
        7.02386
      ],
      "to": [
        8.39954,
        8.68395,
        8.35276
      ],
      "rotation": {
        "angle": 45,
        "axis": "y",
        "origin": [
          8.00086,
          8.60667,
          7.98633
        ]
      },
      "faces": {
        "north": {
          "uv": [
            3.5,
            6.5,
            4,
            7.75
          ],
          "texture": "#0"
        },
        "east": {
          "uv": [
            4,
            3,
            4.75,
            4.25
          ],
          "texture": "#0"
        },
        "south": {
          "uv": [
            4,
            6.5,
            4.5,
            7.75
          ],
          "texture": "#0"
        },
        "west": {
          "uv": [
            0,
            4.5,
            0.75,
            5.75
          ],
          "texture": "#0"
        },
        "up": {
          "uv": [
            8.5,
            6.75,
            8,
            6
          ],
          "texture": "#0"
        },
        "down": {
          "uv": [
            7.5,
            8,
            7,
            8.75
          ],
          "texture": "#0"
        }
      }
    },
    {
      "from": [
        7.60219,
        5.87939,
        7.02386
      ],
      "to": [
        8.39953,
        6.07939,
        7.65276
      ],
      "rotation": {
        "angle": 0,
        "axis": "y",
        "origin": [
          8.00086,
          8.40667,
          7.98633
        ]
      },
      "faces": {
        "north": {
          "uv": [
            8,
            7,
            8.5,
            7.25
          ],
          "texture": "#0"
        },
        "east": {
          "uv": [
            9.5,
            6.5,
            9.75,
            6.75
          ],
          "texture": "#0"
        },
        "south": {
          "uv": [
            7.5,
            8,
            8,
            8.25
          ],
          "texture": "#0"
        },
        "west": {
          "uv": [
            7,
            9.5,
            7.25,
            9.75
          ],
          "texture": "#0"
        },
        "up": {
          "uv": [
            8.5,
            7.75,
            8,
            7.5
          ],
          "texture": "#0"
        },
        "down": {
          "uv": [
            8.5,
            8,
            8,
            8.25
          ],
          "texture": "#0"
        }
      }
    },
    {
      "from": [
        7.60218,
        5.87939,
        7.02387
      ],
      "to": [
        8.39952,
        6.07939,
        7.65277
      ],
      "rotation": {
        "angle": -45,
        "axis": "y",
        "origin": [
          8.00086,
          8.40667,
          7.98633
        ]
      },
      "faces": {
        "north": {
          "uv": [
            8.5,
            0,
            9,
            0.25
          ],
          "texture": "#0"
        },
        "east": {
          "uv": [
            9.5,
            7,
            9.75,
            7.25
          ],
          "texture": "#0"
        },
        "south": {
          "uv": [
            8.5,
            0.5,
            9,
            0.75
          ],
          "texture": "#0"
        },
        "west": {
          "uv": [
            7.5,
            9.5,
            7.75,
            9.75
          ],
          "texture": "#0"
        },
        "up": {
          "uv": [
            9,
            1.25,
            8.5,
            1
          ],
          "texture": "#0"
        },
        "down": {
          "uv": [
            9,
            1.5,
            8.5,
            1.75
          ],
          "texture": "#0"
        }
      }
    },
    {
      "from": [
        8.33443,
        5.87939,
        7.58766
      ],
      "to": [
        8.96333,
        6.07939,
        8.385
      ],
      "rotation": {
        "angle": 0,
        "axis": "z",
        "origin": [
          8.00086,
          8.40667,
          7.98633
        ]
      },
      "faces": {
        "north": {
          "uv": [
            9.5,
            7.5,
            9.75,
            7.75
          ],
          "texture": "#0"
        },
        "east": {
          "uv": [
            2,
            8.5,
            2.5,
            8.75
          ],
          "texture": "#0"
        },
        "south": {
          "uv": [
            8,
            9.5,
            8.25,
            9.75
          ],
          "texture": "#0"
        },
        "west": {
          "uv": [
            2.5,
            8.5,
            3,
            8.75
          ],
          "texture": "#0"
        },
        "up": {
          "uv": [
            3.25,
            9,
            3,
            8.5
          ],
          "texture": "#0"
        },
        "down": {
          "uv": [
            8.75,
            3,
            8.5,
            3.5
          ],
          "texture": "#0"
        }
      }
    },
    {
      "from": [
        8.33442,
        5.87939,
        7.58767
      ],
      "to": [
        8.96332,
        6.07939,
        8.38501
      ],
      "rotation": {
        "angle": -45,
        "axis": "y",
        "origin": [
          8.00086,
          8.40667,
          7.98633
        ]
      },
      "faces": {
        "north": {
          "uv": [
            9.5,
            8,
            9.75,
            8.25
          ],
          "texture": "#0"
        },
        "east": {
          "uv": [
            3.5,
            8.5,
            4,
            8.75
          ],
          "texture": "#0"
        },
        "south": {
          "uv": [
            8.5,
            9.5,
            8.75,
            9.75
          ],
          "texture": "#0"
        },
        "west": {
          "uv": [
            8.5,
            3.5,
            9,
            3.75
          ],
          "texture": "#0"
        },
        "up": {
          "uv": [
            4.75,
            9,
            4.5,
            8.5
          ],
          "texture": "#0"
        },
        "down": {
          "uv": [
            6.25,
            8.5,
            6,
            9
          ],
          "texture": "#0"
        }
      }
    },
    {
      "from": [
        7.60219,
        5.87939,
        8.3199
      ],
      "to": [
        8.39953,
        6.07939,
        8.9488
      ],
      "rotation": {
        "angle": 0,
        "axis": "z",
        "origin": [
          8.00086,
          8.40667,
          7.98633
        ]
      },
      "faces": {
        "north": {
          "uv": [
            8.5,
            6,
            9,
            6.25
          ],
          "texture": "#0"
        },
        "east": {
          "uv": [
            9.5,
            8.5,
            9.75,
            8.75
          ],
          "texture": "#0"
        },
        "south": {
          "uv": [
            6.5,
            8.5,
            7,
            8.75
          ],
          "texture": "#0"
        },
        "west": {
          "uv": [
            9,
            9.5,
            9.25,
            9.75
          ],
          "texture": "#0"
        },
        "up": {
          "uv": [
            9,
            6.75,
            8.5,
            6.5
          ],
          "texture": "#0"
        },
        "down": {
          "uv": [
            9,
            7,
            8.5,
            7.25
          ],
          "texture": "#0"
        }
      }
    },
    {
      "from": [
        7.0384,
        5.87939,
        7.58766
      ],
      "to": [
        7.6673,
        6.07939,
        8.385
      ],
      "rotation": {
        "angle": 45,
        "axis": "y",
        "origin": [
          8.00086,
          8.40667,
          7.98633
        ]
      },
      "faces": {
        "north": {
          "uv": [
            9.5,
            9,
            9.75,
            9.25
          ],
          "texture": "#0"
        },
        "east": {
          "uv": [
            7.5,
            8.5,
            8,
            8.75
          ],
          "texture": "#0"
        },
        "south": {
          "uv": [
            9.5,
            9.5,
            9.75,
            9.75
          ],
          "texture": "#0"
        },
        "west": {
          "uv": [
            8.5,
            7.5,
            9,
            7.75
          ],
          "texture": "#0"
        },
        "up": {
          "uv": [
            8.25,
            9,
            8,
            8.5
          ],
          "texture": "#0"
        },
        "down": {
          "uv": [
            8.75,
            8,
            8.5,
            8.5
          ],
          "texture": "#0"
        }
      }
    },
    {
      "from": [
        7.03839,
        5.87939,
        7.58766
      ],
      "to": [
        7.66729,
        6.07939,
        8.385
      ],
      "rotation": {
        "angle": 0,
        "axis": "z",
        "origin": [
          8.00086,
          8.40667,
          7.98633
        ]
      },
      "faces": {
        "north": {
          "uv": [
            0,
            10,
            0.25,
            10.25
          ],
          "texture": "#0"
        },
        "east": {
          "uv": [
            8.5,
            8.5,
            9,
            8.75
          ],
          "texture": "#0"
        },
        "south": {
          "uv": [
            10,
            0,
            10.25,
            0.25
          ],
          "texture": "#0"
        },
        "west": {
          "uv": [
            9,
            0,
            9.5,
            0.25
          ],
          "texture": "#0"
        },
        "up": {
          "uv": [
            9.25,
            1,
            9,
            0.5
          ],
          "texture": "#0"
        },
        "down": {
          "uv": [
            1.25,
            9,
            1,
            9.5
          ],
          "texture": "#0"
        }
      }
    },
    {
      "from": [
        7.6022,
        5.87939,
        7.02386
      ],
      "to": [
        8.39954,
        6.07939,
        7.65276
      ],
      "rotation": {
        "angle": 45,
        "axis": "y",
        "origin": [
          8.00086,
          8.40667,
          7.98633
        ]
      },
      "faces": {
        "north": {
          "uv": [
            9,
            1,
            9.5,
            1.25
          ],
          "texture": "#0"
        },
        "east": {
          "uv": [
            0.5,
            10,
            0.75,
            10.25
          ],
          "texture": "#0"
        },
        "south": {
          "uv": [
            1.5,
            9,
            2,
            9.25
          ],
          "texture": "#0"
        },
        "west": {
          "uv": [
            10,
            0.5,
            10.25,
            0.75
          ],
          "texture": "#0"
        },
        "up": {
          "uv": [
            9.5,
            1.75,
            9,
            1.5
          ],
          "texture": "#0"
        },
        "down": {
          "uv": [
            2.5,
            9,
            2,
            9.25
          ],
          "texture": "#0"
        }
      }
    },
    {
      "from": [
        7.64205,
        5.92704,
        7.12011
      ],
      "to": [
        8.35966,
        9.27939,
        8.31612
      ],
      "rotation": {
        "angle": 0,
        "axis": "y",
        "origin": [
          8.00086,
          8.37394,
          7.98633
        ]
      },
      "faces": {
        "north": {
          "uv": [
            4.5,
            6.5,
            4.75,
            8.25
          ],
          "texture": "#0"
        },
        "east": {
          "uv": [
            1,
            4.5,
            1.5,
            6.25
          ],
          "texture": "#0"
        },
        "south": {
          "uv": [
            6.5,
            4.5,
            6.75,
            6.25
          ],
          "texture": "#0"
        },
        "west": {
          "uv": [
            1.5,
            4.5,
            2,
            6.25
          ],
          "texture": "#0"
        },
        "up": {
          "uv": [
            9.25,
            2.5,
            9,
            2
          ],
          "texture": "#0"
        },
        "down": {
          "uv": [
            2.75,
            9,
            2.5,
            9.5
          ],
          "texture": "#0"
        }
      }
    },
    {
      "from": [
        7.64205,
        5.92704,
        7.12012
      ],
      "to": [
        8.35965,
        9.27939,
        8.31613
      ],
      "rotation": {
        "angle": -45,
        "axis": "y",
        "origin": [
          8.00086,
          8.37394,
          7.98633
        ]
      },
      "faces": {
        "north": {
          "uv": [
            6,
            6.5,
            6.25,
            8.25
          ],
          "texture": "#0"
        },
        "east": {
          "uv": [
            2,
            4.5,
            2.5,
            6.25
          ],
          "texture": "#0"
        },
        "south": {
          "uv": [
            6.5,
            6.5,
            6.75,
            8.25
          ],
          "texture": "#0"
        },
        "west": {
          "uv": [
            2.5,
            4.5,
            3,
            6.25
          ],
          "texture": "#0"
        },
        "up": {
          "uv": [
            9.25,
            3,
            9,
            2.5
          ],
          "texture": "#0"
        },
        "down": {
          "uv": [
            3.25,
            9,
            3,
            9.5
          ],
          "texture": "#0"
        }
      }
    },
    {
      "from": [
        7.67107,
        5.92704,
        7.62753
      ],
      "to": [
        8.86708,
        9.27939,
        8.34513
      ],
      "rotation": {
        "angle": 0,
        "axis": "z",
        "origin": [
          8.00086,
          8.37394,
          7.98633
        ]
      },
      "faces": {
        "north": {
          "uv": [
            3,
            4.5,
            3.5,
            6.25
          ],
          "texture": "#0"
        },
        "east": {
          "uv": [
            7,
            0,
            7.25,
            1.75
          ],
          "texture": "#0"
        },
        "south": {
          "uv": [
            3.5,
            4.5,
            4,
            6.25
          ],
          "texture": "#0"
        },
        "west": {
          "uv": [
            7,
            2,
            7.25,
            3.75
          ],
          "texture": "#0"
        },
        "up": {
          "uv": [
            9.5,
            3.25,
            9,
            3
          ],
          "texture": "#0"
        },
        "down": {
          "uv": [
            4,
            9,
            3.5,
            9.25
          ],
          "texture": "#0"
        }
      }
    },
    {
      "from": [
        7.67106,
        5.92704,
        7.62754
      ],
      "to": [
        8.86707,
        9.27939,
        8.34514
      ],
      "rotation": {
        "angle": -45,
        "axis": "y",
        "origin": [
          8.00086,
          8.37394,
          7.98633
        ]
      },
      "faces": {
        "north": {
          "uv": [
            4,
            4.5,
            4.5,
            6.25
          ],
          "texture": "#0"
        },
        "east": {
          "uv": [
            7,
            4,
            7.25,
            5.75
          ],
          "texture": "#0"
        },
        "south": {
          "uv": [
            4.5,
            4.5,
            5,
            6.25
          ],
          "texture": "#0"
        },
        "west": {
          "uv": [
            7,
            6,
            7.25,
            7.75
          ],
          "texture": "#0"
        },
        "up": {
          "uv": [
            9.5,
            3.75,
            9,
            3.5
          ],
          "texture": "#0"
        },
        "down": {
          "uv": [
            4.5,
            9,
            4,
            9.25
          ],
          "texture": "#0"
        }
      }
    },
    {
      "from": [
        7.64205,
        5.92704,
        7.65654
      ],
      "to": [
        8.35966,
        9.27939,
        8.85255
      ],
      "rotation": {
        "angle": 0,
        "axis": "z",
        "origin": [
          8.00086,
          8.37394,
          7.98633
        ]
      },
      "faces": {
        "north": {
          "uv": [
            7.5,
            0,
            7.75,
            1.75
          ],
          "texture": "#0"
        },
        "east": {
          "uv": [
            5,
            0,
            5.5,
            1.75
          ],
          "texture": "#0"
        },
        "south": {
          "uv": [
            0.5,
            7.5,
            0.75,
            9.25
          ],
          "texture": "#0"
        },
        "west": {
          "uv": [
            5,
            2,
            5.5,
            3.75
          ],
          "texture": "#0"
        },
        "up": {
          "uv": [
            9.25,
            4.5,
            9,
            4
          ],
          "texture": "#0"
        },
        "down": {
          "uv": [
            4.75,
            9,
            4.5,
            9.5
          ],
          "texture": "#0"
        }
      }
    },
    {
      "from": [
        7.13464,
        5.92704,
        7.62752
      ],
      "to": [
        8.33065,
        9.27939,
        8.34513
      ],
      "rotation": {
        "angle": 45,
        "axis": "y",
        "origin": [
          8.00086,
          8.37394,
          7.98633
        ]
      },
      "faces": {
        "north": {
          "uv": [
            5,
            4,
            5.5,
            5.75
          ],
          "texture": "#0"
        },
        "east": {
          "uv": [
            7.5,
            2,
            7.75,
            3.75
          ],
          "texture": "#0"
        },
        "south": {
          "uv": [
            5.5,
            0,
            6,
            1.75
          ],
          "texture": "#0"
        },
        "west": {
          "uv": [
            7.5,
            4,
            7.75,
            5.75
          ],
          "texture": "#0"
        },
        "up": {
          "uv": [
            9.5,
            4.75,
            9,
            4.5
          ],
          "texture": "#0"
        },
        "down": {
          "uv": [
            9.5,
            5,
            9,
            5.25
          ],
          "texture": "#0"
        }
      }
    },
    {
      "from": [
        7.13463,
        5.92704,
        7.62753
      ],
      "to": [
        8.33064,
        9.27939,
        8.34513
      ],
      "rotation": {
        "angle": 0,
        "axis": "z",
        "origin": [
          8.00086,
          8.37394,
          7.98633
        ]
      },
      "faces": {
        "north": {
          "uv": [
            5.5,
            2,
            6,
            3.75
          ],
          "texture": "#0"
        },
        "east": {
          "uv": [
            5,
            7.5,
            5.25,
            9.25
          ],
          "texture": "#0"
        },
        "south": {
          "uv": [
            5.5,
            4,
            6,
            5.75
          ],
          "texture": "#0"
        },
        "west": {
          "uv": [
            5.5,
            7.5,
            5.75,
            9.25
          ],
          "texture": "#0"
        },
        "up": {
          "uv": [
            9.5,
            5.75,
            9,
            5.5
          ],
          "texture": "#0"
        },
        "down": {
          "uv": [
            6.5,
            9,
            6,
            9.25
          ],
          "texture": "#0"
        }
      }
    },
    {
      "from": [
        7.64206,
        5.92704,
        7.1201
      ],
      "to": [
        8.35967,
        9.27939,
        8.31611
      ],
      "rotation": {
        "angle": 45,
        "axis": "y",
        "origin": [
          8.00086,
          8.37394,
          7.98633
        ]
      },
      "faces": {
        "north": {
          "uv": [
            7.5,
            6,
            7.75,
            7.75
          ],
          "texture": "#0"
        },
        "east": {
          "uv": [
            0,
            6,
            0.5,
            7.75
          ],
          "texture": "#0"
        },
        "south": {
          "uv": [
            0,
            8,
            0.25,
            9.75
          ],
          "texture": "#0"
        },
        "west": {
          "uv": [
            6,
            0,
            6.5,
            1.75
          ],
          "texture": "#0"
        },
        "up": {
          "uv": [
            9.25,
            6.5,
            9,
            6
          ],
          "texture": "#0"
        },
        "down": {
          "uv": [
            6.75,
            9,
            6.5,
            9.5
          ],
          "texture": "#0"
        }
      }
    },
    {
      "from": [
        6.93604,
        9.08099,
        7.62752
      ],
      "to": [
        8.13205,
        9.58099,
        8.34512
      ],
      "rotation": {
        "angle": -22.5,
        "axis": "z",
        "origin": [
          7.53405,
          8.68099,
          7.98632
        ]
      },
      "faces": {
        "north": {
          "uv": [
            9,
            6.5,
            9.5,
            6.75
          ],
          "texture": "#0"
        },
        "east": {
          "uv": [
            1,
            10,
            1.25,
            10.25
          ],
          "texture": "#0"
        },
        "south": {
          "uv": [
            7,
            9,
            7.5,
            9.25
          ],
          "texture": "#0"
        },
        "west": {
          "uv": [
            10,
            1,
            10.25,
            1.25
          ],
          "texture": "#0"
        },
        "up": {
          "uv": [
            9.5,
            7.25,
            9,
            7
          ],
          "texture": "#0"
        },
        "down": {
          "uv": [
            8,
            9,
            7.5,
            9.25
          ],
          "texture": "#0"
        }
      }
    },
    {
      "from": [
        7.89528,
        8.36691,
        7.62752
      ],
      "to": [
        8.33825,
        9.56292,
        8.34512
      ],
      "rotation": {
        "angle": 45,
        "axis": "z",
        "origin": [
          7.39528,
          8.96492,
          7.98632
        ]
      },
      "faces": {
        "north": {
          "uv": [
            9,
            7.5,
            9.25,
            8
          ],
          "texture": "#0"
        },
        "east": {
          "uv": [
            8,
            9,
            8.25,
            9.5
          ],
          "texture": "#0"
        },
        "south": {
          "uv": [
            9,
            8,
            9.25,
            8.5
          ],
          "texture": "#0"
        },
        "west": {
          "uv": [
            8.5,
            9,
            8.75,
            9.5
          ],
          "texture": "#0"
        },
        "up": {
          "uv": [
            1.75,
            10.25,
            1.5,
            10
          ],
          "texture": "#0"
        },
        "down": {
          "uv": [
            10.25,
            1.5,
            10,
            1.75
          ],
          "texture": "#0"
        }
      }
    },
    {
      "from": [
        7.86795,
        9.08099,
        7.62752
      ],
      "to": [
        9.06396,
        9.58099,
        8.34512
      ],
      "rotation": {
        "angle": 22.5,
        "axis": "z",
        "origin": [
          8.46595,
          8.68099,
          7.98632
        ]
      },
      "faces": {
        "north": {
          "uv": [
            9,
            8.5,
            9.5,
            8.75
          ],
          "texture": "#0"
        },
        "east": {
          "uv": [
            2,
            10,
            2.25,
            10.25
          ],
          "texture": "#0"
        },
        "south": {
          "uv": [
            9,
            9,
            9.5,
            9.25
          ],
          "texture": "#0"
        },
        "west": {
          "uv": [
            10,
            2,
            10.25,
            2.25
          ],
          "texture": "#0"
        },
        "up": {
          "uv": [
            10,
            0.25,
            9.5,
            0
          ],
          "texture": "#0"
        },
        "down": {
          "uv": [
            1,
            9.5,
            0.5,
            9.75
          ],
          "texture": "#0"
        }
      }
    },
    {
      "from": [
        7.66175,
        8.36691,
        7.62752
      ],
      "to": [
        8.10472,
        9.56292,
        8.34512
      ],
      "rotation": {
        "angle": -45,
        "axis": "z",
        "origin": [
          8.60472,
          8.96492,
          7.98632
        ]
      },
      "faces": {
        "north": {
          "uv": [
            9.5,
            0.5,
            9.75,
            1
          ],
          "texture": "#0"
        },
        "east": {
          "uv": [
            1,
            9.5,
            1.25,
            10
          ],
          "texture": "#0"
        },
        "south": {
          "uv": [
            9.5,
            1,
            9.75,
            1.5
          ],
          "texture": "#0"
        },
        "west": {
          "uv": [
            1.5,
            9.5,
            1.75,
            10
          ],
          "texture": "#0"
        },
        "up": {
          "uv": [
            2.75,
            10.25,
            2.5,
            10
          ],
          "texture": "#0"
        },
        "down": {
          "uv": [
            10.25,
            2.5,
            10,
            2.75
          ],
          "texture": "#0"
        }
      }
    },
    {
      "from": [
        7.64205,
        9.08099,
        6.92323
      ],
      "to": [
        8.35966,
        9.58099,
        8.11924
      ],
      "rotation": {
        "angle": 22.5,
        "axis": "x",
        "origin": [
          8.00086,
          8.68099,
          7.52123
        ]
      },
      "faces": {
        "north": {
          "uv": [
            3,
            10,
            3.25,
            10.25
          ],
          "texture": "#0"
        },
        "east": {
          "uv": [
            9.5,
            1.5,
            10,
            1.75
          ],
          "texture": "#0"
        },
        "south": {
          "uv": [
            10,
            3,
            10.25,
            3.25
          ],
          "texture": "#0"
        },
        "west": {
          "uv": [
            2,
            9.5,
            2.5,
            9.75
          ],
          "texture": "#0"
        },
        "up": {
          "uv": [
            9.75,
            2.5,
            9.5,
            2
          ],
          "texture": "#0"
        },
        "down": {
          "uv": [
            2.75,
            9.5,
            2.5,
            10
          ],
          "texture": "#0"
        }
      }
    },
    {
      "from": [
        7.64205,
        8.36691,
        7.88246
      ],
      "to": [
        8.35966,
        9.56292,
        8.32543
      ],
      "rotation": {
        "angle": -45,
        "axis": "x",
        "origin": [
          8.00086,
          8.96492,
          7.38246
        ]
      },
      "faces": {
        "north": {
          "uv": [
            9.5,
            2.5,
            9.75,
            3
          ],
          "texture": "#0"
        },
        "east": {
          "uv": [
            3,
            9.5,
            3.25,
            10
          ],
          "texture": "#0"
        },
        "south": {
          "uv": [
            9.5,
            3,
            9.75,
            3.5
          ],
          "texture": "#0"
        },
        "west": {
          "uv": [
            3.5,
            9.5,
            3.75,
            10
          ],
          "texture": "#0"
        },
        "up": {
          "uv": [
            3.75,
            10.25,
            3.5,
            10
          ],
          "texture": "#0"
        },
        "down": {
          "uv": [
            10.25,
            3.5,
            10,
            3.75
          ],
          "texture": "#0"
        }
      }
    },
    {
      "from": [
        7.64205,
        9.08099,
        7.85514
      ],
      "to": [
        8.35966,
        9.58099,
        9.05115
      ],
      "rotation": {
        "angle": -22.5,
        "axis": "x",
        "origin": [
          8.00086,
          8.68099,
          8.45314
        ]
      },
      "faces": {
        "north": {
          "uv": [
            4,
            10,
            4.25,
            10.25
          ],
          "texture": "#0"
        },
        "east": {
          "uv": [
            9.5,
            3.5,
            10,
            3.75
          ],
          "texture": "#0"
        },
        "south": {
          "uv": [
            10,
            4,
            10.25,
            4.25
          ],
          "texture": "#0"
        },
        "west": {
          "uv": [
            4,
            9.5,
            4.5,
            9.75
          ],
          "texture": "#0"
        },
        "up": {
          "uv": [
            9.75,
            4.5,
            9.5,
            4
          ],
          "texture": "#0"
        },
        "down": {
          "uv": [
            4.75,
            9.5,
            4.5,
            10
          ],
          "texture": "#0"
        }
      }
    },
    {
      "from": [
        7.64205,
        8.85854,
        7.62767
      ],
      "to": [
        8.35966,
        10.05455,
        8.34799
      ],
      "rotation": {
        "angle": 0,
        "axis": "x",
        "origin": [
          8.00086,
          9.45655,
          8.1265
        ]
      },
      "faces": {
        "north": {
          "uv": [
            9.5,
            4.5,
            9.75,
            5
          ],
          "texture": "#0"
        },
        "east": {
          "uv": [
            5,
            9.5,
            5.25,
            10
          ],
          "texture": "#0"
        },
        "south": {
          "uv": [
            9.5,
            5,
            9.75,
            5.5
          ],
          "texture": "#0"
        },
        "west": {
          "uv": [
            5.5,
            9.5,
            5.75,
            10
          ],
          "texture": "#0"
        },
        "up": {
          "uv": [
            4.75,
            10.25,
            4.5,
            10
          ],
          "texture": "#0"
        },
        "down": {
          "uv": [
            10.25,
            4.5,
            10,
            4.75
          ],
          "texture": "#0"
        }
      }
    },
    {
      "from": [
        7.64205,
        8.36691,
        7.64894
      ],
      "to": [
        8.35966,
        9.56292,
        8.09191
      ],
      "rotation": {
        "angle": 45,
        "axis": "x",
        "origin": [
          8.00086,
          8.96492,
          8.59191
        ]
      },
      "faces": {
        "north": {
          "uv": [
            9.5,
            5.5,
            9.75,
            6
          ],
          "texture": "#0"
        },
        "east": {
          "uv": [
            6,
            9.5,
            6.25,
            10
          ],
          "texture": "#0"
        },
        "south": {
          "uv": [
            9.5,
            6,
            9.75,
            6.5
          ],
          "texture": "#0"
        },
        "west": {
          "uv": [
            6.5,
            9.5,
            6.75,
            10
          ],
          "texture": "#0"
        },
        "up": {
          "uv": [
            5.25,
            10.25,
            5,
            10
          ],
          "texture": "#0"
        },
        "down": {
          "uv": [
            10.25,
            5,
            10,
            5.25
          ],
          "texture": "#0"
        }
      }
    }
  ],
  "gui_light": "front",
  "display": {
    "firstperson_righthand": {
      "rotation": [
        -75.06,
        -82.18,
        -88.02
      ],
      "translation": [
        0,
        2,
        0
      ],
      "scale": [
        1.5,
        1.5,
        1.5
      ]
    },
    "firstperson_lefthand": {
      "rotation": [
        -75.06,
        -82.18,
        -88.02
      ],
      "translation": [
        0,
        2,
        0
      ],
      "scale": [
        1.5,
        1.5,
        1.5
      ]
    },
    "ground": {
      "translation": [
        0,
        -0.75,
        0
      ]
    },
    "gui": {
      "rotation": [
        45,
        35,
        0
      ],
      "translation": [
        -0.25,
        0.25,
        0
      ],
      "scale": [
        3,
        3,
        3
      ]
    },
    "head": {
      "translation": [
        0,
        8.25,
        0
      ]
    },
    "fixed": {
      "translation": [
        0,
        -0.25,
        0
      ],
      "scale": [
        2,
        2,
        2
      ]
    }
  },
  "groups": [
    {
      "name": "group",
      "origin": [
        8,
        0,
        8
      ],
      "color": 0,
      "children": [
        {
          "name": "ammo",
          "origin": [
            8,
            8,
            8
          ],
          "color": 0,
          "children": [
            {
              "name": "ammo",
              "origin": [
                8,
                8,
                8
              ],
              "color": 0,
              "children": [
                0,
                1,
                2,
                3,
                4,
                5,
                6,
                7
              ]
            }
          ]
        },
        {
          "name": "ammo",
          "origin": [
            8,
            8,
            8
          ],
          "color": 0,
          "children": [
            {
              "name": "ammo",
              "origin": [
                8,
                8,
                8
              ],
              "color": 0,
              "children": [
                8,
                9,
                10,
                11,
                12,
                13,
                14,
                15
              ]
            }
          ]
        },
        {
          "name": "ammo",
          "origin": [
            8,
            8,
            8
          ],
          "color": 0,
          "children": [
            {
              "name": "ammo",
              "origin": [
                8,
                8,
                8
              ],
              "color": 0,
              "children": [
                16,
                17,
                18,
                19,
                20,
                21,
                22,
                23
              ]
            },
            {
              "name": "group",
              "origin": [
                7.76365,
                8.73531,
                7.98633
              ],
              "color": 0,
              "children": [
                24,
                25,
                26,
                27
              ]
            },
            {
              "name": "group",
              "origin": [
                7.76365,
                8.73531,
                7.98633
              ],
              "color": 0,
              "children": [
                28,
                29,
                30,
                31,
                32
              ]
            }
          ]
        }
      ]
    }
  ]
}