{
	"format_version": "1.12.0",
	"minecraft:geometry": [
		{
			"description": {
				"identifier": "geometry.ah_6",
				"texture_width": 128,
				"texture_height": 128,
				"visible_bounds_width": 15,
				"visible_bounds_height": 8.5,
				"visible_bounds_offset": [0, 3.75, 0]
			},
			"bones": [
				{
					"name": "root",
					"pivot": [0, 0, 0]
				},
				{
					"name": "propeller",
					"parent": "root",
					"pivot": [0, 1.95, 0],
					"cubes": [
						{
							"origin": [-3.2175, 53.73191, -0.7722],
							"size": [12.11625, 1.5444, 1.55513],
							"pivot": [0, 54.50411, 0],
							"rotation": [-135, 0, 90],
							"uv": {
								"north": {"uv": [77, 71], "uv_size": [5, 1]},
								"south": {"uv": [78, 59], "uv_size": [5, 1]},
								"up": {"uv": [78, 60], "uv_size": [5, 1]},
								"down": {"uv": [73, 79], "uv_size": [5, -1]}
							}
						}
					]
				},
				{
					"name": "wing",
					"parent": "propeller",
					"pivot": [0, 56.64911, 0],
					"cubes": [
						{
							"origin": [-2.3595, 56.15576, -95.95625],
							"size": [4.719, 0.3432, 191.83775],
							"uv": {
								"north": {"uv": [83, 78], "uv_size": [2, 1]},
								"east": {"uv": [48, 0], "uv_size": [43, 1]},
								"south": {"uv": [84, 15], "uv_size": [2, 1]},
								"west": {"uv": [46, 1], "uv_size": [43, 1]},
								"up": {"uv": [24, 29], "uv_size": [2, 43]},
								"down": {"uv": [26, 72], "uv_size": [2, -43]}
							}
						},
						{
							"origin": [-2.3595, 56.15576, -95.95625],
							"size": [4.719, 0.3432, 191.83775],
							"pivot": [0, 56.32736, -0.03737],
							"rotation": [0, 60, 0],
							"uv": {
								"north": {"uv": [83, 78], "uv_size": [2, 1]},
								"east": {"uv": [48, 0], "uv_size": [43, 1]},
								"south": {"uv": [84, 15], "uv_size": [2, 1]},
								"west": {"uv": [46, 1], "uv_size": [43, 1]},
								"up": {"uv": [24, 29], "uv_size": [2, 43]},
								"down": {"uv": [26, 72], "uv_size": [2, -43]}
							}
						},
						{
							"origin": [-2.3595, 56.15576, -95.95625],
							"size": [4.719, 0.3432, 191.83775],
							"pivot": [0, 56.32736, -0.03737],
							"rotation": [0, 120, 0],
							"uv": {
								"north": {"uv": [83, 78], "uv_size": [2, 1]},
								"east": {"uv": [48, 0], "uv_size": [43, 1]},
								"south": {"uv": [84, 15], "uv_size": [2, 1]},
								"west": {"uv": [46, 1], "uv_size": [43, 1]},
								"up": {"uv": [24, 29], "uv_size": [2, 43]},
								"down": {"uv": [26, 72], "uv_size": [2, -43]}
							}
						}
					]
				},
				{
					"name": "tailPropeller",
					"parent": "root",
					"pivot": [7.4295, 33.6019, 98.40678],
					"cubes": [
						{
							"origin": [5.265, 32.79922, 97.70461],
							"size": [1.95, 1.56, 1.4625],
							"pivot": [7.215, 33.57922, 98.48461],
							"rotation": [-50, 0, 0],
							"uv": {
								"north": {"uv": [88, 12], "uv_size": [1, 1]},
								"east": {"uv": [13, 88], "uv_size": [1, 1]},
								"south": {"uv": [88, 13], "uv_size": [1, 1]},
								"west": {"uv": [14, 88], "uv_size": [1, 1]},
								"up": {"uv": [88, 14], "uv_size": [1, 1]},
								"down": {"uv": [15, 89], "uv_size": [1, -1]}
							}
						},
						{
							"origin": [6.7275, 32.83656, 97.33202],
							"size": [2.145, 1.56, 2.2425],
							"pivot": [8.19, 33.61656, 98.45327],
							"rotation": [-5, 0, 0],
							"uv": {
								"north": {"uv": [88, 15], "uv_size": [1, 1]},
								"east": {"uv": [16, 88], "uv_size": [1, 1]},
								"south": {"uv": [88, 16], "uv_size": [1, 1]},
								"west": {"uv": [17, 88], "uv_size": [1, 1]},
								"up": {"uv": [88, 17], "uv_size": [1, 1]},
								"down": {"uv": [18, 89], "uv_size": [1, -1]}
							}
						},
						{
							"origin": [7.215, 27.96156, 97.96577],
							"size": [0.975, 11.31, 0.975],
							"pivot": [7.7025, 33.61656, 98.45327],
							"rotation": [24.03208, -42.406, -16.73634],
							"uv": {
								"north": {"uv": [22, 77], "uv_size": [1, 6]},
								"east": {"uv": [39, 77], "uv_size": [1, 6]},
								"south": {"uv": [52, 77], "uv_size": [1, 6]},
								"west": {"uv": [54, 77], "uv_size": [1, 6]},
								"up": {"uv": [88, 18], "uv_size": [1, 1]},
								"down": {"uv": [19, 89], "uv_size": [1, -1]}
							}
						},
						{
							"origin": [7.41, 12.84906, 96.01577],
							"size": [0.585, 16.0875, 3.4125],
							"pivot": [7.7025, 33.61656, 98.45327],
							"rotation": [17.5, 0, 0],
							"uv": {
								"north": {"uv": [57, 75], "uv_size": [1, 8]},
								"east": {"uv": [65, 65], "uv_size": [2, 8]},
								"south": {"uv": [58, 75], "uv_size": [1, 8]},
								"west": {"uv": [0, 66], "uv_size": [2, 8]},
								"up": {"uv": [86, 4], "uv_size": [1, 2]},
								"down": {"uv": [5, 88], "uv_size": [1, -2]}
							}
						},
						{
							"origin": [7.41, 38.29656, 97.47827],
							"size": [0.585, 16.0875, 2.925],
							"pivot": [7.7025, 33.61656, 98.45327],
							"rotation": [17.5, 0, 0],
							"uv": {
								"north": {"uv": [4, 75], "uv_size": [1, 8]},
								"east": {"uv": [48, 65], "uv_size": [2, 8]},
								"south": {"uv": [17, 75], "uv_size": [1, 8]},
								"west": {"uv": [63, 65], "uv_size": [2, 8]},
								"up": {"uv": [86, 2], "uv_size": [1, 2]},
								"down": {"uv": [4, 88], "uv_size": [1, -2]}
							}
						}
					]
				},
				{
					"name": "body",
					"parent": "root",
					"pivot": [0, 5.655, 0]
				},
				{
					"name": "huojiandan",
					"parent": "body",
					"pivot": [27.40359, 10.23424, -17.60953],
					"cubes": [
						{
							"origin": [7.88511, 7.79492, -2.8664],
							"size": [36.03697, 6, 6],
							"pivot": [25.9036, 10.54817, -1.52155],
							"rotation": [0, 90, 45],
							"uv": {
								"north": {"uv": [65, 8], "uv_size": [18, 1]},
								"east": {"uv": [83, 82], "uv_size": [1, 3]},
								"south": {"uv": [83, 11], "uv_size": [-18, 1]},
								"west": {"uv": [2, 84], "uv_size": [1, 3]},
								"up": {"uv": [65, 8], "uv_size": [18, -4]},
								"down": {"uv": [65, 10], "uv_size": [18, -1]}
							}
						}
					]
				},
				{
					"name": "huojiandan2",
					"parent": "body",
					"pivot": [-27.40359, 10.23424, -17.60953],
					"cubes": [
						{
							"origin": [-43.92208, 7.79492, -2.8664],
							"size": [36.03697, 6, 6],
							"pivot": [-25.9036, 10.54817, -1.52155],
							"rotation": [0, -90, -45],
							"uv": {
								"north": {"uv": [83, 8], "uv_size": [-18, 1]},
								"east": {"uv": [3, 84], "uv_size": [-1, 3]},
								"south": {"uv": [65, 11], "uv_size": [18, 1]},
								"west": {"uv": [84, 82], "uv_size": [-1, 3]},
								"up": {"uv": [83, 8], "uv_size": [-18, -4]},
								"down": {"uv": [83, 10], "uv_size": [-18, -1]}
							}
						}
					]
				},
				{
					"name": "cannon",
					"parent": "body",
					"pivot": [16.53369, 18.35436, -4.50565],
					"cubes": [
						{
							"origin": [16.15088, 10.4044, -7.91815],
							"size": [3.0225, 3.4125, 17.55],
							"uv": {
								"north": {"uv": [71, 81], "uv_size": [2, 2]},
								"east": {"uv": [5, 65], "uv_size": [9, 2]},
								"south": {"uv": [73, 81], "uv_size": [2, 2]},
								"west": {"uv": [65, 24], "uv_size": [9, 2]},
								"up": {"uv": [50, 64], "uv_size": [2, 9]},
								"down": {"uv": [52, 73], "uv_size": [2, -9]}
							}
						},
						{
							"origin": [16.68713, 11.28536, -11.81815],
							"size": [1.95, 1.95, 3.9],
							"pivot": [17.66213, 12.26036, -11.81815],
							"rotation": [0, 0, 45],
							"uv": {
								"north": {"uv": [44, 88], "uv_size": [1, 1]},
								"east": {"uv": [74, 86], "uv_size": [2, 1]},
								"west": {"uv": [86, 74], "uv_size": [2, 1]},
								"up": {"uv": [86, 75], "uv_size": [1, 2]},
								"down": {"uv": [77, 88], "uv_size": [1, -2]}
							}
						},
						{
							"origin": [17.07713, 11.67536, -29.36815],
							"size": [1.17, 1.17, 17.55],
							"pivot": [17.66213, 12.26036, -11.81815],
							"rotation": [0, 0, 45],
							"uv": {
								"north": {"uv": [88, 44], "uv_size": [1, 1]},
								"east": {"uv": [73, 13], "uv_size": [9, 1]},
								"west": {"uv": [73, 14], "uv_size": [9, 1]},
								"up": {"uv": [39, 68], "uv_size": [1, 9]},
								"down": {"uv": [43, 80], "uv_size": [1, -9]}
							}
						},
						{
							"origin": [15.58735, 20.57125, -2.06815],
							"size": [1.4625, 9.2625, 5.85],
							"pivot": [16.3186, 24.2275, 0.85685],
							"rotation": [0, 0, -22.5],
							"uv": {
								"north": {"uv": [14, 79], "uv_size": [1, 5]},
								"east": {"uv": [67, 65], "uv_size": [3, 5]},
								"south": {"uv": [15, 79], "uv_size": [1, 5]},
								"west": {"uv": [36, 68], "uv_size": [3, 5]}
							}
						},
						{
							"origin": [11.01509, 28.09887, -2.06815],
							"size": [1.4625, 4.875, 5.85],
							"pivot": [11.74634, 31.75512, 0.85685],
							"rotation": [0, 0, -45],
							"uv": {
								"north": {"uv": [10, 84], "uv_size": [1, 3]},
								"east": {"uv": [73, 71], "uv_size": [3, 3]},
								"south": {"uv": [13, 84], "uv_size": [1, 3]},
								"west": {"uv": [74, 24], "uv_size": [3, 3]}
							}
						},
						{
							"origin": [16.93088, 13.8169, -2.06815],
							"size": [1.4625, 7.3125, 5.85],
							"uv": {
								"north": {"uv": [75, 81], "uv_size": [1, 4]},
								"east": {"uv": [2, 71], "uv_size": [3, 4]},
								"south": {"uv": [80, 81], "uv_size": [1, 4]},
								"west": {"uv": [14, 71], "uv_size": [3, 4]}
							}
						}
					]
				},
				{
					"name": "cannon2",
					"parent": "body",
					"pivot": [-16.53369, 18.35436, -4.50565],
					"cubes": [
						{
							"origin": [-19.17338, 10.4044, -7.91815],
							"size": [3.0225, 3.4125, 17.55],
							"uv": {
								"north": {"uv": [73, 81], "uv_size": [-2, 2]},
								"east": {"uv": [74, 24], "uv_size": [-9, 2]},
								"south": {"uv": [75, 81], "uv_size": [-2, 2]},
								"west": {"uv": [14, 65], "uv_size": [-9, 2]},
								"up": {"uv": [52, 64], "uv_size": [-2, 9]},
								"down": {"uv": [54, 73], "uv_size": [-2, -9]}
							}
						},
						{
							"origin": [-18.63713, 11.28536, -11.81815],
							"size": [1.95, 1.95, 3.9],
							"pivot": [-17.66213, 12.26036, -11.81815],
							"rotation": [0, 0, -45],
							"uv": {
								"north": {"uv": [45, 88], "uv_size": [-1, 1]},
								"east": {"uv": [88, 74], "uv_size": [-2, 1]},
								"west": {"uv": [76, 86], "uv_size": [-2, 1]},
								"up": {"uv": [87, 75], "uv_size": [-1, 2]},
								"down": {"uv": [78, 88], "uv_size": [-1, -2]}
							}
						},
						{
							"origin": [-18.24713, 11.67536, -29.36815],
							"size": [1.17, 1.17, 17.55],
							"pivot": [-17.66213, 12.26036, -11.81815],
							"rotation": [0, 0, -45],
							"uv": {
								"north": {"uv": [89, 44], "uv_size": [-1, 1]},
								"east": {"uv": [82, 14], "uv_size": [-9, 1]},
								"west": {"uv": [82, 13], "uv_size": [-9, 1]},
								"up": {"uv": [40, 68], "uv_size": [-1, 9]},
								"down": {"uv": [44, 80], "uv_size": [-1, -9]}
							}
						},
						{
							"origin": [-17.04985, 20.57125, -2.06815],
							"size": [1.4625, 9.2625, 5.85],
							"pivot": [-16.3186, 24.2275, 0.85685],
							"rotation": [0, 0, 22.5],
							"uv": {
								"north": {"uv": [15, 79], "uv_size": [-1, 5]},
								"east": {"uv": [39, 68], "uv_size": [-3, 5]},
								"south": {"uv": [16, 79], "uv_size": [-1, 5]},
								"west": {"uv": [70, 65], "uv_size": [-3, 5]}
							}
						},
						{
							"origin": [-12.47759, 28.09887, -2.06815],
							"size": [1.4625, 4.875, 5.85],
							"pivot": [-11.74634, 31.75512, 0.85685],
							"rotation": [0, 0, 45],
							"uv": {
								"north": {"uv": [11, 84], "uv_size": [-1, 3]},
								"east": {"uv": [77, 24], "uv_size": [-3, 3]},
								"south": {"uv": [14, 84], "uv_size": [-1, 3]},
								"west": {"uv": [76, 71], "uv_size": [-3, 3]}
							}
						},
						{
							"origin": [-18.39338, 13.8169, -2.06815],
							"size": [1.4625, 7.3125, 5.85],
							"uv": {
								"north": {"uv": [76, 81], "uv_size": [-1, 4]},
								"east": {"uv": [17, 71], "uv_size": [-3, 4]},
								"south": {"uv": [81, 81], "uv_size": [-1, 4]},
								"west": {"uv": [5, 71], "uv_size": [-3, 4]}
							}
						}
					]
				},
				{
					"name": "wuqijia",
					"parent": "body",
					"pivot": [3.76838, 9.9169, -27.41815],
					"cubes": [
						{
							"origin": [-21.12337, 14.15815, -5.96815],
							"size": [42.24675, 1.4625, 11.7],
							"uv": {
								"north": {"uv": [60, 18], "uv_size": [22, 1]},
								"south": {"uv": [60, 19], "uv_size": [22, 1]},
								"up": {"uv": [24, 0], "uv_size": [22, 6]},
								"down": {"uv": [24, 12], "uv_size": [22, -6]}
							}
						},
						{
							"origin": [-11.37337, 15.62065, -3.04315],
							"size": [22.74675, 19.0125, 7.8],
							"uv": {
								"north": {"uv": [12, 25], "uv_size": [12, 10]},
								"east": {"uv": [28, 47], "uv_size": [4, 10]},
								"south": {"uv": [0, 26], "uv_size": [12, 10]},
								"west": {"uv": [40, 49], "uv_size": [4, 10]},
								"up": {"uv": [40, 45], "uv_size": [12, 4]}
							}
						},
						{
							"origin": [21.12338, 14.15815, -19.61815],
							"size": [5.85, 1.4625, 37.05],
							"uv": {
								"north": {"uv": [83, 64], "uv_size": [3, 1]},
								"east": {"uv": [60, 20], "uv_size": [19, 1]},
								"south": {"uv": [66, 83], "uv_size": [3, 1]},
								"west": {"uv": [61, 42], "uv_size": [19, 1]},
								"up": {"uv": [20, 35], "uv_size": [3, 19]},
								"down": {"uv": [0, 60], "uv_size": [3, -19]}
							}
						},
						{
							"origin": [-26.97338, 14.15815, -19.61815],
							"size": [5.85, 1.4625, 37.05],
							"uv": {
								"north": {"uv": [69, 83], "uv_size": [3, 1]},
								"east": {"uv": [62, 47], "uv_size": [19, 1]},
								"south": {"uv": [72, 83], "uv_size": [3, 1]},
								"west": {"uv": [62, 51], "uv_size": [19, 1]},
								"up": {"uv": [3, 41], "uv_size": [3, 19]},
								"down": {"uv": [6, 60], "uv_size": [3, -19]}
							}
						}
					]
				},
				{
					"name": "qiluojia",
					"parent": "body",
					"pivot": [0, 5.655, 0]
				},
				{
					"name": "bone13",
					"parent": "qiluojia",
					"pivot": [15.17822, 4.39988, -12.35401],
					"cubes": [
						{
							"origin": [17.55, 0, -31.2],
							"size": [1.755, 1.755, 46.8],
							"uv": {
								"east": {"uv": [52, 48], "uv_size": [24, 1]},
								"south": {"uv": [88, 35], "uv_size": [1, 1]},
								"west": {"uv": [56, 37], "uv_size": [24, 1]},
								"up": {"uv": [18, 58], "uv_size": [1, 24]},
								"down": {"uv": [40, 83], "uv_size": [1, -24]}
							}
						},
						{
							"origin": [5.02066, 3.65963, -18.80763],
							"size": [15.405, 1.365, 3.4125],
							"pivot": [15.17822, 4.39988, -12.35401],
							"rotation": [0, 6, 48],
							"uv": {
								"north": {"uv": [74, 32], "uv_size": [8, 1]},
								"south": {"uv": [76, 29], "uv_size": [8, 1]},
								"up": {"uv": [65, 52], "uv_size": [8, 2]},
								"down": {"uv": [66, 61], "uv_size": [8, -2]}
							}
						},
						{
							"origin": [-3.83619, 3.65963, 7.53648],
							"size": [19.461, 1.365, 3.4125],
							"pivot": [15.17822, 4.39988, -12.35401],
							"rotation": [0, 11.5, 48],
							"uv": {
								"north": {"uv": [72, 45], "uv_size": [10, 1]},
								"south": {"uv": [72, 46], "uv_size": [10, 1]},
								"up": {"uv": [62, 45], "uv_size": [10, 2]},
								"down": {"uv": [62, 51], "uv_size": [10, -2]}
							}
						}
					]
				},
				{
					"name": "bone15",
					"parent": "qiluojia",
					"pivot": [-15.17822, 4.39988, -12.35401],
					"cubes": [
						{
							"origin": [-19.305, 0, -31.2],
							"size": [1.755, 1.755, 46.8],
							"uv": {
								"east": {"uv": [80, 37], "uv_size": [-24, 1]},
								"south": {"uv": [89, 35], "uv_size": [-1, 1]},
								"west": {"uv": [76, 48], "uv_size": [-24, 1]},
								"up": {"uv": [19, 58], "uv_size": [-1, 24]},
								"down": {"uv": [41, 83], "uv_size": [-1, -24]}
							}
						},
						{
							"origin": [-20.42566, 3.65963, -18.80763],
							"size": [15.405, 1.365, 3.4125],
							"pivot": [-15.17822, 4.39988, -12.35401],
							"rotation": [0, -6, -48],
							"uv": {
								"north": {"uv": [82, 32], "uv_size": [-8, 1]},
								"south": {"uv": [84, 29], "uv_size": [-8, 1]},
								"up": {"uv": [73, 52], "uv_size": [-8, 2]},
								"down": {"uv": [74, 61], "uv_size": [-8, -2]}
							}
						},
						{
							"origin": [-15.62481, 3.65963, 7.53648],
							"size": [19.461, 1.365, 3.4125],
							"pivot": [-15.17822, 4.39988, -12.35401],
							"rotation": [0, -11.5, -48],
							"uv": {
								"north": {"uv": [82, 45], "uv_size": [-10, 1]},
								"south": {"uv": [82, 46], "uv_size": [-10, 1]},
								"up": {"uv": [72, 45], "uv_size": [-10, 2]},
								"down": {"uv": [72, 51], "uv_size": [-10, -2]}
							}
						}
					]
				},
				{
					"name": "main",
					"parent": "body",
					"pivot": [0, 13.1625, 0]
				},
				{
					"name": "left",
					"parent": "main",
					"pivot": [21.47819, 35.10429, 9.75306],
					"cubes": [
						{
							"origin": [3.705, 37.45426, 12.1525],
							"size": [3.9, 5.3625, 23.74125],
							"pivot": [7.605, 41.84176, 12.1525],
							"rotation": [-32.85958, -8.00154, 5.13783],
							"uv": {
								"west": {"uv": [50, 49], "uv_size": [12, 3]},
								"up": {"uv": [31, 57], "uv_size": [2, 12]}
							}
						},
						{
							"origin": [1.71522, 16.20904, 6.57725],
							"size": [3.9, 1.95, 25.12575],
							"pivot": [1.85687, 17.18404, 19.59263],
							"rotation": [23.00423, -8.29466, -3.50493],
							"uv": {
								"west": {"uv": [66, 62], "uv_size": [13, 1]},
								"down": {"uv": [36, 68], "uv_size": [2, -13]}
							}
						},
						{
							"origin": [4.48539, 17.28142, 6.86962],
							"size": [3.51, 1.95, 18.59325],
							"pivot": [6.43539, 18.25642, 19.43249],
							"rotation": [22.89009, 8.61965, -41.81597],
							"uv": {
								"down": {"uv": [55, 70], "uv_size": [2, -10]}
							}
						},
						{
							"origin": [4.48539, 17.28142, 25.46287],
							"size": [1.2675, 1.95, 3.9],
							"pivot": [6.43539, 18.25642, 19.43249],
							"rotation": [22.89009, 8.61965, -41.81597],
							"uv": {
								"down": {"uv": [85, 44], "uv_size": [1, -2]}
							}
						},
						{
							"origin": [4.48539, 17.28142, 29.36287],
							"size": [0.80925, 1.95, 0.975],
							"pivot": [6.43539, 18.25642, 19.43249],
							"rotation": [22.89009, 8.61965, -41.81597],
							"uv": {
								"south": {"uv": [80, 87], "uv_size": [1, 1]},
								"down": {"uv": [81, 88], "uv_size": [1, -1]}
							}
						},
						{
							"origin": [6.97014, 14.4402, -19.61815],
							"size": [4.485, 0.975, 28.275],
							"pivot": [14.57514, 14.58645, -11.81815],
							"rotation": [0, 0, -22.5],
							"uv": {
								"south": {"uv": [85, 31], "uv_size": [2, 1]},
								"west": {"uv": [65, 12], "uv_size": [15, 1]},
								"down": {"uv": [19, 69], "uv_size": [2, -15]}
							}
						},
						{
							"origin": [7.24774, 13.86597, -32.90761],
							"size": [4.485, 0.975, 13.65],
							"pivot": [9.49024, 14.35347, -28.03261],
							"rotation": [-9.25249, -3.81024, -22.19157],
							"uv": {
								"north": {"uv": [85, 25], "uv_size": [2, 1]},
								"west": {"uv": [76, 56], "uv_size": [7, 1]},
								"down": {"uv": [19, 76], "uv_size": [2, -7]}
							}
						},
						{
							"origin": [6.94175, 43.24623, -8.385],
							"size": [4.875, 0.975, 5.89875],
							"pivot": [13.57175, 43.80685, 1.03594],
							"rotation": [0, 0, 22.5],
							"uv": {
								"north": {"uv": [9, 59], "uv_size": [3, 1]},
								"west": {"uv": [82, 2], "uv_size": [3, 1]},
								"up": {"uv": [51, 73], "uv_size": [3, 3]},
								"down": {"uv": [63, 76], "uv_size": [3, -3]}
							}
						},
						{
							"origin": [9.87402, 39.31954, -16.965],
							"size": [0.975, 0.975, 14.235],
							"pivot": [16.50402, 39.88017, 1.03594],
							"rotation": [0, 0, 45],
							"uv": {
								"east": {"uv": [76, 48], "uv_size": [7, 1]},
								"west": {"uv": [76, 55], "uv_size": [7, 1]},
								"up": {"uv": [53, 76], "uv_size": [1, 7]},
								"down": {"uv": [63, 83], "uv_size": [1, -7]}
							}
						},
						{
							"origin": [12.2984, 38.61095, -34.54203],
							"size": [0.975, 0.975, 14.28],
							"pivot": [12.7859, 39.09845, -24.55203],
							"rotation": [34.7697, -35.40569, 29.4192],
							"uv": {
								"east": {"uv": [25, 81], "uv_size": [4, 1]},
								"west": {"uv": [29, 81], "uv_size": [4, 1]},
								"up": {"uv": [33, 81], "uv_size": [1, 4]},
								"down": {"uv": [41, 85], "uv_size": [1, -4]}
							}
						},
						{
							"origin": [13.67055, 19.81756, -31.98362],
							"size": [0.8775, 13.1625, 1.95],
							"pivot": [13.86555, 26.88631, -31.00862],
							"rotation": [-5, 5, 0],
							"uv": {
								"north": {"uv": [64, 76], "uv_size": [1, 7]},
								"east": {"uv": [65, 76], "uv_size": [1, 7]},
								"south": {"uv": [76, 65], "uv_size": [1, 7]},
								"west": {"uv": [70, 76], "uv_size": [1, 7]},
								"up": {"uv": [57, 87], "uv_size": [1, 1]}
							}
						},
						{
							"origin": [12.91136, 15.06809, -32.646],
							"size": [0.8775, 5.225, 1.95],
							"pivot": [13.35011, 18.83059, -31.671],
							"rotation": [-1.64445, 6.87351, 31.61968],
							"uv": {
								"north": {"uv": [26, 85], "uv_size": [1, 2]},
								"east": {"uv": [27, 85], "uv_size": [1, 2]},
								"south": {"uv": [85, 27], "uv_size": [1, 2]},
								"west": {"uv": [28, 85], "uv_size": [1, 2]},
								"up": {"uv": [87, 61], "uv_size": [1, 1]}
							}
						},
						{
							"origin": [13.20452, 32.06685, -33.63515],
							"size": [0.8775, 0.975, 2.2425],
							"pivot": [13.64327, 32.55435, -33.8789],
							"rotation": [0, 10, 0],
							"uv": {
								"east": {"uv": [87, 58], "uv_size": [1, 1]},
								"west": {"uv": [59, 87], "uv_size": [1, 1]},
								"up": {"uv": [60, 87], "uv_size": [1, 1]},
								"down": {"uv": [61, 88], "uv_size": [1, -1]}
							}
						},
						{
							"origin": [12.10336, 32.06685, -42.95956],
							"size": [0.8775, 0.975, 10.1625],
							"pivot": [12.54211, 32.55435, -34.50331],
							"rotation": [0, 49, 0],
							"uv": {
								"east": {"uv": [85, 10], "uv_size": [2, 1]},
								"west": {"uv": [85, 12], "uv_size": [2, 1]},
								"up": {"uv": [9, 85], "uv_size": [1, 2]},
								"down": {"uv": [85, 15], "uv_size": [1, -2]}
							}
						},
						{
							"origin": [10.41449, 39.26059, -20.81111],
							"size": [0.975, 0.975, 5.655],
							"pivot": [12.87299, 38.67243, -24.46298],
							"rotation": [15.61747, -16.43322, 42.93001],
							"uv": {
								"east": {"uv": [82, 45], "uv_size": [3, 1]},
								"west": {"uv": [82, 46], "uv_size": [3, 1]},
								"up": {"uv": [82, 74], "uv_size": [1, 3]},
								"down": {"uv": [76, 85], "uv_size": [1, -3]}
							}
						},
						{
							"origin": [8.98996, 38.72662, -7.29446],
							"size": [7.8, 0.975, 1.95],
							"pivot": [14.83996, 39.21412, -6.31946],
							"rotation": [3.6572, 11.43692, 61.86635],
							"uv": {
								"north": {"uv": [84, 73], "uv_size": [2, 1]},
								"south": {"uv": [84, 74], "uv_size": [2, 1]},
								"up": {"uv": [84, 75], "uv_size": [2, 1]},
								"down": {"uv": [84, 77], "uv_size": [2, -1]}
							}
						},
						{
							"origin": [9.83189, 32.77346, -9.68807],
							"size": [17.55, 0.975, 1.95],
							"pivot": [15.32887, 32.91971, -8.75954],
							"rotation": [9.20933, 23.27655, 90.03299],
							"uv": {
								"north": {"uv": [72, 49], "uv_size": [9, 1]},
								"south": {"uv": [72, 50], "uv_size": [9, 1]},
								"up": {"uv": [72, 63], "uv_size": [9, 1]},
								"down": {"uv": [72, 65], "uv_size": [9, -1]}
							}
						},
						{
							"origin": [11.77979, 19.33612, -15.16538],
							"size": [9.8125, 0.975, 1.95],
							"pivot": [14.46104, 19.82362, -14.19038],
							"rotation": [19.312, 16.0891, 119.3873],
							"uv": {
								"north": {"uv": [82, 77], "uv_size": [3, 1]},
								"south": {"uv": [83, 4], "uv_size": [3, 1]},
								"up": {"uv": [83, 5], "uv_size": [3, 1]},
								"down": {"uv": [83, 7], "uv_size": [3, -1]}
							}
						},
						{
							"origin": [14.03928, 14.83219, -16.70595],
							"size": [0.4875, 0.975, 0.975],
							"pivot": [12.20628, 15.31969, -15.73095],
							"rotation": [20.94561, 13.8499, 125.70449],
							"uv": {
								"north": {"uv": [73, 87], "uv_size": [1, 1]},
								"down": {"uv": [74, 88], "uv_size": [1, -1]}
							}
						},
						{
							"origin": [7.09018, 42.94042, -3.19712],
							"size": [4.875, 0.975, 15.6975],
							"pivot": [11.77018, 43.50105, 1.15381],
							"rotation": [-13.9042, 5.68422, 21.80633],
							"uv": {
								"south": {"uv": [83, 7], "uv_size": [3, 1]},
								"up": {"uv": [28, 57], "uv_size": [3, 8]},
								"down": {"uv": [15, 66], "uv_size": [3, -8]}
							}
						},
						{
							"origin": [10.44517, 39.65767, -3.81923],
							"size": [0.975, 0.975, 12.43125],
							"pivot": [15.12517, 40.21829, 0.67796],
							"rotation": [-10.72858, 10.54529, 44.00703],
							"uv": {
								"west": {"uv": [77, 16], "uv_size": [6, 1]},
								"up": {"uv": [23, 48], "uv_size": [1, 6]},
								"down": {"uv": [11, 83], "uv_size": [1, -6]}
							}
						},
						{
							"origin": [8.24145, 35.24917, 8.14967],
							"size": [7.825, 0.975, 3.0225],
							"pivot": [15.09145, 35.39542, 9.90467],
							"rotation": [-6.48715, 8.46876, 54.1818],
							"uv": {
								"north": {"uv": [84, 62], "uv_size": [2, 1]},
								"south": {"uv": [71, 84], "uv_size": [2, 1]},
								"up": {"uv": [80, 74], "uv_size": [2, 2]},
								"down": {"uv": [76, 82], "uv_size": [2, -2]}
							}
						},
						{
							"origin": [13.43809, 33.15666, 7.86594],
							"size": [14.625, 0.975, 3.0225],
							"pivot": [15.38809, 33.30291, 9.62094],
							"rotation": [-3.77921, 5.76793, 90.30932],
							"uv": {
								"north": {"uv": [74, 3], "uv_size": [8, 1]},
								"up": {"uv": [47, 24], "uv_size": [8, 2]},
								"down": {"uv": [65, 28], "uv_size": [8, -2]}
							}
						},
						{
							"origin": [4.49313, 25.70451, 8.18868],
							"size": [9.0675, 1.95, 25.0575],
							"pivot": [9.02688, 26.67951, 20.71743],
							"rotation": [-29.77921, 5.76793, 90.30932],
							"uv": {
								"south": {"uv": [71, 79], "uv_size": [5, 1]},
								"up": {"uv": [28, 34], "uv_size": [5, 13]}
							}
						},
						{
							"origin": [15.29527, 33.20964, 10.64781],
							"size": [2.93475, 2.925, 25.24275],
							"pivot": [15.29527, 35.15964, 10.64781],
							"rotation": [-30.29628, 11.61313, 86.8927],
							"uv": {
								"east": {"uv": [55, 43], "uv_size": [13, 2]},
								"up": {"uv": [38, 55], "uv_size": [2, 13]}
							}
						},
						{
							"origin": [15.67739, 22.56368, 9.20642],
							"size": [2.64225, 1.95, 25.24275],
							"pivot": [15.38489, 23.53868, 9.20642],
							"rotation": [-29.61488, 0.55481, 93.28531],
							"uv": {
								"west": {"uv": [67, 35], "uv_size": [13, 1]},
								"up": {"uv": [23, 35], "uv_size": [1, 13]}
							}
						},
						{
							"origin": [15.40244, 17.4288, 7.84119],
							"size": [1.95, 0.975, 1.56],
							"pivot": [14.86619, 18.8913, 7.88994],
							"rotation": [-1.27679, 6.77352, 112.92421],
							"uv": {
								"south": {"uv": [87, 81], "uv_size": [1, 1]}
							}
						},
						{
							"origin": [12.43872, 18.60347, 6.39386],
							"size": [8.86075, 0.975, 3.0225],
							"pivot": [14.63247, 19.09097, 7.90511],
							"rotation": [0.82893, 6.84246, 121.54933],
							"uv": {
								"north": {"uv": [85, 37], "uv_size": [2, 1]},
								"south": {"uv": [85, 39], "uv_size": [2, 1]},
								"up": {"uv": [46, 81], "uv_size": [2, 2]},
								"down": {"uv": [48, 83], "uv_size": [2, -2]}
							}
						},
						{
							"origin": [10.37222, 13.13759, 8.27938],
							"size": [4.26075, 1.4625, 0.585],
							"pivot": [12.56597, 15.08759, 7.35313],
							"rotation": [0.82893, 6.84246, 130.54933],
							"uv": {
								"south": {"uv": [44, 85], "uv_size": [2, 1]}
							}
						}
					]
				},
				{
					"name": "bone6",
					"parent": "left",
					"pivot": [6.15571, 33.96516, 23.85741],
					"cubes": [
						{
							"origin": [7.96087, 33.64049, 8.66793],
							"size": [2.2425, 0.39, 20.75775],
							"pivot": [8.27775, 33.83549, 22.02543],
							"rotation": [-31.09185, -9.01893, 53.31039],
							"uv": {
								"up": {"uv": [19, 43], "uv_size": [1, 11]}
							}
						},
						{
							"origin": [5.52337, 33.64049, 8.66793],
							"size": [2.4375, 0.39, 9.05775],
							"pivot": [8.27775, 33.83549, 22.02543],
							"rotation": [-31.09185, -9.01893, 53.31039],
							"uv": {
								"up": {"uv": [1, 78], "uv_size": [1, 5]}
							}
						},
						{
							"origin": [4.6274, 33.47766, 9.70772],
							"size": [5.382, 0.975, 13.23075],
							"pivot": [6.15571, 33.96516, 23.85741],
							"rotation": [-31.41907, 12.90429, 37.38108],
							"uv": {
								"up": {"uv": [33, 60], "uv_size": [3, 7]}
							}
						},
						{
							"origin": [10.0094, 33.47766, 9.70772],
							"size": [1.4625, 0.975, 2.99325],
							"pivot": [6.15571, 33.96516, 23.85741],
							"rotation": [-31.41907, 12.90429, 37.38108],
							"uv": {
								"up": {"uv": [43, 85], "uv_size": [1, 2]}
							}
						},
						{
							"origin": [4.6274, 33.47766, 22.93847],
							"size": [2.89575, 0.975, 4.875],
							"pivot": [6.15571, 33.96516, 23.85741],
							"rotation": [-31.41907, 12.90429, 37.38108],
							"uv": {
								"up": {"uv": [0, 83], "uv_size": [1, 3]}
							}
						},
						{
							"origin": [4.6274, 33.47766, 27.81347],
							"size": [1.43325, 0.975, 2.89575],
							"pivot": [6.15571, 33.96516, 23.85741],
							"rotation": [-31.41907, 12.90429, 37.38108],
							"uv": {
								"up": {"uv": [87, 77], "uv_size": [1, 1]}
							}
						},
						{
							"origin": [9.42337, 33.64049, 29.42568],
							"size": [0.78, 0.39, 1.4625],
							"pivot": [8.27775, 33.83549, 22.02543],
							"rotation": [-31.09185, -9.01893, 53.31039],
							"uv": {
								"up": {"uv": [87, 75], "uv_size": [1, 1]}
							}
						},
						{
							"origin": [9.42337, 33.64049, 30.88818],
							"size": [0.78, 0.39, 1.39425],
							"pivot": [8.27775, 33.83549, 22.02543],
							"rotation": [-31.09185, -9.01893, 53.31039],
							"uv": {
								"up": {"uv": [75, 87], "uv_size": [1, 1]}
							}
						},
						{
							"origin": [4.6274, 33.47766, 30.70922],
							"size": [0.73125, 0.975, 1.365],
							"pivot": [6.15571, 33.96516, 23.85741],
							"rotation": [-31.41907, 12.90429, 37.38108],
							"uv": {
								"south": {"uv": [76, 87], "uv_size": [1, 1]},
								"up": {"uv": [87, 76], "uv_size": [1, 1]}
							}
						}
					]
				},
				{
					"name": "bone7",
					"parent": "left",
					"pivot": [7.31146, 18.6658, 23.14315],
					"rotation": [-12, 0, 0],
					"cubes": [
						{
							"origin": [5.37482, 19.79613, 7.96061],
							"size": [5.5575, 1.95, 14.90775],
							"pivot": [10.93232, 19.79613, 18.33948],
							"rotation": [31.25543, -8.37187, -54.39232],
							"uv": {
								"down": {"uv": [58, 63], "uv_size": [3, -8]}
							}
						},
						{
							"origin": [9.98657, 19.79613, 28.62086],
							"size": [0.94575, 1.95, 2.6325],
							"pivot": [10.93232, 19.79613, 18.33948],
							"rotation": [31.25543, -8.37187, -54.39232],
							"uv": {
								"south": {"uv": [78, 87], "uv_size": [1, 1]},
								"down": {"uv": [79, 88], "uv_size": [1, -1]}
							}
						},
						{
							"origin": [8.59232, 19.79613, 22.86836],
							"size": [2.34, 1.95, 5.7525],
							"pivot": [10.93232, 19.79613, 18.33948],
							"rotation": [31.25543, -8.37187, -54.39232],
							"uv": {
								"down": {"uv": [1, 86], "uv_size": [1, -3]}
							}
						},
						{
							"origin": [1.47482, 19.79613, 8.93561],
							"size": [3.9, 1.95, 6.62025],
							"pivot": [10.93232, 19.79613, 18.33948],
							"rotation": [31.25543, -8.37187, -54.39232],
							"uv": {
								"down": {"uv": [50, 80], "uv_size": [2, -3]}
							}
						}
					]
				},
				{
					"name": "right",
					"parent": "main",
					"pivot": [-21.47819, 35.10429, 9.75306],
					"cubes": [
						{
							"origin": [-7.605, 37.45426, 12.1525],
							"size": [3.9, 5.3625, 23.74125],
							"pivot": [-7.605, 41.84176, 12.1525],
							"rotation": [-32.85958, 8.00154, -5.13783],
							"uv": {
								"east": {"uv": [62, 49], "uv_size": [-12, 3]},
								"up": {"uv": [33, 57], "uv_size": [-2, 12]}
							}
						},
						{
							"origin": [-5.61522, 16.20904, 6.57725],
							"size": [3.9, 1.95, 25.12575],
							"pivot": [-1.85687, 17.18404, 19.59263],
							"rotation": [23.00423, 8.29466, 3.50493],
							"uv": {
								"east": {"uv": [79, 62], "uv_size": [-13, 1]},
								"down": {"uv": [38, 68], "uv_size": [-2, -13]}
							}
						},
						{
							"origin": [-7.99539, 17.28142, 6.86962],
							"size": [3.51, 1.95, 18.59325],
							"pivot": [-6.43539, 18.25642, 19.43249],
							"rotation": [22.89009, -8.61965, 41.81597],
							"uv": {
								"down": {"uv": [57, 70], "uv_size": [-2, -10]}
							}
						},
						{
							"origin": [-5.75289, 17.28142, 25.46287],
							"size": [1.2675, 1.95, 3.9],
							"pivot": [-6.43539, 18.25642, 19.43249],
							"rotation": [22.89009, -8.61965, 41.81597],
							"uv": {
								"down": {"uv": [86, 44], "uv_size": [-1, -2]}
							}
						},
						{
							"origin": [-5.29464, 17.28142, 29.36287],
							"size": [0.80925, 1.95, 0.975],
							"pivot": [-6.43539, 18.25642, 19.43249],
							"rotation": [22.89009, -8.61965, 41.81597],
							"uv": {
								"south": {"uv": [81, 87], "uv_size": [-1, 1]},
								"down": {"uv": [82, 88], "uv_size": [-1, -1]}
							}
						},
						{
							"origin": [-11.45514, 14.4402, -19.61815],
							"size": [4.485, 0.975, 28.275],
							"pivot": [-14.57514, 14.58645, -11.81815],
							"rotation": [0, 0, 22.5],
							"uv": {
								"east": {"uv": [80, 12], "uv_size": [-15, 1]},
								"south": {"uv": [87, 31], "uv_size": [-2, 1]},
								"down": {"uv": [21, 69], "uv_size": [-2, -15]}
							}
						},
						{
							"origin": [-11.73274, 13.86597, -32.90761],
							"size": [4.485, 0.975, 13.65],
							"pivot": [-9.49024, 14.35347, -28.03261],
							"rotation": [-9.25249, 3.81024, 22.19157],
							"uv": {
								"north": {"uv": [87, 25], "uv_size": [-2, 1]},
								"east": {"uv": [83, 56], "uv_size": [-7, 1]},
								"down": {"uv": [21, 76], "uv_size": [-2, -7]}
							}
						},
						{
							"origin": [-11.81675, 43.24623, -8.385],
							"size": [4.875, 0.975, 5.89875],
							"pivot": [-13.57175, 43.80685, 1.03594],
							"rotation": [0, 0, -22.5],
							"uv": {
								"north": {"uv": [12, 59], "uv_size": [-3, 1]},
								"east": {"uv": [85, 2], "uv_size": [-3, 1]},
								"up": {"uv": [54, 73], "uv_size": [-3, 3]},
								"down": {"uv": [66, 76], "uv_size": [-3, -3]}
							}
						},
						{
							"origin": [-10.84902, 39.31954, -16.965],
							"size": [0.975, 0.975, 14.235],
							"pivot": [-16.50402, 39.88017, 1.03594],
							"rotation": [0, 0, -45],
							"uv": {
								"east": {"uv": [83, 55], "uv_size": [-7, 1]},
								"west": {"uv": [83, 48], "uv_size": [-7, 1]},
								"up": {"uv": [54, 76], "uv_size": [-1, 7]},
								"down": {"uv": [64, 83], "uv_size": [-1, -7]}
							}
						},
						{
							"origin": [-13.2734, 38.61095, -34.54203],
							"size": [0.975, 0.975, 14.28],
							"pivot": [-12.7859, 39.09845, -24.55203],
							"rotation": [34.7697, 35.40569, -29.4192],
							"uv": {
								"east": {"uv": [33, 81], "uv_size": [-4, 1]},
								"west": {"uv": [29, 81], "uv_size": [-4, 1]},
								"up": {"uv": [34, 81], "uv_size": [-1, 4]},
								"down": {"uv": [42, 85], "uv_size": [-1, -4]}
							}
						},
						{
							"origin": [-14.54805, 19.81756, -31.98362],
							"size": [0.8775, 13.1625, 1.95],
							"pivot": [-13.86555, 26.88631, -31.00862],
							"rotation": [-5, -5, 0],
							"uv": {
								"north": {"uv": [65, 76], "uv_size": [-1, 7]},
								"east": {"uv": [71, 76], "uv_size": [-1, 7]},
								"south": {"uv": [77, 65], "uv_size": [-1, 7]},
								"west": {"uv": [66, 76], "uv_size": [-1, 7]},
								"up": {"uv": [58, 87], "uv_size": [-1, 1]}
							}
						},
						{
							"origin": [-13.78886, 15.06809, -32.646],
							"size": [0.8775, 5.225, 1.95],
							"pivot": [-13.35011, 18.83059, -31.671],
							"rotation": [-1.64445, -6.87351, -31.61968],
							"uv": {
								"north": {"uv": [27, 85], "uv_size": [-1, 2]},
								"east": {"uv": [29, 85], "uv_size": [-1, 2]},
								"south": {"uv": [86, 27], "uv_size": [-1, 2]},
								"west": {"uv": [28, 85], "uv_size": [-1, 2]},
								"up": {"uv": [88, 61], "uv_size": [-1, 1]}
							}
						},
						{
							"origin": [-14.08202, 32.06685, -33.63515],
							"size": [0.8775, 0.975, 2.2425],
							"pivot": [-13.64327, 32.55435, -33.8789],
							"rotation": [0, -10, 0],
							"uv": {
								"east": {"uv": [60, 87], "uv_size": [-1, 1]},
								"west": {"uv": [88, 58], "uv_size": [-1, 1]},
								"up": {"uv": [61, 87], "uv_size": [-1, 1]},
								"down": {"uv": [62, 88], "uv_size": [-1, -1]}
							}
						},
						{
							"origin": [-12.98086, 32.06685, -42.95956],
							"size": [0.8775, 0.975, 10.1625],
							"pivot": [-12.54211, 32.55435, -34.50331],
							"rotation": [0, -49, 0],
							"uv": {
								"east": {"uv": [87, 12], "uv_size": [-2, 1]},
								"west": {"uv": [87, 10], "uv_size": [-2, 1]},
								"up": {"uv": [10, 85], "uv_size": [-1, 2]},
								"down": {"uv": [86, 15], "uv_size": [-1, -2]}
							}
						},
						{
							"origin": [-11.38949, 39.26059, -20.81111],
							"size": [0.975, 0.975, 5.655],
							"pivot": [-12.87299, 38.67243, -24.46298],
							"rotation": [15.61747, 16.43322, -42.93001],
							"uv": {
								"east": {"uv": [85, 46], "uv_size": [-3, 1]},
								"west": {"uv": [85, 45], "uv_size": [-3, 1]},
								"up": {"uv": [83, 74], "uv_size": [-1, 3]},
								"down": {"uv": [77, 85], "uv_size": [-1, -3]}
							}
						},
						{
							"origin": [-16.78996, 38.72662, -7.29446],
							"size": [7.8, 0.975, 1.95],
							"pivot": [-14.83996, 39.21412, -6.31946],
							"rotation": [3.6572, -11.43692, -61.86635],
							"uv": {
								"north": {"uv": [86, 73], "uv_size": [-2, 1]},
								"south": {"uv": [86, 74], "uv_size": [-2, 1]},
								"up": {"uv": [86, 75], "uv_size": [-2, 1]},
								"down": {"uv": [86, 77], "uv_size": [-2, -1]}
							}
						},
						{
							"origin": [-27.38189, 32.77346, -9.68807],
							"size": [17.55, 0.975, 1.95],
							"pivot": [-15.32887, 32.91971, -8.75954],
							"rotation": [9.20933, -23.27655, -90.03299],
							"uv": {
								"north": {"uv": [81, 49], "uv_size": [-9, 1]},
								"south": {"uv": [81, 50], "uv_size": [-9, 1]},
								"up": {"uv": [81, 63], "uv_size": [-9, 1]},
								"down": {"uv": [81, 65], "uv_size": [-9, -1]}
							}
						},
						{
							"origin": [-21.59229, 19.33612, -15.16538],
							"size": [9.8125, 0.975, 1.95],
							"pivot": [-14.46104, 19.82362, -14.19038],
							"rotation": [19.312, -16.0891, -119.3873],
							"uv": {
								"north": {"uv": [85, 77], "uv_size": [-3, 1]},
								"south": {"uv": [86, 4], "uv_size": [-3, 1]},
								"up": {"uv": [86, 5], "uv_size": [-3, 1]},
								"down": {"uv": [86, 7], "uv_size": [-3, -1]}
							}
						},
						{
							"origin": [-14.52678, 14.83219, -16.70595],
							"size": [0.4875, 0.975, 0.975],
							"pivot": [-12.20628, 15.31969, -15.73095],
							"rotation": [20.94561, -13.8499, -125.70449],
							"uv": {
								"north": {"uv": [74, 87], "uv_size": [-1, 1]},
								"down": {"uv": [75, 88], "uv_size": [-1, -1]}
							}
						},
						{
							"origin": [-11.96518, 42.94042, -3.19712],
							"size": [4.875, 0.975, 15.6975],
							"pivot": [-11.77018, 43.50105, 1.15381],
							"rotation": [-13.9042, -5.68422, -21.80633],
							"uv": {
								"south": {"uv": [86, 7], "uv_size": [-3, 1]},
								"up": {"uv": [31, 57], "uv_size": [-3, 8]},
								"down": {"uv": [18, 66], "uv_size": [-3, -8]}
							}
						},
						{
							"origin": [-11.42017, 39.65767, -3.81923],
							"size": [0.975, 0.975, 12.43125],
							"pivot": [-15.12517, 40.21829, 0.67796],
							"rotation": [-10.72858, -10.54529, -44.00703],
							"uv": {
								"east": {"uv": [83, 16], "uv_size": [-6, 1]},
								"up": {"uv": [24, 48], "uv_size": [-1, 6]},
								"down": {"uv": [12, 83], "uv_size": [-1, -6]}
							}
						},
						{
							"origin": [-16.06645, 35.24917, 8.14967],
							"size": [7.825, 0.975, 3.0225],
							"pivot": [-15.09145, 35.39542, 9.90467],
							"rotation": [-6.48715, -8.46876, -54.1818],
							"uv": {
								"north": {"uv": [86, 62], "uv_size": [-2, 1]},
								"south": {"uv": [73, 84], "uv_size": [-2, 1]},
								"up": {"uv": [82, 74], "uv_size": [-2, 2]},
								"down": {"uv": [78, 82], "uv_size": [-2, -2]}
							}
						},
						{
							"origin": [-28.06309, 33.15666, 7.86594],
							"size": [14.625, 0.975, 3.0225],
							"pivot": [-15.38809, 33.30291, 9.62094],
							"rotation": [-3.77921, -5.76793, -90.30932],
							"uv": {
								"north": {"uv": [82, 3], "uv_size": [-8, 1]},
								"up": {"uv": [55, 24], "uv_size": [-8, 2]},
								"down": {"uv": [73, 28], "uv_size": [-8, -2]}
							}
						},
						{
							"origin": [-13.56063, 25.70451, 8.18868],
							"size": [9.0675, 1.95, 25.0575],
							"pivot": [-9.02688, 26.67951, 20.71743],
							"rotation": [-29.77921, -5.76793, -90.30932],
							"uv": {
								"south": {"uv": [76, 79], "uv_size": [-5, 1]},
								"up": {"uv": [33, 34], "uv_size": [-5, 13]}
							}
						},
						{
							"origin": [-18.23002, 33.20964, 10.64781],
							"size": [2.93475, 2.925, 25.24275],
							"pivot": [-15.29527, 35.15964, 10.64781],
							"rotation": [-30.29628, -11.61313, -86.8927],
							"uv": {
								"west": {"uv": [68, 43], "uv_size": [-13, 2]},
								"up": {"uv": [40, 55], "uv_size": [-2, 13]}
							}
						},
						{
							"origin": [-18.31964, 22.56368, 9.20642],
							"size": [2.64225, 1.95, 25.24275],
							"pivot": [-15.38489, 23.53868, 9.20642],
							"rotation": [-29.61488, -0.55481, -93.28531],
							"uv": {
								"east": {"uv": [80, 35], "uv_size": [-13, 1]},
								"up": {"uv": [24, 35], "uv_size": [-1, 13]}
							}
						},
						{
							"origin": [-17.35244, 17.4288, 7.84119],
							"size": [1.95, 0.975, 1.56],
							"pivot": [-14.86619, 18.8913, 7.88994],
							"rotation": [-1.27679, -6.77352, -112.92421],
							"uv": {
								"south": {"uv": [88, 81], "uv_size": [-1, 1]}
							}
						},
						{
							"origin": [-21.29947, 18.60347, 6.39386],
							"size": [8.86075, 0.975, 3.0225],
							"pivot": [-14.63247, 19.09097, 7.90511],
							"rotation": [0.82893, -6.84246, -121.54933],
							"uv": {
								"north": {"uv": [87, 37], "uv_size": [-2, 1]},
								"south": {"uv": [87, 39], "uv_size": [-2, 1]},
								"up": {"uv": [48, 81], "uv_size": [-2, 2]},
								"down": {"uv": [50, 83], "uv_size": [-2, -2]}
							}
						},
						{
							"origin": [-14.63297, 13.13759, 8.27938],
							"size": [4.26075, 1.4625, 0.585],
							"pivot": [-12.56597, 15.08759, 7.35313],
							"rotation": [0.82893, -6.84246, -130.54933],
							"uv": {
								"south": {"uv": [46, 85], "uv_size": [-2, 1]}
							}
						}
					]
				},
				{
					"name": "bone2",
					"parent": "right",
					"pivot": [-6.15571, 33.96516, 23.85741],
					"cubes": [
						{
							"origin": [-10.20337, 33.64049, 8.66793],
							"size": [2.2425, 0.39, 20.75775],
							"pivot": [-8.27775, 33.83549, 22.02543],
							"rotation": [-31.09185, 9.01893, -53.31039],
							"uv": {
								"up": {"uv": [20, 43], "uv_size": [-1, 11]}
							}
						},
						{
							"origin": [-7.96087, 33.64049, 8.66793],
							"size": [2.4375, 0.39, 9.05775],
							"pivot": [-8.27775, 33.83549, 22.02543],
							"rotation": [-31.09185, 9.01893, -53.31039],
							"uv": {
								"up": {"uv": [2, 78], "uv_size": [-1, 5]}
							}
						},
						{
							"origin": [-10.0094, 33.47766, 9.70772],
							"size": [5.382, 0.975, 13.23075],
							"pivot": [-6.15571, 33.96516, 23.85741],
							"rotation": [-31.41907, -12.90429, -37.38108],
							"uv": {
								"up": {"uv": [36, 60], "uv_size": [-3, 7]}
							}
						},
						{
							"origin": [-11.4719, 33.47766, 9.70772],
							"size": [1.4625, 0.975, 2.99325],
							"pivot": [-6.15571, 33.96516, 23.85741],
							"rotation": [-31.41907, -12.90429, -37.38108],
							"uv": {
								"up": {"uv": [44, 85], "uv_size": [-1, 2]}
							}
						},
						{
							"origin": [-7.52315, 33.47766, 22.93847],
							"size": [2.89575, 0.975, 4.875],
							"pivot": [-6.15571, 33.96516, 23.85741],
							"rotation": [-31.41907, -12.90429, -37.38108],
							"uv": {
								"up": {"uv": [1, 83], "uv_size": [-1, 3]}
							}
						},
						{
							"origin": [-6.06065, 33.47766, 27.81347],
							"size": [1.43325, 0.975, 2.89575],
							"pivot": [-6.15571, 33.96516, 23.85741],
							"rotation": [-31.41907, -12.90429, -37.38108],
							"uv": {
								"up": {"uv": [88, 77], "uv_size": [-1, 1]}
							}
						},
						{
							"origin": [-10.20337, 33.64049, 29.42568],
							"size": [0.78, 0.39, 1.4625],
							"pivot": [-8.27775, 33.83549, 22.02543],
							"rotation": [-31.09185, 9.01893, -53.31039],
							"uv": {
								"up": {"uv": [88, 75], "uv_size": [-1, 1]}
							}
						},
						{
							"origin": [-10.20337, 33.64049, 30.88818],
							"size": [0.78, 0.39, 1.39425],
							"pivot": [-8.27775, 33.83549, 22.02543],
							"rotation": [-31.09185, 9.01893, -53.31039],
							"uv": {
								"up": {"uv": [76, 87], "uv_size": [-1, 1]}
							}
						},
						{
							"origin": [-5.35865, 33.47766, 30.70922],
							"size": [0.73125, 0.975, 1.365],
							"pivot": [-6.15571, 33.96516, 23.85741],
							"rotation": [-31.41907, -12.90429, -37.38108],
							"uv": {
								"south": {"uv": [77, 87], "uv_size": [-1, 1]},
								"up": {"uv": [88, 76], "uv_size": [-1, 1]}
							}
						}
					]
				},
				{
					"name": "bone5",
					"parent": "right",
					"pivot": [-7.31146, 18.6658, 23.14315],
					"rotation": [-12, 0, 0],
					"cubes": [
						{
							"origin": [-10.93232, 19.79613, 7.96061],
							"size": [5.5575, 1.95, 14.90775],
							"pivot": [-10.93232, 19.79613, 18.33948],
							"rotation": [31.25543, 8.37187, 54.39232],
							"uv": {
								"down": {"uv": [61, 63], "uv_size": [-3, -8]}
							}
						},
						{
							"origin": [-10.93232, 19.79613, 28.62086],
							"size": [0.94575, 1.95, 2.6325],
							"pivot": [-10.93232, 19.79613, 18.33948],
							"rotation": [31.25543, 8.37187, 54.39232],
							"uv": {
								"south": {"uv": [79, 87], "uv_size": [-1, 1]},
								"down": {"uv": [80, 88], "uv_size": [-1, -1]}
							}
						},
						{
							"origin": [-10.93232, 19.79613, 22.86836],
							"size": [2.34, 1.95, 5.7525],
							"pivot": [-10.93232, 19.79613, 18.33948],
							"rotation": [31.25543, 8.37187, 54.39232],
							"uv": {
								"down": {"uv": [2, 86], "uv_size": [-1, -3]}
							}
						},
						{
							"origin": [-5.37482, 19.79613, 8.93561],
							"size": [3.9, 1.95, 6.62025],
							"pivot": [-10.93232, 19.79613, 18.33948],
							"rotation": [31.25543, 8.37187, 54.39232],
							"uv": {
								"down": {"uv": [52, 80], "uv_size": [-2, -3]}
							}
						}
					]
				},
				{
					"name": "bone3",
					"parent": "main",
					"pivot": [0, 48.57357, 18.712],
					"cubes": [
						{
							"origin": [3.88294, 46.45875, -4.61606],
							"size": [0.63375, 6.48375, 8.38688],
							"uv": {
								"north": {"uv": [0, 0], "uv_size": [0, 0]},
								"east": {"uv": [62, 48], "uv_size": [3, 3]},
								"west": {"uv": [50, 49], "uv_size": [3, 3]},
								"up": {"uv": [28, 82], "uv_size": [1, 3]}
							}
						},
						{
							"origin": [-4.51669, 46.45875, -4.61606],
							"size": [0.63375, 6.48375, 8.38688],
							"uv": {
								"north": {"uv": [0, 0], "uv_size": [0, 0]},
								"east": {"uv": [53, 49], "uv_size": [-3, 3]},
								"west": {"uv": [65, 48], "uv_size": [-3, 3]},
								"up": {"uv": [29, 82], "uv_size": [-1, 3]}
							}
						},
						{
							"origin": [3.88294, 49.74177, -1.73538],
							"size": [0.63375, 1.90125, 4.89937],
							"pivot": [0, 47.82833, -26.06651],
							"rotation": [-10, 0, 0],
							"uv": {
								"east": {"uv": [82, 19], "uv_size": [3, 1]},
								"west": {"uv": [30, 82], "uv_size": [3, 1]}
							}
						},
						{
							"origin": [-4.51669, 49.74177, -1.73538],
							"size": [0.63375, 1.90125, 4.89937],
							"pivot": [0, 47.82833, -26.06651],
							"rotation": [-10, 0, 0],
							"uv": {
								"east": {"uv": [82, 31], "uv_size": [3, 1]},
								"west": {"uv": [82, 32], "uv_size": [3, 1]}
							}
						},
						{
							"origin": [-4.45169, 42.18864, 3.07217],
							"size": [8.96838, 9.7, 13.52795],
							"pivot": [1.6575, 48.42276, 9.44432],
							"rotation": [-10, 0, 0],
							"uv": {
								"north": {"uv": [65.25, 50.5], "uv_size": [-3, -2.25]},
								"east": {"uv": [57.75, 52], "uv_size": [-3, -3]},
								"south": {"uv": [61, 58], "uv_size": [-3, -2.5]},
								"west": {"uv": [54.75, 52], "uv_size": [-3, -3]},
								"up": {"uv": [41, 59], "uv_size": [3, 7]},
								"down": {"uv": [54.75, 49], "uv_size": [3, 3]}
							}
						}
					]
				},
				{
					"name": "bone4",
					"parent": "main",
					"pivot": [0, 46.3125, 1.03594],
					"cubes": [
						{
							"origin": [4.29975, 32.06685, -51.13856],
							"size": [0.8775, 0.975, 12.8895],
							"pivot": [4.7385, 32.55435, -39.95531],
							"rotation": [0, 90, 0],
							"uv": {
								"east": {"uv": [85, 18], "uv_size": [2, 1]},
								"west": {"uv": [85, 19], "uv_size": [2, 1]},
								"up": {"uv": [85, 23], "uv_size": [1, 2]},
								"down": {"uv": [24, 87], "uv_size": [1, -2]}
							}
						},
						{
							"origin": [-3.705, 42.0035, 12.81065],
							"size": [7.41, 1.95, 23.42437],
							"pivot": [0, 43.53912, 10.53159],
							"rotation": [-32.5, 0, 0],
							"uv": {
								"south": {"uv": [49, 16], "uv_size": [4, 1]},
								"up": {"uv": [12, 43], "uv_size": [4, 12]}
							}
						},
						{
							"origin": [-3.705, 24.6729, 26.52101],
							"size": [7.41, 1.95, 9.07437],
							"pivot": [0, 25.6479, 31.0582],
							"rotation": [-96, 0, 0],
							"uv": {
								"up": {"uv": [3.25, 89], "uv_size": [6, 6]}
							}
						},
						{
							"origin": [-0.78, 47.8535, 28.89815],
							"size": [1.56, 9.75, 8.31187],
							"pivot": [0, 43.53912, 17.35659],
							"rotation": [-55, 0, 0],
							"uv": {
								"east": {"uv": [61, 24], "uv_size": [4, 5]},
								"south": {"uv": [66, 78], "uv_size": [1, 5]},
								"west": {"uv": [61, 29], "uv_size": [4, 5]}
							}
						},
						{
							"origin": [-0.78, 42.9785, 24.99815],
							"size": [1.56, 4.875, 12.21187],
							"pivot": [0, 43.53912, 17.35659],
							"rotation": [-55, 0, 0],
							"uv": {
								"east": {"uv": [5, 62], "uv_size": [6, 3]},
								"south": {"uv": [23, 83], "uv_size": [1, 3]},
								"west": {"uv": [44, 62], "uv_size": [6, 3]}
							}
						},
						{
							"origin": [-7.605, 43.66489, -2.74175],
							"size": [15.21, 1.95, 15.6975],
							"pivot": [0, 45.20051, 1.60918],
							"rotation": [-15, 0, 0],
							"uv": {
								"north": {"uv": [73, 52], "uv_size": [8, 1]},
								"east": {"uv": [73, 53], "uv_size": [8, 1]},
								"west": {"uv": [74, 2], "uv_size": [8, 1]},
								"up": {"uv": [33, 34], "uv_size": [8, 8]},
								"down": {"uv": [12, 43], "uv_size": [8, -8]}
							}
						},
						{
							"origin": [-7.605, 45.75187, -8.385],
							"size": [15.21, 0.975, 5.89875],
							"uv": {
								"north": {"uv": [32, 26], "uv_size": [8, 1]},
								"up": {"uv": [50, 57], "uv_size": [8, 3]},
								"down": {"uv": [57, 55], "uv_size": [8, -3]}
							}
						},
						{
							"origin": [-0.6825, 45.75187, -20.085],
							"size": [1.365, 0.975, 11.7],
							"uv": {
								"east": {"uv": [77, 17], "uv_size": [6, 1]},
								"west": {"uv": [77, 21], "uv_size": [6, 1]},
								"up": {"uv": [12, 77], "uv_size": [1, 6]},
								"down": {"uv": [21, 83], "uv_size": [1, -6]}
							}
						},
						{
							"origin": [-0.6825, 44.26602, -33.42117],
							"size": [1.365, 0.975, 13.75],
							"pivot": [0, 44.41227, -25.52117],
							"rotation": [15, 0, 0],
							"uv": {
								"east": {"uv": [24, 79], "uv_size": [5, 1]},
								"west": {"uv": [79, 62], "uv_size": [5, 1]},
								"up": {"uv": [46, 17], "uv_size": [1, 5]},
								"down": {"uv": [0, 83], "uv_size": [1, -5]}
							}
						},
						{
							"origin": [5.71021, 44.26634, -25.75299],
							"size": [0.975, 0.975, 11.8875],
							"pivot": [6.19771, 44.75384, -19.93424],
							"rotation": [70.5, 75, 85],
							"uv": {
								"east": {"uv": [82, 86], "uv_size": [2, 1]},
								"west": {"uv": [86, 82], "uv_size": [2, 1]},
								"up": {"uv": [86, 83], "uv_size": [1, 2]},
								"down": {"uv": [84, 88], "uv_size": [1, -2]}
							}
						},
						{
							"origin": [-0.6825, 37.77803, -42.31389],
							"size": [1.365, 0.975, 12.075],
							"pivot": [0, 37.92428, -36.08889],
							"rotation": [54.5, 0, 0],
							"uv": {
								"east": {"uv": [11, 64], "uv_size": [4, 1]},
								"west": {"uv": [80, 80], "uv_size": [4, 1]},
								"up": {"uv": [37, 80], "uv_size": [1, 4]},
								"down": {"uv": [51, 84], "uv_size": [1, -4]}
							}
						},
						{
							"origin": [-2.73, 26.35369, -41.07964],
							"size": [5.46, 1.95, 5.85],
							"pivot": [0, 27.47494, -41.07964],
							"rotation": [75, 0, 0],
							"uv": {
								"east": {"uv": [82, 3], "uv_size": [3, 1]},
								"west": {"uv": [82, 18], "uv_size": [3, 1]},
								"up": {"uv": [73, 65], "uv_size": [3, 3]}
							}
						},
						{
							"origin": [-2.73, 25.79759, -42.9488],
							"size": [5.46, 7.475, 13.4225],
							"pivot": [0, 25.94384, -40.9988],
							"rotation": [-67.5, 0, 0],
							"uv": {
								"east": {"uv": [2, 66], "uv_size": [3, 5]},
								"west": {"uv": [14, 66], "uv_size": [3, 5]},
								"down": {"uv": [73, 71], "uv_size": [3, -3]}
							}
						},
						{
							"origin": [-2.73, 14.56945, -36.79316],
							"size": [5.46, 8.775, 3.9],
							"pivot": [0, 14.7157, -34.84316],
							"rotation": [-20, 0, 0],
							"uv": {
								"east": {"uv": [55, 70], "uv_size": [2, 5]},
								"west": {"uv": [41, 71], "uv_size": [2, 5]},
								"down": {"uv": [77, 26], "uv_size": [3, -2]}
							}
						},
						{
							"origin": [-2.73, 15.35098, -32.38037],
							"size": [5.46, 6.24, 17.55],
							"pivot": [0, 17.30098, -27.01787],
							"rotation": [-10, 0, 0],
							"uv": {
								"east": {"uv": [55, 13], "uv_size": [9, 3]},
								"west": {"uv": [56, 34], "uv_size": [9, 3]},
								"up": {"uv": [21, 54], "uv_size": [3, 9]},
								"down": {"uv": [12, 64], "uv_size": [3, -9]}
							}
						},
						{
							"origin": [-11.4075, 14.47311, -23.10937],
							"size": [22.815, 4.29, 8.775],
							"pivot": [1.95, 17.39811, -27.00937],
							"rotation": [-5, 0, 0],
							"uv": {
								"north": {"uv": [0, 60], "uv_size": [12, 2]},
								"east": {"uv": [71, 57], "uv_size": [5, 2]},
								"south": {"uv": [60, 16], "uv_size": [12, 2]},
								"west": {"uv": [72, 16], "uv_size": [5, 2]},
								"up": {"uv": [0, 36], "uv_size": [12, 5]}
							}
						},
						{
							"origin": [-13.40625, 18.76348, -23.11787],
							"size": [26.8125, 2.34, 8.775],
							"pivot": [0.04875, 17.30098, -27.01787],
							"rotation": [-5, 0, 0],
							"uv": {
								"north": {"uv": [66, 61], "uv_size": [14, 1]},
								"east": {"uv": [80, 70], "uv_size": [5, 1]},
								"west": {"uv": [71, 80], "uv_size": [5, 1]},
								"up": {"uv": [32, 12], "uv_size": [14, 5]},
								"down": {"uv": [32, 22], "uv_size": [14, -5]}
							}
						},
						{
							"origin": [-2.73, 27.57888, -42.1478],
							"size": [5.46, 8.19, 10.2375],
							"pivot": [0, 29.52888, -38.2478],
							"rotation": [-87.5, 0, 0],
							"uv": {
								"north": {"uv": [67, 70], "uv_size": [3, 4]},
								"east": {"uv": [61, 59], "uv_size": [5, 4]},
								"west": {"uv": [0, 62], "uv_size": [5, 4]},
								"up": {"uv": [67, 28], "uv_size": [3, 5]}
							}
						},
						{
							"origin": [3.2175, 28.58049, -35.59886],
							"size": [5.3625, 1.365, 3.9],
							"pivot": [5.655, 29.26299, -33.16136],
							"rotation": [-77.5, 0, 0],
							"uv": {
								"north": {"uv": [83, 51], "uv_size": [3, 1]},
								"east": {"uv": [59, 86], "uv_size": [2, 1]},
								"south": {"uv": [83, 52], "uv_size": [3, 1]},
								"west": {"uv": [86, 59], "uv_size": [2, 1]},
								"up": {"uv": [77, 67], "uv_size": [3, 2]},
								"down": {"uv": [77, 71], "uv_size": [3, -2]}
							}
						},
						{
							"origin": [-8.58, 28.58049, -35.59886],
							"size": [5.3625, 1.365, 3.9],
							"pivot": [-5.655, 29.26299, -33.16136],
							"rotation": [-77.5, 0, 0],
							"uv": {
								"north": {"uv": [63, 83], "uv_size": [3, 1]},
								"east": {"uv": [86, 60], "uv_size": [2, 1]},
								"south": {"uv": [83, 63], "uv_size": [3, 1]},
								"west": {"uv": [61, 86], "uv_size": [2, 1]},
								"up": {"uv": [77, 74], "uv_size": [3, 2]},
								"down": {"uv": [77, 78], "uv_size": [3, -2]}
							}
						},
						{
							"origin": [-2.73, 21.6852, -35.2489],
							"size": [5.46, 0.8775, 7.8],
							"pivot": [0, 15.8352, -29.8864],
							"rotation": [-20, 0, 0],
							"uv": {
								"north": {"uv": [83, 48], "uv_size": [3, 1]},
								"east": {"uv": [81, 47], "uv_size": [4, 1]},
								"west": {"uv": [81, 53], "uv_size": [4, 1]},
								"up": {"uv": [70, 69], "uv_size": [3, 4]}
							}
						},
						{
							"origin": [-7.605, 12.55465, -33.15388],
							"size": [15.21, 2.145, 13.65],
							"pivot": [0, 12.7009, -25.35388],
							"rotation": [-10, 0, 0],
							"uv": {
								"north": {"uv": [74, 31], "uv_size": [8, 1]},
								"down": {"uv": [41, 45], "uv_size": [8, -7]}
							}
						},
						{
							"origin": [7.605, 13.60765, -33.15388],
							"size": [2.5935, 1.092, 13.65],
							"pivot": [0, 12.7009, -25.35388],
							"rotation": [-10, 0, 0],
							"uv": {
								"north": {"uv": [87, 71], "uv_size": [1, 1]}
							}
						},
						{
							"origin": [-10.1985, 13.60765, -33.15388],
							"size": [2.5935, 1.092, 13.65],
							"pivot": [0, 12.7009, -25.35388],
							"rotation": [-10, 0, 0],
							"uv": {
								"north": {"uv": [72, 87], "uv_size": [1, 1]}
							}
						},
						{
							"origin": [-11.37338, 14.71116, -33.46131],
							"size": [22.74675, 0.4875, 13.455],
							"pivot": [3.76837, 10.95741, -25.66131],
							"rotation": [-10, 0, 0],
							"uv": {
								"north": {"uv": [68, 43], "uv_size": [12, 1]},
								"up": {"uv": [28, 27], "uv_size": [12, 7]}
							}
						},
						{
							"origin": [-11.37337, 28.01934, -4.97881],
							"size": [22.74675, 0.975, 27.7875],
							"pivot": [0, 28.26309, 9.64619],
							"rotation": [85, 0, 0],
							"uv": {
								"up": {"uv": [12, 0], "uv_size": [12, 14]}
							}
						},
						{
							"origin": [2.27662, 20.38682, -23.1108],
							"size": [11.04675, 2.4375, 8.775],
							"pivot": [0, 19.65557, -20.1858],
							"rotation": [-5, 0, 0],
							"uv": {
								"north": {"uv": [77, 22], "uv_size": [6, 1]},
								"east": {"uv": [80, 24], "uv_size": [5, 1]},
								"west": {"uv": [80, 25], "uv_size": [5, 1]},
								"up": {"uv": [55, 8], "uv_size": [6, 5]},
								"down": {"uv": [55, 29], "uv_size": [6, -5]}
							}
						},
						{
							"origin": [2.27662, 27.53184, -18.43381],
							"size": [11.04675, 0.975, 13.65],
							"pivot": [0, 26.80059, -10.63381],
							"rotation": [67.5, 0, 0],
							"uv": {
								"east": {"uv": [76, 57], "uv_size": [7, 1]},
								"south": {"uv": [77, 26], "uv_size": [6, 1]},
								"west": {"uv": [76, 58], "uv_size": [7, 1]},
								"up": {"uv": [47, 17], "uv_size": [6, 7]},
								"down": {"uv": [49, 9], "uv_size": [6, -7]}
							}
						},
						{
							"origin": [-13.32338, 20.38682, -23.1108],
							"size": [11.04675, 2.4375, 8.775],
							"pivot": [0, 19.65557, -20.1858],
							"rotation": [-5, 0, 0],
							"uv": {
								"north": {"uv": [77, 34], "uv_size": [6, 1]},
								"east": {"uv": [80, 27], "uv_size": [5, 1]},
								"west": {"uv": [80, 28], "uv_size": [5, 1]},
								"up": {"uv": [55, 29], "uv_size": [6, 5]},
								"down": {"uv": [55, 43], "uv_size": [6, -5]}
							}
						},
						{
							"origin": [-13.32338, 27.53184, -18.43381],
							"size": [11.04675, 0.975, 13.65],
							"pivot": [0, 26.80059, -10.63381],
							"rotation": [67.5, 0, 0],
							"uv": {
								"east": {"uv": [76, 72], "uv_size": [7, 1]},
								"south": {"uv": [77, 33], "uv_size": [6, 1]},
								"west": {"uv": [76, 73], "uv_size": [7, 1]},
								"up": {"uv": [49, 9], "uv_size": [6, 7]},
								"down": {"uv": [49, 45], "uv_size": [6, -7]}
							}
						},
						{
							"origin": [-11.37337, 26.55684, -25.25881],
							"size": [22.74675, 0.975, 21.45],
							"pivot": [0, 26.80059, -10.63381],
							"rotation": [67.5, 0, 0],
							"uv": {
								"south": {"uv": [71, 38], "uv_size": [12, 1]},
								"up": {"uv": [12, 14], "uv_size": [12, 11]},
								"down": {"uv": [0, 26], "uv_size": [12, -11]}
							}
						},
						{
							"origin": [-2.59838, 26.06934, -24.28381],
							"size": [5.19675, 0.975, 34.125],
							"pivot": [0, 26.80059, -10.63381],
							"rotation": [67.5, 0, 0],
							"uv": {
								"east": {"uv": [63, 23], "uv_size": [18, 1]},
								"west": {"uv": [64, 15], "uv_size": [18, 1]},
								"up": {"uv": [9, 41], "uv_size": [3, 18]},
								"down": {"uv": [33, 60], "uv_size": [3, -18]}
							}
						},
						{
							"origin": [11.37338, 26.55684, -17.94631],
							"size": [3.9, 0.975, 14.1375],
							"pivot": [0, 26.80059, -10.63381],
							"rotation": [67.5, 0, 0],
							"uv": {
								"south": {"uv": [86, 8], "uv_size": [2, 1]},
								"up": {"uv": [30, 69], "uv_size": [2, 7]},
								"down": {"uv": [44, 76], "uv_size": [2, -7]}
							}
						},
						{
							"origin": [8.51283, 14.65763, -15.238],
							"size": [3.4125, 0.975, 6.825],
							"pivot": [9.97533, 15.14513, -15.7255],
							"rotation": [70.1751, 10.86189, 27.59633],
							"uv": {
								"south": {"uv": [11, 86], "uv_size": [2, 1]},
								"up": {"uv": [59, 75], "uv_size": [2, 4]},
								"down": {"uv": [61, 79], "uv_size": [2, -4]}
							}
						},
						{
							"origin": [-11.92533, 14.65763, -15.238],
							"size": [3.4125, 0.975, 6.825],
							"pivot": [-9.97533, 15.14513, -15.7255],
							"rotation": [70.1751, -10.86189, -27.59633],
							"uv": {
								"south": {"uv": [86, 11], "uv_size": [2, 1]},
								"up": {"uv": [75, 74], "uv_size": [2, 4]},
								"down": {"uv": [19, 80], "uv_size": [2, -4]}
							}
						},
						{
							"origin": [-15.27338, 26.55684, -17.94631],
							"size": [3.9, 0.975, 14.1375],
							"pivot": [0, 26.80059, -10.63381],
							"rotation": [67.5, 0, 0],
							"uv": {
								"south": {"uv": [86, 9], "uv_size": [2, 1]},
								"up": {"uv": [46, 69], "uv_size": [2, 7]},
								"down": {"uv": [70, 35], "uv_size": [2, -7]}
							}
						},
						{
							"origin": [-9.91088, 28.01934, 22.80869],
							"size": [19.82175, 0.975, 0.78],
							"pivot": [0, 28.26309, 9.64619],
							"rotation": [85, 0, 0],
							"uv": {
								"up": {"uv": [71, 39], "uv_size": [10, 1]}
							}
						},
						{
							"origin": [11.37338, 27.06837, 1.29588],
							"size": [3.9, 0.975, 16.0875],
							"pivot": [13.32338, 27.55587, 9.33963],
							"rotation": [85, 0, 0],
							"uv": {
								"up": {"uv": [28, 65], "uv_size": [2, 8]}
							}
						},
						{
							"origin": [7.61275, 41.04981, 2.5191],
							"size": [3.9, 0.975, 6.3375],
							"pivot": [9.56275, 41.53731, 10.56285],
							"rotation": [85.66713, -2.49762, -29.9055],
							"uv": {
								"up": {"uv": [32, 77], "uv_size": [2, 3]}
							}
						},
						{
							"origin": [10.19639, 16.93401, 5.86924],
							"size": [3.12, 0.975, 6.1425],
							"pivot": [11.36639, 17.42151, 8.45299],
							"rotation": [85.73385, 2.61008, 31.40277],
							"uv": {
								"up": {"uv": [34, 77], "uv_size": [2, 3]}
							}
						},
						{
							"origin": [-11.51275, 41.04981, 2.5191],
							"size": [3.9, 0.975, 6.3375],
							"pivot": [-9.56275, 41.53731, 10.56285],
							"rotation": [85.66713, 2.49762, 29.9055],
							"uv": {
								"up": {"uv": [46, 77], "uv_size": [2, 3]}
							}
						},
						{
							"origin": [-15.27338, 27.06837, 1.29588],
							"size": [3.9, 0.975, 16.0875],
							"pivot": [-13.32338, 27.55587, 9.33963],
							"rotation": [85, 0, 0],
							"uv": {
								"up": {"uv": [65, 28], "uv_size": [2, 8]}
							}
						},
						{
							"origin": [-13.31639, 16.93401, 5.86924],
							"size": [3.12, 0.975, 6.1425],
							"pivot": [-11.36639, 17.42151, 8.45299],
							"rotation": [85.73385, -2.61008, -31.40277],
							"uv": {
								"up": {"uv": [48, 77], "uv_size": [2, 3]}
							}
						},
						{
							"origin": [-11.37337, 13.18315, -19.61815],
							"size": [22.74675, 0.975, 28.275],
							"uv": {
								"south": {"uv": [68, 44], "uv_size": [12, 1]},
								"up": {"uv": [0, 0], "uv_size": [12, 15]}
							}
						},
						{
							"origin": [-7.605, 11.54103, -19.61815],
							"size": [15.21, 2.145, 28.275],
							"uv": {
								"down": {"uv": [24, 27], "uv_size": [8, -15]}
							}
						},
						{
							"origin": [-3.705, 16.20904, 7.32543],
							"size": [7.41, 1.95, 24.8625],
							"pivot": [1.85687, 17.18404, 19.59263],
							"rotation": [22.75, 0, 0],
							"uv": {
								"south": {"uv": [81, 39], "uv_size": [4, 1]},
								"down": {"uv": [36, 55], "uv_size": [4, -13]}
							}
						}
					]
				},
				{
					"name": "tail",
					"parent": "main",
					"pivot": [0, 38.67068, 27.24095],
					"rotation": [-90, -85, 90],
					"cubes": [
						{
							"origin": [68.0038, 38.83289, 22.85345],
							"size": [4.7775, 1.95, 1.95],
							"pivot": [71.4163, 39.80789, 23.82845],
							"rotation": [0, 90, 135],
							"uv": {
								"north": {"uv": [85, 81], "uv_size": [2, 1]},
								"south": {"uv": [82, 85], "uv_size": [2, 1]},
								"west": {"uv": [8, 88], "uv_size": [1, 1]},
								"up": {"uv": [84, 85], "uv_size": [2, 1]},
								"down": {"uv": [0, 87], "uv_size": [2, -1]}
							}
						},
						{
							"origin": [72.7813, 38.63789, 22.65845],
							"size": [0.4875, 2.34, 2.34],
							"pivot": [71.4163, 39.80789, 23.82845],
							"rotation": [0, 90, 135],
							"uv": {
								"north": {"uv": [88, 8], "uv_size": [1, 1]},
								"east": {"uv": [9, 88], "uv_size": [1, 1]},
								"south": {"uv": [88, 9], "uv_size": [1, 1]},
								"west": {"uv": [10, 88], "uv_size": [1, 1]},
								"up": {"uv": [88, 10], "uv_size": [1, 1]},
								"down": {"uv": [88, 12], "uv_size": [1, -1]}
							}
						}
					]
				},
				{
					"name": "bone10",
					"parent": "tail",
					"pivot": [0, 38.67068, 26.75345],
					"cubes": [
						{
							"origin": [64.8375, 40.62068, 28.70345],
							"size": [4.875, 25.35, 0.975],
							"pivot": [66.05625, 40.62068, 29.19095],
							"rotation": [0, 0, 22.5],
							"uv": {
								"north": {"uv": [44, 49], "uv_size": [3, 13]},
								"east": {"uv": [23, 63], "uv_size": [1, 13]},
								"south": {"uv": [47, 49], "uv_size": [3, 13]},
								"west": {"uv": [54, 64], "uv_size": [1, 13]}
							}
						},
						{
							"origin": [72.8595, 26.08664, 28.70345],
							"size": [2.925, 17.0625, 0.975],
							"pivot": [74.07825, 22.18664, 29.19095],
							"rotation": [0, 0, -22.5],
							"uv": {
								"north": {"uv": [21, 63], "uv_size": [2, 9]},
								"east": {"uv": [32, 47], "uv_size": [1, 9]},
								"south": {"uv": [57, 63], "uv_size": [2, 9]}
							}
						},
						{
							"origin": [72.21288, 25.64465, 28.70345],
							"size": [2.925, 17.55, 0.975],
							"pivot": [73.43163, 21.74465, 29.19095],
							"rotation": [0, 0, -11.5],
							"uv": {
								"north": {"uv": [59, 63], "uv_size": [2, 9]},
								"south": {"uv": [61, 63], "uv_size": [2, 9]},
								"west": {"uv": [17, 66], "uv_size": [1, 9]},
								"down": {"uv": [85, 78], "uv_size": [2, -1]}
							}
						},
						{
							"origin": [74.6313, 62.55742, 28.70345],
							"size": [4.875, 1.95, 0.975],
							"uv": {
								"north": {"uv": [83, 22], "uv_size": [3, 1]},
								"east": {"uv": [87, 86], "uv_size": [1, 1]},
								"south": {"uv": [83, 26], "uv_size": [3, 1]},
								"west": {"uv": [87, 87], "uv_size": [1, 1]},
								"up": {"uv": [30, 83], "uv_size": [3, 1]},
								"down": {"uv": [83, 31], "uv_size": [3, -1]}
							}
						},
						{
							"origin": [74.42803, 63.37891, 15.05345],
							"size": [4.875, 0.975, 28.275],
							"uv": {
								"east": {"uv": [65, 36], "uv_size": [15, 1]},
								"west": {"uv": [65, 54], "uv_size": [15, 1]},
								"up": {"uv": [16, 43], "uv_size": [3, 15]},
								"down": {"uv": [46, 17], "uv_size": [3, -15]}
							}
						},
						{
							"origin": [74.42803, 63.37891, 39.42845],
							"size": [4.875, 0.975, 8.775],
							"pivot": [76.86553, 63.86641, 43.81595],
							"rotation": [90, 0, 22.5],
							"uv": {
								"north": {"uv": [83, 33], "uv_size": [3, 1]},
								"east": {"uv": [76, 79], "uv_size": [5, 1]},
								"south": {"uv": [83, 34], "uv_size": [3, 1]},
								"west": {"uv": [5, 80], "uv_size": [5, 1]},
								"up": {"uv": [41, 66], "uv_size": [3, 5]},
								"down": {"uv": [5, 72], "uv_size": [3, -5]}
							}
						},
						{
							"origin": [74.42803, 63.37891, 10.17845],
							"size": [4.875, 0.975, 8.775],
							"pivot": [76.86553, 63.86641, 14.56595],
							"rotation": [90, 0, 22.5],
							"uv": {
								"north": {"uv": [38, 83], "uv_size": [3, 1]},
								"east": {"uv": [80, 12], "uv_size": [5, 1]},
								"south": {"uv": [83, 38], "uv_size": [3, 1]},
								"west": {"uv": [24, 80], "uv_size": [5, 1]},
								"up": {"uv": [8, 67], "uv_size": [3, 5]},
								"down": {"uv": [11, 72], "uv_size": [3, -5]}
							}
						}
					]
				},
				{
					"name": "bone1",
					"parent": "tail",
					"pivot": [30.11184, 39.63553, 27.24095],
					"rotation": [0, 45, 90],
					"cubes": [
						{
							"origin": [30.93726, -7.04099, 23.41554],
							"size": [3, 93.15946, 3],
							"inflate": -0.17146,
							"pivot": [30.11184, -6.68641, 27.24095],
							"rotation": [-1.43502, -0.01797, -1.43502],
							"uv": {
								"north": {"uv": [0, 89], "uv_size": [0.25, 6]},
								"west": {"uv": [0.25, 89], "uv_size": [0.25, 6]},
								"up": {"uv": [3, 89], "uv_size": [0.25, 0.25]}
							}
						},
						{
							"origin": [30.93726, -7.04099, 23.41554],
							"size": [3, 93.15946, 3],
							"inflate": -0.17146,
							"pivot": [30.11184, -6.68641, 27.24095],
							"rotation": [89.28238, -88.56487, -90.71762],
							"uv": {
								"north": {"uv": [0.5, 89], "uv_size": [0.25, 6]},
								"west": {"uv": [0.75, 89], "uv_size": [0.25, 6]},
								"up": {"uv": [3, 89.25], "uv_size": [0.25, 0.25]}
							}
						},
						{
							"origin": [30.93726, -7.04099, 23.41554],
							"size": [3, 93.15946, 3],
							"inflate": -0.17146,
							"pivot": [30.11184, -6.68641, 27.24095],
							"rotation": [178.56498, 0.01797, -178.56498],
							"uv": {
								"north": {"uv": [1, 89], "uv_size": [0.25, 6]},
								"west": {"uv": [1.25, 89], "uv_size": [0.25, 6]},
								"up": {"uv": [3, 89.5], "uv_size": [0.25, 0.25]}
							}
						},
						{
							"origin": [30.93726, -7.04099, 23.41554],
							"size": [3, 93.15946, 3],
							"inflate": -0.17146,
							"pivot": [30.11184, -6.68641, 27.24095],
							"rotation": [-90.71762, 88.56487, -89.28238],
							"uv": {
								"north": {"uv": [1.5, 89], "uv_size": [0.25, 6]},
								"west": {"uv": [1.75, 89], "uv_size": [0.25, 6]},
								"up": {"uv": [3, 89.75], "uv_size": [0.25, 0.25]}
							}
						},
						{
							"origin": [29.11184, -6.84451, 23.58668],
							"size": [2, 92.84982, 1.002],
							"pivot": [30.11184, -6.68641, 27.24095],
							"rotation": [-1.43502, 0, 0],
							"uv": {
								"north": {"uv": [2, 89], "uv_size": [0.25, 5.75]}
							}
						},
						{
							"origin": [29.11184, -6.84451, 23.58668],
							"size": [2, 92.84982, 1.002],
							"pivot": [30.11184, -6.68641, 27.24095],
							"rotation": [178.56498, 0, 180],
							"uv": {
								"north": {"uv": [2.25, 89], "uv_size": [0.25, 5.75]}
							}
						},
						{
							"origin": [29.11184, -6.84451, 23.58668],
							"size": [2, 92.84982, 1.002],
							"pivot": [30.11184, -6.68641, 27.24095],
							"rotation": [-1.43502, 90, 0],
							"uv": {
								"north": {"uv": [2.5, 89], "uv_size": [0.25, 5.75]}
							}
						},
						{
							"origin": [29.11184, -6.84451, 23.58668],
							"size": [2, 92.84982, 1.002],
							"pivot": [30.11184, -6.68641, 27.24095],
							"rotation": [-1.43502, -90, 0],
							"uv": {
								"north": {"uv": [2.75, 89], "uv_size": [0.25, 5.75]}
							}
						}
					]
				}
			]
		}
	]
}