{
	"format_version": "1.12.0",
	"minecraft:geometry": [
		{
			"description": {
				"identifier": "geometry.unknown",
				"texture_width": 128,
				"texture_height": 128,
				"visible_bounds_width": 3,
				"visible_bounds_height": 3.5,
				"visible_bounds_offset": [0, 1.25, 0]
			},
			"bones": [
				{
					"name": "root",
					"pivot": [0, 10.5, 0]
				},
				{
					"name": "turret",
					"parent": "root",
					"pivot": [0, 10.5, 0]
				},
				{
					"name": "barrel",
					"parent": "turret",
					"pivot": [0, 22.25, 0],
					"cubes": [
						{
							"origin": [-2.20365, 18.49206, -6.4005],
							"size": [4.40729, 1.29592, 0.57851],
							"uv": {
								"north": {"uv": [65, 19], "uv_size": [4, 1]},
								"up": {"uv": [65, 26], "uv_size": [4, 1]}
							}
						},
						{
							"origin": [-2.5, 18.25, -4],
							"size": [5, 8.25, 8],
							"uv": {
								"north": {"uv": [20.75, 3.75], "uv_size": [4.75, 3.75]},
								"east": {"uv": [27, 0], "uv_size": [8, 7]},
								"south": {"uv": [0, 46], "uv_size": [5, 7]},
								"west": {"uv": [0, 28], "uv_size": [8, 7]},
								"up": {"uv": [18.75, 5], "uv_size": [-3.25, -4.25]},
								"down": {"uv": [20.25, 11.75], "uv_size": [-3.5, -4.25]}
							}
						},
						{
							"origin": [-2, 19.75, -6.1],
							"size": [4, 5.6, 0.1],
							"uv": {
								"north": {"uv": [48, 16], "uv_size": [4, 6]},
								"east": {"uv": [60, 28], "uv_size": [1, 6]},
								"west": {"uv": [40, 60], "uv_size": [1, 6]},
								"up": {"uv": [64, 54], "uv_size": [4, 1]},
								"down": {"uv": [65, 10], "uv_size": [4, -1]}
							}
						},
						{
							"origin": [-0.605, 24.66641, -3.2209],
							"size": [1.21, 3.335, 2.75],
							"pivot": [0, 26.33391, -1.8459],
							"rotation": [0, -22.5, -90],
							"uv": {
								"north": {"uv": [11, 66], "uv_size": [1, 3]},
								"west": {"uv": [57, 0], "uv_size": [3, 3]},
								"up": {"uv": [12, 66], "uv_size": [1, 3]},
								"down": {"uv": [13, 69], "uv_size": [1, -3]}
							}
						},
						{
							"origin": [-2.5, 19.75, 4],
							"size": [5, 6.75, 2.5],
							"uv": {
								"east": {"uv": [40, 53], "uv_size": [2, 5]},
								"south": {"uv": [29, 46], "uv_size": [5, 5]},
								"west": {"uv": [42, 53], "uv_size": [2, 5]},
								"up": {"uv": [18.75, 5.75], "uv_size": [-2.5, -4.25]},
								"down": {"uv": [54, 54], "uv_size": [5, -2]}
							}
						}
					]
				},
				{
					"name": "bone11",
					"parent": "barrel",
					"pivot": [0, 22.25, -6],
					"rotation": [0, 90, 0],
					"cubes": [
						{
							"origin": [-1.65439, 22.00208, -6.2755],
							"size": [0.65729, 0.49592, 0.37851],
							"pivot": [0.13925, 22.25003, -6.01125],
							"rotation": [-90, 0, 90],
							"uv": {
								"north": {"uv": [20, 68], "uv_size": [1, 1]},
								"east": {"uv": [68, 20], "uv_size": [1, 1]},
								"west": {"uv": [21, 68], "uv_size": [1, 1]},
								"up": {"uv": [68, 21], "uv_size": [1, 1]},
								"down": {"uv": [22, 69], "uv_size": [1, -1]}
							}
						},
						{
							"origin": [-1.65439, 22.00208, -6.2755],
							"size": [0.65729, 0.49592, 0.37851],
							"pivot": [0.13925, 22.25003, -6.01125],
							"rotation": [-90, 45, 90],
							"uv": {
								"north": {"uv": [68, 22], "uv_size": [1, 1]},
								"east": {"uv": [23, 68], "uv_size": [1, 1]},
								"west": {"uv": [68, 23], "uv_size": [1, 1]},
								"up": {"uv": [24, 68], "uv_size": [1, 1]},
								"down": {"uv": [68, 25], "uv_size": [1, -1]}
							}
						},
						{
							"origin": [-1.65439, 22.00208, -6.2755],
							"size": [0.65729, 0.49592, 0.37851],
							"pivot": [0.13925, 22.25003, -6.01125],
							"rotation": [90, 45, -90],
							"uv": {
								"north": {"uv": [28, 68], "uv_size": [1, 1]},
								"east": {"uv": [68, 28], "uv_size": [1, 1]},
								"west": {"uv": [29, 68], "uv_size": [1, 1]},
								"up": {"uv": [68, 29], "uv_size": [1, 1]},
								"down": {"uv": [30, 69], "uv_size": [1, -1]}
							}
						},
						{
							"origin": [-1.65439, 22.00208, -6.2755],
							"size": [0.65729, 0.49592, 0.37851],
							"pivot": [0.13925, 22.25003, -6.01125],
							"rotation": [0, 90, 180],
							"uv": {
								"north": {"uv": [25, 68], "uv_size": [1, 1]},
								"east": {"uv": [68, 25], "uv_size": [1, 1]},
								"west": {"uv": [26, 68], "uv_size": [1, 1]},
								"up": {"uv": [27, 68], "uv_size": [1, 1]},
								"down": {"uv": [68, 28], "uv_size": [1, -1]}
							}
						},
						{
							"origin": [-0.23711, 21.86797, -6.1129],
							"size": [0.75, 0.75, 0.37851],
							"pivot": [0.13789, 22.24297, -5.92365],
							"rotation": [-90, 45, 90],
							"uv": {
								"north": {"uv": [20.25, 68.25], "uv_size": [0.75, 0.5]},
								"east": {"uv": [20.25, 68.25], "uv_size": [0.75, 0.5]},
								"south": {"uv": [20.25, 68.25], "uv_size": [0.75, 0.5]},
								"west": {"uv": [20.25, 68.25], "uv_size": [0.75, 0.5]},
								"up": {"uv": [21, 68.75], "uv_size": [-0.75, -0.5]},
								"down": {"uv": [21, 68.75], "uv_size": [-0.75, -0.5]}
							}
						},
						{
							"origin": [-1.65439, 22.00208, -6.2755],
							"size": [0.65729, 0.49592, 0.37851],
							"pivot": [0.13925, 22.25003, -6.01125],
							"rotation": [90, -45, -90],
							"uv": {
								"north": {"uv": [33, 68], "uv_size": [1, 1]},
								"east": {"uv": [68, 33], "uv_size": [1, 1]},
								"west": {"uv": [34, 68], "uv_size": [1, 1]},
								"up": {"uv": [68, 34], "uv_size": [1, 1]},
								"down": {"uv": [35, 69], "uv_size": [1, -1]}
							}
						},
						{
							"origin": [-1.65439, 22.00208, -6.2755],
							"size": [0.65729, 0.49592, 0.37851],
							"pivot": [0.13925, 22.25003, -6.01125],
							"rotation": [90, 0, -90],
							"uv": {
								"north": {"uv": [68, 30], "uv_size": [1, 1]},
								"east": {"uv": [31, 68], "uv_size": [1, 1]},
								"west": {"uv": [68, 31], "uv_size": [1, 1]},
								"up": {"uv": [32, 68], "uv_size": [1, 1]},
								"down": {"uv": [68, 33], "uv_size": [1, -1]}
							}
						},
						{
							"origin": [-1.65439, 22.00208, -6.2755],
							"size": [0.65729, 0.49592, 0.37851],
							"pivot": [0.13925, 22.25003, -6.01125],
							"rotation": [-90, -45, 90],
							"uv": {
								"north": {"uv": [38, 68], "uv_size": [1, 1]},
								"east": {"uv": [68, 38], "uv_size": [1, 1]},
								"west": {"uv": [39, 68], "uv_size": [1, 1]},
								"up": {"uv": [68, 39], "uv_size": [1, 1]},
								"down": {"uv": [40, 69], "uv_size": [1, -1]}
							}
						},
						{
							"origin": [-1.65439, 22.00208, -6.2755],
							"size": [0.65729, 0.49592, 0.37851],
							"pivot": [0.13925, 22.25003, -6.01125],
							"rotation": [0, -90, 0],
							"uv": {
								"north": {"uv": [68, 35], "uv_size": [1, 1]},
								"east": {"uv": [36, 68], "uv_size": [1, 1]},
								"west": {"uv": [68, 36], "uv_size": [1, 1]},
								"up": {"uv": [37, 68], "uv_size": [1, 1]},
								"down": {"uv": [68, 38], "uv_size": [1, -1]}
							}
						}
					]
				},
				{
					"name": "bone7",
					"parent": "barrel",
					"pivot": [0, 20.86444, 6.15],
					"cubes": [
						{
							"origin": [-6.26733, 23.47194, 6.5],
							"size": [6.76, 5.085, 0.5],
							"pivot": [0, 26.01444, 6.75],
							"rotation": [0, 0, -90],
							"uv": {
								"east": {"uv": [4, 64], "uv_size": [1, 4]},
								"south": {"uv": [6, 42], "uv_size": [4.75, 4]},
								"west": {"uv": [4, 64], "uv_size": [1, 4]},
								"up": {"uv": [5, 68], "uv_size": [-1, -4]},
								"down": {"uv": [5, 68], "uv_size": [-1, -4]}
							}
						}
					]
				},
				{
					"name": "bone8",
					"parent": "barrel",
					"pivot": [0, 19.86444, -5.65],
					"cubes": [
						{
							"origin": [-6.99961, 22.75, -6],
							"size": [5, 7.5, 2],
							"pivot": [-2.24961, 24.25, -6.25],
							"rotation": [0, 0, 180],
							"uv": {
								"east": {"uv": [29, 52], "uv_size": [2, 6]},
								"west": {"uv": [46, 52], "uv_size": [2, 6]},
								"up": {"uv": [23, 8.75], "uv_size": [-1.75, -4]},
								"down": {"uv": [20.5, 7.25], "uv_size": [-3.75, -4.5]}
							}
						},
						{
							"origin": [0.23267, 22.97194, -6.5],
							"size": [0.46, 5.085, 0.5],
							"pivot": [0.25, 25.26444, -6],
							"rotation": [0, 0, -90],
							"uv": {
								"north": {"uv": [65, 61], "uv_size": [1, 4]},
								"east": {"uv": [64, 65], "uv_size": [1, 4]},
								"west": {"uv": [65, 65], "uv_size": [1, 4]}
							}
						},
						{
							"origin": [1.99961, 22.8, -6.5],
							"size": [0.5, 7.4, 0.5],
							"pivot": [2.24961, 24.25, -6],
							"rotation": [0, 0, -180],
							"uv": {
								"north": {"uv": [44, 60], "uv_size": [1, 6]},
								"east": {"uv": [45, 60], "uv_size": [1, 6]},
								"west": {"uv": [46, 60], "uv_size": [1, 6]}
							}
						},
						{
							"origin": [-2.49961, 22.8, -6.5],
							"size": [0.5, 7.4, 0.5],
							"pivot": [-2.24961, 24.25, -6],
							"rotation": [0, 0, 180],
							"uv": {
								"north": {"uv": [41, 60], "uv_size": [1, 6]},
								"east": {"uv": [42, 60], "uv_size": [1, 6]},
								"west": {"uv": [43, 60], "uv_size": [1, 6]}
							}
						},
						{
							"origin": [0.23267, 15.94306, -6.5],
							"size": [0.46, 5.085, 0.5],
							"pivot": [0.25, 18.73556, -6],
							"rotation": [0, 0, 90],
							"uv": {
								"north": {"uv": [56, 65], "uv_size": [1, 4]},
								"east": {"uv": [57, 65], "uv_size": [1, 4]},
								"west": {"uv": [58, 65], "uv_size": [1, 4]}
							}
						}
					]
				},
				{
					"name": "bone12",
					"parent": "barrel",
					"pivot": [0.6, 24.59, -6.19775],
					"rotation": [0, 90, 0]
				},
				{
					"name": "bone5",
					"parent": "turret",
					"pivot": [0, 10.5, 0]
				},
				{
					"name": "bone2",
					"parent": "bone5",
					"pivot": [0, 10.5, 0],
					"cubes": [
						{
							"origin": [-5, 13, -2.75],
							"size": [10, 1.5, 5.5],
							"uv": {
								"north": {"uv": [37, 22], "uv_size": [10, 2]},
								"east": {"uv": [52, 15], "uv_size": [6, 2]},
								"south": {"uv": [38, 10], "uv_size": [10, 2]},
								"west": {"uv": [17, 52], "uv_size": [6, 2]},
								"up": {"uv": [26, 24], "uv_size": [10, 6]}
							}
						}
					]
				},
				{
					"name": "pan5",
					"parent": "bone2",
					"pivot": [0, 22.75, 0],
					"cubes": [
						{
							"origin": [-1.34198, 21.32077, -4.625],
							"size": [1.93396, 1.85842, 9.75],
							"pivot": [0, 22.24998, 0.25],
							"rotation": [-90, -45, 90],
							"uv": {
								"north": {"uv": [39, 63], "uv_size": [-1, -10]},
								"east": {"uv": [39, 63], "uv_size": [-1, -10]},
								"south": {"uv": [39, 63], "uv_size": [-1, -10]},
								"west": {"uv": [39, 63], "uv_size": [-1, -10]},
								"up": {"uv": [38, 53], "uv_size": [1, 10]},
								"down": {"uv": [38, 53], "uv_size": [1, 10]}
							}
						}
					]
				},
				{
					"name": "bone3",
					"parent": "bone2",
					"pivot": [4.53002, 22.47613, 1.375],
					"cubes": [
						{
							"origin": [3, 14.5, -2],
							"size": [1.5, 13, 4],
							"uv": {
								"north": {"uv": [25, 52], "uv_size": [4, 3]},
								"east": {"uv": [25, 52], "uv_size": [4, 3]},
								"south": {"uv": [25, 52], "uv_size": [4, 3]},
								"west": {"uv": [25, 52], "uv_size": [4, 3]},
								"up": {"uv": [29, 55], "uv_size": [-4, -3]}
							}
						}
					]
				},
				{
					"name": "bone4",
					"parent": "bone2",
					"pivot": [-4.53002, 22.47613, 1.375],
					"cubes": [
						{
							"origin": [-4.5, 14.5, -2],
							"size": [1.5, 13, 4],
							"uv": {
								"north": {"uv": [29, 52], "uv_size": [-4, 3]},
								"east": {"uv": [29, 52], "uv_size": [-4, 3]},
								"south": {"uv": [29, 52], "uv_size": [-4, 3]},
								"west": {"uv": [29, 52], "uv_size": [-4, 3]},
								"up": {"uv": [25, 55], "uv_size": [4, -3]}
							}
						}
					]
				},
				{
					"name": "pan4",
					"parent": "bone5",
					"pivot": [-3.094, 11.75, 1.28157],
					"cubes": [
						{
							"origin": [-5.23047, 6.51953, -1.25],
							"size": [10.46093, 10.46094, 2.5],
							"pivot": [0, 11.75, 0],
							"rotation": [-90, 0, 0],
							"uv": {
								"north": {"uv": [36, 35], "uv_size": [11, 5]},
								"east": {"uv": [36, 35], "uv_size": [11, 5]},
								"west": {"uv": [36, 35], "uv_size": [11, 5]},
								"up": {"uv": [47, 40], "uv_size": [-11, -5]},
								"down": {"uv": [47, 40], "uv_size": [-11, -5]}
							}
						}
					]
				},
				{
					"name": "base",
					"parent": "root",
					"pivot": [0, 0, 0]
				},
				{
					"name": "bone14",
					"parent": "base",
					"pivot": [0, 6.85458, 0],
					"cubes": [
						{
							"origin": [-5.85, 8.6, -5.85],
							"size": [11.7, 1.9, 11.7],
							"uv": {
								"north": {"uv": [47, 26], "uv_size": [12, 2]},
								"east": {"uv": [48, 28], "uv_size": [12, 2]},
								"south": {"uv": [48, 30], "uv_size": [12, 2]},
								"west": {"uv": [48, 32], "uv_size": [12, 2]},
								"up": {"uv": [14, 13], "uv_size": [12, 12]},
								"down": {"uv": [14, 37], "uv_size": [12, -12]}
							}
						}
					]
				},
				{
					"name": "bone15",
					"parent": "base",
					"pivot": [0, 4.77114, 0]
				},
				{
					"name": "bone16",
					"parent": "base",
					"pivot": [0, 4.77114, 0],
					"rotation": [0, -90, 0],
					"cubes": [
						{
							"origin": [3.8, 4.7875, 1.7125],
							"size": [2, 2, 6.175],
							"pivot": [4.8, 5.7875, 4.8],
							"rotation": [-90, 0, 0],
							"uv": {
								"north": {"uv": [60, 57], "uv_size": [6, 1]},
								"east": {"uv": [60, 57], "uv_size": [6, 1]},
								"south": {"uv": [60, 57], "uv_size": [6, 1]},
								"west": {"uv": [60, 57], "uv_size": [6, 1]},
								"up": {"uv": [66, 58], "uv_size": [-6, -1]},
								"down": {"uv": [66, 58], "uv_size": [-6, -1]}
							}
						},
						{
							"origin": [-5.8, 4.7875, 1.7125],
							"size": [2, 2, 6.175],
							"pivot": [-4.8, 5.7875, 4.8],
							"rotation": [-90, 0, 0],
							"uv": {
								"north": {"uv": [66, 57], "uv_size": [-6, 1]},
								"east": {"uv": [66, 57], "uv_size": [-6, 1]},
								"south": {"uv": [66, 57], "uv_size": [-6, 1]},
								"west": {"uv": [66, 57], "uv_size": [-6, 1]},
								"up": {"uv": [60, 58], "uv_size": [6, -1]},
								"down": {"uv": [60, 58], "uv_size": [6, -1]}
							}
						},
						{
							"origin": [3.8, 4.7875, -7.8875],
							"size": [2, 2, 6.175],
							"pivot": [4.8, 5.7875, -4.8],
							"rotation": [90, 0, 0],
							"uv": {
								"north": {"uv": [66, 57], "uv_size": [-6, 1]},
								"east": {"uv": [66, 57], "uv_size": [-6, 1]},
								"south": {"uv": [66, 57], "uv_size": [-6, 1]},
								"west": {"uv": [66, 57], "uv_size": [-6, 1]},
								"up": {"uv": [66, 57], "uv_size": [-6, 1]},
								"down": {"uv": [66, 57], "uv_size": [-6, 1]}
							}
						},
						{
							"origin": [-5.8, 4.7875, -7.8875],
							"size": [2, 2, 6.175],
							"pivot": [-4.8, 5.7875, -4.8],
							"rotation": [90, 0, 0],
							"uv": {
								"north": {"uv": [60, 57], "uv_size": [6, 1]},
								"east": {"uv": [60, 57], "uv_size": [6, 1]},
								"south": {"uv": [60, 57], "uv_size": [6, 1]},
								"west": {"uv": [60, 57], "uv_size": [6, 1]},
								"up": {"uv": [60, 57], "uv_size": [6, 1]},
								"down": {"uv": [60, 57], "uv_size": [6, 1]}
							}
						}
					]
				},
				{
					"name": "bone",
					"parent": "base",
					"pivot": [0, 0, 0],
					"cubes": [
						{
							"origin": [-6.3, 1.35, -6.3],
							"size": [12.6, 1.35, 12.6],
							"uv": {
								"north": {"uv": [52, 11], "uv_size": [13, 1]},
								"east": {"uv": [52, 12], "uv_size": [13, 1]},
								"south": {"uv": [52, 13], "uv_size": [13, 1]},
								"west": {"uv": [52, 14], "uv_size": [13, 1]},
								"up": {"uv": [14, 0], "uv_size": [13, 13]}
							}
						},
						{
							"origin": [-5.55, 2.7, -5.55],
							"size": [11.1, 0.75, 11.1],
							"uv": {
								"north": {"uv": [41.75, 62], "uv_size": [6, 3]},
								"east": {"uv": [41.75, 62], "uv_size": [6, 3]},
								"south": {"uv": [41.75, 62], "uv_size": [6, 3]},
								"west": {"uv": [41.75, 62], "uv_size": [6, 3]},
								"up": {"uv": [47.75, 65], "uv_size": [-6, -3]},
								"down": {"uv": [47.75, 65], "uv_size": [-6, -3]}
							}
						},
						{
							"origin": [-6.75, 0, -6.75],
							"size": [13.5, 1.35, 13.5],
							"uv": {
								"north": {"uv": [46, 50], "uv_size": [14, 1]},
								"east": {"uv": [17, 51], "uv_size": [14, 1]},
								"south": {"uv": [46, 51], "uv_size": [14, 1]},
								"west": {"uv": [52, 10], "uv_size": [14, 1]},
								"up": {"uv": [0, 0], "uv_size": [14, 14]},
								"down": {"uv": [0, 28], "uv_size": [14, -14]}
							}
						},
						{
							"origin": [-5.4, 3.375, -5.4],
							"size": [10.8, 5.4, 10.8],
							"uv": {
								"north": {"uv": [37, 17], "uv_size": [11, 5]},
								"east": {"uv": [37, 29], "uv_size": [11, 5]},
								"south": {"uv": [38, 5], "uv_size": [11, 5]},
								"west": {"uv": [36, 40], "uv_size": [11, 5]},
								"up": {"uv": [26, 13], "uv_size": [11, 11]}
							}
						}
					]
				},
				{
					"name": "turret2",
					"pivot": [0, 10.5, 0]
				},
				{
					"name": "barrel2",
					"parent": "turret2",
					"pivot": [0, 22.25, 0]
				},
				{
					"name": "laser",
					"parent": "barrel2",
					"pivot": [0, 22.2505, 0],
					"cubes": [
						{
							"origin": [-0.3, 21.95024, -1.6],
							"size": [0.6, 0.6, 1.6],
							"uv": {
								"north": {"uv": [69, 68], "uv_size": [1, 1]},
								"east": {"uv": [69, 68], "uv_size": [1, 1]},
								"south": {"uv": [69, 68], "uv_size": [1, 1]},
								"west": {"uv": [69, 68], "uv_size": [1, 1]},
								"up": {"uv": [70, 69], "uv_size": [-1, -1]},
								"down": {"uv": [70, 69], "uv_size": [-1, -1]}
							}
						},
						{
							"origin": [-0.45, 21.80014, -1.6],
							"size": [0.9, 0, 1.6],
							"uv": {
								"up": {"uv": [71, 69], "uv_size": [-1, -1]}
							}
						},
						{
							"origin": [-0.4503, 21.80044, -1.6],
							"size": [0.9, 0, 1.6],
							"pivot": [0, 22.25044, -1.2],
							"rotation": [0, 0, 90],
							"uv": {
								"up": {"uv": [71, 69], "uv_size": [-1, -1]}
							}
						},
						{
							"origin": [-0.45, 21.80014, -1.6],
							"size": [0.9, 0, 1.6],
							"pivot": [0, 22.25044, -1.2],
							"rotation": [0, 0, -180],
							"uv": {
								"up": {"uv": [71, 69], "uv_size": [-1, -1]}
							}
						},
						{
							"origin": [-0.4503, 21.80044, -1.6],
							"size": [0.9, 0, 1.6],
							"pivot": [0, 22.25044, -1.2],
							"rotation": [0, 0, -90],
							"uv": {
								"up": {"uv": [71, 69], "uv_size": [-1, -1]}
							}
						},
						{
							"origin": [-0.4003, 21.80104, -0.85],
							"size": [0.9, 0, 0.9],
							"pivot": [0.05, 22.25104, -0.45],
							"rotation": [90, 0, -90],
							"uv": {
								"up": {"uv": [71, 69], "uv_size": [-1, -1]}
							}
						},
						{
							"origin": [-0.45, 22.25074, -2.05],
							"size": [0.9, 0, 0.9],
							"pivot": [0, 22.25074, -1.6],
							"rotation": [-90, 0, -90],
							"uv": {
								"up": {"uv": [71, 69], "uv_size": [-1, -1]}
							}
						}
					]
				}
			]
		}
	]
}