{
	"format_version": "1.12.0",
	"minecraft:geometry": [
		{
			"description": {
				"identifier": "geometry.unknown",
				"texture_width": 256,
				"texture_height": 256,
				"visible_bounds_width": 19,
				"visible_bounds_height": 6,
				"visible_bounds_offset": [0, 2, 0]
			},
			"bones": [
				{
					"name": "bone",
					"pivot": [0, 0, 0]
				},
				{
					"name": "barrel",
					"parent": "bone",
					"pivot": [4.36149, 23.98819, -24.33045]
				},
				{
					"name": "part1",
					"parent": "barrel",
					"pivot": [-1.55767, 23.98819, -16]
				},
				{
					"name": "paoguan",
					"parent": "part1",
					"pivot": [-7.78837, 23.98819, -11.32697],
					"rotation": [90, 0, 0]
				},
				{
					"name": "guntop3",
					"parent": "paoguan",
					"pivot": [7.78837, 141.1752, -11.32234],
					"cubes": [
						{
							"origin": [6.81887, 139.56768, -13.65631],
							"size": [1.93722, 3.21504, 4.67222],
							"pivot": [7.78748, 141.1752, -11.3202],
							"rotation": [-180, 22.5, -180],
							"uv": {
								"north": {"uv": [32, 71], "uv_size": [1, 1]},
								"south": {"uv": [71, 32], "uv_size": [1, 1]},
								"up": {"uv": [33, 71], "uv_size": [1, 1]},
								"down": {"uv": [71, 34], "uv_size": [1, -1]}
							}
						},
						{
							"origin": [6.81887, 139.56768, -13.65631],
							"size": [1.93722, 3.21504, 4.67222],
							"pivot": [7.78748, 141.1752, -11.3202],
							"rotation": [-180, 67.5, -180],
							"uv": {
								"north": {"uv": [32, 71], "uv_size": [1, 1]},
								"south": {"uv": [71, 32], "uv_size": [1, 1]},
								"up": {"uv": [33, 71], "uv_size": [1, 1]},
								"down": {"uv": [71, 34], "uv_size": [1, -1]}
							}
						},
						{
							"origin": [6.81887, 139.56768, -13.65631],
							"size": [1.93722, 3.21504, 4.67222],
							"pivot": [7.78748, 141.1752, -11.3202],
							"rotation": [-180, -22.5, -180],
							"uv": {
								"north": {"uv": [32, 71], "uv_size": [1, 1]},
								"south": {"uv": [71, 32], "uv_size": [1, 1]},
								"up": {"uv": [33, 71], "uv_size": [1, 1]},
								"down": {"uv": [71, 34], "uv_size": [1, -1]}
							}
						},
						{
							"origin": [6.81887, 139.56768, -13.65631],
							"size": [1.93722, 3.21504, 4.67222],
							"pivot": [7.78748, 141.1752, -11.3202],
							"rotation": [-180, -67.5, 180],
							"uv": {
								"north": {"uv": [32, 71], "uv_size": [1, 1]},
								"south": {"uv": [71, 32], "uv_size": [1, 1]},
								"up": {"uv": [33, 71], "uv_size": [1, 1]},
								"down": {"uv": [71, 34], "uv_size": [1, -1]}
							}
						}
					]
				},
				{
					"name": "neibi",
					"parent": "paoguan",
					"pivot": [0, 0, -16]
				},
				{
					"name": "bone2",
					"parent": "neibi",
					"pivot": [-7.78837, 137.9252, -11.3158],
					"cubes": [
						{
							"origin": [-8.66012, 68.47843, -13.4145],
							"size": [1.7435, 71.09354, 4.1974],
							"pivot": [-7.78837, 104.0252, -11.3158],
							"rotation": [-180, 22.5, 180],
							"uv": {
								"north": {"uv": [14, 53], "uv_size": [1, 18]},
								"south": {"uv": [15, 53], "uv_size": [1, 18]},
								"up": {"uv": [68, 21], "uv_size": [1, 1]}
							}
						},
						{
							"origin": [-8.66012, 68.47843, -13.4145],
							"size": [1.7435, 71.09354, 4.1974],
							"pivot": [-7.78837, 104.0252, -11.3158],
							"rotation": [-180, 67.5, -180],
							"uv": {
								"north": {"uv": [18, 56], "uv_size": [1, 18]},
								"south": {"uv": [19, 56], "uv_size": [1, 18]},
								"up": {"uv": [71, 15], "uv_size": [1, 1]}
							}
						},
						{
							"origin": [-8.66012, 68.47843, -13.4145],
							"size": [1.7435, 71.09354, 4.1974],
							"pivot": [-7.78837, 104.0252, -11.3158],
							"rotation": [0, 22.5, 0],
							"uv": {
								"north": {"uv": [22, 56], "uv_size": [1, 18]},
								"south": {"uv": [23, 56], "uv_size": [1, 18]},
								"up": {"uv": [71, 16], "uv_size": [1, 1]}
							}
						},
						{
							"origin": [-8.66012, 68.47843, -13.4145],
							"size": [1.7435, 71.09354, 4.1974],
							"pivot": [-7.78837, 104.0252, -11.3158],
							"rotation": [0, 67.5, 0],
							"uv": {
								"north": {"uv": [20, 56], "uv_size": [1, 18]},
								"south": {"uv": [21, 56], "uv_size": [1, 18]},
								"up": {"uv": [16, 71], "uv_size": [1, 1]}
							}
						}
					]
				},
				{
					"name": "waibi6",
					"parent": "paoguan",
					"pivot": [7.78837, 68.27558, -11.24012],
					"cubes": [
						{
							"origin": [-8.98267, 51.12907, -14.19102],
							"size": [2.38859, 17.685, 5.75044],
							"pivot": [-7.78837, 59.97157, -11.3158],
							"rotation": [180, 67.5, -180],
							"uv": {
								"north": {"uv": [64, 20], "uv_size": [1, 4]},
								"south": {"uv": [64, 26], "uv_size": [1, 4]},
								"up": {"uv": [71, 14], "uv_size": [1, 1]}
							}
						},
						{
							"origin": [-8.98267, 51.12907, -14.19102],
							"size": [2.38859, 17.685, 5.75044],
							"pivot": [-7.78837, 59.97157, -11.3158],
							"rotation": [0, 67.5, 0],
							"uv": {
								"north": {"uv": [12, 64], "uv_size": [1, 4]},
								"south": {"uv": [13, 64], "uv_size": [1, 4]},
								"up": {"uv": [14, 71], "uv_size": [1, 1]}
							}
						},
						{
							"origin": [-8.98267, 51.12907, -14.19102],
							"size": [2.38859, 17.685, 5.75044],
							"pivot": [-7.78837, 59.97157, -11.3158],
							"rotation": [0, 22.5, 0],
							"uv": {
								"north": {"uv": [18, 20], "uv_size": [1, 4]},
								"south": {"uv": [61, 49], "uv_size": [1, 4]},
								"up": {"uv": [68, 22], "uv_size": [1, 1]}
							}
						},
						{
							"origin": [-8.98267, 51.12907, -14.19102],
							"size": [2.38859, 17.685, 5.75044],
							"pivot": [-7.78837, 59.97157, -11.3158],
							"rotation": [180, 22.5, -180],
							"uv": {
								"north": {"uv": [30, 64], "uv_size": [1, 4]},
								"south": {"uv": [31, 64], "uv_size": [1, 4]},
								"up": {"uv": [15, 71], "uv_size": [1, 1]}
							}
						}
					]
				},
				{
					"name": "flare",
					"parent": "paoguan",
					"pivot": [-7.725, 141, -11.31133],
					"cubes": [
						{
							"origin": [-8.23125, 140.49375, -11.31133],
							"size": [1.0125, 1.0125, 0],
							"pivot": [-7.725, 141, -11.31133],
							"rotation": [-90, 0, 0],
							"uv": {
								"north": {"uv": [256, 0], "uv_size": [-64, 64]},
								"east": {"uv": [192, 0], "uv_size": [64, 64]},
								"south": {"uv": [192, 0], "uv_size": [64, 64]},
								"west": {"uv": [192, 0], "uv_size": [64, 64]},
								"up": {"uv": [256, 64], "uv_size": [-64, -64]},
								"down": {"uv": [256, 64], "uv_size": [-64, -64]}
							}
						},
						{
							"origin": [-12.13125, 140.71875, -11.31133],
							"size": [4.8, 1.0125, 0],
							"pivot": [-7.725, 141.225, -11.31133],
							"rotation": [-60, 0, 90],
							"uv": {
								"north": {"uv": [256, 0], "uv_size": [-51.5, 64]},
								"east": {"uv": [204.5, 0], "uv_size": [51.5, 64]},
								"south": {"uv": [204.5, 0], "uv_size": [51.5, 64]},
								"west": {"uv": [204.5, 0], "uv_size": [51.5, 64]},
								"up": {"uv": [256, 64], "uv_size": [-51.5, -64]},
								"down": {"uv": [256, 64], "uv_size": [-51.5, -64]}
							}
						},
						{
							"origin": [-12.13125, 140.71875, -11.31133],
							"size": [4.8, 1.0125, 0],
							"pivot": [-7.725, 141.225, -11.31133],
							"rotation": [-121, 0, 90],
							"uv": {
								"north": {"uv": [256, 0], "uv_size": [-51.5, 64]},
								"east": {"uv": [204.5, 0], "uv_size": [51.5, 64]},
								"south": {"uv": [204.5, 0], "uv_size": [51.5, 64]},
								"west": {"uv": [204.5, 0], "uv_size": [51.5, 64]},
								"up": {"uv": [256, 64], "uv_size": [-51.5, -64]},
								"down": {"uv": [256, 64], "uv_size": [-51.5, -64]}
							}
						},
						{
							"origin": [-12.13125, 140.71875, -11.31133],
							"size": [4.8, 1.0125, 0],
							"pivot": [-7.725, 141.225, -11.31133],
							"rotation": [179, 0, 90],
							"uv": {
								"north": {"uv": [256, 0], "uv_size": [-51.5, 64]},
								"east": {"uv": [204.5, 0], "uv_size": [51.5, 64]},
								"south": {"uv": [204.5, 0], "uv_size": [51.5, 64]},
								"west": {"uv": [204.5, 0], "uv_size": [51.5, 64]},
								"up": {"uv": [256, 64], "uv_size": [-51.5, -64]},
								"down": {"uv": [256, 64], "uv_size": [-51.5, -64]}
							}
						}
					]
				},
				{
					"name": "move",
					"parent": "part1",
					"pivot": [-7.78837, 23.98819, -16]
				},
				{
					"name": "pitch",
					"parent": "move",
					"pivot": [-4.98456, 23.98819, -15.84423],
					"cubes": [
						{
							"origin": [-14.01907, 20.20229, -43.26015],
							"size": [12.4614, 7.57182, 0.60499],
							"uv": {
								"north": {"uv": [56, 38], "uv_size": [3, 2]}
							}
						},
						{
							"origin": [-14.01907, 13.03442, -41.83437],
							"size": [12.4614, 7.57182, 0.60499],
							"pivot": [-7.78837, 16.82033, -41.53188],
							"rotation": [22.5, 0, 0],
							"uv": {
								"north": {"uv": [60, 55], "uv_size": [3, 2]}
							}
						},
						{
							"origin": [-14.01907, 6.95778, -37.7741],
							"size": [12.4614, 7.57182, 0.60499],
							"pivot": [-7.78837, 10.74369, -37.4716],
							"rotation": [45, 0, 0],
							"uv": {
								"north": {"uv": [60, 57], "uv_size": [3, 2]}
							}
						},
						{
							"origin": [-14.01907, 2.89751, -31.69747],
							"size": [12.4614, 7.57182, 0.60499],
							"pivot": [-7.78837, 6.68342, -31.39497],
							"rotation": [67.5, 0, 0],
							"uv": {
								"north": {"uv": [60, 59], "uv_size": [3, 2]}
							}
						},
						{
							"origin": [-14.01907, 27.37016, -41.83437],
							"size": [12.4614, 7.57182, 0.60499],
							"pivot": [-7.78837, 31.15607, -41.53188],
							"rotation": [-22.5, 0, 0],
							"uv": {
								"north": {"uv": [60, 12], "uv_size": [3, 2]}
							}
						},
						{
							"origin": [-14.01907, 33.4468, -37.7741],
							"size": [12.4614, 7.57182, 0.60499],
							"pivot": [-7.78837, 37.23271, -37.4716],
							"rotation": [-45, 0, 0],
							"uv": {
								"north": {"uv": [60, 53], "uv_size": [3, 2]}
							}
						}
					]
				},
				{
					"name": "part2",
					"parent": "barrel",
					"pivot": [7.78837, 23.98819, -16.9346]
				},
				{
					"name": "paoguan2",
					"parent": "part2",
					"pivot": [7.78837, 23.98819, -11.32697],
					"rotation": [90, 0, 0]
				},
				{
					"name": "neibi2",
					"parent": "paoguan2",
					"pivot": [0, 0, -16]
				},
				{
					"name": "guntop2",
					"parent": "neibi2",
					"pivot": [7.78837, 141.1752, -11.32234],
					"cubes": [
						{
							"origin": [6.81887, 139.56768, -13.65631],
							"size": [1.93722, 3.21504, 4.67222],
							"pivot": [7.78748, 141.1752, -11.3202],
							"rotation": [-180, 22.5, -180],
							"uv": {
								"north": {"uv": [32, 71], "uv_size": [1, 1]},
								"south": {"uv": [71, 32], "uv_size": [1, 1]},
								"up": {"uv": [33, 71], "uv_size": [1, 1]},
								"down": {"uv": [71, 34], "uv_size": [1, -1]}
							}
						},
						{
							"origin": [6.81887, 139.56768, -13.65631],
							"size": [1.93722, 3.21504, 4.67222],
							"pivot": [7.78748, 141.1752, -11.3202],
							"rotation": [-180, 67.5, -180],
							"uv": {
								"north": {"uv": [32, 71], "uv_size": [1, 1]},
								"south": {"uv": [71, 32], "uv_size": [1, 1]},
								"up": {"uv": [33, 71], "uv_size": [1, 1]},
								"down": {"uv": [71, 34], "uv_size": [1, -1]}
							}
						},
						{
							"origin": [6.81887, 139.56768, -13.65631],
							"size": [1.93722, 3.21504, 4.67222],
							"pivot": [7.78748, 141.1752, -11.3202],
							"rotation": [-180, -22.5, -180],
							"uv": {
								"north": {"uv": [32, 71], "uv_size": [1, 1]},
								"south": {"uv": [71, 32], "uv_size": [1, 1]},
								"up": {"uv": [33, 71], "uv_size": [1, 1]},
								"down": {"uv": [71, 34], "uv_size": [1, -1]}
							}
						},
						{
							"origin": [6.81887, 139.56768, -13.65631],
							"size": [1.93722, 3.21504, 4.67222],
							"pivot": [7.78748, 141.1752, -11.3202],
							"rotation": [-180, -67.5, 180],
							"uv": {
								"north": {"uv": [32, 71], "uv_size": [1, 1]},
								"south": {"uv": [71, 32], "uv_size": [1, 1]},
								"up": {"uv": [33, 71], "uv_size": [1, 1]},
								"down": {"uv": [71, 34], "uv_size": [1, -1]}
							}
						}
					]
				},
				{
					"name": "bone3",
					"parent": "neibi2",
					"pivot": [7.78837, 137.9252, -11.3158],
					"cubes": [
						{
							"origin": [6.91662, 68.47843, -13.4145],
							"size": [1.7435, 71.09354, 4.1974],
							"pivot": [7.78837, 137.9252, -11.3158],
							"rotation": [-180, -67.5, 180],
							"uv": {
								"north": {"uv": [16, 53], "uv_size": [1, 18]},
								"south": {"uv": [17, 53], "uv_size": [1, 18]},
								"up": {"uv": [68, 29], "uv_size": [1, 1]}
							}
						},
						{
							"origin": [6.91662, 68.47843, -13.4145],
							"size": [1.7435, 71.09354, 4.1974],
							"pivot": [7.78837, 137.9252, -11.3158],
							"rotation": [0, -67.5, 0],
							"uv": {
								"north": {"uv": [54, 51], "uv_size": [1, 18]},
								"south": {"uv": [38, 55], "uv_size": [1, 18]},
								"up": {"uv": [30, 68], "uv_size": [1, 1]}
							}
						},
						{
							"origin": [6.91662, 68.47843, -13.4145],
							"size": [1.7435, 71.09354, 4.1974],
							"pivot": [7.78837, 137.9252, -11.3158],
							"rotation": [0, -22.5, 0],
							"uv": {
								"north": {"uv": [39, 55], "uv_size": [1, 18]},
								"south": {"uv": [40, 55], "uv_size": [1, 18]},
								"up": {"uv": [31, 68], "uv_size": [1, 1]}
							}
						},
						{
							"origin": [6.91662, 68.47843, -13.4145],
							"size": [1.7435, 71.09354, 4.1974],
							"pivot": [7.78837, 137.9252, -11.3158],
							"rotation": [-180, -22.5, -180],
							"uv": {
								"north": {"uv": [41, 55], "uv_size": [1, 18]},
								"south": {"uv": [42, 55], "uv_size": [1, 18]},
								"up": {"uv": [32, 68], "uv_size": [1, 1]}
							}
						}
					]
				},
				{
					"name": "waibi2",
					"parent": "paoguan2",
					"pivot": [-7.78837, 68.27558, -11.24012],
					"cubes": [
						{
							"origin": [6.59407, 51.12907, -14.19102],
							"size": [2.38859, 17.685, 5.75044],
							"pivot": [7.78837, 59.97157, -11.3158],
							"rotation": [180, -67.5, 180],
							"uv": {
								"north": {"uv": [60, 61], "uv_size": [1, 4]},
								"south": {"uv": [61, 61], "uv_size": [1, 4]},
								"up": {"uv": [33, 68], "uv_size": [1, 1]}
							}
						},
						{
							"origin": [6.59407, 51.12907, -14.19102],
							"size": [2.38859, 17.685, 5.75044],
							"pivot": [7.78837, 59.97157, -11.3158],
							"rotation": [0, -67.5, 0],
							"uv": {
								"north": {"uv": [62, 14], "uv_size": [1, 4]},
								"south": {"uv": [62, 18], "uv_size": [1, 4]},
								"up": {"uv": [34, 68], "uv_size": [1, 1]}
							}
						},
						{
							"origin": [6.59407, 51.12907, -14.19102],
							"size": [2.38859, 17.685, 5.75044],
							"pivot": [7.78837, 59.97157, -11.3158],
							"rotation": [0, -22.5, 0],
							"uv": {
								"north": {"uv": [62, 22], "uv_size": [1, 4]},
								"south": {"uv": [24, 62], "uv_size": [1, 4]},
								"up": {"uv": [35, 68], "uv_size": [1, 1]}
							}
						},
						{
							"origin": [6.59407, 51.12907, -14.19102],
							"size": [2.38859, 17.685, 5.75044],
							"pivot": [7.78837, 59.97157, -11.3158],
							"rotation": [180, -22.5, 180],
							"uv": {
								"north": {"uv": [25, 62], "uv_size": [1, 4]},
								"south": {"uv": [26, 62], "uv_size": [1, 4]},
								"up": {"uv": [36, 68], "uv_size": [1, 1]}
							}
						}
					]
				},
				{
					"name": "flare2",
					"parent": "paoguan2",
					"pivot": [7.725, 141, -11.31133],
					"cubes": [
						{
							"origin": [7.21875, 140.49375, -11.31133],
							"size": [1.0125, 1.0125, 0],
							"pivot": [7.725, 141, -11.31133],
							"rotation": [-90, 0, 0],
							"uv": {
								"north": {"uv": [192, 0], "uv_size": [64, 64]},
								"east": {"uv": [256, 0], "uv_size": [-64, 64]},
								"south": {"uv": [256, 0], "uv_size": [-64, 64]},
								"west": {"uv": [256, 0], "uv_size": [-64, 64]},
								"up": {"uv": [192, 64], "uv_size": [64, -64]},
								"down": {"uv": [192, 64], "uv_size": [64, -64]}
							}
						},
						{
							"origin": [7.33125, 140.71875, -11.31133],
							"size": [4.8, 1.0125, 0],
							"pivot": [7.725, 141.225, -11.31133],
							"rotation": [-60, 0, -90],
							"uv": {
								"north": {"uv": [204.5, 0], "uv_size": [51.5, 64]},
								"east": {"uv": [256, 0], "uv_size": [-51.5, 64]},
								"south": {"uv": [256, 0], "uv_size": [-51.5, 64]},
								"west": {"uv": [256, 0], "uv_size": [-51.5, 64]},
								"up": {"uv": [204.5, 64], "uv_size": [51.5, -64]},
								"down": {"uv": [204.5, 64], "uv_size": [51.5, -64]}
							}
						},
						{
							"origin": [7.33125, 140.71875, -11.31133],
							"size": [4.8, 1.0125, 0],
							"pivot": [7.725, 141.225, -11.31133],
							"rotation": [-121, 0, -90],
							"uv": {
								"north": {"uv": [204.5, 0], "uv_size": [51.5, 64]},
								"east": {"uv": [256, 0], "uv_size": [-51.5, 64]},
								"south": {"uv": [256, 0], "uv_size": [-51.5, 64]},
								"west": {"uv": [256, 0], "uv_size": [-51.5, 64]},
								"up": {"uv": [204.5, 64], "uv_size": [51.5, -64]},
								"down": {"uv": [204.5, 64], "uv_size": [51.5, -64]}
							}
						},
						{
							"origin": [7.33125, 140.71875, -11.31133],
							"size": [4.8, 1.0125, 0],
							"pivot": [7.725, 141.225, -11.31133],
							"rotation": [179, 0, -90],
							"uv": {
								"north": {"uv": [204.5, 0], "uv_size": [51.5, 64]},
								"east": {"uv": [256, 0], "uv_size": [-51.5, 64]},
								"south": {"uv": [256, 0], "uv_size": [-51.5, 64]},
								"west": {"uv": [256, 0], "uv_size": [-51.5, 64]},
								"up": {"uv": [204.5, 64], "uv_size": [51.5, -64]},
								"down": {"uv": [204.5, 64], "uv_size": [51.5, -64]}
							}
						}
					]
				},
				{
					"name": "move2",
					"parent": "part2",
					"pivot": [7.78837, 23.98819, -16]
				},
				{
					"name": "pitch2",
					"parent": "move2",
					"pivot": [4.98456, 23.98819, -15.84423],
					"cubes": [
						{
							"origin": [1.55767, 20.20229, -43.26015],
							"size": [12.4614, 7.57182, 0.60499],
							"uv": {
								"north": {"uv": [61, 0], "uv_size": [3, 2]}
							}
						},
						{
							"origin": [1.55767, 13.03442, -41.83437],
							"size": [12.4614, 7.57182, 0.60499],
							"pivot": [7.78837, 16.82033, -41.53188],
							"rotation": [22.5, 0, 0],
							"uv": {
								"north": {"uv": [61, 2], "uv_size": [3, 2]}
							}
						},
						{
							"origin": [1.55767, 6.95778, -37.7741],
							"size": [12.4614, 7.57182, 0.60499],
							"pivot": [7.78837, 10.74369, -37.4716],
							"rotation": [45, 0, 0],
							"uv": {
								"north": {"uv": [61, 4], "uv_size": [3, 2]}
							}
						},
						{
							"origin": [1.55767, 2.89751, -31.69747],
							"size": [12.4614, 7.57182, 0.60499],
							"pivot": [7.78837, 6.68342, -31.39497],
							"rotation": [67.5, 0, 0],
							"uv": {
								"north": {"uv": [61, 6], "uv_size": [3, 2]}
							}
						},
						{
							"origin": [1.55767, 27.37016, -41.83437],
							"size": [12.4614, 7.57182, 0.60499],
							"pivot": [7.78837, 31.15607, -41.53188],
							"rotation": [-22.5, 0, 0],
							"uv": {
								"north": {"uv": [61, 8], "uv_size": [3, 2]}
							}
						},
						{
							"origin": [1.55767, 33.4468, -37.7741],
							"size": [12.4614, 7.57182, 0.60499],
							"pivot": [7.78837, 37.23271, -37.4716],
							"rotation": [-45, 0, 0],
							"uv": {
								"north": {"uv": [61, 10], "uv_size": [3, 2]}
							}
						}
					]
				},
				{
					"name": "top",
					"parent": "bone",
					"pivot": [38.94187, 47.54648, 59.49116],
					"cubes": [
						{
							"origin": [-38.94186, 39.26597, -50.09511],
							"size": [77.88375, 40.49955, 4.31153],
							"pivot": [35.82654, 28.82955, -36.47204],
							"rotation": [-84, 0, 0],
							"uv": {
								"north": {"uv": [0, 0], "uv_size": [19, 10]},
								"east": {"uv": [29, 14], "uv_size": [1, 10]},
								"west": {"uv": [57, 0], "uv_size": [1, 10]}
							}
						},
						{
							"origin": [-32.71117, 39.72071, -38.43052],
							"size": [65.42235, 12.4614, 0.31153],
							"pivot": [29.59583, 41.74569, -37.80745],
							"rotation": [-84, 0, 0],
							"uv": {
								"north": {"uv": [46, 24], "uv_size": [16, 3]}
							}
						},
						{
							"origin": [30.42375, 35.82892, -32.43392],
							"size": [5.7307, 13.93062, 1.56153],
							"pivot": [33.0391, 42.79673, -32.27816],
							"rotation": [-83.30167, 26.34362, 2.98333],
							"uv": {
								"north": {"uv": [50, 64], "uv_size": [1, 3]},
								"west": {"uv": [51, 64], "uv_size": [1, 3]}
							}
						},
						{
							"origin": [-36.15445, 35.82892, -32.43392],
							"size": [5.7307, 13.93062, 1.56153],
							"pivot": [-33.0391, 42.79673, -32.27816],
							"rotation": [-83.30167, -26.34362, -2.98333],
							"uv": {
								"north": {"uv": [52, 64], "uv_size": [1, 3]},
								"east": {"uv": [53, 64], "uv_size": [1, 3]}
							}
						},
						{
							"origin": [-38.94186, 95.11788, -47.19091],
							"size": [77.88375, 28.03815, 44.5534],
							"pivot": [35.82654, 41.43416, -40.92282],
							"rotation": [-90, 0, 0],
							"uv": {
								"north": {"uv": [19, 0], "uv_size": [19, 7]},
								"east": {"uv": [46, 0], "uv_size": [11, 7]},
								"south": {"uv": [19, 7], "uv_size": [19, 7]},
								"west": {"uv": [46, 7], "uv_size": [11, 7]}
							}
						},
						{
							"origin": [-38.94189, 82.91788, -70.99046],
							"size": [77.88375, 40.23815, 40.3034],
							"pivot": [35.82651, 41.43416, -68.97237],
							"rotation": [-90, 0, 0],
							"uv": {
								"east": {"uv": [19, 14], "uv_size": [10, 10]},
								"south": {"uv": [0, 10], "uv_size": [19, 10]},
								"west": {"uv": [0, 20], "uv_size": [10, 10]}
							}
						}
					]
				},
				{
					"name": "weidinghu",
					"parent": "top",
					"pivot": [38.94187, 47.54648, 59.49116]
				},
				{
					"name": "side",
					"parent": "bone",
					"pivot": [0, 23.98819, -16]
				},
				{
					"name": "weishuhu",
					"parent": "side",
					"pivot": [38.94187, 47.54648, 59.49116],
					"cubes": [
						{
							"origin": [-17.71918, 21.0198, 22.88795],
							"size": [35.43837, 8.81153, 44.55337],
							"pivot": [0.00001, 25.42557, 45.16464],
							"rotation": [-90, 0, 0],
							"uv": {
								"north": {"uv": [55, 40], "uv_size": [3, 3]},
								"south": {"uv": [57, 10], "uv_size": [3, 3]},
								"up": {"uv": [46, 34], "uv_size": [3, 11]}
							}
						},
						{
							"origin": [-38.60464, 21.0198, 21.23281],
							"size": [22.93837, 8.81153, 44.55337],
							"pivot": [-20.88546, 25.42556, 43.50949],
							"rotation": [-90, -22.5, 0],
							"uv": {
								"north": {"uv": [55, 40], "uv_size": [3, 3]},
								"south": {"uv": [57, 10], "uv_size": [3, 3]},
								"up": {"uv": [46, 34], "uv_size": [3, 11]}
							}
						},
						{
							"origin": [15.66627, 21.0198, 21.23281],
							"size": [22.93837, 8.81153, 44.55337],
							"pivot": [20.88546, 25.42556, 43.50949],
							"rotation": [-90, 22.5, 0],
							"uv": {
								"north": {"uv": [58, 40], "uv_size": [-3, 3]},
								"south": {"uv": [60, 10], "uv_size": [-3, 3]},
								"up": {"uv": [49, 34], "uv_size": [-3, 11]}
							}
						}
					]
				},
				{
					"name": "youce",
					"parent": "side",
					"pivot": [32.55541, 42.09461, -20.78206]
				},
				{
					"name": "bottom",
					"parent": "bone",
					"pivot": [0, 23.98819, -16],
					"cubes": [
						{
							"origin": [-32.71117, 61.04159, -40.63987],
							"size": [65.42235, 13.86921, 36.605],
							"pivot": [-6.2307, 50.7142, -51.59826],
							"rotation": [-90, 0, 0],
							"uv": {
								"east": {"uv": [48, 45], "uv_size": [9, 3]},
								"south": {"uv": [46, 27], "uv_size": [16, 3]},
								"west": {"uv": [48, 48], "uv_size": [9, 3]}
							}
						},
						{
							"origin": [20.36885, -15.14892, -35.92523],
							"size": [12.14986, 25.32779, 1],
							"pivot": [27.9703, 8.52774, -40.30216],
							"rotation": [-90, 31.5, 0],
							"uv": {
								"north": {"uv": [52, 14], "uv_size": [3, 6]},
								"south": {"uv": [53, 34], "uv_size": [3, 6]},
								"west": {"uv": [58, 50], "uv_size": [1, 6]}
							}
						},
						{
							"origin": [-32.51871, -15.14892, -35.92523],
							"size": [12.14986, 25.32779, 1],
							"pivot": [-27.9703, 8.52774, -40.30216],
							"rotation": [-90, -31.5, 0],
							"uv": {
								"north": {"uv": [43, 55], "uv_size": [3, 6]},
								"east": {"uv": [60, 44], "uv_size": [1, 6]},
								"south": {"uv": [55, 51], "uv_size": [3, 6]}
							}
						},
						{
							"origin": [-22.37367, -28.77392, -53.94103],
							"size": [24.14986, 38.95279, 1],
							"pivot": [-17.82527, 8.52774, -58.31796],
							"rotation": [90, -90, -180],
							"uv": {
								"north": {"uv": [12, 43], "uv_size": [6, 10]},
								"east": {"uv": [55, 57], "uv_size": [1, 10]},
								"south": {"uv": [46, 14], "uv_size": [6, 10]}
							}
						},
						{
							"origin": [-41.52112, -15.60093, -60.90076],
							"size": [10.90373, 13.54714, 38.75],
							"pivot": [-37.40886, 2.52578, -21.52769],
							"rotation": [-90, -27.5, 0],
							"uv": {
								"east": {"uv": [38, 46], "uv_size": [10, 3]},
								"south": {"uv": [57, 44], "uv_size": [3, 3]}
							}
						},
						{
							"origin": [30.61739, -15.60093, -60.90076],
							"size": [10.90373, 13.54714, 38.75],
							"pivot": [37.40886, 2.52578, -21.52769],
							"rotation": [-90, 27.5, 0],
							"uv": {
								"south": {"uv": [57, 47], "uv_size": [3, 3]},
								"west": {"uv": [18, 47], "uv_size": [10, 3]}
							}
						}
					]
				},
				{
					"name": "weidihu2",
					"parent": "bottom",
					"pivot": [29.11707, 19.65081, -47.13592],
					"cubes": [
						{
							"origin": [24.65454, -4.68808, -52.70441],
							"size": [2, 20.77779, 3.1],
							"pivot": [26.65454, 5.70081, -51.15441],
							"rotation": [-90, 31.5, 0],
							"uv": {
								"west": {"uv": [43, 61], "uv_size": [1, 5]}
							}
						},
						{
							"origin": [24.65454, 0.46192, -52.70441],
							"size": [2, 18.72779, 3.1],
							"pivot": [26.65454, 8.80081, -51.15441],
							"rotation": [-90, 31.5, 0],
							"uv": {
								"west": {"uv": [44, 61], "uv_size": [1, 5]}
							}
						},
						{
							"origin": [24.65454, 5.69692, -52.70441],
							"size": [2, 16.59279, 3.1],
							"pivot": [26.65454, 11.90081, -51.15441],
							"rotation": [-90, 31.5, 0],
							"uv": {
								"west": {"uv": [58, 62], "uv_size": [1, 4]}
							}
						},
						{
							"origin": [24.65454, 10.88192, -52.70441],
							"size": [2, 14.50779, 3.1],
							"pivot": [26.65454, 15.00081, -51.15441],
							"rotation": [-90, 31.5, 0],
							"uv": {
								"west": {"uv": [63, 20], "uv_size": [1, 4]}
							}
						},
						{
							"origin": [26.83727, 11.88942, -49.14251],
							"size": [2, 12.42279, 3.1],
							"pivot": [28.83727, 18.10081, -47.59251],
							"rotation": [-90, 31.5, 0],
							"uv": {
								"west": {"uv": [62, 64], "uv_size": [1, 3]}
							}
						},
						{
							"origin": [26.83727, 17.11942, -49.14251],
							"size": [2, 10.29279, 3.1],
							"pivot": [28.83727, 21.20081, -47.59251],
							"rotation": [-90, 31.5, 0],
							"uv": {
								"west": {"uv": [63, 64], "uv_size": [1, 3]}
							}
						},
						{
							"origin": [26.83727, 22.30442, -49.14251],
							"size": [2, 8.20779, 3.1],
							"pivot": [28.83727, 24.30081, -47.59251],
							"rotation": [-90, 31.5, 0],
							"uv": {
								"west": {"uv": [65, 67], "uv_size": [1, 2]}
							}
						},
						{
							"origin": [26.83727, 27.51442, -49.14251],
							"size": [2, 6.09779, 3.1],
							"pivot": [28.83727, 27.40081, -47.59251],
							"rotation": [-90, 31.5, 0],
							"uv": {
								"west": {"uv": [66, 67], "uv_size": [1, 2]}
							}
						},
						{
							"origin": [26.83727, 32.73942, -49.14251],
							"size": [2, 3.97279, 3.1],
							"pivot": [28.83727, 30.50081, -47.59251],
							"rotation": [-90, 31.5, 0],
							"uv": {
								"west": {"uv": [68, 70], "uv_size": [1, 1]}
							}
						},
						{
							"origin": [26.83727, 37.89442, -49.14251],
							"size": [2, 1.91779, 3.1],
							"pivot": [28.83727, 33.60081, -47.59251],
							"rotation": [-90, 31.5, 0],
							"uv": {
								"west": {"uv": [70, 68], "uv_size": [1, 1]}
							}
						},
						{
							"origin": [30.49491, 21.13692, -57.64878],
							"size": [2, 1.20279, 33.8],
							"pivot": [32.49491, 21.92581, -41.62378],
							"rotation": [-90, 31.5, 0],
							"uv": {
								"west": {"uv": [49, 44], "uv_size": [8, 1]}
							}
						}
					]
				},
				{
					"name": "weidihu3",
					"parent": "bottom",
					"pivot": [-29.11707, 19.65081, -47.13592],
					"cubes": [
						{
							"origin": [-26.65454, -4.68808, -52.70441],
							"size": [3, 20.77779, 3.1],
							"pivot": [-26.65454, 5.70081, -51.15441],
							"rotation": [-90, -31.5, 0],
							"uv": {
								"east": {"uv": [61, 44], "uv_size": [1, 5]}
							}
						},
						{
							"origin": [-26.65454, 0.46192, -52.70441],
							"size": [3, 18.72779, 3.1],
							"pivot": [-26.65454, 8.80081, -51.15441],
							"rotation": [-90, -31.5, 0],
							"uv": {
								"east": {"uv": [45, 61], "uv_size": [1, 5]}
							}
						},
						{
							"origin": [-26.65454, 5.69692, -52.70441],
							"size": [3, 16.59279, 3.1],
							"pivot": [-26.65454, 11.90081, -51.15441],
							"rotation": [-90, -31.5, 0],
							"uv": {
								"east": {"uv": [46, 63], "uv_size": [1, 4]}
							}
						},
						{
							"origin": [-26.65454, 10.88192, -52.70441],
							"size": [3, 14.50779, 3.1],
							"pivot": [-26.65454, 15.00081, -51.15441],
							"rotation": [-90, -31.5, 0],
							"uv": {
								"east": {"uv": [47, 63], "uv_size": [1, 4]}
							}
						},
						{
							"origin": [-28.83727, 11.88942, -49.14251],
							"size": [3, 12.42279, 3.1],
							"pivot": [-28.83727, 18.10081, -47.59251],
							"rotation": [-90, -31.5, 0],
							"uv": {
								"east": {"uv": [64, 64], "uv_size": [1, 3]}
							}
						},
						{
							"origin": [-28.83727, 17.11942, -49.14251],
							"size": [3, 10.29279, 3.1],
							"pivot": [-28.83727, 21.20081, -47.59251],
							"rotation": [-90, -31.5, 0],
							"uv": {
								"east": {"uv": [0, 65], "uv_size": [1, 3]}
							}
						},
						{
							"origin": [-28.83727, 22.30442, -49.14251],
							"size": [3, 8.20779, 3.1],
							"pivot": [-28.83727, 24.30081, -47.59251],
							"rotation": [-90, -31.5, 0],
							"uv": {
								"east": {"uv": [67, 66], "uv_size": [1, 2]}
							}
						},
						{
							"origin": [-28.83727, 27.51442, -49.14251],
							"size": [3, 6.09779, 3.1],
							"pivot": [-28.83727, 27.40081, -47.59251],
							"rotation": [-90, -31.5, 0],
							"uv": {
								"east": {"uv": [0, 68], "uv_size": [1, 2]}
							}
						},
						{
							"origin": [-28.83727, 32.73942, -49.14251],
							"size": [3, 3.97279, 3.1],
							"pivot": [-28.83727, 30.50081, -47.59251],
							"rotation": [-90, -31.5, 0],
							"uv": {
								"east": {"uv": [8, 71], "uv_size": [1, 1]}
							}
						},
						{
							"origin": [-28.83727, 37.89442, -49.14251],
							"size": [3, 1.91779, 3.1],
							"pivot": [-28.83727, 33.60081, -47.59251],
							"rotation": [-90, -31.5, 0],
							"uv": {
								"east": {"uv": [71, 8], "uv_size": [1, 1]}
							}
						},
						{
							"origin": [-32.49491, 21.13692, -57.64878],
							"size": [3, 1.20279, 33.8],
							"pivot": [-32.49491, 21.92581, -41.62378],
							"rotation": [-90, -31.5, 0],
							"uv": {
								"east": {"uv": [52, 23], "uv_size": [8, 1]}
							}
						}
					]
				},
				{
					"name": "front",
					"parent": "bone",
					"pivot": [0, 23.98819, -16],
					"cubes": [
						{
							"origin": [-32.71117, 43.66578, -62.09379],
							"size": [65.42235, 2.76882, 1.81153],
							"pivot": [0, 2.8547, -58.97844],
							"rotation": [-30, 0, 0],
							"uv": {
								"north": {"uv": [49, 43], "uv_size": [16, 1]},
								"east": {"uv": [47, 68], "uv_size": [1, 1]},
								"west": {"uv": [48, 68], "uv_size": [1, 1]}
							}
						},
						{
							"origin": [-3.73842, 18.12382, -62.10718],
							"size": [7.47684, 25.5949, 16],
							"pivot": [0, 2.80382, -58.99183],
							"rotation": [-30, 0, 0],
							"uv": {
								"north": {"uv": [24, 56], "uv_size": [2, 6]},
								"east": {"uv": [49, 34], "uv_size": [4, 6]},
								"south": {"uv": [26, 56], "uv_size": [2, 6]},
								"west": {"uv": [38, 49], "uv_size": [4, 6]}
							}
						},
						{
							"origin": [21.85713, 0.80947, -51.27186],
							"size": [4.67303, 42.9803, 1],
							"pivot": [24.19364, 22.29962, -50.77186],
							"rotation": [-28.90409, 8.40596, 14.82994],
							"uv": {
								"north": {"uv": [28, 56], "uv_size": [1, 11]}
							}
						},
						{
							"origin": [25.70045, 0.26883, -51.58908],
							"size": [1.75, 40.7303, 3],
							"pivot": [26.40045, 20.63398, -51.58908],
							"rotation": [-42.58075, -45.03547, 52.47561],
							"uv": {
								"north": {"uv": [56, 57], "uv_size": [1, 10]}
							}
						},
						{
							"origin": [-27.45045, 0.26883, -51.58908],
							"size": [1.75, 40.7303, 2],
							"pivot": [-26.40045, 20.63398, -51.58908],
							"rotation": [-42.58075, 45.03547, -52.47561],
							"uv": {
								"north": {"uv": [57, 57], "uv_size": [1, 10]}
							}
						},
						{
							"origin": [25.70045, 40.99913, -51.58908],
							"size": [1, 2.25, 3],
							"pivot": [26.40045, 20.63398, -51.58908],
							"rotation": [-42.58075, -45.03547, 52.47561],
							"uv": {
								"north": {"uv": [70, 67], "uv_size": [1, 1]}
							}
						},
						{
							"origin": [-26.70045, 40.99913, -51.58908],
							"size": [1, 2.25, 2],
							"pivot": [-26.40045, 20.63398, -51.58908],
							"rotation": [-42.58075, 45.03547, -52.47561],
							"uv": {
								"north": {"uv": [9, 71], "uv_size": [1, 1]}
							}
						},
						{
							"origin": [-20.23266, 4.10866, -61.67856],
							"size": [4.67303, 42.9803, 1],
							"pivot": [-20.23266, 4.40866, -61.67856],
							"rotation": [-28.90409, -8.40596, -14.82994],
							"uv": {
								"north": {"uv": [29, 56], "uv_size": [1, 11]}
							}
						},
						{
							"origin": [-20.24972, 2.55382, -62.10718],
							"size": [40.4995, 15.58061, 0.31153],
							"pivot": [0, 2.80382, -58.99183],
							"rotation": [-30, 0, 0],
							"uv": {
								"north": {"uv": [46, 30], "uv_size": [10, 4]}
							}
						}
					]
				},
				{
					"name": "qianxieyou",
					"parent": "front",
					"pivot": [0, 2.80382, -40.29973],
					"cubes": [
						{
							"origin": [11.84992, 18.18392, -62.29187],
							"size": [4.36149, 25.5349, 16],
							"pivot": [0.01159, 2.48392, -59.17652],
							"rotation": [-30, 0, 0],
							"uv": {
								"north": {"uv": [58, 56], "uv_size": [1, 6]},
								"east": {"uv": [42, 49], "uv_size": [4, 6]},
								"west": {"uv": [18, 50], "uv_size": [4, 6]}
							}
						},
						{
							"origin": [16.21141, 18.09269, -61.95141],
							"size": [7.03837, 10.2268, 10],
							"pivot": [-3.42688, 3.07362, -58.83606],
							"rotation": [-30, 0, 0],
							"uv": {
								"north": {"uv": [59, 30], "uv_size": [2, 3]},
								"up": {"uv": [59, 33], "uv_size": [2, 3]}
							}
						},
						{
							"origin": [16.21676, 37.73903, -62.08218],
							"size": [6.5253, 5.91917, 10],
							"pivot": [-0.31153, 2.84711, -58.96683],
							"rotation": [-30, 0, 0],
							"uv": {
								"north": {"uv": [60, 23], "uv_size": [2, 1]},
								"down": {"uv": [59, 39], "uv_size": [2, -3]}
							}
						},
						{
							"origin": [22.74206, 28.34969, -62.10718],
							"size": [5.2961, 15.31521, 10],
							"pivot": [0, 2.80382, -58.99183],
							"rotation": [-30, 0, 0],
							"uv": {
								"north": {"uv": [27, 62], "uv_size": [1, 4]},
								"east": {"uv": [56, 30], "uv_size": [3, 4]}
							}
						}
					]
				},
				{
					"name": "qianxieyou2",
					"parent": "front",
					"pivot": [0, 2.80382, -40.29973],
					"cubes": [
						{
							"origin": [-16.21141, 18.18392, -62.29187],
							"size": [4.36149, 25.5349, 16],
							"pivot": [-0.01159, 2.48392, -59.17652],
							"rotation": [-30, 0, 0],
							"uv": {
								"north": {"uv": [61, 14], "uv_size": [1, 6]},
								"east": {"uv": [22, 50], "uv_size": [4, 6]},
								"west": {"uv": [26, 50], "uv_size": [4, 6]}
							}
						},
						{
							"origin": [-23.24978, 18.09269, -61.95141],
							"size": [7.03837, 10.2268, 10],
							"pivot": [3.42688, 3.07362, -58.83606],
							"rotation": [-30, 0, 0],
							"uv": {
								"north": {"uv": [61, 30], "uv_size": [2, 3]},
								"up": {"uv": [61, 33], "uv_size": [2, 3]}
							}
						},
						{
							"origin": [-22.74206, 37.73903, -62.08218],
							"size": [6.5253, 5.91917, 10],
							"pivot": [0.31153, 2.84711, -58.96683],
							"rotation": [-30, 0, 0],
							"uv": {
								"north": {"uv": [11, 68], "uv_size": [2, 1]},
								"down": {"uv": [61, 39], "uv_size": [2, -3]}
							}
						},
						{
							"origin": [-28.03816, 28.34969, -62.10718],
							"size": [5.2961, 15.31521, 10],
							"pivot": [0, 2.80382, -58.99183],
							"rotation": [-30, 0, 0],
							"uv": {
								"north": {"uv": [32, 64], "uv_size": [1, 4]},
								"west": {"uv": [56, 34], "uv_size": [3, 4]}
							}
						}
					]
				},
				{
					"name": "youchuang",
					"parent": "front",
					"pivot": [0, 23.98819, -16],
					"cubes": [
						{
							"origin": [16.19982, 38.054, -29.18339],
							"size": [6.85377, 0.31154, 11.27679],
							"pivot": [0, 41.74569, -37.80745],
							"rotation": [-90, 0, 0],
							"uv": {
								"down": {"uv": [59, 53], "uv_size": [2, -3]}
							}
						}
					]
				},
				{
					"name": "jianzhang",
					"parent": "youchuang",
					"pivot": [0, 20.87284, -18.49228]
				},
				{
					"name": "youchuang2",
					"parent": "youchuang",
					"pivot": [0, 23.98819, -16],
					"cubes": [
						{
							"origin": [15.26522, 38.00727, -64.59946],
							"size": [8.41144, 0.62307, 3],
							"pivot": [0, 2.80382, -58.99183],
							"rotation": [-30, 0, 0],
							"uv": {
								"north": {"uv": [24, 66], "uv_size": [2, 1]},
								"east": {"uv": [68, 63], "uv_size": [1, 1]},
								"west": {"uv": [64, 68], "uv_size": [1, 1]},
								"up": {"uv": [26, 66], "uv_size": [2, 1]},
								"down": {"uv": [66, 27], "uv_size": [2, -1]}
							}
						},
						{
							"origin": [23.05359, 33.33424, -64.59946],
							"size": [0.62307, 4.67303, 3],
							"pivot": [0, 2.80382, -58.99183],
							"rotation": [-30, 0, 0],
							"uv": {
								"north": {"uv": [68, 64], "uv_size": [1, 1]},
								"east": {"uv": [68, 65], "uv_size": [1, 1]},
								"west": {"uv": [68, 66], "uv_size": [1, 1]}
							}
						},
						{
							"origin": [15.26522, 31.88899, -48.51367],
							"size": [0.62307, 3, 5.04995],
							"pivot": [19.47094, 32.00302, -48.46894],
							"rotation": [-90, 0, 0],
							"uv": {
								"north": {"uv": [67, 68], "uv_size": [1, 1]},
								"east": {"uv": [68, 67], "uv_size": [1, 1]},
								"west": {"uv": [68, 68], "uv_size": [1, 1]},
								"down": {"uv": [1, 70], "uv_size": [1, -1]}
							}
						},
						{
							"origin": [23.05359, 31.88899, -48.51367],
							"size": [0.62307, 3, 5.04995],
							"pivot": [19.47094, 32.00302, -48.46894],
							"rotation": [-90, 0, 0],
							"uv": {
								"east": {"uv": [69, 1], "uv_size": [1, 1]},
								"west": {"uv": [2, 69], "uv_size": [1, 1]},
								"down": {"uv": [69, 3], "uv_size": [1, -1]}
							}
						},
						{
							"origin": [15.26522, 33.33424, -64.59946],
							"size": [0.62307, 4.67303, 3],
							"pivot": [0, 2.80382, -58.99183],
							"rotation": [-30, 0, 0],
							"uv": {
								"north": {"uv": [3, 69], "uv_size": [1, 1]},
								"east": {"uv": [4, 69], "uv_size": [1, 1]},
								"west": {"uv": [5, 69], "uv_size": [1, 1]},
								"down": {"uv": [6, 70], "uv_size": [1, -1]}
							}
						}
					]
				},
				{
					"name": "gaiban",
					"parent": "youchuang2",
					"pivot": [7.79213, 18.67528, -58.57258],
					"rotation": [180, 180, -90],
					"cubes": [
						{
							"origin": [4.05542, 27.2955, -56.44079],
							"size": [0.25, 6.2307, 9.47914],
							"pivot": [4.18042, 30.41085, -51.70122],
							"rotation": [-180, -63, 0],
							"uv": {
								"north": {"uv": [66, 27], "uv_size": [1, 2]},
								"east": {"uv": [62, 28], "uv_size": [2, 2]},
								"south": {"uv": [66, 39], "uv_size": [1, 2]},
								"up": {"uv": [43, 66], "uv_size": [1, 2]},
								"down": {"uv": [44, 68], "uv_size": [1, -2]}
							}
						},
						{
							"origin": [0.1534, 27.60703, -49.63211],
							"size": [0.4673, 5.82067, 0.4673],
							"pivot": [0.1718, 30.51737, -49.4137],
							"rotation": [0, -18, 0],
							"uv": {
								"north": {"uv": [69, 17], "uv_size": [1, 1]},
								"east": {"uv": [69, 18], "uv_size": [1, 1]},
								"south": {"uv": [69, 19], "uv_size": [1, 1]},
								"up": {"uv": [69, 20], "uv_size": [1, 1]},
								"down": {"uv": [69, 22], "uv_size": [1, -1]}
							}
						}
					]
				},
				{
					"name": "youchuang3",
					"parent": "front",
					"pivot": [0, 23.98819, -16],
					"cubes": [
						{
							"origin": [-23.05359, 38.054, -29.18339],
							"size": [6.85377, 0.31154, 11.27679],
							"pivot": [0, 41.74569, -37.80745],
							"rotation": [-90, 0, 0],
							"uv": {
								"down": {"uv": [46, 63], "uv_size": [2, -3]}
							}
						}
					]
				},
				{
					"name": "jianzhang2",
					"parent": "youchuang3",
					"pivot": [0, 20.87284, -18.49228]
				},
				{
					"name": "youchuang4",
					"parent": "youchuang3",
					"pivot": [0, 23.98819, -16],
					"cubes": [
						{
							"origin": [-23.67666, 38.00727, -64.59946],
							"size": [8.41144, 0.62307, 3],
							"pivot": [0, 2.80382, -58.99183],
							"rotation": [-30, 0, 0],
							"uv": {
								"north": {"uv": [5, 68], "uv_size": [2, 1]},
								"east": {"uv": [71, 54], "uv_size": [1, 1]},
								"west": {"uv": [55, 71], "uv_size": [1, 1]},
								"up": {"uv": [68, 5], "uv_size": [2, 1]},
								"down": {"uv": [68, 7], "uv_size": [2, -1]}
							}
						},
						{
							"origin": [-23.67666, 33.33424, -64.59946],
							"size": [0.62307, 4.67303, 3],
							"pivot": [0, 2.80382, -58.99183],
							"rotation": [-30, 0, 0],
							"uv": {
								"north": {"uv": [71, 55], "uv_size": [1, 1]},
								"east": {"uv": [56, 71], "uv_size": [1, 1]},
								"west": {"uv": [71, 56], "uv_size": [1, 1]}
							}
						},
						{
							"origin": [-15.88829, 31.88899, -48.51367],
							"size": [0.62307, 3, 5.04995],
							"pivot": [-19.47094, 32.00302, -48.46894],
							"rotation": [-90, 0, 0],
							"uv": {
								"north": {"uv": [57, 71], "uv_size": [1, 1]},
								"east": {"uv": [71, 57], "uv_size": [1, 1]},
								"west": {"uv": [58, 71], "uv_size": [1, 1]},
								"down": {"uv": [71, 59], "uv_size": [1, -1]}
							}
						},
						{
							"origin": [-23.67666, 31.88899, -48.51367],
							"size": [0.62307, 3, 5.04995],
							"pivot": [-19.47094, 32.00302, -48.46894],
							"rotation": [-90, 0, 0],
							"uv": {
								"east": {"uv": [59, 71], "uv_size": [1, 1]},
								"west": {"uv": [71, 59], "uv_size": [1, 1]},
								"down": {"uv": [60, 72], "uv_size": [1, -1]}
							}
						},
						{
							"origin": [-15.88829, 33.33424, -64.59946],
							"size": [0.62307, 4.67303, 3],
							"pivot": [0, 2.80382, -58.99183],
							"rotation": [-30, 0, 0],
							"uv": {
								"north": {"uv": [71, 60], "uv_size": [1, 1]},
								"east": {"uv": [61, 71], "uv_size": [1, 1]},
								"west": {"uv": [71, 61], "uv_size": [1, 1]},
								"down": {"uv": [62, 72], "uv_size": [1, -1]}
							}
						}
					]
				},
				{
					"name": "gaiban2",
					"parent": "youchuang4",
					"pivot": [-7.79213, 18.67528, -58.57258],
					"rotation": [180, -180, 90],
					"cubes": [
						{
							"origin": [-4.41399, 27.2955, -56.71837],
							"size": [0.25, 6.2307, 9.47914],
							"pivot": [-4.03899, 30.41085, -51.9788],
							"rotation": [-180, 63, 0],
							"uv": {
								"north": {"uv": [68, 7], "uv_size": [1, 2]},
								"south": {"uv": [8, 68], "uv_size": [1, 2]},
								"west": {"uv": [64, 9], "uv_size": [2, 2]},
								"up": {"uv": [9, 68], "uv_size": [1, 2]},
								"down": {"uv": [10, 70], "uv_size": [1, -2]}
							}
						},
						{
							"origin": [-0.6207, 27.60703, -49.63211],
							"size": [0.4673, 5.82067, 0.4673],
							"pivot": [-0.1718, 30.51737, -49.4137],
							"rotation": [0, 18, 0],
							"uv": {
								"north": {"uv": [71, 69], "uv_size": [1, 1]},
								"south": {"uv": [70, 71], "uv_size": [1, 1]},
								"west": {"uv": [71, 70], "uv_size": [1, 1]},
								"up": {"uv": [71, 71], "uv_size": [1, 1]},
								"down": {"uv": [0, 73], "uv_size": [1, -1]}
							}
						}
					]
				},
				{
					"name": "paokoushang2",
					"parent": "front",
					"pivot": [-7.78837, 34.54044, -19.37926],
					"rotation": [0, -120, -90],
					"cubes": [
						{
							"origin": [-29.3119, 16.21613, -13.0678],
							"size": [5.91917, 5.96194, 1.24845],
							"uv": {
								"east": {"uv": [69, 22], "uv_size": [1, 1]},
								"south": {"uv": [69, 23], "uv_size": [1, 1]}
							}
						},
						{
							"origin": [-29.3119, 13.94907, -13.09028],
							"size": [5.91917, 3.51194, 2.74845],
							"pivot": [-26.35231, 15.63004, -10.96605],
							"rotation": [45, 0, 0],
							"uv": {
								"east": {"uv": [71, 0], "uv_size": [1, 1]},
								"south": {"uv": [1, 71], "uv_size": [1, 1]}
							}
						},
						{
							"origin": [-29.3119, 20.97712, -13.19634],
							"size": [5.91917, 3.51194, 2.74845],
							"pivot": [-26.35231, 22.65809, -11.07212],
							"rotation": [-45, 0, 0],
							"uv": {
								"east": {"uv": [71, 1], "uv_size": [1, 1]},
								"south": {"uv": [2, 71], "uv_size": [1, 1]}
							}
						}
					]
				},
				{
					"name": "paokoushang3",
					"parent": "front",
					"pivot": [7.78837, 34.54044, -19.37926],
					"rotation": [0, 120, 90],
					"cubes": [
						{
							"origin": [23.39273, 16.21613, -13.0678],
							"size": [5.91917, 5.96194, 1.24845],
							"uv": {
								"south": {"uv": [71, 2], "uv_size": [1, 1]},
								"west": {"uv": [3, 71], "uv_size": [1, 1]}
							}
						},
						{
							"origin": [23.39273, 13.94907, -13.09028],
							"size": [5.91917, 3.51194, 2.74845],
							"pivot": [26.35231, 15.63004, -10.96605],
							"rotation": [45, 0, 0],
							"uv": {
								"south": {"uv": [71, 3], "uv_size": [1, 1]},
								"west": {"uv": [4, 71], "uv_size": [1, 1]}
							}
						},
						{
							"origin": [23.39273, 20.97712, -13.19634],
							"size": [5.91917, 3.51194, 2.74845],
							"pivot": [26.35231, 22.65809, -11.07212],
							"rotation": [-45, 0, 0],
							"uv": {
								"south": {"uv": [71, 4], "uv_size": [1, 1]},
								"west": {"uv": [5, 71], "uv_size": [1, 1]}
							}
						}
					]
				},
				{
					"name": "paokouxia1",
					"parent": "front",
					"pivot": [7.78837, 19.76114, -53.69085],
					"rotation": [0, -90, 90]
				},
				{
					"name": "paokouxia3",
					"parent": "front",
					"pivot": [-7.78837, 19.76114, -53.69085],
					"rotation": [0, 90, -90],
					"cubes": [
						{
							"origin": [-21.69801, 20.46124, -55.03078],
							"size": [14.81926, 2.93225, 1.0677],
							"pivot": [-9.28838, 22.90165, -54.14514],
							"rotation": [-45, 0, 0],
							"uv": {
								"north": {"uv": [62, 63], "uv_size": [4, 1]},
								"south": {"uv": [0, 64], "uv_size": [4, 1]},
								"west": {"uv": [71, 10], "uv_size": [1, 1]}
							}
						},
						{
							"origin": [-21.69801, 22.6232, -55.11917],
							"size": [14.81926, 2.43225, 1.0677],
							"pivot": [-9.28838, 22.90165, -54.14514],
							"rotation": [-90, 0, 0],
							"uv": {
								"north": {"uv": [64, 0], "uv_size": [4, 1]},
								"south": {"uv": [64, 1], "uv_size": [4, 1]},
								"west": {"uv": [11, 71], "uv_size": [1, 1]},
								"up": {"uv": [64, 2], "uv_size": [4, 1]}
							}
						},
						{
							"origin": [-21.69801, 15.55806, -56.40862],
							"size": [14.81926, 2.93225, 1.0677],
							"pivot": [-9.28838, 17.99846, -55.52299],
							"rotation": [45, 0, 0],
							"uv": {
								"north": {"uv": [64, 3], "uv_size": [4, 1]},
								"south": {"uv": [4, 64], "uv_size": [4, 1]},
								"west": {"uv": [71, 11], "uv_size": [1, 1]}
							}
						},
						{
							"origin": [-21.69801, 15.46182, -55.11917],
							"size": [14.81926, 2.43225, 1.0677],
							"pivot": [-9.28838, 15.74027, -54.14514],
							"rotation": [-90, 0, 0],
							"uv": {
								"north": {"uv": [64, 4], "uv_size": [4, 1]},
								"south": {"uv": [64, 5], "uv_size": [4, 1]},
								"west": {"uv": [12, 71], "uv_size": [1, 1]},
								"up": {"uv": [64, 6], "uv_size": [4, 1]}
							}
						},
						{
							"origin": [-21.69801, 17.72001, -56.49701],
							"size": [14.81926, 4.08225, 1.0677],
							"uv": {
								"north": {"uv": [64, 7], "uv_size": [4, 1]},
								"south": {"uv": [64, 8], "uv_size": [4, 1]},
								"west": {"uv": [71, 12], "uv_size": [1, 1]}
							}
						}
					]
				},
				{
					"name": "paokouxia2",
					"parent": "front",
					"pivot": [7.78837, 19.76114, -53.69085],
					"rotation": [0, -90, 90],
					"cubes": [
						{
							"origin": [6.87875, 20.46124, -55.03078],
							"size": [14.81926, 2.93225, 1.0677],
							"pivot": [9.28838, 22.90165, -54.14514],
							"rotation": [-45, 0, 0],
							"uv": {
								"north": {"uv": [63, 36], "uv_size": [4, 1]},
								"east": {"uv": [71, 5], "uv_size": [1, 1]},
								"south": {"uv": [63, 37], "uv_size": [4, 1]}
							}
						},
						{
							"origin": [6.87875, 22.6232, -55.11917],
							"size": [14.81926, 2.43225, 1.0677],
							"pivot": [9.28838, 22.90165, -54.14514],
							"rotation": [-90, 0, 0],
							"uv": {
								"north": {"uv": [63, 38], "uv_size": [4, 1]},
								"east": {"uv": [6, 71], "uv_size": [1, 1]},
								"south": {"uv": [50, 63], "uv_size": [4, 1]},
								"up": {"uv": [63, 53], "uv_size": [4, 1]}
							}
						},
						{
							"origin": [6.87875, 15.55806, -56.40862],
							"size": [14.81926, 2.93225, 1.0677],
							"pivot": [9.28838, 17.99846, -55.52299],
							"rotation": [45, 0, 0],
							"uv": {
								"north": {"uv": [63, 54], "uv_size": [4, 1]},
								"east": {"uv": [71, 6], "uv_size": [1, 1]},
								"south": {"uv": [63, 55], "uv_size": [4, 1]}
							}
						},
						{
							"origin": [6.87875, 15.46182, -55.11917],
							"size": [14.81926, 2.43225, 1.0677],
							"pivot": [9.28838, 15.74027, -54.14514],
							"rotation": [-90, 0, 0],
							"uv": {
								"north": {"uv": [63, 56], "uv_size": [4, 1]},
								"east": {"uv": [7, 71], "uv_size": [1, 1]},
								"south": {"uv": [63, 57], "uv_size": [4, 1]},
								"up": {"uv": [63, 58], "uv_size": [4, 1]}
							}
						},
						{
							"origin": [6.87875, 17.72001, -56.49701],
							"size": [14.81926, 4.08225, 1.0677],
							"uv": {
								"north": {"uv": [63, 59], "uv_size": [4, 1]},
								"east": {"uv": [71, 7], "uv_size": [1, 1]},
								"south": {"uv": [63, 60], "uv_size": [4, 1]}
							}
						}
					]
				},
				{
					"name": "base",
					"parent": "bone",
					"pivot": [0, 23.98819, -0.31153]
				},
				{
					"name": "dizuo1",
					"parent": "base",
					"pivot": [0, -14.67953, 18.6921],
					"cubes": [
						{
							"origin": [-18.39557, 0, -44.18488],
							"size": [36.79115, 3.11535, 88.36976],
							"pivot": [0, 1.55767, -0.00001],
							"rotation": [0, -90, 0],
							"uv": {
								"north": {"uv": [63, 12], "uv_size": [4, 1]},
								"south": {"uv": [63, 13], "uv_size": [4, 1]},
								"up": {"uv": [34, 14], "uv_size": [4, 23]},
								"down": {"uv": [30, 60], "uv_size": [4, -23]}
							}
						},
						{
							"origin": [-18.39557, 0, -44.18488],
							"size": [36.79115, 3.11535, 88.36976],
							"pivot": [0, 1.55767, -0.00001],
							"rotation": [0, -135, 0],
							"uv": {
								"north": {"uv": [63, 12], "uv_size": [4, 1]},
								"south": {"uv": [63, 13], "uv_size": [4, 1]},
								"up": {"uv": [34, 14], "uv_size": [4, 23]},
								"down": {"uv": [30, 60], "uv_size": [4, -23]}
							}
						},
						{
							"origin": [-18.39557, 0, -44.18488],
							"size": [36.79115, 3.11535, 88.36976],
							"pivot": [0, 1.55767, -0.00001],
							"rotation": [-180, 45, 180],
							"uv": {
								"north": {"uv": [63, 12], "uv_size": [4, 1]},
								"south": {"uv": [63, 13], "uv_size": [4, 1]},
								"up": {"uv": [34, 14], "uv_size": [4, 23]},
								"down": {"uv": [30, 60], "uv_size": [4, -23]}
							}
						},
						{
							"origin": [-18.39557, 0, -44.18488],
							"size": [36.79115, 3.11535, 88.36976],
							"pivot": [0, 1.55767, -0.00001],
							"rotation": [-180, 0, 180],
							"uv": {
								"north": {"uv": [63, 12], "uv_size": [4, 1]},
								"south": {"uv": [63, 13], "uv_size": [4, 1]},
								"up": {"uv": [34, 14], "uv_size": [4, 23]},
								"down": {"uv": [30, 60], "uv_size": [4, -23]}
							}
						}
					]
				},
				{
					"name": "others",
					"parent": "bone",
					"pivot": [0, 23.98819, -16]
				},
				{
					"name": "paogaiyou",
					"parent": "others",
					"pivot": [7.78837, 22.39957, -26.3888],
					"rotation": [0, -120, -90],
					"cubes": [
						{
							"origin": [-5.69252, 17.28923, -54.95846],
							"size": [0.43847, 10.22067, 23.76366],
							"pivot": [-5.83723, 22.39956, -43.67219],
							"rotation": [0, 123, 0],
							"uv": {
								"north": {"uv": [33, 64], "uv_size": [1, 3]},
								"east": {"uv": [49, 40], "uv_size": [6, 3]},
								"south": {"uv": [34, 64], "uv_size": [1, 3]},
								"west": {"uv": [52, 20], "uv_size": [6, 3]},
								"up": {"uv": [59, 53], "uv_size": [1, 6]},
								"down": {"uv": [59, 65], "uv_size": [1, -6]}
							}
						}
					]
				},
				{
					"name": "paogaiyou2",
					"parent": "others",
					"pivot": [-7.78837, 22.39957, -26.3888],
					"rotation": [0, 120, 90],
					"cubes": [
						{
							"origin": [5.25405, 17.28923, -54.95846],
							"size": [0.43847, 10.22067, 23.76366],
							"pivot": [5.83723, 22.39956, -43.67219],
							"rotation": [0, -123, 0],
							"uv": {
								"north": {"uv": [34, 64], "uv_size": [-1, 3]},
								"east": {"uv": [58, 20], "uv_size": [-6, 3]},
								"south": {"uv": [35, 64], "uv_size": [-1, 3]},
								"west": {"uv": [55, 40], "uv_size": [-6, 3]},
								"up": {"uv": [60, 53], "uv_size": [-1, 6]},
								"down": {"uv": [60, 65], "uv_size": [-1, -6]}
							}
						}
					]
				}
			]
		}
	]
}