{
	"format_version": "1.12.0",
	"minecraft:geometry": [
		{
			"description": {
				"identifier": "geometry.unknown",
				"texture_width": 64,
				"texture_height": 64,
				"visible_bounds_width": 103,
				"visible_bounds_height": 102,
				"visible_bounds_offset": [0, 1, 0]
			},
			"bones": [
				{
					"name": "mortar",
					"pivot": [0, 0, 0]
				},
				{
					"name": "paoguan",
					"parent": "mortar",
					"pivot": [0, 3.2, 0]
				},
				{
					"name": "flare",
					"parent": "paoguan",
					"pivot": [0, 3.16797, -23.64844],
					"rotation": [90, 0, 0],
					"cubes": [
						{
							"origin": [-0.00675, 3.16122, -23.64844],
							"size": [0.0135, 0.0135, 0],
							"pivot": [0, 3.16797, -23.64844],
							"rotation": [-90, 0, 0],
							"uv": {
								"north": {"uv": [64, 52], "uv_size": [-12, 12]},
								"south": {"uv": [52, 52], "uv_size": [12, 12]}
							}
						},
						{
							"origin": [-0.00075, 3.16122, -23.64844],
							"size": [0.0375, 0.0135, 0],
							"pivot": [0, 3.16797, -23.64844],
							"rotation": [-90, 0, -90],
							"uv": {
								"north": {"uv": [62, 52], "uv_size": [-10, 12]},
								"south": {"uv": [52, 52], "uv_size": [10, 12]}
							}
						},
						{
							"origin": [-0.00075, 3.16122, -23.64844],
							"size": [0.0375, 0.0135, 0],
							"pivot": [0, 3.16797, -23.64844],
							"rotation": [-150, 0, -90],
							"uv": {
								"north": {"uv": [62, 52], "uv_size": [-10, 12]},
								"south": {"uv": [52, 52], "uv_size": [10, 12]}
							}
						},
						{
							"origin": [-0.00075, 3.16122, -23.64844],
							"size": [0.0375, 0.0135, 0],
							"pivot": [0, 3.16797, -23.64844],
							"rotation": [150, 0, -90],
							"uv": {
								"north": {"uv": [62, 52], "uv_size": [-10, 12]},
								"south": {"uv": [52, 52], "uv_size": [10, 12]}
							}
						}
					]
				},
				{
					"name": "bone2",
					"parent": "paoguan",
					"pivot": [0, 3.2, 0],
					"rotation": [90, 0, 0]
				},
				{
					"name": "paotong",
					"parent": "bone2",
					"pivot": [-0.91605, 21.62302, -1.85197],
					"cubes": [
						{
							"origin": [-0.6164, 18.36447, -2.50243],
							"size": [1.2328, 1.634, 1.28346],
							"uv": {
								"north": {"uv": [9, 49], "uv_size": [1, 1.5]},
								"east": {"uv": [47, 6], "uv_size": [1.5, 1.5]},
								"west": {"uv": [47, 8], "uv_size": [1.5, 1.5]},
								"up": {"uv": [10, 49], "uv_size": [1, 1.5]},
								"down": {"uv": [11, 50.5], "uv_size": [1, -1.5]}
							}
						},
						{
							"origin": [-1.6164, 18.36447, -3.50243],
							"size": [3.2328, 1.134, 1],
							"uv": {
								"north": {"uv": [43, 32], "uv_size": [3, 1]},
								"east": {"uv": [48, 5], "uv_size": [1, 1]},
								"south": {"uv": [43, 33], "uv_size": [3, 1]},
								"west": {"uv": [28, 49], "uv_size": [1, 1]},
								"up": {"uv": [43, 34], "uv_size": [3, 1]},
								"down": {"uv": [43, 36], "uv_size": [3, -1]}
							}
						},
						{
							"origin": [-0.6164, 1.5595, -0.98434],
							"size": [1.2328, 2, 2.03678],
							"uv": {
								"north": {"uv": [44, 47], "uv_size": [1, 2]},
								"east": {"uv": [33, 23], "uv_size": [2, 2]},
								"south": {"uv": [47, 45], "uv_size": [1, 2]},
								"west": {"uv": [38, 31], "uv_size": [2, 2]}
							}
						},
						{
							"origin": [-0.57968, 3.5595, -1.39531],
							"size": [1.15883, 24, 2.79817],
							"pivot": [-0.00026, 3.5595, 0.00378],
							"rotation": [0, -90, 0],
							"uv": {
								"north": {"uv": [36, 47], "uv_size": [1, 2]},
								"south": {"uv": [47, 37], "uv_size": [1, 2]},
								"up": {"uv": [48, 32], "uv_size": [1, 1.5]},
								"down": {"uv": [48, 35.5], "uv_size": [1, -1.5]}
							}
						},
						{
							"origin": [-0.57968, 3.5595, -1.39531],
							"size": [1.15883, 24, 2.79817],
							"pivot": [-0.00026, 3.5595, 0.00378],
							"rotation": [0, -45, 0],
							"uv": {
								"north": {"uv": [36, 47], "uv_size": [1, 2]},
								"south": {"uv": [47, 37], "uv_size": [1, 2]},
								"up": {"uv": [48, 32], "uv_size": [1, 1.5]},
								"down": {"uv": [48, 35.5], "uv_size": [1, -1.5]}
							}
						},
						{
							"origin": [-0.57968, 3.5595, -1.39531],
							"size": [1.15883, 24, 2.79817],
							"pivot": [-0.00026, 3.5595, 0.00378],
							"rotation": [0, 45, 0],
							"uv": {
								"north": {"uv": [36, 47], "uv_size": [1, 2]},
								"south": {"uv": [47, 37], "uv_size": [1, 2]},
								"up": {"uv": [48, 32], "uv_size": [1, 1.5]},
								"down": {"uv": [48, 35.5], "uv_size": [1, -1.5]}
							}
						},
						{
							"origin": [-0.57968, 3.5595, -1.39531],
							"size": [1.15883, 24, 2.79817],
							"uv": {
								"north": {"uv": [36, 47], "uv_size": [1, 2]},
								"south": {"uv": [47, 37], "uv_size": [1, 2]},
								"up": {"uv": [48, 32], "uv_size": [1, 1.5]},
								"down": {"uv": [48, 35.5], "uv_size": [1, -1.5]}
							}
						}
					]
				},
				{
					"name": "monitor",
					"parent": "paotong",
					"pivot": [0, 16.92347, 0.00569],
					"cubes": [
						{
							"origin": [-6.8685, 18.01247, -0.42722],
							"size": [5.25, 0.4, 0.85],
							"uv": {
								"north": {"uv": [48, 2], "uv_size": [4, 0.5]},
								"east": {"uv": [8, 52], "uv_size": [0.5, 0.5]},
								"south": {"uv": [48, 3], "uv_size": [4, 0.5]},
								"west": {"uv": [52, 8], "uv_size": [0.5, 0.5]},
								"up": {"uv": [48, 4], "uv_size": [4, 0.5]},
								"down": {"uv": [5, 48.5], "uv_size": [4, -0.5]}
							}
						},
						{
							"origin": [-6.8685, 15.01247, -0.42722],
							"size": [5.25, 0.4, 0.85],
							"pivot": [-4.2435, 15.21247, -0.00222],
							"rotation": [0, 0, -180],
							"uv": {
								"north": {"uv": [48, 2], "uv_size": [4, 0.5]},
								"east": {"uv": [8, 52], "uv_size": [0.5, 0.5]},
								"south": {"uv": [48, 3], "uv_size": [4, 0.5]},
								"west": {"uv": [52, 8], "uv_size": [0.5, 0.5]},
								"up": {"uv": [48, 4], "uv_size": [4, 0.5]},
								"down": {"uv": [5, 48.5], "uv_size": [4, -0.5]}
							}
						},
						{
							"origin": [-7.9685, 16.51247, -0.42722],
							"size": [2.6, 0.4, 0.85],
							"pivot": [-6.6685, 16.71247, -0.00222],
							"rotation": [0, 0, -90],
							"uv": {
								"north": {"uv": [48, 2], "uv_size": [4, 0.5]},
								"east": {"uv": [8, 52], "uv_size": [0.5, 0.5]},
								"south": {"uv": [48, 3], "uv_size": [4, 0.5]},
								"west": {"uv": [52, 8], "uv_size": [0.5, 0.5]},
								"up": {"uv": [48, 4], "uv_size": [4, 0.5]},
								"down": {"uv": [5, 48.5], "uv_size": [4, -0.5]}
							}
						},
						{
							"origin": [-3.1315, 16.51247, -0.42722],
							"size": [2.6, 0.4, 0.85],
							"pivot": [-1.8315, 16.71247, -0.00222],
							"rotation": [0, 0, 90],
							"uv": {
								"north": {"uv": [52, 2], "uv_size": [-4, 0.5]},
								"east": {"uv": [52.5, 8], "uv_size": [-0.5, 0.5]},
								"south": {"uv": [52, 3], "uv_size": [-4, 0.5]},
								"west": {"uv": [8.5, 52], "uv_size": [-0.5, 0.5]},
								"up": {"uv": [52, 4], "uv_size": [-4, 0.5]},
								"down": {"uv": [9, 48.5], "uv_size": [-4, -0.5]}
							}
						},
						{
							"origin": [-0.31709, 15.18447, 1.37419],
							"size": [0.63418, 0.978, 0.5],
							"pivot": [0, 15.17347, 0.00569],
							"rotation": [0, -90, 0],
							"uv": {
								"east": {"uv": [46, 28.5], "uv_size": [0.5, 0.5]},
								"west": {"uv": [46, 28.5], "uv_size": [0.5, 0.5]},
								"up": {"uv": [46.5, 29], "uv_size": [-0.5, -0.5]},
								"down": {"uv": [46.5, 29], "uv_size": [-0.5, -0.5]}
							}
						},
						{
							"origin": [-4.56059, 15.18447, -2.36931],
							"size": [0.63418, 2.978, 4.75],
							"pivot": [-4.2435, 16.67347, 0.00569],
							"rotation": [0, -90, 0],
							"uv": {
								"east": {"uv": [46, 28.5], "uv_size": [0.5, 0.5]},
								"west": {"uv": [52, 27], "uv_size": [0.5, 0.5]},
								"up": {"uv": [46.5, 29], "uv_size": [-0.5, -0.5]},
								"down": {"uv": [46.5, 29], "uv_size": [-0.5, -0.5]}
							}
						},
						{
							"origin": [-0.31709, 17.18447, 1.37419],
							"size": [0.63418, 0.978, 0.5],
							"pivot": [0, 17.17347, 0.00569],
							"rotation": [0, -90, 0],
							"uv": {
								"east": {"uv": [46, 28.5], "uv_size": [0.5, 0.5]},
								"west": {"uv": [46, 28.5], "uv_size": [0.5, 0.5]},
								"up": {"uv": [46.5, 29], "uv_size": [-0.5, -0.5]},
								"down": {"uv": [46.5, 29], "uv_size": [-0.5, -0.5]}
							}
						}
					]
				},
				{
					"name": "jiaojia",
					"parent": "bone2",
					"pivot": [0, 18.9455, -3.01388]
				},
				{
					"name": "bone",
					"parent": "jiaojia",
					"pivot": [0, 18.9455, -3.01388],
					"rotation": [-167.5, 0, 0],
					"cubes": [
						{
							"origin": [-0.25, 16.56275, -3.36159],
							"size": [0.5, 2.65, 0.65],
							"pivot": [0, 18.81275, -2.76159],
							"rotation": [-12.5, 0, 0],
							"uv": {
								"north": {"uv": [39, 24], "uv_size": [0.5, 6.5]},
								"east": {"uv": [42, 24], "uv_size": [0.5, 6.5]},
								"south": {"uv": [42, 31], "uv_size": [0.5, 6.5]},
								"west": {"uv": [42, 38], "uv_size": [0.5, 6.5]}
							}
						},
						{
							"origin": [-1.5, 15.31275, -3.61159],
							"size": [3, 1.25, 1.15],
							"pivot": [0, 18.81275, -2.76159],
							"rotation": [-12.5, 0, 0],
							"uv": {
								"north": {"uv": [32, 26], "uv_size": [3, 1.5]},
								"east": {"uv": [49, 11], "uv_size": [1, 1.5]},
								"south": {"uv": [32, 28], "uv_size": [3, 1.5]},
								"west": {"uv": [12, 49], "uv_size": [1, 1.5]},
								"up": {"uv": [43, 36], "uv_size": [3, 1]},
								"down": {"uv": [43, 38], "uv_size": [3, -1]}
							}
						},
						{
							"origin": [2.65988, 0.80636, -5.48722],
							"size": [0.75, 16.25, 0.95],
							"pivot": [3.03488, 9.93136, -5.01222],
							"rotation": [-11.93845, -3.73171, -17.10967],
							"uv": {
								"north": {"uv": [5, 20], "uv_size": [1, 14.5]},
								"east": {"uv": [6, 20], "uv_size": [1, 14.5]},
								"south": {"uv": [7, 20], "uv_size": [1, 14.5]},
								"west": {"uv": [8, 20], "uv_size": [1, 14.5]}
							}
						},
						{
							"origin": [-1.49579, 0.10169, -4.20243],
							"size": [0.75, 16.25, 0.95],
							"pivot": [-0.24579, 15.72669, -3.72743],
							"rotation": [-11.93845, 3.73171, 17.10967],
							"uv": {
								"north": {"uv": [9, 20], "uv_size": [1, 14.5]},
								"east": {"uv": [21, 0], "uv_size": [1, 14.5]},
								"south": {"uv": [21, 15], "uv_size": [1, 14.5]},
								"west": {"uv": [22, 0], "uv_size": [1, 14.5]}
							}
						}
					]
				},
				{
					"name": "dizuo",
					"parent": "mortar",
					"pivot": [0, 0.94707, -0.00128],
					"cubes": [
						{
							"origin": [-5, -0.05293, -5.00128],
							"size": [10, 1, 10],
							"uv": {
								"north": {"uv": [29, 0], "uv_size": [10, 1]},
								"east": {"uv": [29, 1], "uv_size": [10, 1]},
								"south": {"uv": [29, 2], "uv_size": [10, 1]},
								"west": {"uv": [29, 3], "uv_size": [10, 1]},
								"up": {"uv": [0, 0], "uv_size": [10, 10]},
								"down": {"uv": [0, 20], "uv_size": [10, -10]}
							}
						},
						{
							"origin": [-4, 0.94707, -4.00128],
							"size": [8, 1, 8],
							"uv": {
								"north": {"uv": [29, 4], "uv_size": [8, 1]},
								"east": {"uv": [29, 5], "uv_size": [8, 1]},
								"south": {"uv": [29, 6], "uv_size": [8, 1]},
								"west": {"uv": [29, 7], "uv_size": [8, 1]},
								"up": {"uv": [10, 0], "uv_size": [8, 8]}
							}
						},
						{
							"origin": [0.5, 1.94707, -2.00128],
							"size": [1, 1, 4],
							"uv": {
								"north": {"uv": [0, 0], "uv_size": [1, 1]},
								"east": {"uv": [0, 0], "uv_size": [4, 1]},
								"south": {"uv": [0, 0], "uv_size": [1, 1]},
								"west": {"uv": [0, 0], "uv_size": [4, 1]},
								"up": {"uv": [1, 4], "uv_size": [-1, -4]}
							}
						},
						{
							"origin": [-1.5, 1.94707, -2.00128],
							"size": [1, 1, 4],
							"uv": {
								"north": {"uv": [0, 0], "uv_size": [1, 1]},
								"east": {"uv": [0, 0], "uv_size": [4, 1]},
								"south": {"uv": [0, 0], "uv_size": [1, 1]},
								"west": {"uv": [0, 0], "uv_size": [4, 1]},
								"up": {"uv": [1, 4], "uv_size": [-1, -4]}
							}
						}
					]
				}
			]
		}
	]
}