{
	"format_version": "1.12.0",
	"minecraft:geometry": [
		{
			"description": {
				"identifier": "geometry.unknown",
				"texture_width": 256,
				"texture_height": 256,
				"visible_bounds_width": 300,
				"visible_bounds_height": 299,
				"visible_bounds_offset": [0, 2.5, 0]
			},
			"bones": [
				{
					"name": "bone",
					"pivot": [0, 0, 0]
				},
				{
					"name": "maingun",
					"parent": "bone",
					"pivot": [0, 34.56, -8.28]
				},
				{
					"name": "paoguan",
					"parent": "maingun",
					"pivot": [0, 34.56, -1.8],
					"rotation": [90, 0, 0]
				},
				{
					"name": "flare",
					"parent": "paoguan",
					"pivot": [0, 150, -1.74844],
					"cubes": [
						{
							"origin": [-0.675, 149.325, -1.74844],
							"size": [1.35, 1.35, 0],
							"pivot": [0, 150, -1.74844],
							"rotation": [-90, 0, 0],
							"uv": {
								"north": {"uv": [256, 0], "uv_size": [-64, 64]},
								"east": {"uv": [192, 0], "uv_size": [64, 64]},
								"south": {"uv": [192, 0], "uv_size": [64, 64]},
								"west": {"uv": [192, 0], "uv_size": [64, 64]},
								"up": {"uv": [256, 64], "uv_size": [-64, -64]},
								"down": {"uv": [256, 64], "uv_size": [-64, -64]}
							}
						},
						{
							"origin": [-5.875, 149.625, -1.74844],
							"size": [6.4, 1.35, 0],
							"pivot": [0, 150.3, -1.74844],
							"rotation": [-60, 0, 90],
							"uv": {
								"north": {"uv": [256, 0], "uv_size": [-51.5, 64]},
								"east": {"uv": [204.5, 0], "uv_size": [51.5, 64]},
								"south": {"uv": [204.5, 0], "uv_size": [51.5, 64]},
								"west": {"uv": [204.5, 0], "uv_size": [51.5, 64]},
								"up": {"uv": [256, 64], "uv_size": [-51.5, -64]},
								"down": {"uv": [256, 64], "uv_size": [-51.5, -64]}
							}
						},
						{
							"origin": [-5.875, 149.625, -1.74844],
							"size": [6.4, 1.35, 0],
							"pivot": [0, 150.3, -1.74844],
							"rotation": [-121, 0, 90],
							"uv": {
								"north": {"uv": [256, 0], "uv_size": [-51.5, 64]},
								"east": {"uv": [204.5, 0], "uv_size": [51.5, 64]},
								"south": {"uv": [204.5, 0], "uv_size": [51.5, 64]},
								"west": {"uv": [204.5, 0], "uv_size": [51.5, 64]},
								"up": {"uv": [256, 64], "uv_size": [-51.5, -64]},
								"down": {"uv": [256, 64], "uv_size": [-51.5, -64]}
							}
						},
						{
							"origin": [-5.875, 149.625, -1.74844],
							"size": [6.4, 1.35, 0],
							"pivot": [0, 150.3, -1.74844],
							"rotation": [179, 0, 90],
							"uv": {
								"north": {"uv": [256, 0], "uv_size": [-51.5, 64]},
								"east": {"uv": [204.5, 0], "uv_size": [51.5, 64]},
								"south": {"uv": [204.5, 0], "uv_size": [51.5, 64]},
								"west": {"uv": [204.5, 0], "uv_size": [51.5, 64]},
								"up": {"uv": [256, 64], "uv_size": [-51.5, -64]},
								"down": {"uv": [256, 64], "uv_size": [-51.5, -64]}
							}
						}
					]
				},
				{
					"name": "waibi2",
					"parent": "paoguan",
					"pivot": [0, 92.8152, -1.8],
					"cubes": [
						{
							"origin": [-2.62618, 69.15775, -4.42606],
							"size": [5.25236, 20.5389, 5.2524],
							"pivot": [0, 79.4272, -1.79985],
							"rotation": [-180, -45, 180],
							"uv": {
								"north": {"uv": [60, 22], "uv_size": [1, 4]},
								"east": {"uv": [60, 22], "uv_size": [1, 4]},
								"south": {"uv": [60, 22], "uv_size": [1, 4]},
								"west": {"uv": [60, 22], "uv_size": [1, 4]},
								"up": {"uv": [61, 26], "uv_size": [-1, -4]},
								"down": {"uv": [61, 26], "uv_size": [-1, -4]}
							}
						}
					]
				},
				{
					"name": "waibi10",
					"parent": "paoguan",
					"pivot": [0, 34.56, -1.8],
					"cubes": [
						{
							"origin": [-1.8316, 89.218, -3.61517],
							"size": [3.6632, 54.656, 3.66323],
							"pivot": [0, 116.546, -1.78356],
							"rotation": [-180, -45, 180],
							"uv": {
								"north": {"uv": [75, 69], "uv_size": [-1, -1]},
								"east": {"uv": [75, 69], "uv_size": [-1, -1]},
								"south": {"uv": [75, 69], "uv_size": [-1, -1]},
								"west": {"uv": [75, 69], "uv_size": [-1, -1]},
								"up": {"uv": [74, 68], "uv_size": [1, 1]},
								"down": {"uv": [74, 68], "uv_size": [1, 1]}
							}
						},
						{
							"origin": [-3.93794, 54.6783, -5.72153],
							"size": [7.87588, 14.2625, 7.87594],
							"pivot": [0, 116.546, -1.78356],
							"rotation": [-180, -45, 180],
							"uv": {
								"north": {"uv": [75, 69], "uv_size": [-1, -1]},
								"east": {"uv": [75, 69], "uv_size": [-1, -1]},
								"south": {"uv": [75, 69], "uv_size": [-1, -1]},
								"west": {"uv": [75, 69], "uv_size": [-1, -1]},
								"up": {"uv": [74, 68], "uv_size": [1, 1]},
								"down": {"uv": [74, 68], "uv_size": [1, 1]}
							}
						}
					]
				},
				{
					"name": "move",
					"parent": "maingun",
					"pivot": [0, 34.56, -7.2]
				},
				{
					"name": "xiagua",
					"parent": "move",
					"pivot": [0, 34.56, -7.2],
					"cubes": [
						{
							"origin": [1.908, 27.18, -35.064],
							"size": [0.792, 3.6, 1.8],
							"uv": {
								"north": {"uv": [74, 70], "uv_size": [1, 1]},
								"east": {"uv": [71, 74], "uv_size": [1, 1]},
								"south": {"uv": [74, 72], "uv_size": [1, 1]},
								"west": {"uv": [73, 74], "uv_size": [1, 1]},
								"up": {"uv": [0, 75], "uv_size": [1, 1]}
							}
						},
						{
							"origin": [5.49, 28.224, -35.064],
							"size": [0.54, 1.296, 1.8],
							"pivot": [0, 34.56, -7.2],
							"rotation": [0, 0, 30],
							"uv": {
								"north": {"uv": [2, 75], "uv_size": [1, 1]},
								"east": {"uv": [6, 75], "uv_size": [1, 1]},
								"south": {"uv": [8, 75], "uv_size": [1, 1]},
								"west": {"uv": [10, 75], "uv_size": [1, 1]}
							}
						},
						{
							"origin": [-2.7, 27.18, -35.064],
							"size": [0.792, 3.6, 1.8],
							"uv": {
								"north": {"uv": [83, 10], "uv_size": [1, 1]},
								"east": {"uv": [12, 83], "uv_size": [1, 1]},
								"south": {"uv": [83, 12], "uv_size": [1, 1]},
								"west": {"uv": [14, 83], "uv_size": [1, 1]},
								"up": {"uv": [83, 14], "uv_size": [1, 1]}
							}
						},
						{
							"origin": [-6.03, 28.224, -35.064],
							"size": [0.54, 1.296, 1.8],
							"pivot": [0, 34.56, -7.2],
							"rotation": [0, 0, -30],
							"uv": {
								"north": {"uv": [4, 83], "uv_size": [1, 1]},
								"east": {"uv": [6, 83], "uv_size": [1, 1]},
								"south": {"uv": [8, 83], "uv_size": [1, 1]},
								"west": {"uv": [10, 83], "uv_size": [1, 1]}
							}
						},
						{
							"origin": [-1.258, 23.53689, -35.9846],
							"size": [2.52, 4.18, 1.8],
							"pivot": [0.002, 25.62689, -35.0846],
							"rotation": [0, -35, 90],
							"uv": {
								"east": {"uv": [72, 82], "uv_size": [1, 1]},
								"west": {"uv": [82, 78], "uv_size": [1, 1]},
								"up": {"uv": [0, 83], "uv_size": [1, 1]},
								"down": {"uv": [2, 84], "uv_size": [1, -1]}
							}
						},
						{
							"origin": [-1.258, 23.82524, -35.07007],
							"size": [2.52, 4.18, 16.8],
							"pivot": [0.002, 25.91524, -34.17007],
							"rotation": [0, 0, 90],
							"uv": {
								"east": {"uv": [67, 54], "uv_size": [3, 1]},
								"west": {"uv": [67, 62], "uv_size": [3, 1]},
								"up": {"uv": [67, 64], "uv_size": [1, 3]},
								"down": {"uv": [0, 71], "uv_size": [1, -3]}
							}
						},
						{
							"origin": [-2.718, 22.90754, -35.63805],
							"size": [2.52, 4.18, 1.8],
							"pivot": [-0.468, 24.52754, -34.73805],
							"rotation": [0, -70, 90],
							"uv": {
								"north": {"uv": [66, 82], "uv_size": [1, 1]},
								"east": {"uv": [82, 66], "uv_size": [1, 1]},
								"south": {"uv": [68, 82], "uv_size": [1, 1]},
								"west": {"uv": [82, 68], "uv_size": [1, 1]},
								"up": {"uv": [70, 82], "uv_size": [1, 1]},
								"down": {"uv": [82, 71], "uv_size": [1, -1]}
							}
						},
						{
							"origin": [1.55, 56.736, -30.186],
							"size": [0.54, 2.52, 3.24],
							"pivot": [0.002, 34.56, -7.2],
							"rotation": [70, 0, 0],
							"uv": {
								"east": {"uv": [12, 75], "uv_size": [1, 1]},
								"west": {"uv": [14, 75], "uv_size": [1, 1]},
								"up": {"uv": [16, 75], "uv_size": [1, 1]},
								"down": {"uv": [75, 18], "uv_size": [1, -1]}
							}
						},
						{
							"origin": [1.55, 3.492, 5.94],
							"size": [0.54, 2.52, 0.9],
							"pivot": [0.002, 34.56, -7.2],
							"rotation": [-90, 0, 0],
							"uv": {
								"east": {"uv": [18, 75], "uv_size": [1, 1]},
								"south": {"uv": [75, 19], "uv_size": [1, 1]},
								"west": {"uv": [20, 75], "uv_size": [1, 1]},
								"up": {"uv": [75, 21], "uv_size": [1, 1]},
								"down": {"uv": [22, 76], "uv_size": [1, -1]}
							}
						},
						{
							"origin": [-2.088, 56.736, -30.186],
							"size": [0.54, 2.52, 3.24],
							"pivot": [0, 34.56, -7.2],
							"rotation": [70, 0, 0],
							"uv": {
								"east": {"uv": [60, 82], "uv_size": [1, 1]},
								"west": {"uv": [62, 82], "uv_size": [1, 1]},
								"up": {"uv": [64, 82], "uv_size": [1, 1]},
								"down": {"uv": [82, 65], "uv_size": [1, -1]}
							}
						},
						{
							"origin": [-2.088, 3.492, 5.94],
							"size": [0.54, 2.52, 0.9],
							"pivot": [0, 34.56, -7.2],
							"rotation": [-90, 0, 0],
							"uv": {
								"east": {"uv": [82, 46], "uv_size": [1, 1]},
								"south": {"uv": [82, 48], "uv_size": [1, 1]},
								"west": {"uv": [52, 82], "uv_size": [1, 1]},
								"up": {"uv": [82, 57], "uv_size": [1, 1]},
								"down": {"uv": [82, 60], "uv_size": [1, -1]}
							}
						},
						{
							"origin": [-1.08, 19.26, -16.92],
							"size": [2.16, 2.16, 0.72],
							"pivot": [0, 34.56, -7.2],
							"rotation": [-20, 0, 0],
							"uv": {
								"north": {"uv": [75, 23], "uv_size": [1, 1]},
								"east": {"uv": [75, 32], "uv_size": [1, 1]},
								"south": {"uv": [75, 34], "uv_size": [1, 1]},
								"west": {"uv": [35, 75], "uv_size": [1, 1]},
								"down": {"uv": [75, 37], "uv_size": [1, -1]}
							}
						},
						{
							"origin": [-0.72, 21.42, -16.74],
							"size": [1.44, 0.36, 0.36],
							"pivot": [0, 34.56, -7.2],
							"rotation": [-20, 0, 0],
							"uv": {
								"north": {"uv": [37, 75], "uv_size": [1, 1]},
								"east": {"uv": [39, 75], "uv_size": [1, 1]},
								"south": {"uv": [75, 40], "uv_size": [1, 1]},
								"west": {"uv": [41, 75], "uv_size": [1, 1]},
								"up": {"uv": [75, 42], "uv_size": [1, 1]},
								"down": {"uv": [75, 45], "uv_size": [1, -1]}
							}
						},
						{
							"origin": [-1.44, 22.86, -20.52],
							"size": [2.88, 2.88, 3.2],
							"uv": {
								"north": {"uv": [52, 75], "uv_size": [1, 1]},
								"east": {"uv": [75, 53], "uv_size": [1, 1]},
								"west": {"uv": [75, 55], "uv_size": [1, 1]},
								"down": {"uv": [57, 76], "uv_size": [1, -1]}
							}
						}
					]
				},
				{
					"name": "pitch",
					"parent": "move",
					"pivot": [3.6, 34.56, -8.46],
					"cubes": [
						{
							"origin": [-7.56, 28.57306, -23.00969],
							"size": [15.12, 12.03278, 29.21891],
							"pivot": [0, 34.58945, -8.40023],
							"rotation": [90, 0, 0],
							"uv": {
								"north": {"uv": [57, 39], "uv_size": [2, 2]},
								"east": {"uv": [57, 39], "uv_size": [2, 2]},
								"south": {"uv": [57, 39], "uv_size": [2, 2]},
								"west": {"uv": [57, 39], "uv_size": [2, 2]},
								"up": {"uv": [59, 41], "uv_size": [-2, -2]},
								"down": {"uv": [59, 41], "uv_size": [-2, -2]}
							}
						},
						{
							"origin": [-7.56, 28.57306, -23.00969],
							"size": [15.12, 12.03278, 29.21891],
							"pivot": [0, 34.58945, -8.40023],
							"rotation": [135, 0, 0],
							"uv": {
								"north": {"uv": [57, 39], "uv_size": [2, 2]},
								"east": {"uv": [57, 39], "uv_size": [2, 2]},
								"south": {"uv": [57, 39], "uv_size": [2, 2]},
								"west": {"uv": [57, 39], "uv_size": [2, 2]},
								"up": {"uv": [59, 41], "uv_size": [-2, -2]},
								"down": {"uv": [59, 41], "uv_size": [-2, -2]}
							}
						},
						{
							"origin": [-7.56, 28.57306, -23.00969],
							"size": [15.12, 12.03278, 29.21891],
							"pivot": [0, 34.58945, -8.40023],
							"rotation": [180, 0, 0],
							"uv": {
								"north": {"uv": [57, 39], "uv_size": [2, 2]},
								"east": {"uv": [57, 39], "uv_size": [2, 2]},
								"south": {"uv": [57, 39], "uv_size": [2, 2]},
								"west": {"uv": [57, 39], "uv_size": [2, 2]},
								"up": {"uv": [59, 41], "uv_size": [-2, -2]},
								"down": {"uv": [59, 41], "uv_size": [-2, -2]}
							}
						},
						{
							"origin": [-7.56, 28.57306, -23.00969],
							"size": [15.12, 12.03278, 29.21891],
							"pivot": [0, 34.58945, -8.40023],
							"rotation": [-135, 0, 0],
							"uv": {
								"north": {"uv": [57, 39], "uv_size": [2, 2]},
								"east": {"uv": [57, 39], "uv_size": [2, 2]},
								"south": {"uv": [57, 39], "uv_size": [2, 2]},
								"west": {"uv": [57, 39], "uv_size": [2, 2]},
								"up": {"uv": [59, 41], "uv_size": [-2, -2]},
								"down": {"uv": [59, 41], "uv_size": [-2, -2]}
							}
						}
					]
				},
				{
					"name": "body",
					"parent": "bone",
					"pivot": [0, 34.56, 8.28]
				},
				{
					"name": "base",
					"parent": "body",
					"pivot": [0, 34.56, -7.2]
				},
				{
					"name": "dizuo1",
					"parent": "base",
					"pivot": [0, 0.9, 0],
					"cubes": [
						{
							"origin": [-13.05, 0.36, -31.48],
							"size": [26.1, 6.33, 62.96],
							"uv": {
								"north": {"uv": [56, 25], "uv_size": [3, 1]},
								"south": {"uv": [64, 22], "uv_size": [3, 1]},
								"up": {"uv": [23, 23], "uv_size": [3, 13]},
								"down": {"uv": [0, 37], "uv_size": [3, -13]}
							}
						},
						{
							"origin": [-13.05, 0.36, -31.48],
							"size": [26.1, 6.33, 62.96],
							"pivot": [0, 3.525, 0],
							"rotation": [0, -45, 0],
							"uv": {
								"north": {"uv": [56, 25], "uv_size": [3, 1]},
								"south": {"uv": [64, 22], "uv_size": [3, 1]},
								"up": {"uv": [23, 23], "uv_size": [3, 13]},
								"down": {"uv": [0, 37], "uv_size": [3, -13]}
							}
						},
						{
							"origin": [-13.05, 0.36, -31.48],
							"size": [26.1, 6.33, 62.96],
							"pivot": [0, 3.525, 0],
							"rotation": [0, -90, 0],
							"uv": {
								"north": {"uv": [56, 25], "uv_size": [3, 1]},
								"south": {"uv": [64, 22], "uv_size": [3, 1]},
								"up": {"uv": [23, 23], "uv_size": [3, 13]},
								"down": {"uv": [0, 37], "uv_size": [3, -13]}
							}
						},
						{
							"origin": [-13.05, 0.36, -31.48],
							"size": [26.1, 6.33, 62.96],
							"pivot": [0, 3.525, 0],
							"rotation": [0, -135, 0],
							"uv": {
								"north": {"uv": [56, 25], "uv_size": [3, 1]},
								"south": {"uv": [64, 22], "uv_size": [3, 1]},
								"up": {"uv": [23, 23], "uv_size": [3, 13]},
								"down": {"uv": [0, 37], "uv_size": [3, -13]}
							}
						}
					]
				},
				{
					"name": "paoshen1",
					"parent": "body",
					"pivot": [0, 34.56, -7.2],
					"cubes": [
						{
							"origin": [-22.11, 6.624, -31.32709],
							"size": [44.22, 0.792, 9],
							"uv": {
								"north": {"uv": [56, 8], "uv_size": [9, 1]},
								"up": {"uv": [45, 27], "uv_size": [9, 2]},
								"down": {"uv": [45, 32], "uv_size": [9, -2]}
							}
						},
						{
							"origin": [-6.51747, 6.624, -24.86845],
							"size": [12.22, 0.792, 9],
							"pivot": [15.59253, 0, 6.45864],
							"rotation": [0, -45, 0],
							"uv": {
								"north": {"uv": [56, 8], "uv_size": [9, 1]},
								"up": {"uv": [45, 27], "uv_size": [9, 2]},
								"down": {"uv": [45, 32], "uv_size": [9, -2]}
							}
						},
						{
							"origin": [-5.70253, 6.624, -24.86845],
							"size": [12.22, 0.792, 9],
							"pivot": [-15.59253, 0, 6.45864],
							"rotation": [0, 45, 0],
							"uv": {
								"north": {"uv": [65, 8], "uv_size": [-9, 1]},
								"up": {"uv": [54, 27], "uv_size": [-9, 2]},
								"down": {"uv": [54, 32], "uv_size": [-9, -2]}
							}
						},
						{
							"origin": [-30.78, 6.624, -22.66],
							"size": [61.56, 0.792, 51.1],
							"uv": {
								"east": {"uv": [56, 4], "uv_size": [10, 1]},
								"west": {"uv": [56, 6], "uv_size": [10, 1]},
								"up": {"uv": [0, 13], "uv_size": [12, 10]},
								"down": {"uv": [13, 10], "uv_size": [12, -10]}
							}
						},
						{
							"origin": [-29.34, 6.624, 28.41415],
							"size": [58.68, 0.792, 2.52],
							"uv": {
								"south": {"uv": [49, 33], "uv_size": [12, 1]},
								"up": {"uv": [49, 35], "uv_size": [12, 1]},
								"down": {"uv": [49, 38], "uv_size": [12, -1]}
							}
						},
						{
							"origin": [28.30186, 6.624, 27.37085],
							"size": [1.8, 0.792, 2.88],
							"pivot": [28.44586, 7.02, 29.17085],
							"rotation": [0, -30, 0],
							"uv": {
								"west": {"uv": [75, 57], "uv_size": [1, 1]},
								"up": {"uv": [59, 75], "uv_size": [1, 1]},
								"down": {"uv": [61, 76], "uv_size": [1, -1]}
							}
						},
						{
							"origin": [-30.10186, 6.624, 27.37085],
							"size": [1.8, 0.792, 2.88],
							"pivot": [-28.44586, 7.02, 29.17085],
							"rotation": [0, 30, 0],
							"uv": {
								"east": {"uv": [80, 26], "uv_size": [1, 1]},
								"up": {"uv": [28, 80], "uv_size": [1, 1]},
								"down": {"uv": [80, 29], "uv_size": [1, -1]}
							}
						}
					]
				},
				{
					"name": "1yuanjiao2",
					"parent": "paoshen1",
					"pivot": [-19.98, 7.02, -20.52]
				},
				{
					"name": "paoshen2",
					"parent": "body",
					"pivot": [0, 35.28, -7.2],
					"cubes": [
						{
							"origin": [-21.1961, 7.416, -30.37329],
							"size": [42.3922, 8.64, 0.36],
							"uv": {
								"north": {"uv": [45, 47], "uv_size": [8, 2]}
							}
						},
						{
							"origin": [-6.48925, 7.416, -24.28151],
							"size": [11.8422, 8.64, 0.36],
							"pivot": [14.70685, 0, 6.09178],
							"rotation": [0, -45, 0],
							"uv": {
								"north": {"uv": [50, 47], "uv_size": [-2, 2]}
							}
						},
						{
							"origin": [-5.35295, 7.416, -24.28151],
							"size": [11.8422, 8.64, 0.36],
							"pivot": [-14.70685, 0, 6.09178],
							"rotation": [0, 45, 0],
							"uv": {
								"north": {"uv": [48, 47], "uv_size": [2, 2]}
							}
						},
						{
							"origin": [-28.08, 5.616, 27.142],
							"size": [56.16, 8.64, 7.31],
							"pivot": [0, 9.936, 34.272],
							"rotation": [-55, 0, 0],
							"uv": {
								"east": {"uv": [33, 69], "uv_size": [1, 2]},
								"south": {"uv": [42, 0], "uv_size": [11, 2]},
								"west": {"uv": [35, 69], "uv_size": [1, 2]}
							}
						},
						{
							"origin": [-29.5488, 7.416, -22.0222],
							"size": [59.095, 8.64, 50.4766],
							"uv": {
								"east": {"uv": [42, 9], "uv_size": [10, 2]},
								"west": {"uv": [45, 12], "uv_size": [10, 2]}
							}
						},
						{
							"origin": [-28.89216, 7.416, 27.4176],
							"size": [0.36, 8.64, 2.7648],
							"pivot": [-27.3024, 7.74, 29.1456],
							"rotation": [0, 30, 0],
							"uv": {
								"north": {"uv": [69, 38], "uv_size": [1, 2]},
								"east": {"uv": [47, 69], "uv_size": [1, 2]},
								"south": {"uv": [49, 69], "uv_size": [1, 2]},
								"west": {"uv": [51, 69], "uv_size": [1, 2]},
								"up": {"uv": [76, 2], "uv_size": [1, 1]},
								"down": {"uv": [76, 5], "uv_size": [1, -1]}
							}
						},
						{
							"origin": [28.53216, 7.416, 27.4176],
							"size": [0.36, 8.64, 2.7648],
							"pivot": [27.3024, 7.74, 29.1456],
							"rotation": [0, -30, 0],
							"uv": {
								"north": {"uv": [53, 69], "uv_size": [1, 2]},
								"east": {"uv": [69, 56], "uv_size": [1, 2]},
								"south": {"uv": [69, 59], "uv_size": [1, 2]},
								"west": {"uv": [69, 64], "uv_size": [1, 2]},
								"up": {"uv": [76, 6], "uv_size": [1, 1]},
								"down": {"uv": [76, 9], "uv_size": [1, -1]}
							}
						}
					]
				},
				{
					"name": "2yuanjiao1",
					"parent": "paoshen2",
					"pivot": [19.1808, 7.74, -19.9872]
				},
				{
					"name": "houbuhumian",
					"parent": "paoshen2",
					"pivot": [-22.18988, 12.24, 34.09115],
					"cubes": [
						{
							"origin": [-28.3, 8.4864, 35.31398],
							"size": [4.36, 56.16, 2.6],
							"pivot": [-24.12, 12.4464, 41.17398],
							"rotation": [0, 0, 90],
							"uv": {
								"south": {"uv": [0, 0], "uv_size": [0, 0]},
								"up": {"uv": [36, 79], "uv_size": [1, 1]},
								"down": {"uv": [38, 80], "uv_size": [1, -1]}
							}
						}
					]
				},
				{
					"name": "paoshen4",
					"parent": "body",
					"pivot": [0, 44.28, -7.2],
					"cubes": [
						{
							"origin": [7.59297, 16.03319, -31.32],
							"size": [14.56203, 26.18281, 24.36],
							"uv": {
								"north": {"uv": [20, 30], "uv_size": [2, 5]},
								"east": {"uv": [4, 38], "uv_size": [5, 5]},
								"down": {"uv": [30, 60], "uv_size": [2, -5]}
							}
						},
						{
							"origin": [16.39908, 16.03318, -27.78178],
							"size": [12.21703, 26.18281, 12.36],
							"pivot": [23.5326, 29.12458, -22.60178],
							"rotation": [0, -45, 0],
							"uv": {
								"north": {"uv": [20, 30], "uv_size": [2, 5]},
								"up": {"uv": [0, 0], "uv_size": [0, 0]}
							}
						},
						{
							"origin": [-28.61611, 16.03318, -27.78178],
							"size": [12.21703, 26.18281, 12.36],
							"pivot": [-23.5326, 29.12458, -22.60178],
							"rotation": [0, 45, 0],
							"uv": {
								"north": {"uv": [22, 30], "uv_size": [-2, 5]},
								"up": {"uv": [0, 0], "uv_size": [0, 0]}
							}
						},
						{
							"origin": [-22.155, 16.03319, -31.32],
							"size": [14.56203, 26.18281, 24.36],
							"uv": {
								"north": {"uv": [22, 30], "uv_size": [-2, 5]},
								"west": {"uv": [9, 38], "uv_size": [-5, 5]},
								"down": {"uv": [32, 60], "uv_size": [-2, -5]}
							}
						},
						{
							"origin": [-30.79, 16.03319, -22.67],
							"size": [15, 26.1828, 58.2],
							"uv": {
								"east": {"uv": [13, 11], "uv_size": [12, 5]},
								"west": {"uv": [13, 17], "uv_size": [12, 5]},
								"up": {"uv": [0, 0], "uv_size": [0, 0]},
								"down": {"uv": [0, 12], "uv_size": [12, -12]}
							}
						},
						{
							"origin": [15.79, 16.03319, -22.67],
							"size": [15, 26.1828, 58.2],
							"uv": {
								"east": {"uv": [13, 11], "uv_size": [12, 5]},
								"west": {"uv": [13, 17], "uv_size": [12, 5]},
								"up": {"uv": [0, 0], "uv_size": [0, 0]},
								"down": {"uv": [0, 12], "uv_size": [12, -12]}
							}
						},
						{
							"origin": [-30.77, 39.52242, -22.56888],
							"size": [61.56, 4.875, 58.35],
							"pivot": [0.01, 41.95992, 6.43362],
							"rotation": [4.3, 0, 0],
							"uv": {
								"east": {"uv": [49, 42], "uv_size": [11, 1]},
								"west": {"uv": [49, 44], "uv_size": [11, 1]}
							}
						},
						{
							"origin": [-7.71297, 12.07039, -28.36761],
							"size": [15.44, 0.36, 1.98],
							"pivot": [0.00703, 10.66794, -34.19276],
							"rotation": [45, 0, 0],
							"uv": {
								"up": {"uv": [64, 33], "uv_size": [3, 1]}
							}
						},
						{
							"origin": [-7.71297, 17.07326, -29.91993],
							"size": [15.44, 0.36, 28.98],
							"uv": {
								"up": {"uv": [45, 33], "uv_size": [3, 6]}
							}
						}
					]
				},
				{
					"name": "4yuanjiao5",
					"parent": "paoshen4",
					"pivot": [-19.98, 16.74, 43.22]
				},
				{
					"name": "beiban",
					"parent": "paoshen4",
					"pivot": [0, 34.56, -7.2],
					"cubes": [
						{
							"origin": [-22.0875, 55.18238, 22.98927],
							"size": [44.175, 30.48281, 7.36],
							"pivot": [22.0925, 50.84919, 33.60916],
							"rotation": [180, 0, 0],
							"uv": {
								"north": {"uv": [13, 23], "uv_size": [9, 6]},
								"up": {"uv": [56, 10], "uv_size": [9, 1]}
							}
						},
						{
							"origin": [-26.80457, 55.18238, 26.1033],
							"size": [12.225, 30.48281, 7.36],
							"pivot": [-14.57457, 50.84919, 36.72319],
							"rotation": [180, -45, 0],
							"uv": {
								"north": {"uv": [15, 27], "uv_size": [2, 1]},
								"up": {"uv": [56, 10], "uv_size": [9, 1]},
								"down": {"uv": [0, 0], "uv_size": [0, 0]}
							}
						},
						{
							"origin": [14.57957, 55.18238, 26.1033],
							"size": [12.225, 30.48281, 7.36],
							"pivot": [14.57457, 50.84919, 36.72319],
							"rotation": [180, 45, 0],
							"uv": {
								"north": {"uv": [17, 27], "uv_size": [-2, 1]},
								"up": {"uv": [65, 10], "uv_size": [-9, 1]},
								"down": {"uv": [0, 0], "uv_size": [0, 0]}
							}
						},
						{
							"origin": [-7.7875, 24.85807, 26.46543],
							"size": [15.575, 44.175, 14.36],
							"pivot": [0, 46.94557, 33.64543],
							"rotation": [-180, 45, -90],
							"uv": {
								"north": {"uv": [17, 27], "uv_size": [-2, 1]},
								"up": {"uv": [65, 10], "uv_size": [-9, 1]},
								"down": {"uv": [0, 0], "uv_size": [0, 0]}
							}
						},
						{
							"origin": [14.96202, 18.10679, 0.15514],
							"size": [14.32, 53.425, 8.61],
							"pivot": [21.22952, 44.81929, 7.33514],
							"rotation": [87.53487, 3.15107, -128.06781],
							"uv": {
								"north": {"uv": [17, 27], "uv_size": [-2, 1]},
								"up": {"uv": [65, 10], "uv_size": [-9, 1]},
								"down": {"uv": [0, 0], "uv_size": [0, 0]}
							}
						},
						{
							"origin": [-29.28202, 18.10679, 0.15514],
							"size": [14.32, 53.425, 8.61],
							"pivot": [-21.22952, 44.81929, 7.33514],
							"rotation": [87.53487, -3.15107, 128.06781],
							"uv": {
								"north": {"uv": [15, 27], "uv_size": [2, 1]},
								"up": {"uv": [56, 10], "uv_size": [9, 1]},
								"down": {"uv": [0, 0], "uv_size": [0, 0]}
							}
						}
					]
				},
				{
					"name": "beibanyuanhu1",
					"parent": "beiban",
					"pivot": [-19.98, 47.06465, 33.40101],
					"rotation": [180, 0, 0]
				},
				{
					"name": "top",
					"parent": "body",
					"pivot": [0, 56.99868, 7.52064],
					"cubes": [
						{
							"origin": [7.5875, 43.43831, -20.14955],
							"size": [14.5, 12.36, 53.49],
							"pivot": [-3.7525, 55.83431, 10.83045],
							"rotation": [4.3, 0, 0],
							"uv": {
								"east": {"uv": [42, 3], "uv_size": [11, 2]},
								"up": {"uv": [0, 38], "uv_size": [3, 11]}
							}
						},
						{
							"origin": [7.59297, 52.2466, -40.62431],
							"size": [14.5, 12.36, 15.94],
							"pivot": [-3.74703, 64.6426, -8.94431],
							"rotation": [45, 0, 0],
							"uv": {
								"east": {"uv": [42, 3], "uv_size": [11, 2]},
								"west": {"uv": [0, 0], "uv_size": [0, 0]},
								"up": {"uv": [0, 38], "uv_size": [3, 11]}
							}
						},
						{
							"origin": [-22.09297, 52.2466, -40.62431],
							"size": [14.5, 12.36, 15.94],
							"pivot": [3.74703, 64.6426, -8.94431],
							"rotation": [45, 0, 0],
							"uv": {
								"east": {"uv": [0, 0], "uv_size": [0, 0]},
								"west": {"uv": [53, 3], "uv_size": [-11, 2]},
								"up": {"uv": [3, 38], "uv_size": [-3, 11]}
							}
						},
						{
							"origin": [-22.0875, 43.43831, -20.14955],
							"size": [14.5, 12.36, 53.49],
							"pivot": [3.7525, 55.83431, 10.83045],
							"rotation": [4.3, 0, 0],
							"uv": {
								"west": {"uv": [42, 6], "uv_size": [11, 2]},
								"up": {"uv": [38, 0], "uv_size": [3, 11]}
							}
						},
						{
							"origin": [-7.6175, 56.11373, 5.06131],
							"size": [15.235, 0.36, 28.27],
							"pivot": [0, 56.29373, 19.82131],
							"rotation": [4.3, 0, 0],
							"uv": {
								"up": {"uv": [45, 40], "uv_size": [3, 6]}
							}
						},
						{
							"origin": [-7.6175, 43.87909, 0.59086],
							"size": [15.235, 0.36, 9.77],
							"pivot": [0, 44.05909, -4.39914],
							"rotation": [49.3, 0, 0],
							"uv": {
								"up": {"uv": [56, 22], "uv_size": [3, 2]}
							}
						},
						{
							"origin": [-8.1, 50.976, -14.4],
							"size": [0.36, 1.8, 20.52],
							"pivot": [-7.92, 54.576, -20.52],
							"rotation": [4.8, 0, 0],
							"uv": {
								"north": {"uv": [47, 76], "uv_size": [1, 1]},
								"east": {"uv": [57, 62], "uv_size": [4, 1]},
								"south": {"uv": [76, 48], "uv_size": [1, 1]},
								"west": {"uv": [62, 62], "uv_size": [4, 1]},
								"up": {"uv": [51, 62], "uv_size": [1, 4]},
								"down": {"uv": [53, 66], "uv_size": [1, -4]}
							}
						}
					]
				},
				{
					"name": "bone2",
					"parent": "top",
					"pivot": [14.8375, 55.322, 6.89779]
				},
				{
					"name": "qiuchuang3",
					"parent": "body",
					"pivot": [0, 59.03726, 20.39109],
					"cubes": [
						{
							"origin": [-6.33032, 54.83591, 17.76108],
							"size": [12.66063, 5.26, 5.26],
							"pivot": [0, 57.46591, 20.39108],
							"rotation": [0, 90, 0],
							"uv": {
								"east": {"uv": [12, 85], "uv_size": [1, 1]},
								"west": {"uv": [85, 12], "uv_size": [1, 1]},
								"up": {"uv": [55, 68], "uv_size": [3, 1]}
							}
						},
						{
							"origin": [-6.33032, 54.83591, 17.76108],
							"size": [12.66063, 5.26, 5.26],
							"pivot": [0, 57.46591, 20.39108],
							"rotation": [0, 45, 0],
							"uv": {
								"east": {"uv": [12, 85], "uv_size": [1, 1]},
								"west": {"uv": [85, 12], "uv_size": [1, 1]},
								"up": {"uv": [55, 68], "uv_size": [3, 1]}
							}
						},
						{
							"origin": [-6.33032, 54.83591, 17.76108],
							"size": [12.66063, 5.26, 5.26],
							"pivot": [0, 57.46591, 20.39108],
							"rotation": [0, -45, 0],
							"uv": {
								"east": {"uv": [12, 85], "uv_size": [1, 1]},
								"west": {"uv": [85, 12], "uv_size": [1, 1]},
								"up": {"uv": [55, 68], "uv_size": [3, 1]}
							}
						},
						{
							"origin": [-6.33032, 54.83591, 17.76108],
							"size": [12.66063, 5.26, 5.26],
							"pivot": [0, 57.46591, 20.39108],
							"rotation": [0, 0, 0],
							"uv": {
								"east": {"uv": [12, 85], "uv_size": [1, 1]},
								"west": {"uv": [85, 12], "uv_size": [1, 1]},
								"up": {"uv": [55, 68], "uv_size": [3, 1]}
							}
						}
					]
				},
				{
					"name": "fujiadangkuai",
					"parent": "body",
					"pivot": [-10.44, 26.1, 3.06],
					"cubes": [
						{
							"origin": [16.56, 25.776, -32.4],
							"size": [3.6, 9, 3.6],
							"uv": {
								"north": {"uv": [0, 72], "uv_size": [1, 2]},
								"east": {"uv": [72, 0], "uv_size": [1, 2]},
								"west": {"uv": [2, 72], "uv_size": [1, 2]},
								"up": {"uv": [32, 79], "uv_size": [1, 1]},
								"down": {"uv": [79, 33], "uv_size": [1, -1]}
							}
						},
						{
							"origin": [27, 25.776, -28.08],
							"size": [3.6, 9, 5.04],
							"uv": {
								"north": {"uv": [6, 72], "uv_size": [1, 2]},
								"west": {"uv": [72, 6], "uv_size": [1, 2]},
								"up": {"uv": [34, 79], "uv_size": [1, 1]},
								"down": {"uv": [79, 35], "uv_size": [1, -1]}
							}
						},
						{
							"origin": [-20.16, 25.776, -32.4],
							"size": [3.6, 9, 3.6],
							"uv": {
								"north": {"uv": [10, 72], "uv_size": [1, 2]},
								"east": {"uv": [72, 12], "uv_size": [1, 2]},
								"west": {"uv": [72, 15], "uv_size": [1, 2]},
								"up": {"uv": [50, 79], "uv_size": [1, 1]},
								"down": {"uv": [79, 53], "uv_size": [1, -1]}
							}
						},
						{
							"origin": [-30.6, 25.776, -28.08],
							"size": [3.6, 9, 5.04],
							"uv": {
								"north": {"uv": [8, 72], "uv_size": [1, 2]},
								"east": {"uv": [72, 9], "uv_size": [1, 2]},
								"up": {"uv": [79, 43], "uv_size": [1, 1]},
								"down": {"uv": [48, 80], "uv_size": [1, -1]}
							}
						}
					]
				},
				{
					"name": "huokong2",
					"parent": "body",
					"pivot": [0, 0, 0]
				},
				{
					"name": "qiuchuang2",
					"parent": "huokong2",
					"pivot": [-19.44, 60.12, 2.16],
					"cubes": [
						{
							"origin": [-27.72, 56.52, -1.44],
							"size": [16.56, 7.2, 7.2],
							"uv": {
								"north": {"uv": [56.92683, 39], "uv_size": [2.07317, 2]},
								"east": {"uv": [59.3, 40.33981], "uv_size": [-3, -1.33981]},
								"south": {"uv": [58.66667, 40.6699], "uv_size": [-1.66667, -1.6699]},
								"west": {"uv": [58.66667, 40.6699], "uv_size": [-1.66667, -1.6699]},
								"up": {"uv": [57, 39], "uv_size": [1.66667, 1.6699]},
								"down": {"uv": [57, 39], "uv_size": [1.66667, 1.6699]}
							}
						},
						{
							"origin": [-20.52, 56.52, -1.44],
							"size": [9.36, 7.2, 7.2],
							"pivot": [-19.44, 60.12, 2.16],
							"rotation": [0, 90, 0],
							"uv": {
								"north": {"uv": [56.92683, 39], "uv_size": [2.07317, 2]},
								"east": {"uv": [59.3, 40.33981], "uv_size": [-3, -1.33981]},
								"south": {"uv": [58.66667, 40.6699], "uv_size": [-1.66667, -1.6699]},
								"west": {"uv": [58.66667, 40.6699], "uv_size": [-1.66667, -1.6699]},
								"up": {"uv": [57, 39], "uv_size": [1.66667, 1.6699]},
								"down": {"uv": [57, 39], "uv_size": [1.66667, 1.6699]}
							}
						},
						{
							"origin": [-27.72, 56.52, -1.44],
							"size": [16.56, 7.2, 7.2],
							"pivot": [-19.44, 60.12, 2.16],
							"rotation": [0, 0, -90],
							"uv": {
								"north": {"uv": [56.92683, 39], "uv_size": [2.07317, 2]},
								"east": {"uv": [59.3, 40.33981], "uv_size": [-3, -1.33981]},
								"south": {"uv": [58.66667, 40.6699], "uv_size": [-1.66667, -1.6699]},
								"west": {"uv": [58.66667, 40.6699], "uv_size": [-1.66667, -1.6699]},
								"up": {"uv": [57, 39], "uv_size": [1.66667, 1.6699]},
								"down": {"uv": [57, 39], "uv_size": [1.66667, 1.6699]}
							}
						},
						{
							"origin": [-27.54, 56.88, -1.44],
							"size": [16.56, 6.48, 7.2],
							"pivot": [-19.44, 60.12, 2.16],
							"rotation": [0, 0, -45],
							"uv": {
								"north": {"uv": [56.92683, 39], "uv_size": [2.07317, 2]},
								"east": {"uv": [59.3, 40.33981], "uv_size": [-3, -1.33981]},
								"south": {"uv": [58.66667, 40.6699], "uv_size": [-1.66667, -1.6699]},
								"west": {"uv": [58.66667, 40.6699], "uv_size": [-1.66667, -1.6699]},
								"up": {"uv": [57, 39], "uv_size": [1.66667, 1.6699]},
								"down": {"uv": [57, 39], "uv_size": [1.66667, 1.6699]}
							}
						},
						{
							"origin": [-23.04, 56.7, -5.94],
							"size": [7.2, 6.48, 16.56],
							"pivot": [-19.44, 60.48, 2.52],
							"rotation": [-45, 0, 0],
							"uv": {
								"north": {"uv": [56.92683, 39], "uv_size": [2.07317, 2]},
								"east": {"uv": [59.3, 40.33981], "uv_size": [-3, -1.33981]},
								"south": {"uv": [58.66667, 40.6699], "uv_size": [-1.66667, -1.6699]},
								"west": {"uv": [58.66667, 40.6699], "uv_size": [-1.66667, -1.6699]},
								"up": {"uv": [57, 39], "uv_size": [1.66667, 1.6699]},
								"down": {"uv": [57, 39], "uv_size": [1.66667, 1.6699]}
							}
						},
						{
							"origin": [-27.54, 56.88, -1.44],
							"size": [16.56, 6.48, 7.2],
							"pivot": [-19.44, 60.12, 2.16],
							"rotation": [0, 0, -135],
							"uv": {
								"north": {"uv": [56.92683, 39], "uv_size": [2.07317, 2]},
								"east": {"uv": [59.3, 40.33981], "uv_size": [-3, -1.33981]},
								"south": {"uv": [58.66667, 40.6699], "uv_size": [-1.66667, -1.6699]},
								"west": {"uv": [58.66667, 40.6699], "uv_size": [-1.66667, -1.6699]},
								"up": {"uv": [57, 39], "uv_size": [1.66667, 1.6699]},
								"down": {"uv": [57, 39], "uv_size": [1.66667, 1.6699]}
							}
						},
						{
							"origin": [-20.34, 56.52, -1.08],
							"size": [9.36, 7.2, 6.48],
							"pivot": [-19.44, 60.12, 2.16],
							"rotation": [0, 45, 0],
							"uv": {
								"north": {"uv": [56.92683, 39], "uv_size": [2.07317, 2]},
								"east": {"uv": [59.3, 40.33981], "uv_size": [-3, -1.33981]},
								"south": {"uv": [58.66667, 40.6699], "uv_size": [-1.66667, -1.6699]},
								"west": {"uv": [58.66667, 40.6699], "uv_size": [-1.66667, -1.6699]},
								"up": {"uv": [57, 39], "uv_size": [1.66667, 1.6699]},
								"down": {"uv": [57, 39], "uv_size": [1.66667, 1.6699]}
							}
						},
						{
							"origin": [-20.34, 56.52, -1.08],
							"size": [9.36, 7.2, 6.48],
							"pivot": [-19.44, 60.12, 2.16],
							"rotation": [0, 135, 0],
							"uv": {
								"north": {"uv": [56.92683, 39], "uv_size": [2.07317, 2]},
								"east": {"uv": [59.3, 40.33981], "uv_size": [-3, -1.33981]},
								"south": {"uv": [58.66667, 40.6699], "uv_size": [-1.66667, -1.6699]},
								"west": {"uv": [58.66667, 40.6699], "uv_size": [-1.66667, -1.6699]},
								"up": {"uv": [57, 39], "uv_size": [1.66667, 1.6699]},
								"down": {"uv": [57, 39], "uv_size": [1.66667, 1.6699]}
							}
						}
					]
				},
				{
					"name": "qiuke2",
					"parent": "huokong2",
					"pivot": [-19.44, 60.12, 2.16],
					"cubes": [
						{
							"origin": [-28.2168, 56.304, -1.656],
							"size": [17.5536, 6.192, 3.632],
							"uv": {
								"north": {"uv": [72, 13], "uv_size": [1, 1]},
								"east": {"uv": [72, 13], "uv_size": [1, 1]},
								"south": {"uv": [72, 13], "uv_size": [1, 1]},
								"west": {"uv": [72, 13], "uv_size": [1, 1]},
								"up": {"uv": [73, 14], "uv_size": [-1, -1]},
								"down": {"uv": [73, 14], "uv_size": [-1, -1]}
							}
						},
						{
							"origin": [-28.2168, 56.304, 1.944],
							"size": [17.5536, 7.632, 4.032],
							"uv": {
								"north": {"uv": [72, 13], "uv_size": [1, 1]},
								"east": {"uv": [72, 13], "uv_size": [1, 1]},
								"south": {"uv": [72, 13], "uv_size": [1, 1]},
								"west": {"uv": [72, 13], "uv_size": [1, 1]},
								"up": {"uv": [73, 14], "uv_size": [-1, -1]},
								"down": {"uv": [73, 14], "uv_size": [-1, -1]}
							}
						},
						{
							"origin": [-28.2168, 56.304, -1.656],
							"size": [17.5536, 6.192, 7.632],
							"pivot": [-19.44, 60.12, 2.16],
							"rotation": [0, 90, 0],
							"uv": {
								"north": {"uv": [72, 13], "uv_size": [1, 1]},
								"east": {"uv": [72, 13], "uv_size": [1, 1]},
								"south": {"uv": [72, 13], "uv_size": [1, 1]},
								"west": {"uv": [72, 13], "uv_size": [1, 1]},
								"up": {"uv": [73, 14], "uv_size": [-1, -1]},
								"down": {"uv": [73, 14], "uv_size": [-1, -1]}
							}
						},
						{
							"origin": [-28.2168, 56.304, 1.944],
							"size": [17.5536, 7.632, 4.032],
							"pivot": [-19.44, 60.12, 5.76],
							"rotation": [0, 0, -90],
							"uv": {
								"north": {"uv": [72, 13], "uv_size": [1, 1]},
								"east": {"uv": [72, 13], "uv_size": [1, 1]},
								"south": {"uv": [72, 13], "uv_size": [1, 1]},
								"west": {"uv": [72, 13], "uv_size": [1, 1]},
								"up": {"uv": [73, 14], "uv_size": [-1, -1]},
								"down": {"uv": [73, 14], "uv_size": [-1, -1]}
							}
						},
						{
							"origin": [-28.026, 56.6856, 1.944],
							"size": [17.5536, 6.8688, 4.032],
							"pivot": [-19.44, 60.12, 5.76],
							"rotation": [0, 0, -45],
							"uv": {
								"north": {"uv": [72, 13], "uv_size": [1, 1]},
								"east": {"uv": [72, 13], "uv_size": [1, 1]},
								"south": {"uv": [72, 13], "uv_size": [1, 1]},
								"west": {"uv": [72, 13], "uv_size": [1, 1]},
								"up": {"uv": [73, 14], "uv_size": [-1, -1]},
								"down": {"uv": [73, 14], "uv_size": [-1, -1]}
							}
						},
						{
							"origin": [-28.026, 56.6856, 1.944],
							"size": [17.5536, 6.8688, 4.032],
							"pivot": [-19.44, 60.12, 5.76],
							"rotation": [0, 0, -135],
							"uv": {
								"north": {"uv": [72, 13], "uv_size": [1, 1]},
								"east": {"uv": [72, 13], "uv_size": [1, 1]},
								"south": {"uv": [72, 13], "uv_size": [1, 1]},
								"west": {"uv": [72, 13], "uv_size": [1, 1]},
								"up": {"uv": [73, 14], "uv_size": [-1, -1]},
								"down": {"uv": [73, 14], "uv_size": [-1, -1]}
							}
						},
						{
							"origin": [-23.256, 55.7316, -6.426],
							"size": [7.632, 6.8688, 17.5536],
							"pivot": [-19.44, 59.7384, 2.5416],
							"rotation": [-135, 0, 0],
							"uv": {
								"north": {"uv": [72, 13], "uv_size": [1, 1]},
								"east": {"uv": [72, 13], "uv_size": [1, 1]},
								"south": {"uv": [72, 13], "uv_size": [1, 1]},
								"west": {"uv": [72, 13], "uv_size": [1, 1]},
								"up": {"uv": [73, 14], "uv_size": [-1, -1]},
								"down": {"uv": [73, 14], "uv_size": [-1, -1]}
							}
						},
						{
							"origin": [-20.826, 56.304, -1.2744],
							"size": [10.3536, 6.192, 6.8688],
							"pivot": [-19.44, 60.12, 2.16],
							"rotation": [0, 45, 0],
							"uv": {
								"north": {"uv": [72, 13], "uv_size": [1, 1]},
								"east": {"uv": [72, 13], "uv_size": [1, 1]},
								"south": {"uv": [72, 13], "uv_size": [1, 1]},
								"west": {"uv": [72, 13], "uv_size": [1, 1]},
								"up": {"uv": [73, 14], "uv_size": [-1, -1]},
								"down": {"uv": [73, 14], "uv_size": [-1, -1]}
							}
						},
						{
							"origin": [-28.386, 56.304, -1.2744],
							"size": [6.7536, 7.632, 6.8688],
							"pivot": [-19.44, 60.12, 2.16],
							"rotation": [0, 135, 0],
							"uv": {
								"north": {"uv": [72, 13], "uv_size": [1, 1]},
								"east": {"uv": [72, 13], "uv_size": [1, 1]},
								"south": {"uv": [72, 13], "uv_size": [1, 1]},
								"west": {"uv": [72, 13], "uv_size": [1, 1]},
								"up": {"uv": [73, 14], "uv_size": [-1, -1]},
								"down": {"uv": [73, 14], "uv_size": [-1, -1]}
							}
						},
						{
							"origin": [-28.386, 56.304, -1.2744],
							"size": [6.7536, 6.192, 6.8688],
							"pivot": [-19.44, 60.12, 2.16],
							"rotation": [0, -45, 0],
							"uv": {
								"north": {"uv": [72, 13], "uv_size": [1, 1]},
								"east": {"uv": [72, 13], "uv_size": [1, 1]},
								"south": {"uv": [72, 13], "uv_size": [1, 1]},
								"west": {"uv": [72, 13], "uv_size": [1, 1]},
								"up": {"uv": [73, 14], "uv_size": [-1, -1]},
								"down": {"uv": [73, 14], "uv_size": [-1, -1]}
							}
						},
						{
							"origin": [-20.826, 56.304, -1.2744],
							"size": [10.3536, 7.632, 6.8688],
							"pivot": [-19.44, 60.12, 2.16],
							"rotation": [0, -135, 0],
							"uv": {
								"north": {"uv": [72, 13], "uv_size": [1, 1]},
								"east": {"uv": [72, 13], "uv_size": [1, 1]},
								"south": {"uv": [72, 13], "uv_size": [1, 1]},
								"west": {"uv": [72, 13], "uv_size": [1, 1]},
								"up": {"uv": [73, 14], "uv_size": [-1, -1]},
								"down": {"uv": [73, 14], "uv_size": [-1, -1]}
							}
						}
					]
				},
				{
					"name": "qianchuang2",
					"parent": "huokong2",
					"pivot": [-21.96, 56.52, -7.56],
					"cubes": [
						{
							"origin": [-23.04, 52.2, -11.16],
							"size": [7.2, 8.36, 6.48],
							"pivot": [-21.96, 56.52, -7.56],
							"rotation": [-15, 0, 0],
							"uv": {
								"north": {"uv": [17, 34], "uv_size": [2, 3]},
								"east": {"uv": [17, 34], "uv_size": [2, 3]},
								"south": {"uv": [17, 34], "uv_size": [2, 3]},
								"west": {"uv": [17, 34], "uv_size": [2, 3]},
								"up": {"uv": [19, 37], "uv_size": [-2, -3]},
								"down": {"uv": [19, 37], "uv_size": [-2, -3]}
							}
						},
						{
							"origin": [-23.04, 46.08, -7.2],
							"size": [7.19609, 6.16, 0.36],
							"pivot": [-21.96, 56.52, -7.56],
							"rotation": [-76, 0, 0],
							"uv": {
								"north": {"uv": [9, 28], "uv_size": [1, 3]},
								"east": {"uv": [9, 28], "uv_size": [1, 3]},
								"south": {"uv": [9, 28], "uv_size": [1, 3]},
								"west": {"uv": [9, 28], "uv_size": [1, 3]},
								"up": {"uv": [10, 31], "uv_size": [-1, -3]},
								"down": {"uv": [10, 31], "uv_size": [-1, -3]}
							}
						}
					]
				},
				{
					"name": "fujian2",
					"parent": "huokong2",
					"pivot": [-15.12, 60.48, 1.08],
					"rotation": [0, 0, -90]
				},
				{
					"name": "xiazhu2",
					"parent": "huokong2",
					"pivot": [-18.70953, 42.48, 2.16],
					"cubes": [
						{
							"origin": [-23.97692, 46.08, -9.17694],
							"size": [9.53478, 10.8, 22.66938],
							"uv": {
								"north": {"uv": [4, 14], "uv_size": [4, 3]},
								"south": {"uv": [4, 14], "uv_size": [4, 3]},
								"up": {"uv": [8, 17], "uv_size": [-4, -3]}
							}
						},
						{
							"origin": [-23.97692, 46.08, -9.17694],
							"size": [9.53478, 10.8, 22.66938],
							"pivot": [-19.20953, 51.48, 2.15775],
							"rotation": [0, -45, 0],
							"uv": {
								"north": {"uv": [4, 14], "uv_size": [4, 3]},
								"south": {"uv": [4, 14], "uv_size": [4, 3]},
								"up": {"uv": [8, 17], "uv_size": [-4, -3]}
							}
						},
						{
							"origin": [-23.97692, 46.08, -9.17694],
							"size": [9.53478, 10.8, 22.66938],
							"pivot": [-19.20953, 51.48, 2.15775],
							"rotation": [0, -90, 0],
							"uv": {
								"north": {"uv": [4, 14], "uv_size": [4, 3]},
								"south": {"uv": [4, 14], "uv_size": [4, 3]},
								"up": {"uv": [8, 17], "uv_size": [-4, -3]}
							}
						},
						{
							"origin": [-23.97692, 46.08, -9.17694],
							"size": [9.53478, 10.8, 22.66938],
							"pivot": [-19.20953, 51.48, 2.15775],
							"rotation": [-180, -45, 180],
							"uv": {
								"north": {"uv": [4, 14], "uv_size": [4, 3]},
								"south": {"uv": [4, 14], "uv_size": [4, 3]},
								"up": {"uv": [8, 17], "uv_size": [-4, -3]}
							}
						}
					]
				},
				{
					"name": "shangzhu2",
					"parent": "huokong2",
					"pivot": [-19.44, 50.76, 2.16],
					"cubes": [
						{
							"origin": [-23.41728, 56.52, -7.4764],
							"size": [7.95456, 5.04, 19.26928],
							"uv": {
								"north": {"uv": [4, 14], "uv_size": [4, 3]},
								"south": {"uv": [4, 14], "uv_size": [4, 3]},
								"up": {"uv": [8, 17], "uv_size": [-4, -3]}
							}
						},
						{
							"origin": [-23.41728, 56.52, -7.4764],
							"size": [7.95456, 5.04, 19.26928],
							"pivot": [-19.44, 59.04, 2.15824],
							"rotation": [0, -45, 0],
							"uv": {
								"north": {"uv": [4, 14], "uv_size": [4, 3]},
								"south": {"uv": [4, 14], "uv_size": [4, 3]},
								"up": {"uv": [8, 17], "uv_size": [-4, -3]}
							}
						},
						{
							"origin": [-23.41728, 56.52, -7.4764],
							"size": [7.95456, 5.04, 19.26928],
							"pivot": [-19.44, 59.04, 2.15824],
							"rotation": [0, -90, 0],
							"uv": {
								"north": {"uv": [4, 14], "uv_size": [4, 3]},
								"south": {"uv": [4, 14], "uv_size": [4, 3]},
								"up": {"uv": [8, 17], "uv_size": [-4, -3]}
							}
						},
						{
							"origin": [-23.41728, 56.52, -7.4764],
							"size": [7.95456, 5.04, 19.26928],
							"pivot": [-19.44, 59.04, 2.15824],
							"rotation": [-180, -45, 180],
							"uv": {
								"north": {"uv": [4, 14], "uv_size": [4, 3]},
								"south": {"uv": [4, 14], "uv_size": [4, 3]},
								"up": {"uv": [8, 17], "uv_size": [-4, -3]}
							}
						}
					]
				},
				{
					"name": "huokong3",
					"parent": "body",
					"pivot": [0, 0, 0]
				},
				{
					"name": "qiuchuang4",
					"parent": "huokong3",
					"pivot": [19.44, 60.12, 2.16],
					"cubes": [
						{
							"origin": [11.16, 56.52, -1.44],
							"size": [16.56, 7.2, 7.2],
							"uv": {
								"north": {"uv": [59, 39], "uv_size": [-2.07317, 2]},
								"east": {"uv": [57, 40.6699], "uv_size": [1.66667, -1.6699]},
								"south": {"uv": [57, 40.6699], "uv_size": [1.66667, -1.6699]},
								"west": {"uv": [56.3, 40.33981], "uv_size": [3, -1.33981]},
								"up": {"uv": [58.66667, 39], "uv_size": [-1.66667, 1.6699]},
								"down": {"uv": [58.66667, 39], "uv_size": [-1.66667, 1.6699]}
							}
						},
						{
							"origin": [11.16, 56.52, -1.44],
							"size": [9.36, 7.2, 7.2],
							"pivot": [19.44, 60.12, 2.16],
							"rotation": [0, -90, 0],
							"uv": {
								"north": {"uv": [59, 39], "uv_size": [-2.07317, 2]},
								"east": {"uv": [57, 40.6699], "uv_size": [1.66667, -1.6699]},
								"south": {"uv": [57, 40.6699], "uv_size": [1.66667, -1.6699]},
								"west": {"uv": [56.3, 40.33981], "uv_size": [3, -1.33981]},
								"up": {"uv": [58.66667, 39], "uv_size": [-1.66667, 1.6699]},
								"down": {"uv": [58.66667, 39], "uv_size": [-1.66667, 1.6699]}
							}
						},
						{
							"origin": [11.16, 56.52, -1.44],
							"size": [16.56, 7.2, 7.2],
							"pivot": [19.44, 60.12, 2.16],
							"rotation": [0, 0, 90],
							"uv": {
								"north": {"uv": [59, 39], "uv_size": [-2.07317, 2]},
								"east": {"uv": [57, 40.6699], "uv_size": [1.66667, -1.6699]},
								"south": {"uv": [57, 40.6699], "uv_size": [1.66667, -1.6699]},
								"west": {"uv": [56.3, 40.33981], "uv_size": [3, -1.33981]},
								"up": {"uv": [58.66667, 39], "uv_size": [-1.66667, 1.6699]},
								"down": {"uv": [58.66667, 39], "uv_size": [-1.66667, 1.6699]}
							}
						},
						{
							"origin": [10.98, 56.88, -1.44],
							"size": [16.56, 6.48, 7.2],
							"pivot": [19.44, 60.12, 2.16],
							"rotation": [0, 0, 45],
							"uv": {
								"north": {"uv": [59, 39], "uv_size": [-2.07317, 2]},
								"east": {"uv": [57, 40.6699], "uv_size": [1.66667, -1.6699]},
								"south": {"uv": [57, 40.6699], "uv_size": [1.66667, -1.6699]},
								"west": {"uv": [56.3, 40.33981], "uv_size": [3, -1.33981]},
								"up": {"uv": [58.66667, 39], "uv_size": [-1.66667, 1.6699]},
								"down": {"uv": [58.66667, 39], "uv_size": [-1.66667, 1.6699]}
							}
						},
						{
							"origin": [15.84, 56.7, -5.94],
							"size": [7.2, 6.48, 16.56],
							"pivot": [19.44, 60.48, 2.52],
							"rotation": [-45, 0, 0],
							"uv": {
								"north": {"uv": [59, 39], "uv_size": [-2.07317, 2]},
								"east": {"uv": [57, 40.6699], "uv_size": [1.66667, -1.6699]},
								"south": {"uv": [57, 40.6699], "uv_size": [1.66667, -1.6699]},
								"west": {"uv": [56.3, 40.33981], "uv_size": [3, -1.33981]},
								"up": {"uv": [58.66667, 39], "uv_size": [-1.66667, 1.6699]},
								"down": {"uv": [58.66667, 39], "uv_size": [-1.66667, 1.6699]}
							}
						},
						{
							"origin": [10.98, 56.88, -1.44],
							"size": [16.56, 6.48, 7.2],
							"pivot": [19.44, 60.12, 2.16],
							"rotation": [0, 0, 135],
							"uv": {
								"north": {"uv": [59, 39], "uv_size": [-2.07317, 2]},
								"east": {"uv": [57, 40.6699], "uv_size": [1.66667, -1.6699]},
								"south": {"uv": [57, 40.6699], "uv_size": [1.66667, -1.6699]},
								"west": {"uv": [56.3, 40.33981], "uv_size": [3, -1.33981]},
								"up": {"uv": [58.66667, 39], "uv_size": [-1.66667, 1.6699]},
								"down": {"uv": [58.66667, 39], "uv_size": [-1.66667, 1.6699]}
							}
						},
						{
							"origin": [10.98, 56.52, -1.08],
							"size": [9.36, 7.2, 6.48],
							"pivot": [19.44, 60.12, 2.16],
							"rotation": [0, -45, 0],
							"uv": {
								"north": {"uv": [59, 39], "uv_size": [-2.07317, 2]},
								"east": {"uv": [57, 40.6699], "uv_size": [1.66667, -1.6699]},
								"south": {"uv": [57, 40.6699], "uv_size": [1.66667, -1.6699]},
								"west": {"uv": [56.3, 40.33981], "uv_size": [3, -1.33981]},
								"up": {"uv": [58.66667, 39], "uv_size": [-1.66667, 1.6699]},
								"down": {"uv": [58.66667, 39], "uv_size": [-1.66667, 1.6699]}
							}
						},
						{
							"origin": [10.98, 56.52, -1.08],
							"size": [9.36, 7.2, 6.48],
							"pivot": [19.44, 60.12, 2.16],
							"rotation": [0, -135, 0],
							"uv": {
								"north": {"uv": [59, 39], "uv_size": [-2.07317, 2]},
								"east": {"uv": [57, 40.6699], "uv_size": [1.66667, -1.6699]},
								"south": {"uv": [57, 40.6699], "uv_size": [1.66667, -1.6699]},
								"west": {"uv": [56.3, 40.33981], "uv_size": [3, -1.33981]},
								"up": {"uv": [58.66667, 39], "uv_size": [-1.66667, 1.6699]},
								"down": {"uv": [58.66667, 39], "uv_size": [-1.66667, 1.6699]}
							}
						}
					]
				},
				{
					"name": "qiuke3",
					"parent": "huokong3",
					"pivot": [19.44, 60.12, 2.16],
					"cubes": [
						{
							"origin": [10.6632, 56.304, -1.656],
							"size": [17.5536, 6.192, 3.632],
							"uv": {
								"north": {"uv": [73, 13], "uv_size": [-1, 1]},
								"east": {"uv": [73, 13], "uv_size": [-1, 1]},
								"south": {"uv": [73, 13], "uv_size": [-1, 1]},
								"west": {"uv": [73, 13], "uv_size": [-1, 1]},
								"up": {"uv": [72, 14], "uv_size": [1, -1]},
								"down": {"uv": [72, 14], "uv_size": [1, -1]}
							}
						},
						{
							"origin": [10.6632, 56.304, 1.944],
							"size": [17.5536, 7.632, 4.032],
							"uv": {
								"north": {"uv": [73, 13], "uv_size": [-1, 1]},
								"east": {"uv": [73, 13], "uv_size": [-1, 1]},
								"south": {"uv": [73, 13], "uv_size": [-1, 1]},
								"west": {"uv": [73, 13], "uv_size": [-1, 1]},
								"up": {"uv": [72, 14], "uv_size": [1, -1]},
								"down": {"uv": [72, 14], "uv_size": [1, -1]}
							}
						},
						{
							"origin": [10.6632, 56.304, -1.656],
							"size": [17.5536, 6.192, 7.632],
							"pivot": [19.44, 60.12, 2.16],
							"rotation": [0, -90, 0],
							"uv": {
								"north": {"uv": [73, 13], "uv_size": [-1, 1]},
								"east": {"uv": [73, 13], "uv_size": [-1, 1]},
								"south": {"uv": [73, 13], "uv_size": [-1, 1]},
								"west": {"uv": [73, 13], "uv_size": [-1, 1]},
								"up": {"uv": [72, 14], "uv_size": [1, -1]},
								"down": {"uv": [72, 14], "uv_size": [1, -1]}
							}
						},
						{
							"origin": [10.6632, 56.304, 1.944],
							"size": [17.5536, 7.632, 4.032],
							"pivot": [19.44, 60.12, 5.76],
							"rotation": [0, 0, 90],
							"uv": {
								"north": {"uv": [73, 13], "uv_size": [-1, 1]},
								"east": {"uv": [73, 13], "uv_size": [-1, 1]},
								"south": {"uv": [73, 13], "uv_size": [-1, 1]},
								"west": {"uv": [73, 13], "uv_size": [-1, 1]},
								"up": {"uv": [72, 14], "uv_size": [1, -1]},
								"down": {"uv": [72, 14], "uv_size": [1, -1]}
							}
						},
						{
							"origin": [10.4724, 56.6856, 1.944],
							"size": [17.5536, 6.8688, 4.032],
							"pivot": [19.44, 60.12, 5.76],
							"rotation": [0, 0, 45],
							"uv": {
								"north": {"uv": [73, 13], "uv_size": [-1, 1]},
								"east": {"uv": [73, 13], "uv_size": [-1, 1]},
								"south": {"uv": [73, 13], "uv_size": [-1, 1]},
								"west": {"uv": [73, 13], "uv_size": [-1, 1]},
								"up": {"uv": [72, 14], "uv_size": [1, -1]},
								"down": {"uv": [72, 14], "uv_size": [1, -1]}
							}
						},
						{
							"origin": [10.4724, 56.6856, 1.944],
							"size": [17.5536, 6.8688, 4.032],
							"pivot": [19.44, 60.12, 5.76],
							"rotation": [0, 0, 135],
							"uv": {
								"north": {"uv": [73, 13], "uv_size": [-1, 1]},
								"east": {"uv": [73, 13], "uv_size": [-1, 1]},
								"south": {"uv": [73, 13], "uv_size": [-1, 1]},
								"west": {"uv": [73, 13], "uv_size": [-1, 1]},
								"up": {"uv": [72, 14], "uv_size": [1, -1]},
								"down": {"uv": [72, 14], "uv_size": [1, -1]}
							}
						},
						{
							"origin": [15.624, 55.7316, -6.426],
							"size": [7.632, 6.8688, 17.5536],
							"pivot": [19.44, 59.7384, 2.5416],
							"rotation": [-135, 0, 0],
							"uv": {
								"north": {"uv": [73, 13], "uv_size": [-1, 1]},
								"east": {"uv": [73, 13], "uv_size": [-1, 1]},
								"south": {"uv": [73, 13], "uv_size": [-1, 1]},
								"west": {"uv": [73, 13], "uv_size": [-1, 1]},
								"up": {"uv": [72, 14], "uv_size": [1, -1]},
								"down": {"uv": [72, 14], "uv_size": [1, -1]}
							}
						},
						{
							"origin": [10.4724, 56.304, -1.2744],
							"size": [10.3536, 6.192, 6.8688],
							"pivot": [19.44, 60.12, 2.16],
							"rotation": [0, -45, 0],
							"uv": {
								"north": {"uv": [73, 13], "uv_size": [-1, 1]},
								"east": {"uv": [73, 13], "uv_size": [-1, 1]},
								"south": {"uv": [73, 13], "uv_size": [-1, 1]},
								"west": {"uv": [73, 13], "uv_size": [-1, 1]},
								"up": {"uv": [72, 14], "uv_size": [1, -1]},
								"down": {"uv": [72, 14], "uv_size": [1, -1]}
							}
						},
						{
							"origin": [21.6324, 56.304, -1.2744],
							"size": [6.7536, 7.632, 6.8688],
							"pivot": [19.44, 60.12, 2.16],
							"rotation": [0, -135, 0],
							"uv": {
								"north": {"uv": [73, 13], "uv_size": [-1, 1]},
								"east": {"uv": [73, 13], "uv_size": [-1, 1]},
								"south": {"uv": [73, 13], "uv_size": [-1, 1]},
								"west": {"uv": [73, 13], "uv_size": [-1, 1]},
								"up": {"uv": [72, 14], "uv_size": [1, -1]},
								"down": {"uv": [72, 14], "uv_size": [1, -1]}
							}
						},
						{
							"origin": [21.6324, 56.304, -1.2744],
							"size": [6.7536, 6.192, 6.8688],
							"pivot": [19.44, 60.12, 2.16],
							"rotation": [0, 45, 0],
							"uv": {
								"north": {"uv": [73, 13], "uv_size": [-1, 1]},
								"east": {"uv": [73, 13], "uv_size": [-1, 1]},
								"south": {"uv": [73, 13], "uv_size": [-1, 1]},
								"west": {"uv": [73, 13], "uv_size": [-1, 1]},
								"up": {"uv": [72, 14], "uv_size": [1, -1]},
								"down": {"uv": [72, 14], "uv_size": [1, -1]}
							}
						},
						{
							"origin": [10.4724, 56.304, -1.2744],
							"size": [10.3536, 7.632, 6.8688],
							"pivot": [19.44, 60.12, 2.16],
							"rotation": [0, 135, 0],
							"uv": {
								"north": {"uv": [73, 13], "uv_size": [-1, 1]},
								"east": {"uv": [73, 13], "uv_size": [-1, 1]},
								"south": {"uv": [73, 13], "uv_size": [-1, 1]},
								"west": {"uv": [73, 13], "uv_size": [-1, 1]},
								"up": {"uv": [72, 14], "uv_size": [1, -1]},
								"down": {"uv": [72, 14], "uv_size": [1, -1]}
							}
						}
					]
				},
				{
					"name": "qianchuang3",
					"parent": "huokong3",
					"pivot": [21.96, 56.52, -7.56],
					"cubes": [
						{
							"origin": [15.84, 52.2, -11.16],
							"size": [7.2, 8.36, 6.48],
							"pivot": [21.96, 56.52, -7.56],
							"rotation": [-15, 0, 0],
							"uv": {
								"north": {"uv": [19, 34], "uv_size": [-2, 3]},
								"east": {"uv": [19, 34], "uv_size": [-2, 3]},
								"south": {"uv": [19, 34], "uv_size": [-2, 3]},
								"west": {"uv": [19, 34], "uv_size": [-2, 3]},
								"up": {"uv": [17, 37], "uv_size": [2, -3]},
								"down": {"uv": [17, 37], "uv_size": [2, -3]}
							}
						},
						{
							"origin": [15.84391, 46.08, -7.2],
							"size": [7.19609, 6.16, 0.36],
							"pivot": [21.96, 56.52, -7.56],
							"rotation": [-76, 0, 0],
							"uv": {
								"north": {"uv": [10, 28], "uv_size": [-1, 3]},
								"east": {"uv": [10, 28], "uv_size": [-1, 3]},
								"south": {"uv": [10, 28], "uv_size": [-1, 3]},
								"west": {"uv": [10, 28], "uv_size": [-1, 3]},
								"up": {"uv": [9, 31], "uv_size": [1, -3]},
								"down": {"uv": [9, 31], "uv_size": [1, -3]}
							}
						}
					]
				},
				{
					"name": "fujian3",
					"parent": "huokong3",
					"pivot": [15.12, 60.48, 1.08],
					"rotation": [0, 0, 90]
				},
				{
					"name": "xiazhu3",
					"parent": "huokong3",
					"pivot": [18.70953, 42.48, 2.16],
					"cubes": [
						{
							"origin": [14.44214, 46.08, -9.17694],
							"size": [9.53478, 10.8, 22.66938],
							"uv": {
								"north": {"uv": [8, 14], "uv_size": [-4, 3]},
								"south": {"uv": [8, 14], "uv_size": [-4, 3]},
								"up": {"uv": [4, 17], "uv_size": [4, -3]}
							}
						},
						{
							"origin": [14.44214, 46.08, -9.17694],
							"size": [9.53478, 10.8, 22.66938],
							"pivot": [19.20953, 51.48, 2.15775],
							"rotation": [0, 45, 0],
							"uv": {
								"north": {"uv": [8, 14], "uv_size": [-4, 3]},
								"south": {"uv": [8, 14], "uv_size": [-4, 3]},
								"up": {"uv": [4, 17], "uv_size": [4, -3]}
							}
						},
						{
							"origin": [14.44214, 46.08, -9.17694],
							"size": [9.53478, 10.8, 22.66938],
							"pivot": [19.20953, 51.48, 2.15775],
							"rotation": [0, 90, 0],
							"uv": {
								"north": {"uv": [8, 14], "uv_size": [-4, 3]},
								"south": {"uv": [8, 14], "uv_size": [-4, 3]},
								"up": {"uv": [4, 17], "uv_size": [4, -3]}
							}
						},
						{
							"origin": [14.44214, 46.08, -9.17694],
							"size": [9.53478, 10.8, 22.66938],
							"pivot": [19.20953, 51.48, 2.15775],
							"rotation": [-180, 45, -180],
							"uv": {
								"north": {"uv": [8, 14], "uv_size": [-4, 3]},
								"south": {"uv": [8, 14], "uv_size": [-4, 3]},
								"up": {"uv": [4, 17], "uv_size": [4, -3]}
							}
						}
					]
				},
				{
					"name": "shangzhu3",
					"parent": "huokong3",
					"pivot": [19.44, 50.76, 2.16],
					"cubes": [
						{
							"origin": [15.46272, 56.52, -7.4764],
							"size": [7.95456, 5.04, 19.26928],
							"uv": {
								"north": {"uv": [8, 14], "uv_size": [-4, 3]},
								"south": {"uv": [8, 14], "uv_size": [-4, 3]},
								"up": {"uv": [4, 17], "uv_size": [4, -3]}
							}
						},
						{
							"origin": [15.46272, 56.52, -7.4764],
							"size": [7.95456, 5.04, 19.26928],
							"pivot": [19.44, 59.04, 2.15824],
							"rotation": [0, 45, 0],
							"uv": {
								"north": {"uv": [8, 14], "uv_size": [-4, 3]},
								"south": {"uv": [8, 14], "uv_size": [-4, 3]},
								"up": {"uv": [4, 17], "uv_size": [4, -3]}
							}
						},
						{
							"origin": [15.46272, 56.52, -7.4764],
							"size": [7.95456, 5.04, 19.26928],
							"pivot": [19.44, 59.04, 2.15824],
							"rotation": [0, 90, 0],
							"uv": {
								"north": {"uv": [8, 14], "uv_size": [-4, 3]},
								"south": {"uv": [8, 14], "uv_size": [-4, 3]},
								"up": {"uv": [4, 17], "uv_size": [4, -3]}
							}
						},
						{
							"origin": [15.46272, 56.52, -7.4764],
							"size": [7.95456, 5.04, 19.26928],
							"pivot": [19.44, 59.04, 2.15824],
							"rotation": [-180, 45, -180],
							"uv": {
								"north": {"uv": [8, 14], "uv_size": [-4, 3]},
								"south": {"uv": [8, 14], "uv_size": [-4, 3]},
								"up": {"uv": [4, 17], "uv_size": [4, -3]}
							}
						}
					]
				}
			]
		}
	]
}