{
  "credit": "Made with Blockbench",
  "parent": "builtin/entity",
  "texture_size": [
    256,
    256
  ],
  "display": {
    "firstperson_righthand": {
      "translation": [
        -4.75,
        -2.75,
        -4.5
      ],
      "scale": [
        2,
        2,
        2
      ]
    },
    "firstperson_lefthand": {
      "translation": [
        8.75,
        -61,
        -21
      ],
      "scale": [
        0,
        0,
        0
      ]
    },
    "thirdperson_righthand": {
      "translation": [
        -1,
        0.25,
        -1
      ],
      "scale": [
        0.8,
        0.8,
        0.8
      ]
    },
    "thirdperson_lefthand": {
      "scale": [
        0,
        0,
        0
      ]
    },
    "ground": {
      "translation": [
        0,
        2.25,
        1.5
      ],
      "scale": [
        0.8,
        0.8,
        0.8
      ]
    },
    "head": {
      "translation": [
        0,
        12.25,
        0
      ]
    },
    "fixed": {
      "rotation": [
        0,
        -90,
        0
      ],
      "translation": [
        -0.25,
        0.75,
        -0.25
      ],
      "scale": [
        1.4,
        1.4,
        1.4
      ]
    }
  }
}