{
  "credit": "Made with Blockbench",
  "parent": "builtin/entity",
  "texture_size": [
    64,
    64
  ],
  "gui_light": "front",
  "display": {
    "firstperson_righthand": {
      "rotation": [
        -21.25,
        0,
        0
      ],
      "translation": [
        0,
        -4.75,
        2.5
      ],
      "scale": [
        0.9,
        0.9,
        0.9
      ]
    },
    "firstperson_lefthand": {
      "scale": [
        0,
        0,
        0
      ]
    },
    "thirdperson_righthand": {
      "translation": [
        0,
        -7.25,
        -1.5
      ]
    },
    "thirdperson_lefthand": {
      "scale": [
        0,
        0,
        0
      ]
    },
    "ground": {
      "rotation": [
        33.33,
        -2.12,
        -7.07
      ],
      "translation": [
        0,
        11.75,
        0
      ]
    },
    "head": {
      "translation": [
        0,
        21.5,
        0
      ]
    },
    "fixed": {
      "rotation": [
        90,
        0,
        -90
      ],
      "translation": [
        -5.25,
        0,
        -1
      ],
      "scale": [
        1.5,
        1.5,
        1.5
      ]
    }
  }
}