{
  "credit": "Made with Blockbench",
  "parent": "builtin/entity",
  "texture_size": [
    128,
    128
  ],
  "display": {
    "thirdperson_righthand": {
      "translation": [
        -1,
        -0.5,
        0
      ],
      "scale": [
        0.65,
        0.65,
        0.65
      ]
    },
    "thirdperson_lefthand": {
      "scale": [
        0,
        0,
        0
      ]
    },
    "firstperson_righthand": {
      "translation": [
        -6.25,
        3,
        3.75
      ]
    },
    "firstperson_lefthand": {
      "scale": [
        0,
        0,
        0
      ]
    },
    "ground": {
      "translation": [
        0,
        0,
        6
      ],
      "scale": [
        0.7,
        0.7,
        0.7
      ]
    },
    "gui": {
      "rotation": [
        165.69,
        -39.63,
        178.66
      ],
      "translation": [
        -2.75,
        -0.75,
        0
      ],
      "scale": [
        0.505,
        0.505,
        0.505
      ]
    },
    "fixed": {
      "rotation": [
        -180,
        -90,
        -180
      ],
      "translation": [
        -3,
        0,
        -0.5
      ],
      "scale": [
        1.1,
        1.1,
        1.1
      ]
    }
  }
}