{
  "credit": "Made with Blockbench",
  "parent": "builtin/entity",
  "texture_size": [
    64,
    64
  ],
  "display": {
    "firstperson_righthand": {
      "translation": [
        -9,
        -5.25,
        -7.25
      ]
    },
    "firstperson_lefthand": {
      "translation": [
        -80,
        -80,
        -80
      ],
      "scale": [
        0,
        0,
        0
      ]
    },
    "thirdperson_righthand": {
      "translation": [
        -1.5,
        0.5,
        2
      ],
      "scale": [
        0.5,
        0.5,
        0.5
      ]
    },
    "thirdperson_lefthand": {
      "translation": [
        -0.75,
        6,
        2.75
      ],
      "scale": [
        0,
        0,
        0
      ]
    },
    "ground": {
      "translation": [
        0,
        11,
        -2.75
      ],
      "scale": [
        0.5,
        0.5,
        0.5
      ]
    },
    "gui": {
      "rotation": [
        90,
        -45,
        -90
      ],
      "translation": [
        3.25,
        -1.75,
        0
      ],
      "scale": [
        0.8,
        0.8,
        0.8
      ]
    },
    "head": {
      "rotation": [
        90,
        0,
        90
      ],
      "translation": [
        -1,
        13.75,
        0
      ],
      "scale": [
        0.5,
        0.5,
        0.5
      ]
    },
    "fixed": {
      "rotation": [
        0,
        -90,
        0
      ],
      "translation": [
        4.75,
        0.75,
        -2.25
      ]
    }
  }
}