{
  "credit": "Made with Blockbench",
  "parent": "builtin/entity",
  "texture_size": [
    64,
    64
  ],
  "gui_light": "front",
  "display": {
    "firstperson_righthand": {
      "translation": [
        -7.75,
        3.5,
        -1.5
      ]
    },
    "firstperson_lefthand": {
      "translation": [
        80,
        -80,
        80
      ],
      "scale": [
        0,
        0,
        0
      ]
    },
    "thirdperson_righthand": {
      "translation": [
        -1.25,
        -1,
        0
      ],
      "scale": [
        0.7,
        0.7,
        0.7
      ]
    },
    "thirdperson_lefthand": {
      "scale": [
        0,
        0,
        0
      ]
    },
    "ground": {
      "translation": [
        0,
        -0.25,
        0
      ],
      "scale": [
        0.75,
        0.75,
        0.75
      ]
    },
    "head": {
      "translation": [
        0,
        6.5,
        -1.25
      ]
    },
    "fixed": {
      "rotation": [
        0,
        -90,
        0
      ],
      "translation": [
        0,
        -1,
        0.25
      ],
      "scale": [
        1.6,
        1.6,
        1.6
      ]
    }
  }
}