{
  "credit": "Made with Blockbench",
  "parent": "builtin/entity",
  "texture_size": [
    128,
    128
  ],
  "display": {
    "firstperson_righthand": {
      "translation": [
        -7,
        3.5,
        2.75
      ]
    },
    "firstperson_lefthand": {
      "translation": [
        0,
        -3.75,
        0
      ],
      "scale": [
        0,
        0,
        0
      ]
    },
    "thirdperson_righthand": {
      "translation": [
        -0.75,
        -1.25,
        -1.25
      ],
      "scale": [
        0.6,
        0.6,
        0.6
      ]
    },
    "thirdperson_lefthand": {
      "scale": [
        0,
        0,
        0
      ]
    },
    "ground": {
      "translation": [
        0,
        1.5,
        4.5
      ],
      "scale": [
        0.6,
        0.6,
        0.6
      ]
    },
    "head": {
      "translation": [
        0,
        6.25,
        1.5
      ]
    },
    "fixed": {
      "rotation": [
        0,
        -90,
        0
      ],
      "translation": [
        -7.5,
        -0.5,
        0
      ],
      "scale": [
        1.25,
        1.25,
        1.25
      ]
    }
  }
}