{
  "credit": "Made with Blockbench",
  "parent": "builtin/entity",
  "texture_size": [
    128,
    128
  ],
  "display": {
    "thirdperson_righthand": {
      "translation": [
        -3.5,
        -1.25,
        7
      ],
      "scale": [
        0.75,
        0.75,
        0.75
      ]
    },
    "thirdperson_lefthand": {
      "scale": [
        0,
        0,
        0
      ]
    },
    "firstperson_righthand": {
      "rotation": [
        0,
        0,
        8
      ],
      "translation": [
        -5.75,
        -3.25,
        7.75
      ]
    },
    "firstperson_lefthand": {
      "scale": [
        0,
        0,
        0
      ]
    },
    "ground": {
      "translation": [
        -4,
        0,
        -5
      ],
      "scale": [
        0.7,
        0.7,
        0.7
      ]
    },
    "gui": {
      "rotation": [
        165.69,
        -39.63,
        178.66
      ],
      "translation": [
        2.75,
        -1.75,
        0
      ],
      "scale": [
        0.41,
        0.41,
        0.41
      ]
    },
    "fixed": {
      "rotation": [
        0,
        -90,
        0
      ],
      "translation": [
        5,
        -3.5,
        -4.75
      ],
      "scale": [
        1.2,
        1.2,
        1.2
      ]
    }
  },
  "textures": {
    "particle": "igla_9k38:item/igla_9k38"
  }
}