{
  "credit": "Made with Blockbench",
  "parent": "builtin/entity",
  "texture_size": [
    128,
    128
  ],
  "display": {
    "thirdperson_righthand": {
      "rotation": [
        135,
        0,
        0
      ],
      "translation": [
        -1,
        7,
        6.5
      ],
      "scale": [
        0.6,
        0.6,
        0.6
      ]
    },
    "thirdperson_lefthand": {
      "scale": [
        0,
        0,
        0
      ]
    },
    "firstperson_righthand": {
      "rotation": [
        0,
        0,
        4
      ],
      "translation": [
        -3.5,
        -0.5,
        -1
      ]
    },
    "firstperson_lefthand": {
      "scale": [
        0,
        0,
        0
      ]
    },
    "ground": {
      "translation": [
        0,
        0,
        5.25
      ],
      "scale": [
        0.6,
        0.6,
        0.6
      ]
    },
    "gui": {
      "rotation": [
        165.69,
        -39.63,
        178.66
      ],
      "translation": [
        -3.25,
        -0.75,
        0
      ],
      "scale": [
        0.37,
        0.37,
        0.37
      ]
    },
    "head": {
      "translation": [
        -4.75,
        6.5,
        0.75
      ]
    },
    "fixed": {
      "rotation": [
        0,
        -90,
        0
      ],
      "translation": [
        -12,
        0,
        -1
      ],
      "scale": [
        1.25,
        1.25,
        1.25
      ]
    }
  }
}