{
  "credit": "Made with Blockbench",
  "parent": "builtin/entity",
  "texture_size": [
    64,
    64
  ],
  "display": {
    "firstperson_righthand": {
      "rotation": [
        1,
        0,
        0
      ],
      "translation": [
        -0.25,
        -8.5,
        -42.25
      ],
      "scale": [
        4,
        4,
        4
      ]
    },
    "firstperson_lefthand": {
      "translation": [
        -5.75,
        -60,
        2
      ],
      "scale": [
        0,
        0,
        0
      ]
    },
    "thirdperson_righthand": {
      "translation": [
        -1.25,
        -0.25,
        -4.25
      ],
      "scale": [
        0.7,
        0.7,
        0.7
      ]
    },
    "thirdperson_lefthand": {
      "scale": [
        0,
        0,
        0
      ]
    },
    "ground": {
      "translation": [
        0,
        0.25,
        -5
      ],
      "scale": [
        0.75,
        0.75,
        0.75
      ]
    },
    "head": {
      "translation": [
        0,
        6.5,
        -5.25
      ]
    },
    "fixed": {
      "rotation": [
        0,
        -90,
        0
      ],
      "translation": [
        7.25,
        0,
        -0.75
      ],
      "scale": [
        1.25,
        1.25,
        1.25
      ]
    }
  }
}