{
  "credit": "Made with Blockbench",
  "parent": "builtin/entity",
  "texture_size": [
    128,
    128
  ],
  "gui_light": "front",
  "display": {
    "firstperson_righthand": {
      "translation": [
        0.25,
        -10.75,
        -17.25
      ],
      "scale": [
        4,
        4,
        4
      ]
    },
    "firstperson_lefthand": {
      "translation": [
        -6,
        -10.75,
        -6.5
      ],
      "scale": [
        0,
        0,
        0
      ]
    },
    "thirdperson_righthand": {
      "translation": [
        -0.75,
        -1.25,
        0.5
      ],
      "scale": [
        0.7,
        0.7,
        0.7
      ]
    },
    "thirdperson_lefthand": {
      "scale": [
        0,
        0,
        0
      ]
    },
    "ground": {
      "translation": [
        0,
        1.75,
        6.25
      ],
      "scale": [
        0.8,
        0.8,
        0.8
      ]
    },
    "head": {
      "translation": [
        0,
        5.5,
        2.25
      ]
    },
    "fixed": {
      "rotation": [
        90,
        -90,
        90
      ],
      "translation": [
        -7,
        -2.5,
        0
      ],
      "scale": [
        1.6,
        1.6,
        1.6
      ]
    }
  }
}