{
  "credit": "Made with Blockbench",
  "parent": "builtin/entity",
  "texture_size": [
    128,
    128
  ],
  "display": {
    "firstperson_righthand": {
      "rotation": [
        0,
        0,
        11.5
      ],
      "translation": [
        25.25,
        -50.75,
        -66.5
      ],
      "scale": [
        4,
        4,
        4
      ]
    },
    "firstperson_lefthand": {
      "scale": [
        0,
        0,
        0
      ]
    },
    "thirdperson_righthand": {
      "rotation": [
        112.5,
        0,
        0
      ],
      "translation": [
        -1.25,
        9.5,
        3
      ],
      "scale": [
        0.6,
        0.6,
        0.6
      ]
    },
    "thirdperson_lefthand": {
      "scale": [
        0,
        0,
        0
      ]
    },
    "ground": {
      "translation": [
        1.25,
        3,
        2
      ],
      "scale": [
        0.65,
        0.65,
        0.65
      ]
    },
    "gui": {
      "rotation": [
        30,
        -145,
        0
      ],
      "translation": [
        -1.5,
        3.25,
        0
      ],
      "scale": [
        0.6,
        0.6,
        0.6
      ]
    },
    "head": {
      "translation": [
        0,
        10.25,
        -7.5
      ]
    },
    "fixed": {
      "rotation": [
        0,
        -90,
        0
      ],
      "translation": [
        0.5,
        -3,
        -7.75
      ],
      "scale": [
        1.5,
        1.5,
        1.5
      ]
    }
  }
}