{
  "credit": "Made with Blockbench",
  "parent": "builtin/entity",
  "texture_size": [
    128,
    128
  ],
  "display": {
    "firstperson_righthand": {
      "translation": [
        -6.25,
        2.85,
        5.25
      ]
    },
    "firstperson_lefthand": {
      "translation": [
        -1,
        3,
        2.5
      ],
      "scale": [
        0,
        0,
        0
      ]
    },
    "thirdperson_righthand": {
      "translation": [
        -0.75,
        -0.25,
        0.25
      ],
      "scale": [
        0.65,
        0.65,
        0.65
      ]
    },
    "thirdperson_lefthand": {
      "scale": [
        0,
        0,
        0
      ]
    },
    "ground": {
      "translation": [
        0,
        0.75,
        3.75
      ],
      "scale": [
        0.7,
        0.7,
        0.7
      ]
    },
    "head": {
      "translation": [
        0,
        6.25,
        3.25
      ]
    },
    "fixed": {
      "rotation": [
        0,
        -90,
        0
      ],
      "translation": [
        -5,
        -1.5,
        -0.25
      ],
      "scale": [
        1.5,
        1.5,
        1.5
      ]
    }
  }
}