{
  "credit": "Made with Blockbench",
  "parent": "builtin/entity",
  "texture_size": [
    128,
    128
  ],
  "display": {
    "firstperson_righthand": {
      "translation": [
        9.25,
        -21.25,
        -28
      ],
      "scale": [
        4,
        4,
        4
      ]
    },
    "firstperson_lefthand": {
      "translation": [
        9.25,
        -21.25,
        -28
      ],
      "scale": [
        0,
        0,
        0
      ]
    },
    "thirdperson_righthand": {
      "translation": [
        -0.75,
        -1,
        -1.25
      ],
      "scale": [
        0.6,
        0.6,
        0.6
      ]
    },
    "thirdperson_lefthand": {
      "scale": [
        0,
        0,
        0
      ]
    },
    "gui": {
      "rotation": [
        30,
        -145,
        0
      ],
      "translation": [
        0.25,
        2.75,
        0
      ],
      "scale": [
        0.7,
        0.7,
        0.7
      ]
    },
    "head": {
      "translation": [
        0,
        7,
        6.5
      ],
      "scale": [
        0.6,
        0.6,
        0.6
      ]
    },
    "fixed": {
      "rotation": [
        0,
        -90,
        0
      ],
      "translation": [
        -16,
        -3,
        -1.5
      ],
      "scale": [
        1.1,
        1.1,
        1.1
      ]
    },
    "ground": {
      "translation": [
        0,
        5.25,
        8
      ],
      "scale": [
        0.6,
        0.6,
        0.6
      ]
    }
  }
}