{
  "credit": "Made with Blockbench",
  "parent": "builtin/entity",
  "texture_size": [
    32,
    32
  ],
  "display": {
    "thirdperson_righthand": {
      "translation": [
        0,
        -6.75,
        -1.75
      ]
    },
    "thirdperson_lefthand": {
      "translation": [
        0,
        -6.75,
        -1.75
      ]
    },
    "firstperson_righthand": {
      "rotation": [
        11.01,
        2.47,
        -2.29
      ],
      "translation": [
        -2.75,
        -2.75,
        1
      ]
    },
    "firstperson_lefthand": {
      "rotation": [
        11.01,
        2.47,
        -2.29
      ],
      "translation": [
        -2.75,
        -2.75,
        1
      ]
    },
    "gui": {
      "rotation": [
        83.93,
        59.81,
        -47.72
      ],
      "translation": [
        -3.25,
        -5.5,
        0
      ],
      "scale": [
        1.4,
        1.4,
        1.4
      ]
    },
    "head": {
      "translation": [
        0,
        6.5,
        0
      ]
    },
    "fixed": {
      "rotation": [
        90,
        -45,
        90
      ],
      "translation": [
        6.5,
        -6.25,
        0
      ],
      "scale": [
        1.6,
        1.6,
        1.6
      ]
    }
  }
}