{
  "credit": "Made with Blockbench",
  "parent": "builtin/entity",
  "texture_size": [
    128,
    128
  ],
  "display": {
    "thirdperson_righthand": {
      "translation": [
        0,
        -5,
        1.25
      ],
      "scale": [
        0.6,
        0.6,
        0.6
      ]
    },
    "thirdperson_lefthand": {
      "translation": [
        0,
        -5,
        1.25
      ],
      "scale": [
        0.6,
        0.6,
        0.6
      ]
    },
    "firstperson_righthand": {
      "rotation": [
        19.48,
        4.66,
        -5.8
      ],
      "translation": [
        -2.75,
        -3.75,
        -1.25
      ],
      "scale": [
        0.5,
        0.5,
        0.5
      ]
    },
    "firstperson_lefthand": {
      "rotation": [
        19.48,
        4.66,
        -5.8
      ],
      "translation": [
        -2.75,
        -3.75,
        -1.25
      ],
      "scale": [
        0.5,
        0.5,
        0.5
      ]
    },
    "ground": {
      "scale": [
        0.5,
        0.5,
        0.5
      ]
    },
    "gui": {
      "rotation": [
        0,
        0,
        -45
      ],
      "translation": [
        -7.5,
        -7.5,
        0
      ],
      "scale": [
        0.48,
        0.48,
        0.48
      ]
    },
    "fixed": {
      "rotation": [
        0,
        0,
        45
      ],
      "translation": [
        9.25,
        -9.5,
        0
      ],
      "scale": [
        0.6,
        0.6,
        0.6
      ]
    }
  }
}