{
  "credit": "Made with Blockbench",
  "parent": "builtin/entity",
  "texture_size": [
    128,
    128
  ],
  "display": {
    "firstperson_righthand": {
      "translation": [
        2.75,
        -10,
        -24
      ],
      "scale": [
        4,
        4,
        4
      ]
    },
    "firstperson_lefthand": {
      "rotation": [
        90,
        45,
        -90
      ],
      "translation": [
        0.5,
        -0.5,
        0
      ],
      "scale": [
        0,
        0,
        0
      ]
    },
    "thirdperson_righthand": {
      "translation": [
        -0.5,
        1.5,
        1.25
      ],
      "scale": [
        0.8,
        0.8,
        0.8
      ]
    },
    "thirdperson_lefthand": {
      "scale": [
        0,
        0,
        0
      ]
    },
    "ground": {
      "translation": [
        0,
        4,
        2.25
      ],
      "scale": [
        0.75,
        0.75,
        0.75
      ]
    },
    "gui": {
      "rotation": [
        90,
        -45,
        90
      ],
      "translation": [
        1,
        0.75,
        -0.75
      ],
      "scale": [
        0.6,
        0.6,
        0.6
      ]
    },
    "head": {
      "translation": [
        0,
        10.75,
        2.75
      ]
    },
    "fixed": {
      "rotation": [
        0,
        -90,
        0
      ],
      "translation": [
        -3.5,
        1.25,
        -0.5
      ],
      "scale": [
        1.25,
        1.25,
        1.25
      ]
    }
  }
}