{
  "variants": {
    "facing=east,power=0,updating=false": {
      "model": "superbwarfare:block/aircraft_catapult",
      "y": 90
    },
    "facing=east,power=0,updating=true": {
      "model": "superbwarfare:block/aircraft_catapult",
      "y": 90
    },
    "facing=east,power=1,updating=false": {
      "model": "superbwarfare:block/aircraft_catapult",
      "y": 90
    },
    "facing=east,power=1,updating=true": {
      "model": "superbwarfare:block/aircraft_catapult",
      "y": 90
    },
    "facing=east,power=10,updating=false": {
      "model": "superbwarfare:block/aircraft_catapult",
      "y": 90
    },
    "facing=east,power=10,updating=true": {
      "model": "superbwarfare:block/aircraft_catapult",
      "y": 90
    },
    "facing=east,power=11,updating=false": {
      "model": "superbwarfare:block/aircraft_catapult",
      "y": 90
    },
    "facing=east,power=11,updating=true": {
      "model": "superbwarfare:block/aircraft_catapult",
      "y": 90
    },
    "facing=east,power=12,updating=false": {
      "model": "superbwarfare:block/aircraft_catapult",
      "y": 90
    },
    "facing=east,power=12,updating=true": {
      "model": "superbwarfare:block/aircraft_catapult",
      "y": 90
    },
    "facing=east,power=13,updating=false": {
      "model": "superbwarfare:block/aircraft_catapult",
      "y": 90
    },
    "facing=east,power=13,updating=true": {
      "model": "superbwarfare:block/aircraft_catapult",
      "y": 90
    },
    "facing=east,power=14,updating=false": {
      "model": "superbwarfare:block/aircraft_catapult",
      "y": 90
    },
    "facing=east,power=14,updating=true": {
      "model": "superbwarfare:block/aircraft_catapult",
      "y": 90
    },
    "facing=east,power=15,updating=false": {
      "model": "superbwarfare:block/aircraft_catapult",
      "y": 90
    },
    "facing=east,power=15,updating=true": {
      "model": "superbwarfare:block/aircraft_catapult",
      "y": 90
    },
    "facing=east,power=2,updating=false": {
      "model": "superbwarfare:block/aircraft_catapult",
      "y": 90
    },
    "facing=east,power=2,updating=true": {
      "model": "superbwarfare:block/aircraft_catapult",
      "y": 90
    },
    "facing=east,power=3,updating=false": {
      "model": "superbwarfare:block/aircraft_catapult",
      "y": 90
    },
    "facing=east,power=3,updating=true": {
      "model": "superbwarfare:block/aircraft_catapult",
      "y": 90
    },
    "facing=east,power=4,updating=false": {
      "model": "superbwarfare:block/aircraft_catapult",
      "y": 90
    },
    "facing=east,power=4,updating=true": {
      "model": "superbwarfare:block/aircraft_catapult",
      "y": 90
    },
    "facing=east,power=5,updating=false": {
      "model": "superbwarfare:block/aircraft_catapult",
      "y": 90
    },
    "facing=east,power=5,updating=true": {
      "model": "superbwarfare:block/aircraft_catapult",
      "y": 90
    },
    "facing=east,power=6,updating=false": {
      "model": "superbwarfare:block/aircraft_catapult",
      "y": 90
    },
    "facing=east,power=6,updating=true": {
      "model": "superbwarfare:block/aircraft_catapult",
      "y": 90
    },
    "facing=east,power=7,updating=false": {
      "model": "superbwarfare:block/aircraft_catapult",
      "y": 90
    },
    "facing=east,power=7,updating=true": {
      "model": "superbwarfare:block/aircraft_catapult",
      "y": 90
    },
    "facing=east,power=8,updating=false": {
      "model": "superbwarfare:block/aircraft_catapult",
      "y": 90
    },
    "facing=east,power=8,updating=true": {
      "model": "superbwarfare:block/aircraft_catapult",
      "y": 90
    },
    "facing=east,power=9,updating=false": {
      "model": "superbwarfare:block/aircraft_catapult",
      "y": 90
    },
    "facing=east,power=9,updating=true": {
      "model": "superbwarfare:block/aircraft_catapult",
      "y": 90
    },
    "facing=north,power=0,updating=false": {
      "model": "superbwarfare:block/aircraft_catapult"
    },
    "facing=north,power=0,updating=true": {
      "model": "superbwarfare:block/aircraft_catapult"
    },
    "facing=north,power=1,updating=false": {
      "model": "superbwarfare:block/aircraft_catapult"
    },
    "facing=north,power=1,updating=true": {
      "model": "superbwarfare:block/aircraft_catapult"
    },
    "facing=north,power=10,updating=false": {
      "model": "superbwarfare:block/aircraft_catapult"
    },
    "facing=north,power=10,updating=true": {
      "model": "superbwarfare:block/aircraft_catapult"
    },
    "facing=north,power=11,updating=false": {
      "model": "superbwarfare:block/aircraft_catapult"
    },
    "facing=north,power=11,updating=true": {
      "model": "superbwarfare:block/aircraft_catapult"
    },
    "facing=north,power=12,updating=false": {
      "model": "superbwarfare:block/aircraft_catapult"
    },
    "facing=north,power=12,updating=true": {
      "model": "superbwarfare:block/aircraft_catapult"
    },
    "facing=north,power=13,updating=false": {
      "model": "superbwarfare:block/aircraft_catapult"
    },
    "facing=north,power=13,updating=true": {
      "model": "superbwarfare:block/aircraft_catapult"
    },
    "facing=north,power=14,updating=false": {
      "model": "superbwarfare:block/aircraft_catapult"
    },
    "facing=north,power=14,updating=true": {
      "model": "superbwarfare:block/aircraft_catapult"
    },
    "facing=north,power=15,updating=false": {
      "model": "superbwarfare:block/aircraft_catapult"
    },
    "facing=north,power=15,updating=true": {
      "model": "superbwarfare:block/aircraft_catapult"
    },
    "facing=north,power=2,updating=false": {
      "model": "superbwarfare:block/aircraft_catapult"
    },
    "facing=north,power=2,updating=true": {
      "model": "superbwarfare:block/aircraft_catapult"
    },
    "facing=north,power=3,updating=false": {
      "model": "superbwarfare:block/aircraft_catapult"
    },
    "facing=north,power=3,updating=true": {
      "model": "superbwarfare:block/aircraft_catapult"
    },
    "facing=north,power=4,updating=false": {
      "model": "superbwarfare:block/aircraft_catapult"
    },
    "facing=north,power=4,updating=true": {
      "model": "superbwarfare:block/aircraft_catapult"
    },
    "facing=north,power=5,updating=false": {
      "model": "superbwarfare:block/aircraft_catapult"
    },
    "facing=north,power=5,updating=true": {
      "model": "superbwarfare:block/aircraft_catapult"
    },
    "facing=north,power=6,updating=false": {
      "model": "superbwarfare:block/aircraft_catapult"
    },
    "facing=north,power=6,updating=true": {
      "model": "superbwarfare:block/aircraft_catapult"
    },
    "facing=north,power=7,updating=false": {
      "model": "superbwarfare:block/aircraft_catapult"
    },
    "facing=north,power=7,updating=true": {
      "model": "superbwarfare:block/aircraft_catapult"
    },
    "facing=north,power=8,updating=false": {
      "model": "superbwarfare:block/aircraft_catapult"
    },
    "facing=north,power=8,updating=true": {
      "model": "superbwarfare:block/aircraft_catapult"
    },
    "facing=north,power=9,updating=false": {
      "model": "superbwarfare:block/aircraft_catapult"
    },
    "facing=north,power=9,updating=true": {
      "model": "superbwarfare:block/aircraft_catapult"
    },
    "facing=south,power=0,updating=false": {
      "model": "superbwarfare:block/aircraft_catapult",
      "y": 180
    },
    "facing=south,power=0,updating=true": {
      "model": "superbwarfare:block/aircraft_catapult",
      "y": 180
    },
    "facing=south,power=1,updating=false": {
      "model": "superbwarfare:block/aircraft_catapult",
      "y": 180
    },
    "facing=south,power=1,updating=true": {
      "model": "superbwarfare:block/aircraft_catapult",
      "y": 180
    },
    "facing=south,power=10,updating=false": {
      "model": "superbwarfare:block/aircraft_catapult",
      "y": 180
    },
    "facing=south,power=10,updating=true": {
      "model": "superbwarfare:block/aircraft_catapult",
      "y": 180
    },
    "facing=south,power=11,updating=false": {
      "model": "superbwarfare:block/aircraft_catapult",
      "y": 180
    },
    "facing=south,power=11,updating=true": {
      "model": "superbwarfare:block/aircraft_catapult",
      "y": 180
    },
    "facing=south,power=12,updating=false": {
      "model": "superbwarfare:block/aircraft_catapult",
      "y": 180
    },
    "facing=south,power=12,updating=true": {
      "model": "superbwarfare:block/aircraft_catapult",
      "y": 180
    },
    "facing=south,power=13,updating=false": {
      "model": "superbwarfare:block/aircraft_catapult",
      "y": 180
    },
    "facing=south,power=13,updating=true": {
      "model": "superbwarfare:block/aircraft_catapult",
      "y": 180
    },
    "facing=south,power=14,updating=false": {
      "model": "superbwarfare:block/aircraft_catapult",
      "y": 180
    },
    "facing=south,power=14,updating=true": {
      "model": "superbwarfare:block/aircraft_catapult",
      "y": 180
    },
    "facing=south,power=15,updating=false": {
      "model": "superbwarfare:block/aircraft_catapult",
      "y": 180
    },
    "facing=south,power=15,updating=true": {
      "model": "superbwarfare:block/aircraft_catapult",
      "y": 180
    },
    "facing=south,power=2,updating=false": {
      "model": "superbwarfare:block/aircraft_catapult",
      "y": 180
    },
    "facing=south,power=2,updating=true": {
      "model": "superbwarfare:block/aircraft_catapult",
      "y": 180
    },
    "facing=south,power=3,updating=false": {
      "model": "superbwarfare:block/aircraft_catapult",
      "y": 180
    },
    "facing=south,power=3,updating=true": {
      "model": "superbwarfare:block/aircraft_catapult",
      "y": 180
    },
    "facing=south,power=4,updating=false": {
      "model": "superbwarfare:block/aircraft_catapult",
      "y": 180
    },
    "facing=south,power=4,updating=true": {
      "model": "superbwarfare:block/aircraft_catapult",
      "y": 180
    },
    "facing=south,power=5,updating=false": {
      "model": "superbwarfare:block/aircraft_catapult",
      "y": 180
    },
    "facing=south,power=5,updating=true": {
      "model": "superbwarfare:block/aircraft_catapult",
      "y": 180
    },
    "facing=south,power=6,updating=false": {
      "model": "superbwarfare:block/aircraft_catapult",
      "y": 180
    },
    "facing=south,power=6,updating=true": {
      "model": "superbwarfare:block/aircraft_catapult",
      "y": 180
    },
    "facing=south,power=7,updating=false": {
      "model": "superbwarfare:block/aircraft_catapult",
      "y": 180
    },
    "facing=south,power=7,updating=true": {
      "model": "superbwarfare:block/aircraft_catapult",
      "y": 180
    },
    "facing=south,power=8,updating=false": {
      "model": "superbwarfare:block/aircraft_catapult",
      "y": 180
    },
    "facing=south,power=8,updating=true": {
      "model": "superbwarfare:block/aircraft_catapult",
      "y": 180
    },
    "facing=south,power=9,updating=false": {
      "model": "superbwarfare:block/aircraft_catapult",
      "y": 180
    },
    "facing=south,power=9,updating=true": {
      "model": "superbwarfare:block/aircraft_catapult",
      "y": 180
    },
    "facing=west,power=0,updating=false": {
      "model": "superbwarfare:block/aircraft_catapult",
      "y": 270
    },
    "facing=west,power=0,updating=true": {
      "model": "superbwarfare:block/aircraft_catapult",
      "y": 270
    },
    "facing=west,power=1,updating=false": {
      "model": "superbwarfare:block/aircraft_catapult",
      "y": 270
    },
    "facing=west,power=1,updating=true": {
      "model": "superbwarfare:block/aircraft_catapult",
      "y": 270
    },
    "facing=west,power=10,updating=false": {
      "model": "superbwarfare:block/aircraft_catapult",
      "y": 270
    },
    "facing=west,power=10,updating=true": {
      "model": "superbwarfare:block/aircraft_catapult",
      "y": 270
    },
    "facing=west,power=11,updating=false": {
      "model": "superbwarfare:block/aircraft_catapult",
      "y": 270
    },
    "facing=west,power=11,updating=true": {
      "model": "superbwarfare:block/aircraft_catapult",
      "y": 270
    },
    "facing=west,power=12,updating=false": {
      "model": "superbwarfare:block/aircraft_catapult",
      "y": 270
    },
    "facing=west,power=12,updating=true": {
      "model": "superbwarfare:block/aircraft_catapult",
      "y": 270
    },
    "facing=west,power=13,updating=false": {
      "model": "superbwarfare:block/aircraft_catapult",
      "y": 270
    },
    "facing=west,power=13,updating=true": {
      "model": "superbwarfare:block/aircraft_catapult",
      "y": 270
    },
    "facing=west,power=14,updating=false": {
      "model": "superbwarfare:block/aircraft_catapult",
      "y": 270
    },
    "facing=west,power=14,updating=true": {
      "model": "superbwarfare:block/aircraft_catapult",
      "y": 270
    },
    "facing=west,power=15,updating=false": {
      "model": "superbwarfare:block/aircraft_catapult",
      "y": 270
    },
    "facing=west,power=15,updating=true": {
      "model": "superbwarfare:block/aircraft_catapult",
      "y": 270
    },
    "facing=west,power=2,updating=false": {
      "model": "superbwarfare:block/aircraft_catapult",
      "y": 270
    },
    "facing=west,power=2,updating=true": {
      "model": "superbwarfare:block/aircraft_catapult",
      "y": 270
    },
    "facing=west,power=3,updating=false": {
      "model": "superbwarfare:block/aircraft_catapult",
      "y": 270
    },
    "facing=west,power=3,updating=true": {
      "model": "superbwarfare:block/aircraft_catapult",
      "y": 270
    },
    "facing=west,power=4,updating=false": {
      "model": "superbwarfare:block/aircraft_catapult",
      "y": 270
    },
    "facing=west,power=4,updating=true": {
      "model": "superbwarfare:block/aircraft_catapult",
      "y": 270
    },
    "facing=west,power=5,updating=false": {
      "model": "superbwarfare:block/aircraft_catapult",
      "y": 270
    },
    "facing=west,power=5,updating=true": {
      "model": "superbwarfare:block/aircraft_catapult",
      "y": 270
    },
    "facing=west,power=6,updating=false": {
      "model": "superbwarfare:block/aircraft_catapult",
      "y": 270
    },
    "facing=west,power=6,updating=true": {
      "model": "superbwarfare:block/aircraft_catapult",
      "y": 270
    },
    "facing=west,power=7,updating=false": {
      "model": "superbwarfare:block/aircraft_catapult",
      "y": 270
    },
    "facing=west,power=7,updating=true": {
      "model": "superbwarfare:block/aircraft_catapult",
      "y": 270
    },
    "facing=west,power=8,updating=false": {
      "model": "superbwarfare:block/aircraft_catapult",
      "y": 270
    },
    "facing=west,power=8,updating=true": {
      "model": "superbwarfare:block/aircraft_catapult",
      "y": 270
    },
    "facing=west,power=9,updating=false": {
      "model": "superbwarfare:block/aircraft_catapult",
      "y": 270
    },
    "facing=west,power=9,updating=true": {
      "model": "superbwarfare:block/aircraft_catapult",
      "y": 270
    }
  }
}