{
  "variants": {
    "facing=east,waterlogged=false": {
      "model": "superbwarfare:block/reforging_table",
      "y": 90
    },
    "facing=east,waterlogged=true": {
      "model": "superbwarfare:block/reforging_table",
      "y": 90
    },
    "facing=north,waterlogged=false": {
      "model": "superbwarfare:block/reforging_table"
    },
    "facing=north,waterlogged=true": {
      "model": "superbwarfare:block/reforging_table"
    },
    "facing=south,waterlogged=false": {
      "model": "superbwarfare:block/reforging_table",
      "y": 180
    },
    "facing=south,waterlogged=true": {
      "model": "superbwarfare:block/reforging_table",
      "y": 180
    },
    "facing=west,waterlogged=false": {
      "model": "superbwarfare:block/reforging_table",
      "y": 270
    },
    "facing=west,waterlogged=true": {
      "model": "superbwarfare:block/reforging_table",
      "y": 270
    }
  }
}