{
  "credit": "Made with Blockbench",
  "texture_size": [
    32,
    32
  ],
  "textures": {
    "0": "superbwarfare:item/creative_ammo_box"
  },
  "elements": [
    {
      "from": [
        9.9,
        7,
        5.1
      ],
      "to": [
        10,
        9.3,
        10.9
      ],
      "rotation": {
        "angle": 0,
        "axis": "y",
        "origin": [
          8,
          1.325,
          8
        ]
      },
      "faces": {
        "north": {
          "uv": [
            0.5,
            9.5,
            0.625,
            10.625
          ],
          "texture": "#0"
        },
        "east": {
          "uv": [
            4,
            3,
            6.875,
            4.125
          ],
          "texture": "#0"
        },
        "south": {
          "uv": [
            1,
            9.5,
            1.125,
            10.625
          ],
          "texture": "#0"
        },
        "west": {
          "uv": [
            4,
            4.5,
            6.875,
            5.625
          ],
          "texture": "#0"
        },
        "up": {
          "uv": [
            7.625,
            11.375,
            7.5,
            8.5
          ],
          "texture": "#0"
        },
        "down": {
          "uv": [
            9.125,
            0,
            9,
            2.875
          ],
          "texture": "#0"
        }
      }
    },
    {
      "from": [
        6,
        7,
        10.9
      ],
      "to": [
        10,
        9.3,
        11
      ],
      "rotation": {
        "angle": 0,
        "axis": "y",
        "origin": [
          8,
          1.325,
          8
        ]
      },
      "faces": {
        "north": {
          "uv": [
            0,
            5,
            2,
            6.125
          ],
          "texture": "#0"
        },
        "east": {
          "uv": [
            9,
            5,
            9.125,
            6.125
          ],
          "texture": "#0"
        },
        "south": {
          "uv": [
            2,
            5,
            4,
            6.125
          ],
          "texture": "#0"
        },
        "west": {
          "uv": [
            9,
            6.5,
            9.125,
            7.625
          ],
          "texture": "#0"
        },
        "up": {
          "uv": [
            11,
            3.125,
            9,
            3
          ],
          "texture": "#0"
        },
        "down": {
          "uv": [
            11,
            3.5,
            9,
            3.625
          ],
          "texture": "#0"
        }
      }
    },
    {
      "from": [
        6,
        7,
        5
      ],
      "to": [
        10,
        9.3,
        5.1
      ],
      "rotation": {
        "angle": 0,
        "axis": "y",
        "origin": [
          8,
          1.325,
          8
        ]
      },
      "faces": {
        "north": {
          "uv": [
            4,
            6,
            6,
            7.125
          ],
          "texture": "#0"
        },
        "east": {
          "uv": [
            8,
            9,
            8.125,
            10.125
          ],
          "texture": "#0"
        },
        "south": {
          "uv": [
            6,
            6,
            8,
            7.125
          ],
          "texture": "#0"
        },
        "west": {
          "uv": [
            9,
            8,
            9.125,
            9.125
          ],
          "texture": "#0"
        },
        "up": {
          "uv": [
            11,
            4.125,
            9,
            4
          ],
          "texture": "#0"
        },
        "down": {
          "uv": [
            11,
            4.5,
            9,
            4.625
          ],
          "texture": "#0"
        }
      }
    },
    {
      "from": [
        6,
        7,
        5.1
      ],
      "to": [
        6.1,
        9.3,
        10.9
      ],
      "rotation": {
        "angle": 0,
        "axis": "y",
        "origin": [
          8,
          1.325,
          8
        ]
      },
      "faces": {
        "north": {
          "uv": [
            0,
            9.5,
            0.125,
            10.625
          ],
          "texture": "#0"
        },
        "east": {
          "uv": [
            4,
            0,
            6.875,
            1.125
          ],
          "texture": "#0"
        },
        "south": {
          "uv": [
            9.5,
            0,
            9.625,
            1.125
          ],
          "texture": "#0"
        },
        "west": {
          "uv": [
            4,
            1.5,
            6.875,
            2.625
          ],
          "texture": "#0"
        },
        "up": {
          "uv": [
            7.125,
            11.375,
            7,
            8.5
          ],
          "texture": "#0"
        },
        "down": {
          "uv": [
            8.625,
            7,
            8.5,
            9.875
          ],
          "texture": "#0"
        }
      }
    },
    {
      "from": [
        6.1,
        7,
        5.1
      ],
      "to": [
        9.9,
        8.1,
        10.9
      ],
      "rotation": {
        "angle": 0,
        "axis": "y",
        "origin": [
          8,
          1.325,
          8
        ]
      },
      "faces": {
        "north": {
          "uv": [
            7,
            0,
            8.875,
            0.5
          ],
          "texture": "#0"
        },
        "east": {
          "uv": [
            0,
            6.5,
            2.875,
            7
          ],
          "texture": "#0"
        },
        "south": {
          "uv": [
            7,
            0.5,
            8.875,
            1
          ],
          "texture": "#0"
        },
        "west": {
          "uv": [
            0,
            7,
            2.875,
            7.5
          ],
          "texture": "#0"
        },
        "up": {
          "uv": [
            1.875,
            2.875,
            0,
            0
          ],
          "texture": "#0"
        },
        "down": {
          "uv": [
            3.875,
            0,
            2,
            2.875
          ],
          "texture": "#0"
        }
      }
    },
    {
      "from": [
        6.1,
        8.9,
        7.2
      ],
      "to": [
        9.9,
        9.3,
        10.9
      ],
      "rotation": {
        "angle": 0,
        "axis": "y",
        "origin": [
          8,
          1.325,
          8
        ]
      },
      "faces": {
        "north": {
          "uv": [
            7,
            1,
            8.875,
            1.25
          ],
          "texture": "#0"
        },
        "east": {
          "uv": [
            7,
            1.5,
            8.875,
            1.75
          ],
          "texture": "#0"
        },
        "south": {
          "uv": [
            7,
            2,
            8.875,
            2.25
          ],
          "texture": "#0"
        },
        "west": {
          "uv": [
            7,
            2.5,
            8.875,
            2.75
          ],
          "texture": "#0"
        },
        "up": {
          "uv": [
            1.875,
            4.875,
            0,
            3
          ],
          "texture": "#0"
        },
        "down": {
          "uv": [
            3.875,
            3,
            2,
            4.875
          ],
          "texture": "#0"
        }
      }
    },
    {
      "from": [
        6.1,
        7.1,
        7
      ],
      "to": [
        6.9,
        9.1,
        7.8
      ],
      "rotation": {
        "angle": 0,
        "axis": "y",
        "origin": [
          8,
          1.325,
          8
        ]
      },
      "faces": {
        "north": {
          "uv": [
            5.5,
            8.5,
            5.875,
            9.5
          ],
          "texture": "#0"
        },
        "east": {
          "uv": [
            6,
            8.5,
            6.375,
            9.5
          ],
          "texture": "#0"
        },
        "south": {
          "uv": [
            8.5,
            6,
            8.875,
            7
          ],
          "texture": "#0"
        },
        "west": {
          "uv": [
            6.5,
            8.5,
            6.875,
            9.5
          ],
          "texture": "#0"
        },
        "up": {
          "uv": [
            9.375,
            9.875,
            9,
            9.5
          ],
          "texture": "#0"
        },
        "down": {
          "uv": [
            9.875,
            9,
            9.5,
            9.375
          ],
          "texture": "#0"
        }
      }
    },
    {
      "from": [
        8.03047,
        7.1,
        5.1
      ],
      "to": [
        8.83047,
        9.1,
        5.9
      ],
      "rotation": {
        "angle": 0,
        "axis": "y",
        "origin": [
          8,
          1.325,
          8
        ]
      },
      "faces": {
        "north": {
          "uv": [
            1.5,
            7.5,
            1.875,
            8.5
          ],
          "texture": "#0"
        },
        "east": {
          "uv": [
            2,
            7.5,
            2.375,
            8.5
          ],
          "texture": "#0"
        },
        "south": {
          "uv": [
            2.5,
            7.5,
            2.875,
            8.5
          ],
          "texture": "#0"
        },
        "west": {
          "uv": [
            3,
            7.5,
            3.375,
            8.5
          ],
          "texture": "#0"
        },
        "up": {
          "uv": [
            2.875,
            9.875,
            2.5,
            9.5
          ],
          "texture": "#0"
        },
        "down": {
          "uv": [
            9.875,
            2.5,
            9.5,
            2.875
          ],
          "texture": "#0"
        }
      }
    },
    {
      "from": [
        9,
        7.1,
        5.1
      ],
      "to": [
        9.8,
        9.1,
        5.9
      ],
      "rotation": {
        "angle": 0,
        "axis": "y",
        "origin": [
          8,
          1.325,
          8
        ]
      },
      "faces": {
        "north": {
          "uv": [
            7.5,
            3,
            7.875,
            4
          ],
          "texture": "#0"
        },
        "east": {
          "uv": [
            3.5,
            7.5,
            3.875,
            8.5
          ],
          "texture": "#0"
        },
        "south": {
          "uv": [
            4,
            7.5,
            4.375,
            8.5
          ],
          "texture": "#0"
        },
        "west": {
          "uv": [
            7.5,
            4,
            7.875,
            5
          ],
          "texture": "#0"
        },
        "up": {
          "uv": [
            3.375,
            9.875,
            3,
            9.5
          ],
          "texture": "#0"
        },
        "down": {
          "uv": [
            3.875,
            9.5,
            3.5,
            9.875
          ],
          "texture": "#0"
        }
      }
    },
    {
      "from": [
        9,
        7.1,
        6.05
      ],
      "to": [
        9.8,
        9.1,
        6.85
      ],
      "rotation": {
        "angle": 0,
        "axis": "y",
        "origin": [
          8,
          1.325,
          8
        ]
      },
      "faces": {
        "north": {
          "uv": [
            4.5,
            7.5,
            4.875,
            8.5
          ],
          "texture": "#0"
        },
        "east": {
          "uv": [
            5,
            7.5,
            5.375,
            8.5
          ],
          "texture": "#0"
        },
        "south": {
          "uv": [
            7.5,
            5,
            7.875,
            6
          ],
          "texture": "#0"
        },
        "west": {
          "uv": [
            5.5,
            7.5,
            5.875,
            8.5
          ],
          "texture": "#0"
        },
        "up": {
          "uv": [
            4.375,
            9.875,
            4,
            9.5
          ],
          "texture": "#0"
        },
        "down": {
          "uv": [
            4.875,
            9.5,
            4.5,
            9.875
          ],
          "texture": "#0"
        }
      }
    },
    {
      "from": [
        8.03047,
        7.1,
        6.05
      ],
      "to": [
        8.83047,
        9.1,
        6.85
      ],
      "rotation": {
        "angle": 0,
        "axis": "y",
        "origin": [
          8,
          1.325,
          8
        ]
      },
      "faces": {
        "north": {
          "uv": [
            6,
            7.5,
            6.375,
            8.5
          ],
          "texture": "#0"
        },
        "east": {
          "uv": [
            6.5,
            7.5,
            6.875,
            8.5
          ],
          "texture": "#0"
        },
        "south": {
          "uv": [
            7,
            7.5,
            7.375,
            8.5
          ],
          "texture": "#0"
        },
        "west": {
          "uv": [
            7.5,
            7.5,
            7.875,
            8.5
          ],
          "texture": "#0"
        },
        "up": {
          "uv": [
            5.375,
            9.875,
            5,
            9.5
          ],
          "texture": "#0"
        },
        "down": {
          "uv": [
            9.875,
            5,
            9.5,
            5.375
          ],
          "texture": "#0"
        }
      }
    },
    {
      "from": [
        7.06953,
        7.1,
        6.05
      ],
      "to": [
        7.86953,
        9.1,
        6.85
      ],
      "rotation": {
        "angle": 0,
        "axis": "y",
        "origin": [
          8,
          1.325,
          8
        ]
      },
      "faces": {
        "north": {
          "uv": [
            8,
            3,
            8.375,
            4
          ],
          "texture": "#0"
        },
        "east": {
          "uv": [
            8,
            4,
            8.375,
            5
          ],
          "texture": "#0"
        },
        "south": {
          "uv": [
            8,
            5,
            8.375,
            6
          ],
          "texture": "#0"
        },
        "west": {
          "uv": [
            8,
            6,
            8.375,
            7
          ],
          "texture": "#0"
        },
        "up": {
          "uv": [
            5.875,
            9.875,
            5.5,
            9.5
          ],
          "texture": "#0"
        },
        "down": {
          "uv": [
            9.875,
            5.5,
            9.5,
            5.875
          ],
          "texture": "#0"
        }
      }
    },
    {
      "from": [
        6.1,
        7.1,
        6.05
      ],
      "to": [
        6.9,
        9.1,
        6.85
      ],
      "rotation": {
        "angle": 0,
        "axis": "y",
        "origin": [
          8,
          1.325,
          8
        ]
      },
      "faces": {
        "north": {
          "uv": [
            8,
            7,
            8.375,
            8
          ],
          "texture": "#0"
        },
        "east": {
          "uv": [
            8,
            8,
            8.375,
            9
          ],
          "texture": "#0"
        },
        "south": {
          "uv": [
            0,
            8.5,
            0.375,
            9.5
          ],
          "texture": "#0"
        },
        "west": {
          "uv": [
            0.5,
            8.5,
            0.875,
            9.5
          ],
          "texture": "#0"
        },
        "up": {
          "uv": [
            6.375,
            9.875,
            6,
            9.5
          ],
          "texture": "#0"
        },
        "down": {
          "uv": [
            9.875,
            6,
            9.5,
            6.375
          ],
          "texture": "#0"
        }
      }
    },
    {
      "from": [
        9,
        7.1,
        7
      ],
      "to": [
        9.8,
        9.1,
        7.8
      ],
      "rotation": {
        "angle": 0,
        "axis": "y",
        "origin": [
          8,
          1.325,
          8
        ]
      },
      "faces": {
        "north": {
          "uv": [
            1,
            8.5,
            1.375,
            9.5
          ],
          "texture": "#0"
        },
        "east": {
          "uv": [
            1.5,
            8.5,
            1.875,
            9.5
          ],
          "texture": "#0"
        },
        "south": {
          "uv": [
            2,
            8.5,
            2.375,
            9.5
          ],
          "texture": "#0"
        },
        "west": {
          "uv": [
            2.5,
            8.5,
            2.875,
            9.5
          ],
          "texture": "#0"
        },
        "up": {
          "uv": [
            6.875,
            9.875,
            6.5,
            9.5
          ],
          "texture": "#0"
        },
        "down": {
          "uv": [
            9.875,
            6.5,
            9.5,
            6.875
          ],
          "texture": "#0"
        }
      }
    },
    {
      "from": [
        8.03047,
        7.1,
        7
      ],
      "to": [
        8.83047,
        9.1,
        7.8
      ],
      "rotation": {
        "angle": 0,
        "axis": "y",
        "origin": [
          8,
          1.325,
          8
        ]
      },
      "faces": {
        "north": {
          "uv": [
            3,
            8.5,
            3.375,
            9.5
          ],
          "texture": "#0"
        },
        "east": {
          "uv": [
            8.5,
            3,
            8.875,
            4
          ],
          "texture": "#0"
        },
        "south": {
          "uv": [
            3.5,
            8.5,
            3.875,
            9.5
          ],
          "texture": "#0"
        },
        "west": {
          "uv": [
            4,
            8.5,
            4.375,
            9.5
          ],
          "texture": "#0"
        },
        "up": {
          "uv": [
            9.875,
            7.375,
            9.5,
            7
          ],
          "texture": "#0"
        },
        "down": {
          "uv": [
            9.875,
            7.5,
            9.5,
            7.875
          ],
          "texture": "#0"
        }
      }
    },
    {
      "from": [
        7.06953,
        7.1,
        7
      ],
      "to": [
        7.86953,
        9.1,
        7.8
      ],
      "rotation": {
        "angle": 0,
        "axis": "y",
        "origin": [
          8,
          1.325,
          8
        ]
      },
      "faces": {
        "north": {
          "uv": [
            8.5,
            4,
            8.875,
            5
          ],
          "texture": "#0"
        },
        "east": {
          "uv": [
            4.5,
            8.5,
            4.875,
            9.5
          ],
          "texture": "#0"
        },
        "south": {
          "uv": [
            5,
            8.5,
            5.375,
            9.5
          ],
          "texture": "#0"
        },
        "west": {
          "uv": [
            8.5,
            5,
            8.875,
            6
          ],
          "texture": "#0"
        },
        "up": {
          "uv": [
            9.875,
            8.375,
            9.5,
            8
          ],
          "texture": "#0"
        },
        "down": {
          "uv": [
            9.875,
            8.5,
            9.5,
            8.875
          ],
          "texture": "#0"
        }
      }
    },
    {
      "from": [
        6.1,
        7.1,
        5.1
      ],
      "to": [
        6.9,
        9.1,
        5.9
      ],
      "rotation": {
        "angle": 0,
        "axis": "y",
        "origin": [
          8,
          1.325,
          8
        ]
      },
      "faces": {
        "north": {
          "uv": [
            3,
            6.5,
            3.375,
            7.5
          ],
          "texture": "#0"
        },
        "east": {
          "uv": [
            3.5,
            6.5,
            3.875,
            7.5
          ],
          "texture": "#0"
        },
        "south": {
          "uv": [
            7,
            3,
            7.375,
            4
          ],
          "texture": "#0"
        },
        "west": {
          "uv": [
            7,
            4,
            7.375,
            5
          ],
          "texture": "#0"
        },
        "up": {
          "uv": [
            1.875,
            9.875,
            1.5,
            9.5
          ],
          "texture": "#0"
        },
        "down": {
          "uv": [
            9.875,
            1.5,
            9.5,
            1.875
          ],
          "texture": "#0"
        }
      }
    },
    {
      "from": [
        7.06953,
        7.1,
        5.1
      ],
      "to": [
        7.86953,
        9.1,
        5.9
      ],
      "rotation": {
        "angle": 0,
        "axis": "y",
        "origin": [
          8,
          1.325,
          8
        ]
      },
      "faces": {
        "north": {
          "uv": [
            7,
            5,
            7.375,
            6
          ],
          "texture": "#0"
        },
        "east": {
          "uv": [
            0,
            7.5,
            0.375,
            8.5
          ],
          "texture": "#0"
        },
        "south": {
          "uv": [
            0.5,
            7.5,
            0.875,
            8.5
          ],
          "texture": "#0"
        },
        "west": {
          "uv": [
            1,
            7.5,
            1.375,
            8.5
          ],
          "texture": "#0"
        },
        "up": {
          "uv": [
            2.375,
            9.875,
            2,
            9.5
          ],
          "texture": "#0"
        },
        "down": {
          "uv": [
            9.875,
            2,
            9.5,
            2.375
          ],
          "texture": "#0"
        }
      }
    }
  ],
  "gui_light": "front",
  "display": {
    "thirdperson_righthand": {
      "translation": [
        0,
        0.75,
        0
      ],
      "scale": [
        0.7,
        0.7,
        0.7
      ]
    },
    "thirdperson_lefthand": {
      "translation": [
        0,
        0.75,
        0
      ],
      "scale": [
        0.7,
        0.7,
        0.7
      ]
    },
    "firstperson_righthand": {
      "rotation": [
        91.82,
        -12.22,
        77.05
      ],
      "translation": [
        1,
        2,
        0
      ]
    },
    "firstperson_lefthand": {
      "rotation": [
        91.82,
        -12.22,
        77.05
      ],
      "translation": [
        1,
        2,
        0
      ]
    },
    "ground": {
      "translation": [
        0,
        -1.75,
        0
      ]
    },
    "gui": {
      "rotation": [
        -135,
        55,
        -180
      ],
      "scale": [
        2.05,
        2.05,
        2.05
      ]
    },
    "head": {
      "translation": [
        0,
        7.25,
        0
      ]
    },
    "fixed": {
      "rotation": [
        90,
        45,
        180
      ],
      "translation": [
        0,
        0,
        -0.5
      ],
      "scale": [
        1.5,
        1.5,
        1.5
      ]
    }
  },
  "groups": [
    {
      "name": "group",
      "origin": [
        0,
        0,
        0
      ],
      "color": 0,
      "children": [
        {
          "name": "group",
          "origin": [
            8,
            1.325,
            8
          ],
          "color": 0,
          "children": [
            0,
            1,
            2,
            3,
            4,
            5
          ]
        },
        {
          "name": "group",
          "origin": [
            8,
            1.325,
            8
          ],
          "color": 0,
          "children": [
            6,
            7,
            8,
            9,
            10,
            11,
            12,
            13,
            14,
            15,
            16,
            17
          ]
        }
      ]
    }
  ]
}