{
  "parent": "superbwarfare:block/dragon_teeth",
	"display": {
		"thirdperson_righthand": {
			"rotation": [90, 0, 0],
			"translation": [0, -2, -6.25],
			"scale": [0.35, 0.35, 0.35]
		},
		"thirdperson_lefthand": {
			"rotation": [90, 0, 0],
			"translation": [0, -2, -6.25],
			"scale": [0.35, 0.35, 0.35]
		},
		"firstperson_righthand": {
			"rotation": [13, 0, 0],
			"translation": [-1.5, 1.25, 0.5],
			"scale": [0.35, 0.35, 0.35]
		},
		"firstperson_lefthand": {
			"rotation": [13, 0, 0],
			"translation": [-1.5, 1.25, 0.5],
			"scale": [0.35, 0.35, 0.35]
		},
		"ground": {
			"translation": [0, 0.25, 0],
			"scale": [0.4, 0.4, 0.4]
		},
		"gui": {
			"rotation": [45, -45, 0],
			"translation": [0, 0.25, 0],
			"scale": [0.45, 0.45, 0.45]
		},
		"head": {
			"translation": [0, 11.5, 0],
			"scale": [0.7, 0.7, 0.7]
		},
		"fixed": {
			"translation": [0, -2.5, 0],
			"scale": [0.7, 0.7, 0.7]
		}
	}
}