{
	"credit": "Made with Blockbench",
	"texture_size": [32, 32],
	"textures": {
		"0": "superbwarfare:item/electric_baton",
		"particle": "superbwarfare:item/electric_baton"
	},
	"elements": [
		{
			"name": "cube1",
			"from": [7.79289, 0.1, 7.5],
			"to": [8.20711, 5.1, 8.5],
			"rotation": {"angle": 0, "axis": "y", "origin": [8, 0.1, 8]},
			"faces": {
				"north": {"uv": [4, 0, 4.5, 3], "texture": "#0"},
				"south": {"uv": [4, 3, 4.5, 6], "texture": "#0"},
				"up": {"uv": [0.5, 7, 0, 6], "texture": "#0"},
				"down": {"uv": [6.5, 0, 6, 1], "texture": "#0"}
			}
		},
		{
			"name": "cube2",
			"from": [7.79289, 0.102, 7.5],
			"to": [8.20711, 5.102, 8.5],
			"rotation": {"angle": -45, "axis": "y", "origin": [8, 0.1, 8]},
			"faces": {
				"north": {"uv": [4.5, 0, 5, 3], "texture": "#0"},
				"south": {"uv": [4.5, 3, 5, 6], "texture": "#0"},
				"up": {"uv": [1, 7, 0.5, 6], "texture": "#0"},
				"down": {"uv": [1.5, 6, 1, 7], "texture": "#0"}
			}
		},
		{
			"name": "cube3",
			"from": [7.5, 0.104, 7.79289],
			"to": [8.5, 5.104, 8.20711],
			"rotation": {"angle": 0, "axis": "y", "origin": [8, 0.1, 8]},
			"faces": {
				"east": {"uv": [5, 0, 5.5, 3], "texture": "#0"},
				"west": {"uv": [5, 3, 5.5, 6], "texture": "#0"},
				"up": {"uv": [7, 1.5, 6, 1], "texture": "#0"},
				"down": {"uv": [2.5, 6, 1.5, 6.5], "texture": "#0"}
			}
		},
		{
			"name": "cube4",
			"from": [7.79289, 0.106, 7.5],
			"to": [8.20711, 5.106, 8.5],
			"rotation": {"angle": 45, "axis": "y", "origin": [8, 0.1, 8]},
			"faces": {
				"north": {"uv": [5.5, 0, 6, 3], "texture": "#0"},
				"south": {"uv": [5.5, 3, 6, 6], "texture": "#0"},
				"up": {"uv": [6.5, 2.5, 6, 1.5], "texture": "#0"},
				"down": {"uv": [3, 6, 2.5, 7], "texture": "#0"}
			}
		},
		{
			"name": "cube1",
			"from": [7.79289, 5.2, 7.5],
			"to": [8.20711, 16.2, 8.5],
			"rotation": {"angle": 0, "axis": "y", "origin": [8, 5.2, 8]},
			"faces": {
				"north": {"uv": [0, 0, 0.5, 6], "texture": "#0"},
				"south": {"uv": [0.5, 0, 1, 6], "texture": "#0"},
				"down": {"uv": [6.5, 2.5, 6, 3.5], "texture": "#0"}
			}
		},
		{
			"name": "cube2",
			"from": [7.79289, 5.202, 7.5],
			"to": [8.20711, 16.202, 8.5],
			"rotation": {"angle": -45, "axis": "y", "origin": [8, 5.2, 8]},
			"faces": {
				"north": {"uv": [1, 0, 1.5, 6], "texture": "#0"},
				"south": {"uv": [1.5, 0, 2, 6], "texture": "#0"},
				"down": {"uv": [3.5, 6, 3, 7], "texture": "#0"}
			}
		},
		{
			"name": "cube3",
			"from": [7.5, 5.204, 7.79289],
			"to": [8.5, 16.204, 8.20711],
			"rotation": {"angle": 0, "axis": "y", "origin": [8, 5.2, 8]},
			"faces": {
				"east": {"uv": [2, 0, 2.5, 6], "texture": "#0"},
				"west": {"uv": [2.5, 0, 3, 6], "texture": "#0"},
				"down": {"uv": [4.5, 6, 3.5, 6.5], "texture": "#0"}
			}
		},
		{
			"name": "cube4",
			"from": [7.79289, 5.206, 7.5],
			"to": [8.20711, 16.206, 8.5],
			"rotation": {"angle": 45, "axis": "y", "origin": [8, 5.2, 8]},
			"faces": {
				"north": {"uv": [3, 0, 3.5, 6], "texture": "#0"},
				"south": {"uv": [3.5, 0, 4, 6], "texture": "#0"},
				"down": {"uv": [6.5, 3.5, 6, 4.5], "texture": "#0"}
			}
		},
		{
			"name": "cube1",
			"from": [7.80325, 5.1, 7.525],
			"to": [8.19675, 5.2, 8.475],
			"rotation": {"angle": 0, "axis": "y", "origin": [8, 5.153, 8]},
			"faces": {
				"north": {"uv": [7, 0, 7.5, 0.5], "texture": "#0"},
				"south": {"uv": [0.5, 7, 1, 7.5], "texture": "#0"}
			}
		},
		{
			"name": "cube2",
			"from": [7.80325, 5.102, 7.525],
			"to": [8.19675, 5.202, 8.475],
			"rotation": {"angle": -45, "axis": "y", "origin": [8, 5.153, 8]},
			"faces": {
				"north": {"uv": [7, 0.5, 7.5, 1], "texture": "#0"},
				"south": {"uv": [1, 7, 1.5, 7.5], "texture": "#0"}
			}
		},
		{
			"name": "cube3",
			"from": [7.525, 5.104, 7.80325],
			"to": [8.475, 5.204, 8.19675],
			"rotation": {"angle": 0, "axis": "y", "origin": [8, 5.153, 8]},
			"faces": {
				"east": {"uv": [7, 1, 7.5, 1.5], "texture": "#0"},
				"west": {"uv": [7, 1.5, 7.5, 2], "texture": "#0"}
			}
		},
		{
			"name": "cube4",
			"from": [7.80325, 5.106, 7.525],
			"to": [8.19675, 5.206, 8.475],
			"rotation": {"angle": 45, "axis": "y", "origin": [8, 5.153, 8]},
			"faces": {
				"north": {"uv": [7, 2, 7.5, 2.5], "texture": "#0"},
				"south": {"uv": [2.5, 7, 3, 7.5], "texture": "#0"}
			}
		},
		{
			"name": "cube1",
			"from": [7.77491, 6.6, 7.4566],
			"to": [8.22509, 6.9, 8.5434],
			"rotation": {"angle": 0, "axis": "y", "origin": [8, 6.753, 8]},
			"faces": {
				"north": {"uv": [7, 2.5, 7.5, 3], "texture": "#0"},
				"south": {"uv": [3, 7, 3.5, 7.5], "texture": "#0"},
				"up": {"uv": [5, 7, 4.5, 6], "texture": "#0"},
				"down": {"uv": [6.5, 4.5, 6, 5.5], "texture": "#0"}
			}
		},
		{
			"name": "cube2",
			"from": [7.77491, 6.602, 7.4566],
			"to": [8.22509, 6.902, 8.5434],
			"rotation": {"angle": -45, "axis": "y", "origin": [8, 6.753, 8]},
			"faces": {
				"north": {"uv": [7, 3, 7.5, 3.5], "texture": "#0"},
				"south": {"uv": [4.5, 7, 5, 7.5], "texture": "#0"},
				"up": {"uv": [5.5, 7, 5, 6], "texture": "#0"},
				"down": {"uv": [6, 6, 5.5, 7], "texture": "#0"}
			}
		},
		{
			"name": "cube3",
			"from": [7.4566, 6.604, 7.77491],
			"to": [8.5434, 6.904, 8.22509],
			"rotation": {"angle": 0, "axis": "y", "origin": [8, 6.753, 8]},
			"faces": {
				"east": {"uv": [7, 4.5, 7.5, 5], "texture": "#0"},
				"west": {"uv": [5, 7, 5.5, 7.5], "texture": "#0"},
				"up": {"uv": [7, 6, 6, 5.5], "texture": "#0"},
				"down": {"uv": [7, 6, 6, 6.5], "texture": "#0"}
			}
		},
		{
			"name": "cube4",
			"from": [7.77491, 6.606, 7.4566],
			"to": [8.22509, 6.906, 8.5434],
			"rotation": {"angle": 45, "axis": "y", "origin": [8, 6.753, 8]},
			"faces": {
				"north": {"uv": [7, 5, 7.5, 5.5], "texture": "#0"},
				"south": {"uv": [5.5, 7, 6, 7.5], "texture": "#0"},
				"up": {"uv": [7, 1, 6.5, 0], "texture": "#0"},
				"down": {"uv": [2, 6.5, 1.5, 7.5], "texture": "#0"}
			}
		},
		{
			"name": "cube1",
			"from": [7.81308, 0, 7.54875],
			"to": [8.18692, 0.1, 8.45125],
			"rotation": {"angle": 0, "axis": "y", "origin": [8, 0.053, 8]},
			"faces": {
				"north": {"uv": [7, 5.5, 7.5, 6], "texture": "#0"},
				"south": {"uv": [7, 6, 7.5, 6.5], "texture": "#0"},
				"down": {"uv": [7.5, 6.5, 7, 7], "texture": "#0"}
			}
		},
		{
			"name": "cube2",
			"from": [7.81308, 0.002, 7.54875],
			"to": [8.18692, 0.102, 8.45125],
			"rotation": {"angle": -45, "axis": "y", "origin": [8, 0.053, 8]},
			"faces": {
				"north": {"uv": [7, 7, 7.5, 7.5], "texture": "#0"},
				"south": {"uv": [7.5, 0, 8, 0.5], "texture": "#0"},
				"down": {"uv": [1, 7.5, 0.5, 8], "texture": "#0"}
			}
		},
		{
			"name": "cube3",
			"from": [7.54875, 0.004, 7.81308],
			"to": [8.45125, 0.104, 8.18692],
			"rotation": {"angle": 0, "axis": "y", "origin": [8, 0.053, 8]},
			"faces": {
				"east": {"uv": [7.5, 0.5, 8, 1], "texture": "#0"},
				"west": {"uv": [1, 7.5, 1.5, 8], "texture": "#0"},
				"down": {"uv": [8, 1, 7.5, 1.5], "texture": "#0"}
			}
		},
		{
			"name": "cube4",
			"from": [7.81308, 0.006, 7.54875],
			"to": [8.18692, 0.106, 8.45125],
			"rotation": {"angle": 45, "axis": "y", "origin": [8, 0.053, 8]},
			"faces": {
				"north": {"uv": [1.5, 7.5, 2, 8], "texture": "#0"},
				"south": {"uv": [7.5, 1.5, 8, 2], "texture": "#0"},
				"down": {"uv": [2.5, 7.5, 2, 8], "texture": "#0"}
			}
		},
		{
			"name": "cube1",
			"from": [7.77491, 16.2, 7.4566],
			"to": [8.22509, 16.8, 8.5434],
			"rotation": {"angle": 0, "axis": "y", "origin": [8, 16.353, 8]},
			"faces": {
				"north": {"uv": [7.5, 2, 8, 2.5], "texture": "#0"},
				"south": {"uv": [2.5, 7.5, 3, 8], "texture": "#0"},
				"up": {"uv": [7, 2.5, 6.5, 1.5], "texture": "#0"},
				"down": {"uv": [2.5, 6.5, 2, 7.5], "texture": "#0"}
			}
		},
		{
			"name": "cube2",
			"from": [7.77491, 16.202, 7.4566],
			"to": [8.22509, 16.802, 8.5434],
			"rotation": {"angle": -45, "axis": "y", "origin": [8, 16.353, 8]},
			"faces": {
				"north": {"uv": [7.5, 2.5, 8, 3], "texture": "#0"},
				"south": {"uv": [3, 7.5, 3.5, 8], "texture": "#0"},
				"up": {"uv": [7, 3.5, 6.5, 2.5], "texture": "#0"},
				"down": {"uv": [4, 6.5, 3.5, 7.5], "texture": "#0"}
			}
		},
		{
			"name": "cube3",
			"from": [7.4566, 16.204, 7.77491],
			"to": [8.5434, 16.804, 8.22509],
			"rotation": {"angle": 0, "axis": "y", "origin": [8, 16.353, 8]},
			"faces": {
				"east": {"uv": [7.5, 3, 8, 3.5], "texture": "#0"},
				"west": {"uv": [3.5, 7.5, 4, 8], "texture": "#0"},
				"up": {"uv": [7.5, 4, 6.5, 3.5], "texture": "#0"},
				"down": {"uv": [7.5, 4, 6.5, 4.5], "texture": "#0"}
			}
		},
		{
			"name": "cube4",
			"from": [7.77491, 16.206, 7.4566],
			"to": [8.22509, 16.806, 8.5434],
			"rotation": {"angle": 45, "axis": "y", "origin": [8, 16.353, 8]},
			"faces": {
				"north": {"uv": [7.5, 3.5, 8, 4], "texture": "#0"},
				"south": {"uv": [4, 7.5, 4.5, 8], "texture": "#0"},
				"up": {"uv": [4.5, 7.5, 4, 6.5], "texture": "#0"},
				"down": {"uv": [7, 4.5, 6.5, 5.5], "texture": "#0"}
			}
		},
		{
			"name": "cube1",
			"from": [7.81308, 16.8, 7.54875],
			"to": [8.18692, 16.85, 8.45125],
			"rotation": {"angle": 0, "axis": "y", "origin": [8, 16.853, 8]},
			"faces": {
				"north": {"uv": [7.5, 4, 8, 4.5], "texture": "#0"},
				"south": {"uv": [4.5, 7.5, 5, 8], "texture": "#0"},
				"up": {"uv": [8, 5, 7.5, 4.5], "texture": "#0"}
			}
		},
		{
			"name": "cube2",
			"from": [7.81308, 16.802, 7.54875],
			"to": [8.18692, 16.852, 8.45125],
			"rotation": {"angle": -45, "axis": "y", "origin": [8, 16.853, 8]},
			"faces": {
				"north": {"uv": [5, 7.5, 5.5, 8], "texture": "#0"},
				"south": {"uv": [7.5, 5, 8, 5.5], "texture": "#0"},
				"up": {"uv": [6, 8, 5.5, 7.5], "texture": "#0"}
			}
		},
		{
			"name": "cube3",
			"from": [7.54875, 16.804, 7.81308],
			"to": [8.45125, 16.854, 8.18692],
			"rotation": {"angle": 0, "axis": "y", "origin": [8, 16.853, 8]},
			"faces": {
				"east": {"uv": [7.5, 5.5, 8, 6], "texture": "#0"},
				"west": {"uv": [6, 7.5, 6.5, 8], "texture": "#0"},
				"up": {"uv": [8, 6.5, 7.5, 6], "texture": "#0"}
			}
		},
		{
			"name": "cube4",
			"from": [7.81308, 16.806, 7.54875],
			"to": [8.18692, 16.856, 8.45125],
			"rotation": {"angle": 45, "axis": "y", "origin": [8, 16.853, 8]},
			"faces": {
				"north": {"uv": [6.5, 7.5, 7, 8], "texture": "#0"},
				"south": {"uv": [7.5, 6.5, 8, 7], "texture": "#0"},
				"up": {"uv": [7.5, 8, 7, 7.5], "texture": "#0"}
			}
		},
		{
			"from": [8.1, 16.85, 8.1],
			"to": [8.2, 16.95, 8.2],
			"rotation": {"angle": 0, "axis": "y", "origin": [8.1, 16.85, 8.1]},
			"faces": {
				"north": {"uv": [7.5, 7, 8, 7.5], "texture": "#0"},
				"east": {"uv": [7.5, 7.5, 8, 8], "texture": "#0"},
				"south": {"uv": [0, 8, 0.5, 8.5], "texture": "#0"},
				"west": {"uv": [8, 0, 8.5, 0.5], "texture": "#0"},
				"up": {"uv": [1, 8.5, 0.5, 8], "texture": "#0"}
			}
		},
		{
			"from": [7.8, 16.85, 7.8],
			"to": [7.9, 16.95, 7.9],
			"rotation": {"angle": 0, "axis": "y", "origin": [7.8, 16.85, 7.8]},
			"faces": {
				"north": {"uv": [8, 0.5, 8.5, 1], "texture": "#0"},
				"east": {"uv": [1, 8, 1.5, 8.5], "texture": "#0"},
				"south": {"uv": [8, 1, 8.5, 1.5], "texture": "#0"},
				"west": {"uv": [1.5, 8, 2, 8.5], "texture": "#0"},
				"up": {"uv": [8.5, 2, 8, 1.5], "texture": "#0"}
			}
		},
		{
			"name": "cube1",
			"from": [7.79289, 3.6, 7.45],
			"to": [8.20711, 4.6, 7.5],
			"rotation": {"angle": 0, "axis": "y", "origin": [8, 3.6, 7.95]},
			"faces": {
				"north": {"uv": [6, 6.5, 6.5, 7.5], "texture": "#0"},
				"east": {"uv": [6.5, 6.5, 7, 7.5], "texture": "#0"},
				"west": {"uv": [0, 7, 0.5, 8], "texture": "#0"},
				"up": {"uv": [2.5, 8.5, 2, 8], "texture": "#0"},
				"down": {"uv": [8.5, 2, 8, 2.5], "texture": "#0"}
			}
		},
		{
			"name": "cube1",
			"from": [7.84289, 4.15, 7.4],
			"to": [8.15711, 4.45, 7.45],
			"rotation": {"angle": 0, "axis": "y", "origin": [8, 4.15, 7.9]},
			"faces": {
				"north": {"uv": [2.5, 8, 3, 8.5], "texture": "#0"},
				"east": {"uv": [8, 2.5, 8.5, 3], "texture": "#0"},
				"west": {"uv": [3, 8, 3.5, 8.5], "texture": "#0"},
				"up": {"uv": [8.5, 3.5, 8, 3], "texture": "#0"},
				"down": {"uv": [4, 8, 3.5, 8.5], "texture": "#0"}
			}
		},
		{
			"name": "cube1",
			"from": [7.84289, 3.75, 7.4],
			"to": [8.15711, 4.05, 7.45],
			"rotation": {"angle": 0, "axis": "y", "origin": [8, 3.75, 7.9]},
			"faces": {
				"north": {"uv": [8, 3.5, 8.5, 4], "texture": "#0"},
				"east": {"uv": [4, 8, 4.5, 8.5], "texture": "#0"},
				"west": {"uv": [8, 4, 8.5, 4.5], "texture": "#0"},
				"up": {"uv": [5, 8.5, 4.5, 8], "texture": "#0"},
				"down": {"uv": [8.5, 4.5, 8, 5], "texture": "#0"}
			}
		}
	],
	"gui_light": "front",
	"display": {
		"thirdperson_righthand": {
			"rotation": [0, 180, 0],
			"translation": [0, 5, 0.25]
		},
		"thirdperson_lefthand": {
			"rotation": [0, 180, 0],
			"translation": [0, 5, 0.25]
		},
		"firstperson_righthand": {
			"rotation": [165, 0, 180],
			"translation": [0, 5, 0.25]
		},
		"firstperson_lefthand": {
			"rotation": [165, 0, 180],
			"translation": [0, 5, 0.25]
		},
		"ground": {
			"rotation": [0, 0, 90],
			"translation": [0, -0.75, 0]
		},
		"gui": {
			"rotation": [180, 0, -135],
			"translation": [-0.25, -0.75, 0],
			"scale": [1.1, 1.1, 1.1]
		},
		"head": {
			"translation": [0, 8.75, 0]
		},
		"fixed": {
			"rotation": [0, 0, 45],
			"scale": [1.25, 1.25, 1.25]
		}
	},
	"groups": [
		{
			"name": "handle",
			"origin": [0, 0, 0],
			"color": 0,
			"children": [0, 1, 2, 3]
		},
		{
			"name": "long",
			"origin": [0, 0, 0],
			"color": 0,
			"children": [4, 5, 6, 7]
		},
		{
			"name": "ring",
			"origin": [0, 0, 0],
			"color": 0,
			"children": [8, 9, 10, 11]
		},
		{
			"name": "mid",
			"origin": [0, 0, 0],
			"color": 0,
			"children": [12, 13, 14, 15]
		},
		{
			"name": "bottom",
			"origin": [0, 0, 0],
			"color": 0,
			"children": [16, 17, 18, 19]
		},
		{
			"name": "head",
			"origin": [0, 0, 0],
			"color": 0,
			"children": [20, 21, 22, 23]
		},
		{
			"name": "top",
			"origin": [0, 0, 0],
			"color": 0,
			"children": [24, 25, 26, 27]
		},
		{
			"name": "Elec",
			"origin": [7.8, 16.85, 7.8],
			"color": 0,
			"children": [28, 29]
		},
		{
			"name": "button",
			"origin": [8, 3.75, 7.9],
			"color": 0,
			"children": [30, 31, 32]
		}
	]
}