{
	"format_version": "1.8.0",
	"animations": {
		"animation.ak_47.idle": {
			"animation_length": 1
		},
		"animation.ak_47.edit": {
			"loop": "hold_on_last_frame",
			"animation_length": 0.4083,
			"bones": {
				"0": {
					"rotation": {
						"0.0": [0, 0, 0],
						"0.0667": [-13.37397, -18.59699, -1.83212],
						"0.15": [-17.77391, -60.1281, -10.99134],
						"0.3": [4.29, -70.22, -13.22],
						"0.3583": [2.28664, -70.21598, -13.21611],
						"0.4083": [2.18, -70.22, -13.22]
					},
					"position": {
						"0.0": [0, 0, 0],
						"0.0583": [1.22297, 0.37811, -1.26375],
						"0.1167": [0.12132, 1.14111, -1.71705],
						"0.3": [4.64002, 3.03958, -4.07823],
						"0.3583": [3.42378, 2.79346, -4.09756],
						"0.4083": [3.95, 2.9, -4.09]
					}
				},
				"Righthand": {
					"rotation": [72.69469, -60.09451, -36.63152],
					"position": [19, -18.6, 14.8],
					"scale": 0
				},
				"Lefthand": {
					"rotation": [-51.42913, -7.99833, 65.60001],
					"position": [21.85, -19.65, 7],
					"scale": 0
				}
			}
		},
		"animation.ak_47.run": {
			"loop": true,
			"animation_length": 0.8,
			"bones": {
				"0": {
					"rotation": {
						"0.0": [-19.82442, -57.81517, 38.62375],
						"0.2": [-21.82442, -57.81517, 38.62375],
						"0.4": [-19.82442, -57.81517, 38.62375],
						"0.6": [-17.82442, -57.81517, 38.62375],
						"0.8": [-19.82442, -57.81517, 38.62375]
					},
					"position": {
						"0.0": [3.5, -1.75, 0],
						"0.2": [2.25, -1.25, 0],
						"0.4": [1, -1.75, 0],
						"0.6": [2, -1.25, 0],
						"0.8": [3.5, -1.75, 0]
					}
				},
				"camera": {
					"rotation": {
						"0.0": [-0.3, -0.3, 0.3],
						"0.2": [0.3, 0, -0.3],
						"0.4": [-0.3, 0.3, 0.3],
						"0.6": [0.3, 0, -0.3],
						"0.8": [-0.3, -0.3, 0.3]
					}
				}
			}
		},
		"animation.ak_47.run_fast": {
			"loop": true,
			"animation_length": 0.7,
			"bones": {
				"0": {
					"rotation": {
						"0.0": [-71.5441, 21.19359, 4.89071],
						"0.175": [-70.25009, 19.57377, 12.8696],
						"0.35": [-71.08194, 19.41184, 6.64209],
						"0.525": [-72.13904, 19.33922, 0.51567],
						"0.7": [-71.72375, 21.2133, 4.79361]
					},
					"position": {
						"0.0": [-4.86372, 2.30127, -0.0236],
						"0.175": [-6.18, 4.52384, -1.07544],
						"0.35": [-7.20607, 2.2688, -0.16467],
						"0.525": [-6.28238, 4.47846, -1.06191],
						"0.7": [-4.86372, 2.30127, -0.0236]
					}
				},
				"camera": {
					"rotation": {
						"0.0": [-0.3, -0.3, 0.3],
						"0.175": [0.3, 0, -0.3],
						"0.35": [-0.3, 0.3, 0.3],
						"0.525": [0.3, 0, -0.3],
						"0.7": [-0.3, -0.3, 0.3]
					}
				},
				"Lefthand": {
					"rotation": [5.27614, 52.79666, -90.24139],
					"position": [15, -14, 37]
				}
			}
		},
		"animation.ak_47.reload_normal": {
			"loop": "hold_on_last_frame",
			"animation_length": 2.6833,
			"override_previous_animation": true,
			"bones": {
				"0": {
					"rotation": {
						"0.05": {
							"pre": [0, 0, 0],
							"post": [0, 0, 0],
							"lerp_mode": "catmullrom"
						},
						"0.1333": {
							"post": [2.5, 0, 0],
							"lerp_mode": "catmullrom"
						},
						"0.25": {
							"post": [-5.33, -4.8, -6.87],
							"lerp_mode": "catmullrom"
						},
						"0.3833": {
							"post": [-8.745, -6.73, -21.16],
							"lerp_mode": "catmullrom"
						},
						"0.5": {
							"post": [-9.295, -5.16, -19.81],
							"lerp_mode": "catmullrom"
						},
						"0.55": {
							"post": [-0.88935, -4.7051, -8.34602],
							"lerp_mode": "catmullrom"
						},
						"0.5833": {
							"post": [-10.79799, -6.63854, -22.18136],
							"lerp_mode": "catmullrom"
						},
						"0.6667": {
							"post": [-12.90518, -6.42231, -14.7782],
							"lerp_mode": "catmullrom"
						},
						"0.75": {
							"post": [-11.96, -6.27, -21.245],
							"lerp_mode": "catmullrom"
						},
						"0.8833": {
							"post": [-10.365, -5.41, -19.95],
							"lerp_mode": "catmullrom"
						},
						"1.1333": {
							"post": [-7.33, -3.33, -26.62],
							"lerp_mode": "catmullrom"
						},
						"1.2": {
							"post": [-10.16224, -7.3703, -29.55436],
							"lerp_mode": "catmullrom"
						},
						"1.25": {
							"post": [-10.98734, -8.10449, -27.46957],
							"lerp_mode": "catmullrom"
						},
						"1.3833": {
							"post": [-14.725, -13.11, -26.58],
							"lerp_mode": "catmullrom"
						},
						"1.4167": {
							"post": [-11.865, -11.685, -18.195],
							"lerp_mode": "catmullrom"
						},
						"1.45": {
							"post": [-12.39, -12.66, -23.045],
							"lerp_mode": "catmullrom"
						},
						"1.55": {
							"post": [-12.915, -13.64, -21.545],
							"lerp_mode": "catmullrom"
						},
						"1.5833": {
							"post": [-15.28, -11.95, -20.05],
							"lerp_mode": "catmullrom"
						},
						"1.6667": {
							"post": [-12.34, -11.19, -12.88],
							"lerp_mode": "catmullrom"
						},
						"1.75": {
							"post": [-6.855, -11.36, -9.785],
							"lerp_mode": "catmullrom"
						},
						"1.8333": {
							"post": [1.77, -4.42, -3.48],
							"lerp_mode": "catmullrom"
						},
						"1.9": {
							"post": [0.625, -0.14, 2.5],
							"lerp_mode": "catmullrom"
						},
						"1.95": {
							"post": [-1, 1.63, 5.18],
							"lerp_mode": "catmullrom"
						},
						"2.0333": {
							"post": [0.59, -0.99, -1.1425],
							"lerp_mode": "catmullrom"
						},
						"2.1167": {
							"post": [-0.62, 0.86, 1.21625],
							"lerp_mode": "catmullrom"
						},
						"2.25": {
							"post": [-0.33125, 0, -0.35],
							"lerp_mode": "catmullrom"
						},
						"2.3667": {
							"post": [0, 0, 0],
							"lerp_mode": "catmullrom"
						}
					},
					"position": {
						"0.0": {
							"post": [0, 0, 0],
							"lerp_mode": "catmullrom"
						},
						"0.0833": {
							"post": [-0.1, -0.11, -0.22],
							"lerp_mode": "catmullrom"
						},
						"0.1667": {
							"post": [-0.065, -0.045, 0.08],
							"lerp_mode": "catmullrom"
						},
						"0.3": {
							"post": [-0.24375, 0.17625, 0.1075],
							"lerp_mode": "catmullrom"
						},
						"0.3833": {
							"post": [-1.06875, 0.44125, 0.6875],
							"lerp_mode": "catmullrom"
						},
						"0.5": {
							"post": [-0.77375, -0.20375, 0.9975],
							"lerp_mode": "catmullrom"
						},
						"0.55": {
							"post": [-0.56375, 0.19625, 0.9675],
							"lerp_mode": "catmullrom"
						},
						"0.6333": {
							"post": [-0.78375, 0.24125, 0.8975],
							"lerp_mode": "catmullrom"
						},
						"0.8": {
							"post": [-0.85875, 0.61125, 0.3675],
							"lerp_mode": "catmullrom"
						},
						"1.0": {
							"post": [-0.89375, 0.19625, 0.0975],
							"lerp_mode": "catmullrom"
						},
						"1.1333": {
							"post": [-1, -0.11, -0.05],
							"lerp_mode": "catmullrom"
						},
						"1.2": {
							"post": [-1.01, -0.45, -0.35],
							"lerp_mode": "catmullrom"
						},
						"1.25": {
							"post": [-1.03, -0.36, -0.39],
							"lerp_mode": "catmullrom"
						},
						"1.3833": {
							"post": [-0.84375, -0.28375, -0.4525],
							"lerp_mode": "catmullrom"
						},
						"1.4167": {
							"post": [-0.54375, -0.77875, -0.1025],
							"lerp_mode": "catmullrom"
						},
						"1.5": {
							"post": [-0.91375, -0.82375, -0.6725],
							"lerp_mode": "catmullrom"
						},
						"1.6333": {
							"post": [-1.06875, 0.17625, -0.8525],
							"lerp_mode": "catmullrom"
						},
						"1.75": {
							"post": [-0.86875, 0.76125, -0.9525],
							"lerp_mode": "catmullrom"
						},
						"1.8333": {
							"post": [-0.24, -0.03, -1.13],
							"lerp_mode": "catmullrom"
						},
						"1.9": {
							"post": [0, -0.07, -0.35],
							"lerp_mode": "catmullrom"
						},
						"2.0": {
							"post": [0, 0.04, 0.9],
							"lerp_mode": "catmullrom"
						},
						"2.0667": {
							"post": [0, 0.04, -0.15],
							"lerp_mode": "catmullrom"
						},
						"2.1667": {
							"post": [0, 0, 0.2],
							"lerp_mode": "catmullrom"
						},
						"2.25": {
							"post": [0, 0, 0],
							"lerp_mode": "catmullrom"
						}
					}
				},
				"camera": {
					"rotation": {
						"0.0": {
							"post": [0, 0, 0],
							"lerp_mode": "catmullrom"
						},
						"0.0833": {
							"post": [-0.32, 0, 0.39],
							"lerp_mode": "catmullrom"
						},
						"0.1667": {
							"post": [1.25, 0.25, 0.22],
							"lerp_mode": "catmullrom"
						},
						"0.25": {
							"post": [2.3, 0.59, -0.06],
							"lerp_mode": "catmullrom"
						},
						"0.3333": {
							"post": [3.185, 0.82, -0.24],
							"lerp_mode": "catmullrom"
						},
						"0.4167": {
							"post": [3.35, 0.81, -0.07],
							"lerp_mode": "catmullrom"
						},
						"0.5": {
							"post": [3.01, 0.62, -0.02],
							"lerp_mode": "catmullrom"
						},
						"0.55": {
							"post": [2.94, 0.01, -1.15],
							"lerp_mode": "catmullrom"
						},
						"0.6333": {
							"post": [2.9, 0.27, 0.505],
							"lerp_mode": "catmullrom"
						},
						"0.7": {
							"post": [2.84, 0.49, -0.46],
							"lerp_mode": "catmullrom"
						},
						"0.8": {
							"post": [3.05, 0.67, 0.21],
							"lerp_mode": "catmullrom"
						},
						"0.8833": {
							"post": [3.12, 0.5, 0.065],
							"lerp_mode": "catmullrom"
						},
						"0.95": {
							"post": [3.2, 0.23, 0.27],
							"lerp_mode": "catmullrom"
						},
						"1.05": {
							"post": [3.28, -0.07, 0.34],
							"lerp_mode": "catmullrom"
						},
						"1.1333": {
							"post": [3.34, -0.3, 0.39],
							"lerp_mode": "catmullrom"
						},
						"1.2": {
							"post": [3.33, -0.43, 0.41],
							"lerp_mode": "catmullrom"
						},
						"1.3": {
							"post": [3.22, -0.37, 0.33],
							"lerp_mode": "catmullrom"
						},
						"1.3833": {
							"post": [3.15, -0.27, 0.41],
							"lerp_mode": "catmullrom"
						},
						"1.4167": {
							"post": [3.31, -0.09, 1.38],
							"lerp_mode": "catmullrom"
						},
						"1.45": {
							"post": [3.11, -0.27, -0.055],
							"lerp_mode": "catmullrom"
						},
						"1.5": {
							"post": [3.3, -0.38, 0.12],
							"lerp_mode": "catmullrom"
						},
						"1.55": {
							"post": [3.51, -0.51, 0.71],
							"lerp_mode": "catmullrom"
						},
						"1.7333": {
							"post": [2.91, -0.51, 1.025],
							"lerp_mode": "catmullrom"
						},
						"1.8333": {
							"post": [2.09, -0.39, 0.41],
							"lerp_mode": "catmullrom"
						},
						"1.9167": {
							"post": [0.97, -0.21, 0.12],
							"lerp_mode": "catmullrom"
						},
						"1.9833": {
							"post": [-0.23, -0.04, -0.19],
							"lerp_mode": "catmullrom"
						},
						"2.0333": {
							"post": [-0.62, 0.015, 0.62],
							"lerp_mode": "catmullrom"
						},
						"2.1167": {
							"post": [-0.15, -0.005, -0.385],
							"lerp_mode": "catmullrom"
						},
						"2.2": {
							"post": [0.18, -0.06, 0.06],
							"lerp_mode": "catmullrom"
						},
						"2.3333": {
							"post": [0, 0, 0],
							"lerp_mode": "catmullrom"
						}
					}
				},
				"magazine": {
					"rotation": {
						"0.0": [0, 0, 0],
						"0.3667": [0, 0, 0],
						"0.45": [0, 0, 0],
						"0.4667": [-4, 0, 0],
						"0.5167": [-9.75, 0, 0],
						"0.55": [-24.75, 0, 0],
						"0.7667": [59.73664, 1.67294, -32.59404],
						"0.8167": [54.9, 0, 0],
						"1.1833": [-10.24842, 2.88379, 15.96086],
						"1.25": [-11.53843, -0.2156, -0.76216],
						"1.3333": [-1.89, -0.22, -0.76],
						"1.35": [-1.88843, -0.2156, -0.76216],
						"1.3833": [2.77, 1.19, 1.08],
						"1.45": [-4, 0, 0],
						"1.5": [0, 0, 0]
					},
					"position": {
						"0.0": [0, 0, 0],
						"0.3667": [0, 0, 0],
						"0.45": [0, 0, 0],
						"0.4667": [0, 0, -0.1875],
						"0.5167": [0, -0.07812, -0.38672],
						"0.55": [0, 0.12188, -0.93672],
						"0.6167": [1.69, -2.94, 0.1],
						"0.8333": [7.2, -12.25391, 6.7875],
						"0.9167": [0.63531, -6.7952, 11.71738],
						"1.1833": [-1.23578, -0.31557, -0.38868],
						"1.25": [-0.12957, -0.31603, -0.4701],
						"1.3333": [-0.13, -0.30828, -0.43563],
						"1.35": [-0.12957, 0.18006, -0.46385],
						"1.3833": [-0.22, 0.14, -0.29],
						"1.45": [0, 0, -0.1875],
						"1.5": [0, 0, 0]
					}
				},
				"Lefthand": {
					"rotation": {
						"0.1167": [0, 0, 0],
						"0.3333": [50.29539, 45.73453, -56.50534],
						"1.6667": [50.29539, 45.73453, -56.50534],
						"1.85": [0, 0, 0]
					},
					"position": {
						"0.1167": [0, 0, 0],
						"0.3333": [-0.09069, -1.78326, 3.07],
						"1.6667": [-0.09069, -1.78326, 3.07],
						"1.85": [0, 0, 0]
					}
				},
				"kasun": {
					"rotation": {
						"0.4167": [0, 0, 0],
						"0.45": [-21, 0, 0],
						"0.5": [-21, 0, 0],
						"0.5333": [0, 0, 0],
						"1.4": [0, 0, 0],
						"1.4333": [-21, 0, 0],
						"1.5167": [-21, 0, 0],
						"1.55": [0, 0, 0]
					}
				},
				"Righthand": {
					"position": {
						"0.1": [0, 0, 0],
						"0.2": [-0.75, 0, 0],
						"1.7667": [-0.75, 0, 0],
						"1.8333": [0, 0, 0]
					}
				}
			},
			"sound_effects": {
				"0.0": {
					"effect": "ak_47_reload_normal_drum"
				}
			}
		},
		"animation.ak_47.reload_normal_drum": {
			"loop": "hold_on_last_frame",
			"animation_length": 2.6833,
			"override_previous_animation": true,
			"bones": {
				"0": {
					"rotation": {
						"0.05": {
							"pre": [0, 0, 0],
							"post": [0, 0, 0],
							"lerp_mode": "catmullrom"
						},
						"0.1333": {
							"post": [2.5, 0, 0],
							"lerp_mode": "catmullrom"
						},
						"0.25": {
							"post": [-5.33, -4.8, -6.87],
							"lerp_mode": "catmullrom"
						},
						"0.3833": {
							"post": [-8.745, -6.73, -21.16],
							"lerp_mode": "catmullrom"
						},
						"0.5": {
							"post": [-9.295, -5.16, -19.81],
							"lerp_mode": "catmullrom"
						},
						"0.55": {
							"post": [-0.88935, -4.7051, -8.34602],
							"lerp_mode": "catmullrom"
						},
						"0.5833": {
							"post": [-10.79799, -6.63854, -22.18136],
							"lerp_mode": "catmullrom"
						},
						"0.6667": {
							"post": [-12.90518, -6.42231, -14.7782],
							"lerp_mode": "catmullrom"
						},
						"0.75": {
							"post": [-11.96, -6.27, -21.245],
							"lerp_mode": "catmullrom"
						},
						"0.8833": {
							"post": [-10.365, -5.41, -19.95],
							"lerp_mode": "catmullrom"
						},
						"1.1333": {
							"post": [-7.33, -3.33, -26.62],
							"lerp_mode": "catmullrom"
						},
						"1.2": {
							"post": [-10.16224, -7.3703, -29.55436],
							"lerp_mode": "catmullrom"
						},
						"1.25": {
							"post": [-10.98734, -8.10449, -27.46957],
							"lerp_mode": "catmullrom"
						},
						"1.3833": {
							"post": [-14.725, -13.11, -26.58],
							"lerp_mode": "catmullrom"
						},
						"1.4167": {
							"post": [-11.865, -11.685, -18.195],
							"lerp_mode": "catmullrom"
						},
						"1.45": {
							"post": [-12.39, -12.66, -23.045],
							"lerp_mode": "catmullrom"
						},
						"1.55": {
							"post": [-12.915, -13.64, -21.545],
							"lerp_mode": "catmullrom"
						},
						"1.5833": {
							"post": [-15.28, -11.95, -20.05],
							"lerp_mode": "catmullrom"
						},
						"1.6667": {
							"post": [-12.34, -11.19, -12.88],
							"lerp_mode": "catmullrom"
						},
						"1.75": {
							"post": [-6.855, -11.36, -9.785],
							"lerp_mode": "catmullrom"
						},
						"1.8333": {
							"post": [1.77, -4.42, -3.48],
							"lerp_mode": "catmullrom"
						},
						"1.9": {
							"post": [0.625, -0.14, 2.5],
							"lerp_mode": "catmullrom"
						},
						"1.95": {
							"post": [-1, 1.63, 5.18],
							"lerp_mode": "catmullrom"
						},
						"2.0333": {
							"post": [0.59, -0.99, -1.1425],
							"lerp_mode": "catmullrom"
						},
						"2.1167": {
							"post": [-0.62, 0.86, 1.21625],
							"lerp_mode": "catmullrom"
						},
						"2.25": {
							"post": [-0.33125, 0, -0.35],
							"lerp_mode": "catmullrom"
						},
						"2.3667": {
							"post": [0, 0, 0],
							"lerp_mode": "catmullrom"
						}
					},
					"position": {
						"0.0": {
							"post": [0, 0, 0],
							"lerp_mode": "catmullrom"
						},
						"0.0833": {
							"post": [-0.1, -0.11, -0.22],
							"lerp_mode": "catmullrom"
						},
						"0.1667": {
							"post": [-0.065, -0.045, 0.08],
							"lerp_mode": "catmullrom"
						},
						"0.3": {
							"post": [-0.24375, 0.17625, 0.1075],
							"lerp_mode": "catmullrom"
						},
						"0.3833": {
							"post": [-1.06875, 0.44125, 0.6875],
							"lerp_mode": "catmullrom"
						},
						"0.5": {
							"post": [-0.77375, -0.20375, 0.9975],
							"lerp_mode": "catmullrom"
						},
						"0.55": {
							"post": [-0.56375, 0.19625, 0.9675],
							"lerp_mode": "catmullrom"
						},
						"0.6333": {
							"post": [-0.78375, 0.24125, 0.8975],
							"lerp_mode": "catmullrom"
						},
						"0.8": {
							"post": [-0.85875, 0.61125, 0.3675],
							"lerp_mode": "catmullrom"
						},
						"1.0": {
							"post": [-0.89375, 0.19625, 0.0975],
							"lerp_mode": "catmullrom"
						},
						"1.1333": {
							"post": [-1, -0.11, -0.05],
							"lerp_mode": "catmullrom"
						},
						"1.2": {
							"post": [-1.01, -0.45, -0.35],
							"lerp_mode": "catmullrom"
						},
						"1.25": {
							"post": [-1.03, -0.36, -0.39],
							"lerp_mode": "catmullrom"
						},
						"1.3833": {
							"post": [-0.84375, -0.28375, -0.4525],
							"lerp_mode": "catmullrom"
						},
						"1.4167": {
							"post": [-0.54375, -0.77875, -0.1025],
							"lerp_mode": "catmullrom"
						},
						"1.5": {
							"post": [-0.91375, -0.82375, -0.6725],
							"lerp_mode": "catmullrom"
						},
						"1.6333": {
							"post": [-1.06875, 0.17625, -0.8525],
							"lerp_mode": "catmullrom"
						},
						"1.75": {
							"post": [-0.86875, 0.76125, -0.9525],
							"lerp_mode": "catmullrom"
						},
						"1.8333": {
							"post": [-0.24, -0.03, -1.13],
							"lerp_mode": "catmullrom"
						},
						"1.9": {
							"post": [0, -0.07, -0.35],
							"lerp_mode": "catmullrom"
						},
						"2.0": {
							"post": [0, 0.04, 0.9],
							"lerp_mode": "catmullrom"
						},
						"2.0667": {
							"post": [0, 0.04, -0.15],
							"lerp_mode": "catmullrom"
						},
						"2.1667": {
							"post": [0, 0, 0.2],
							"lerp_mode": "catmullrom"
						},
						"2.25": {
							"post": [0, 0, 0],
							"lerp_mode": "catmullrom"
						}
					}
				},
				"magazine": {
					"rotation": {
						"0.0": [0, 0, 0],
						"0.3667": [0, 0, 0],
						"0.45": [0, 0, 0],
						"0.4667": [-4, 0, 0],
						"0.5167": [-9.75, 0, 0],
						"0.55": [-24.75, 0, 0],
						"0.7667": [59.73664, 1.67294, -32.59404],
						"0.8167": [54.9, 0, 0],
						"1.1833": [-10.24842, 2.88379, 15.96086],
						"1.25": [-11.53843, -0.2156, -0.76216],
						"1.3333": [-1.89, -0.22, -0.76],
						"1.35": [-1.88843, -0.2156, -0.76216],
						"1.3833": [2.77, 1.19, 1.08],
						"1.45": [-4, 0, 0],
						"1.5": [0, 0, 0]
					},
					"position": {
						"0.0": [0, 0, 0],
						"0.3667": [0, 0, 0],
						"0.45": [0, 0, 0],
						"0.4667": [0, 0, -0.1875],
						"0.5167": [0, -0.07812, -0.38672],
						"0.55": [0, 0.12188, -0.93672],
						"0.6167": [1.69, -2.94, 0.1],
						"0.8333": [7.2, -12.25391, 6.7875],
						"0.9167": [0.63531, -6.7952, 11.71738],
						"1.1833": [-1.23578, -0.31557, -0.38868],
						"1.25": [-0.12957, -0.31603, -0.4701],
						"1.3333": [-0.13, -0.30828, -0.43563],
						"1.35": [-0.12957, 0.18006, -0.46385],
						"1.3833": [-0.22, 0.14, -0.29],
						"1.45": [0, 0, -0.1875],
						"1.5": [0, 0, 0]
					}
				},
				"Lefthand": {
					"rotation": {
						"0.1167": [0, 0, 0],
						"0.3333": [24.37037, 15.9389, -21.54738],
						"1.6667": [24.37037, 15.9389, -21.54738],
						"1.85": [0, 0, 0]
					},
					"position": {
						"0.1167": [0, 0, 0],
						"0.3333": [0.50931, -2.33326, 3.27],
						"1.6667": [0.50931, -2.33326, 3.27],
						"1.85": [0, 0, 0]
					}
				},
				"camera": {
					"rotation": {
						"0.0": {
							"post": [0, 0, 0],
							"lerp_mode": "catmullrom"
						},
						"0.0833": {
							"post": [-0.32, 0, 0.39],
							"lerp_mode": "catmullrom"
						},
						"0.1667": {
							"post": [1.25, 0.25, 0.22],
							"lerp_mode": "catmullrom"
						},
						"0.25": {
							"post": [2.3, 0.59, -0.06],
							"lerp_mode": "catmullrom"
						},
						"0.3333": {
							"post": [3.185, 0.82, -0.24],
							"lerp_mode": "catmullrom"
						},
						"0.4167": {
							"post": [3.35, 0.81, -0.07],
							"lerp_mode": "catmullrom"
						},
						"0.5": {
							"post": [3.01, 0.62, -0.02],
							"lerp_mode": "catmullrom"
						},
						"0.55": {
							"post": [2.94, 0.01, -1.15],
							"lerp_mode": "catmullrom"
						},
						"0.6333": {
							"post": [2.9, 0.27, 0.505],
							"lerp_mode": "catmullrom"
						},
						"0.7": {
							"post": [2.84, 0.49, -0.46],
							"lerp_mode": "catmullrom"
						},
						"0.8": {
							"post": [3.05, 0.67, 0.21],
							"lerp_mode": "catmullrom"
						},
						"0.8833": {
							"post": [3.12, 0.5, 0.065],
							"lerp_mode": "catmullrom"
						},
						"0.95": {
							"post": [3.2, 0.23, 0.27],
							"lerp_mode": "catmullrom"
						},
						"1.05": {
							"post": [3.28, -0.07, 0.34],
							"lerp_mode": "catmullrom"
						},
						"1.1333": {
							"post": [3.34, -0.3, 0.39],
							"lerp_mode": "catmullrom"
						},
						"1.2": {
							"post": [3.33, -0.43, 0.41],
							"lerp_mode": "catmullrom"
						},
						"1.3": {
							"post": [3.22, -0.37, 0.33],
							"lerp_mode": "catmullrom"
						},
						"1.3833": {
							"post": [3.15, -0.27, 0.41],
							"lerp_mode": "catmullrom"
						},
						"1.4167": {
							"post": [3.31, -0.09, 1.38],
							"lerp_mode": "catmullrom"
						},
						"1.45": {
							"post": [3.11, -0.27, -0.055],
							"lerp_mode": "catmullrom"
						},
						"1.5": {
							"post": [3.3, -0.38, 0.12],
							"lerp_mode": "catmullrom"
						},
						"1.55": {
							"post": [3.51, -0.51, 0.71],
							"lerp_mode": "catmullrom"
						},
						"1.7333": {
							"post": [2.91, -0.51, 1.025],
							"lerp_mode": "catmullrom"
						},
						"1.8333": {
							"post": [2.09, -0.39, 0.41],
							"lerp_mode": "catmullrom"
						},
						"1.9167": {
							"post": [0.97, -0.21, 0.12],
							"lerp_mode": "catmullrom"
						},
						"1.9833": {
							"post": [-0.23, -0.04, -0.19],
							"lerp_mode": "catmullrom"
						},
						"2.0333": {
							"post": [-0.62, 0.015, 0.62],
							"lerp_mode": "catmullrom"
						},
						"2.1167": {
							"post": [-0.15, -0.005, -0.385],
							"lerp_mode": "catmullrom"
						},
						"2.2": {
							"post": [0.18, -0.06, 0.06],
							"lerp_mode": "catmullrom"
						},
						"2.3333": {
							"post": [0, 0, 0],
							"lerp_mode": "catmullrom"
						}
					}
				},
				"kasun": {
					"rotation": {
						"0.4167": [0, 0, 0],
						"0.45": [-21, 0, 0],
						"0.5": [-21, 0, 0],
						"0.5333": [0, 0, 0],
						"1.4": [0, 0, 0],
						"1.4333": [-21, 0, 0],
						"1.5167": [-21, 0, 0],
						"1.55": [0, 0, 0]
					}
				},
				"Righthand": {
					"position": {
						"0.1": [0, 0, 0],
						"0.2": [-0.75, 0, 0],
						"1.7667": [-0.75, 0, 0],
						"1.8333": [0, 0, 0]
					}
				}
			},
			"sound_effects": {
				"0.0": {
					"effect": "ak_47_reload_normal_drum"
				}
			}
		},
		"animation.ak_47.reload_empty": {
			"loop": "hold_on_last_frame",
			"animation_length": 3.4,
			"override_previous_animation": true,
			"bones": {
				"0": {
					"rotation": {
						"0.05": {
							"pre": [0, 0, 0],
							"post": [0, 0, 0],
							"lerp_mode": "catmullrom"
						},
						"0.1333": {
							"post": [2.5, 0, 0],
							"lerp_mode": "catmullrom"
						},
						"0.25": {
							"post": [-5.33, -4.8, -6.87],
							"lerp_mode": "catmullrom"
						},
						"0.3833": {
							"post": [-8.745, -6.73, -21.16],
							"lerp_mode": "catmullrom"
						},
						"0.5": {
							"post": [-9.295, -5.16, -19.81],
							"lerp_mode": "catmullrom"
						},
						"0.55": {
							"post": [-0.88935, -4.7051, -8.34602],
							"lerp_mode": "catmullrom"
						},
						"0.5833": {
							"post": [-10.79799, -6.63854, -22.18136],
							"lerp_mode": "catmullrom"
						},
						"0.6667": {
							"post": [-12.90518, -6.42231, -14.7782],
							"lerp_mode": "catmullrom"
						},
						"0.75": {
							"post": [-11.96, -6.27, -21.245],
							"lerp_mode": "catmullrom"
						},
						"0.8833": {
							"post": [-10.365, -5.41, -19.95],
							"lerp_mode": "catmullrom"
						},
						"1.1333": {
							"post": [-7.33, -3.33, -26.62],
							"lerp_mode": "catmullrom"
						},
						"1.2": {
							"post": [-10.16224, -7.3703, -29.55436],
							"lerp_mode": "catmullrom"
						},
						"1.25": {
							"post": [-10.98734, -8.10449, -27.46957],
							"lerp_mode": "catmullrom"
						},
						"1.3833": {
							"post": [-14.725, -13.11, -26.58],
							"lerp_mode": "catmullrom"
						},
						"1.4167": {
							"post": [-11.865, -11.685, -18.195],
							"lerp_mode": "catmullrom"
						},
						"1.45": {
							"post": [-12.39, -12.66, -23.045],
							"lerp_mode": "catmullrom"
						},
						"1.55": {
							"post": [-12.915, -13.64, -21.545],
							"lerp_mode": "catmullrom"
						},
						"1.5833": {
							"post": [-15.28, -11.95, -20.05],
							"lerp_mode": "catmullrom"
						},
						"1.6667": {
							"post": [-12.34, -11.19, -12.88],
							"lerp_mode": "catmullrom"
						},
						"1.75": {
							"post": [-6.855, -11.36, -9.785],
							"lerp_mode": "catmullrom"
						},
						"1.85": {
							"post": [-14.05193, -17.03443, -27.75279],
							"lerp_mode": "catmullrom"
						},
						"2.0": {
							"post": [-15.03888, -17.60042, -20.04824],
							"lerp_mode": "catmullrom"
						},
						"2.1833": {
							"post": [-22.61035, -14.8424, -16.39521],
							"lerp_mode": "catmullrom"
						},
						"2.2667": {
							"post": [-18.43, -13.05, -15.69],
							"lerp_mode": "catmullrom"
						},
						"2.3333": {
							"post": [-14.22327, -11.18597, -27.05429],
							"lerp_mode": "catmullrom"
						},
						"2.3833": {
							"post": [-11.62659, -4.81078, -17.21548],
							"lerp_mode": "catmullrom"
						},
						"2.45": {
							"post": [-8.45, -6.99, -15.91],
							"lerp_mode": "catmullrom"
						},
						"2.55": {
							"post": [-2.91541, 1.11641, -9.19108],
							"lerp_mode": "catmullrom"
						},
						"2.7167": {
							"post": [-2.41, -0.37, -6.28],
							"lerp_mode": "catmullrom"
						},
						"2.8333": {
							"post": [0.99, 0, 2.8],
							"lerp_mode": "catmullrom"
						},
						"2.9667": {
							"post": [0, 0, -1.1],
							"lerp_mode": "catmullrom"
						},
						"3.0833": {
							"post": [0, 0, 0.50453],
							"lerp_mode": "catmullrom"
						},
						"3.1667": {
							"post": [0, 0, 0],
							"lerp_mode": "catmullrom"
						}
					},
					"position": {
						"0.0": {
							"post": [0, 0, 0],
							"lerp_mode": "catmullrom"
						},
						"0.0833": {
							"post": [-0.1, -0.11, -0.22],
							"lerp_mode": "catmullrom"
						},
						"0.1667": {
							"post": [-0.065, -0.045, 0.08],
							"lerp_mode": "catmullrom"
						},
						"0.3": {
							"post": [-0.24375, 0.17625, 0.1075],
							"lerp_mode": "catmullrom"
						},
						"0.3833": {
							"post": [-1.06875, 0.44125, 0.6875],
							"lerp_mode": "catmullrom"
						},
						"0.5": {
							"post": [-0.77375, -0.20375, 0.9975],
							"lerp_mode": "catmullrom"
						},
						"0.55": {
							"post": [-0.56375, 0.19625, 0.9675],
							"lerp_mode": "catmullrom"
						},
						"0.6333": {
							"post": [-0.78375, 0.24125, 0.8975],
							"lerp_mode": "catmullrom"
						},
						"0.8": {
							"post": [-0.85875, 0.61125, 0.3675],
							"lerp_mode": "catmullrom"
						},
						"1.0": {
							"post": [-0.89375, 0.19625, 0.0975],
							"lerp_mode": "catmullrom"
						},
						"1.1333": {
							"post": [-1, -0.11, -0.05],
							"lerp_mode": "catmullrom"
						},
						"1.2": {
							"post": [-1.01, -0.45, -0.35],
							"lerp_mode": "catmullrom"
						},
						"1.25": {
							"post": [-1.03, -0.36, -0.39],
							"lerp_mode": "catmullrom"
						},
						"1.3833": {
							"post": [-0.84375, -0.28375, -0.4525],
							"lerp_mode": "catmullrom"
						},
						"1.4167": {
							"post": [-0.54375, -0.77875, -0.1025],
							"lerp_mode": "catmullrom"
						},
						"1.5": {
							"post": [-0.91375, -0.82375, -0.6725],
							"lerp_mode": "catmullrom"
						},
						"1.6333": {
							"post": [-1.06875, 0.17625, -0.8525],
							"lerp_mode": "catmullrom"
						},
						"1.75": {
							"post": [-0.86875, 0.76125, -0.9525],
							"lerp_mode": "catmullrom"
						},
						"1.8167": {
							"post": [-0.06, 0.91016, -0.97],
							"lerp_mode": "catmullrom"
						},
						"1.95": {
							"post": [0.07, 0.96, -1.05],
							"lerp_mode": "catmullrom"
						},
						"2.15": {
							"post": [0.44661, 0.74904, -0.91449],
							"lerp_mode": "catmullrom"
						},
						"2.2833": {
							"post": [0.24, 0.71, -1.03],
							"lerp_mode": "catmullrom"
						},
						"2.3333": {
							"post": [0.26338, 0.48339, 0.03719],
							"lerp_mode": "catmullrom"
						},
						"2.3833": {
							"post": [0.26338, 0.48339, -0.71281],
							"lerp_mode": "catmullrom"
						},
						"2.4667": {
							"post": [-0.16807, 0.76869, -0.42822],
							"lerp_mode": "catmullrom"
						},
						"2.6": {
							"post": [-0.00111, -0.2912, -0.54679],
							"lerp_mode": "catmullrom"
						},
						"2.7167": {
							"post": [0.04, -0.01, 0.88],
							"lerp_mode": "catmullrom"
						},
						"2.8167": {
							"post": [-0.02016, 0.00844, -0.74922],
							"lerp_mode": "catmullrom"
						},
						"2.9167": {
							"post": [0.04, 0, 0.36197],
							"lerp_mode": "catmullrom"
						},
						"3.0333": {
							"post": [0, 0, -0.15],
							"lerp_mode": "catmullrom"
						},
						"3.1667": {
							"post": [0, 0, 0],
							"lerp_mode": "catmullrom"
						}
					}
				},
				"magazine": {
					"rotation": {
						"0.0": [0, 0, 0],
						"0.3667": [0, 0, 0],
						"0.45": [0, 0, 0],
						"0.4667": [-4, 0, 0],
						"0.5167": [-9.75, 0, 0],
						"0.55": [-24.75, 0, 0],
						"0.7667": [59.73664, 1.67294, -32.59404],
						"0.8167": [54.9, 0, 0],
						"1.1833": [-10.24842, 2.88379, 15.96086],
						"1.25": [-11.53843, -0.2156, -0.76216],
						"1.3333": [-1.89, -0.22, -0.76],
						"1.35": [-1.88843, -0.2156, -0.76216],
						"1.3833": [2.77, 1.19, 1.08],
						"1.45": [-4, 0, 0],
						"1.5": [0, 0, 0]
					},
					"position": {
						"0.0": [0, 0, 0],
						"0.3667": [0, 0, 0],
						"0.45": [0, 0, 0],
						"0.4667": [0, 0, -0.1875],
						"0.5167": [0, -0.07812, -0.38672],
						"0.55": [0, 0.12188, -0.93672],
						"0.6167": [1.69, -2.94, 0.1],
						"0.8333": [7.2, -12.25391, 6.7875],
						"0.9167": [0.63531, -6.7952, 11.71738],
						"1.1833": [-1.23578, -0.31557, -0.38868],
						"1.25": [-0.12957, -0.31603, -0.4701],
						"1.3333": [-0.13, -0.30828, -0.43563],
						"1.35": [-0.12957, 0.18006, -0.46385],
						"1.3833": [-0.22, 0.14, -0.29],
						"1.45": [0, 0, -0.1875],
						"1.5": [0, 0, 0]
					}
				},
				"Lefthand": {
					"rotation": {
						"0.1167": [0, 0, 0],
						"0.3333": [50.29539, 45.73453, -56.50534],
						"1.6667": [50.29539, 45.73453, -56.50534],
						"1.8667": [-27.40925, -6.40493, 67.66918],
						"2.05": [-44.76748, 37.54072, 130.89261],
						"2.1667": [-62.94009, 48.26643, 143.90391],
						"2.2333": [-62.94009, 48.26643, 143.90391],
						"2.3667": [-85.44009, 48.26643, 143.90391],
						"2.4167": [-55.02173, 43.31997, 128.51988],
						"2.5": [-43.27389, 30.70848, 85.33789],
						"2.75": [0, 0, 0]
					},
					"position": {
						"0.1167": [0, 0, 0],
						"0.3333": [-0.09069, -1.78326, 3.07],
						"1.6667": [-0.09069, -1.78326, 3.07],
						"1.7167": [-1.54005, -5.98562, 5.87852],
						"1.7667": [-4.7839, -6.15389, 3.86802],
						"2.05": [-3.86, 0.43, 1.89],
						"2.1667": [-3.47827, 3.14506, 3.54014],
						"2.2333": [-3.47827, 3.14506, 3.54014],
						"2.3667": [-3.47827, 3.14506, 7.54014],
						"2.4167": [-4.37827, -0.70494, 4.44014],
						"2.5": [-5.32823, -1.3892, 1.11393],
						"2.75": [0, 0, 0]
					}
				},
				"bolt": {
					"position": {
						"2.2333": [0, 0, 0],
						"2.3667": [0, 0, 4],
						"2.4333": [0, 0, 0]
					}
				},
				"camera": {
					"rotation": {
						"0.0": {
							"post": [0, 0, 0],
							"lerp_mode": "catmullrom"
						},
						"0.0833": {
							"post": [-0.32, 0, 0.39],
							"lerp_mode": "catmullrom"
						},
						"0.1667": {
							"post": [1.25, 0.25, 0.22],
							"lerp_mode": "catmullrom"
						},
						"0.25": {
							"post": [2.3, 0.59, -0.06],
							"lerp_mode": "catmullrom"
						},
						"0.3333": {
							"post": [3.185, 0.82, -0.24],
							"lerp_mode": "catmullrom"
						},
						"0.4167": {
							"post": [3.35, 0.81, -0.07],
							"lerp_mode": "catmullrom"
						},
						"0.5": {
							"post": [3.01, 0.62, -0.02],
							"lerp_mode": "catmullrom"
						},
						"0.55": {
							"post": [2.94, 0.01, -1.15],
							"lerp_mode": "catmullrom"
						},
						"0.6333": {
							"post": [2.9, 0.27, 0.505],
							"lerp_mode": "catmullrom"
						},
						"0.7": {
							"post": [2.84, 0.49, -0.46],
							"lerp_mode": "catmullrom"
						},
						"0.8": {
							"post": [3.05, 0.67, 0.21],
							"lerp_mode": "catmullrom"
						},
						"0.8833": {
							"post": [3.12, 0.5, 0.065],
							"lerp_mode": "catmullrom"
						},
						"0.95": {
							"post": [3.2, 0.23, 0.27],
							"lerp_mode": "catmullrom"
						},
						"1.05": {
							"post": [3.28, -0.07, 0.34],
							"lerp_mode": "catmullrom"
						},
						"1.1333": {
							"post": [3.34, -0.3, 0.39],
							"lerp_mode": "catmullrom"
						},
						"1.2": {
							"post": [3.33, -0.43, 0.41],
							"lerp_mode": "catmullrom"
						},
						"1.3": {
							"post": [3.22, -0.37, 0.33],
							"lerp_mode": "catmullrom"
						},
						"1.3833": {
							"post": [3.15, -0.27, 0.41],
							"lerp_mode": "catmullrom"
						},
						"1.4167": {
							"post": [3.31, -0.09, 1.38],
							"lerp_mode": "catmullrom"
						},
						"1.45": {
							"post": [3.11, -0.27, -0.055],
							"lerp_mode": "catmullrom"
						},
						"1.5": {
							"post": [3.3, -0.38, 0.12],
							"lerp_mode": "catmullrom"
						},
						"1.55": {
							"post": [3.51, -0.51, 0.71],
							"lerp_mode": "catmullrom"
						},
						"2.0167": {
							"post": [0, 0, 1.5],
							"lerp_mode": "catmullrom"
						},
						"2.15": {
							"post": [0.2, 0, 1.5],
							"lerp_mode": "catmullrom"
						},
						"2.25": {
							"post": [1, 2, 1.8],
							"lerp_mode": "catmullrom"
						},
						"2.3167": {
							"post": [-1.5, -3, -1.5],
							"lerp_mode": "catmullrom"
						},
						"2.45": {
							"post": [0.2, 1.5, 1.5],
							"lerp_mode": "catmullrom"
						},
						"2.6": {
							"post": [0, 0, 0],
							"lerp_mode": "catmullrom"
						},
						"2.9667": {
							"post": [0, 0, -0.75],
							"lerp_mode": "catmullrom"
						},
						"3.1333": {
							"post": [0, 0, 0],
							"lerp_mode": "catmullrom"
						}
					}
				},
				"kasun": {
					"rotation": {
						"0.4167": [0, 0, 0],
						"0.45": [-21, 0, 0],
						"0.5": [-21, 0, 0],
						"0.5333": [0, 0, 0],
						"1.4": [0, 0, 0],
						"1.4333": [-21, 0, 0],
						"1.5167": [-21, 0, 0],
						"1.55": [0, 0, 0]
					}
				},
				"Righthand": {
					"position": {
						"0.1": [0, 0, 0],
						"0.2": [-0.75, 0, 0],
						"1.7667": [-0.75, 0, 0],
						"1.8333": [0, 0, 0]
					}
				}
			},
			"sound_effects": {
				"0.0": {
					"effect": "ak_47_reload_normal_drum"
				}
			}
		},
		"animation.ak_47.reload_empty_drum": {
			"loop": "hold_on_last_frame",
			"animation_length": 3.4,
			"override_previous_animation": true,
			"bones": {
				"0": {
					"rotation": {
						"0.05": {
							"pre": [0, 0, 0],
							"post": [0, 0, 0],
							"lerp_mode": "catmullrom"
						},
						"0.1333": {
							"post": [2.5, 0, 0],
							"lerp_mode": "catmullrom"
						},
						"0.25": {
							"post": [-5.33, -4.8, -6.87],
							"lerp_mode": "catmullrom"
						},
						"0.3833": {
							"post": [-8.745, -6.73, -21.16],
							"lerp_mode": "catmullrom"
						},
						"0.5": {
							"post": [-9.295, -5.16, -19.81],
							"lerp_mode": "catmullrom"
						},
						"0.55": {
							"post": [-0.88935, -4.7051, -8.34602],
							"lerp_mode": "catmullrom"
						},
						"0.5833": {
							"post": [-10.79799, -6.63854, -22.18136],
							"lerp_mode": "catmullrom"
						},
						"0.6667": {
							"post": [-12.90518, -6.42231, -14.7782],
							"lerp_mode": "catmullrom"
						},
						"0.75": {
							"post": [-11.96, -6.27, -21.245],
							"lerp_mode": "catmullrom"
						},
						"0.8833": {
							"post": [-10.365, -5.41, -19.95],
							"lerp_mode": "catmullrom"
						},
						"1.1333": {
							"post": [-7.33, -3.33, -26.62],
							"lerp_mode": "catmullrom"
						},
						"1.2": {
							"post": [-10.16224, -7.3703, -29.55436],
							"lerp_mode": "catmullrom"
						},
						"1.25": {
							"post": [-10.98734, -8.10449, -27.46957],
							"lerp_mode": "catmullrom"
						},
						"1.3833": {
							"post": [-14.725, -13.11, -26.58],
							"lerp_mode": "catmullrom"
						},
						"1.4167": {
							"post": [-11.865, -11.685, -18.195],
							"lerp_mode": "catmullrom"
						},
						"1.45": {
							"post": [-12.39, -12.66, -23.045],
							"lerp_mode": "catmullrom"
						},
						"1.55": {
							"post": [-12.915, -13.64, -21.545],
							"lerp_mode": "catmullrom"
						},
						"1.5833": {
							"post": [-15.28, -11.95, -20.05],
							"lerp_mode": "catmullrom"
						},
						"1.6667": {
							"post": [-12.34, -11.19, -12.88],
							"lerp_mode": "catmullrom"
						},
						"1.75": {
							"post": [-6.855, -11.36, -9.785],
							"lerp_mode": "catmullrom"
						},
						"1.85": {
							"post": [-15.31958, -14.36368, -5.03831],
							"lerp_mode": "catmullrom"
						},
						"1.9333": {
							"post": [-9.07234, -8.30567, 6.00913],
							"lerp_mode": "catmullrom"
						},
						"2.0833": {
							"post": [-20.11149, -12.11692, 25.94431],
							"lerp_mode": "catmullrom"
						},
						"2.1833": {
							"post": [-20.17007, -7.98302, 26.89735],
							"lerp_mode": "catmullrom"
						},
						"2.25": {
							"post": [-20.83, -6.91, 27.55],
							"lerp_mode": "catmullrom"
						},
						"2.3167": {
							"post": [-22.2, -2.77, -2.54109],
							"lerp_mode": "catmullrom"
						},
						"2.4": {
							"post": [-21.84367, 0.35403, -3.35182],
							"lerp_mode": "catmullrom"
						},
						"2.4833": {
							"post": [-20.37797, -3.82438, 1.59281],
							"lerp_mode": "catmullrom"
						},
						"2.5333": {
							"post": [-19.79955, -2.75235, 8.53595],
							"lerp_mode": "catmullrom"
						},
						"2.6167": {
							"post": [-19.50234, 0.27109, 2.61328],
							"lerp_mode": "catmullrom"
						},
						"2.6833": {
							"post": [-8.57438, 0.7, 2.28078],
							"lerp_mode": "catmullrom"
						},
						"2.7833": {
							"post": [-1.36234, 0, -1.7],
							"lerp_mode": "catmullrom"
						},
						"2.9333": {
							"post": [0.5, 0, 1.32578],
							"lerp_mode": "catmullrom"
						},
						"3.0833": {
							"post": [0, 0, -0.39547],
							"lerp_mode": "catmullrom"
						},
						"3.1667": {
							"post": [0, 0, 0],
							"lerp_mode": "catmullrom"
						}
					},
					"position": {
						"0.0": {
							"post": [0, 0, 0],
							"lerp_mode": "catmullrom"
						},
						"0.0833": {
							"post": [-0.1, -0.11, -0.22],
							"lerp_mode": "catmullrom"
						},
						"0.1667": {
							"post": [-0.065, -0.045, 0.08],
							"lerp_mode": "catmullrom"
						},
						"0.3": {
							"post": [-0.24375, 0.17625, 0.1075],
							"lerp_mode": "catmullrom"
						},
						"0.3833": {
							"post": [-1.06875, 0.44125, 0.6875],
							"lerp_mode": "catmullrom"
						},
						"0.5": {
							"post": [-0.77375, -0.20375, 0.9975],
							"lerp_mode": "catmullrom"
						},
						"0.55": {
							"post": [-0.56375, 0.19625, 0.9675],
							"lerp_mode": "catmullrom"
						},
						"0.6333": {
							"post": [-0.78375, 0.24125, 0.8975],
							"lerp_mode": "catmullrom"
						},
						"0.8": {
							"post": [-0.85875, 0.61125, 0.3675],
							"lerp_mode": "catmullrom"
						},
						"1.0": {
							"post": [-0.89375, 0.19625, 0.0975],
							"lerp_mode": "catmullrom"
						},
						"1.1333": {
							"post": [-1, -0.11, -0.05],
							"lerp_mode": "catmullrom"
						},
						"1.2": {
							"post": [-1.01, -0.45, -0.35],
							"lerp_mode": "catmullrom"
						},
						"1.25": {
							"post": [-1.03, -0.36, -0.39],
							"lerp_mode": "catmullrom"
						},
						"1.3833": {
							"post": [-0.84375, -0.28375, -0.4525],
							"lerp_mode": "catmullrom"
						},
						"1.4167": {
							"post": [-0.54375, -0.77875, -0.1025],
							"lerp_mode": "catmullrom"
						},
						"1.5": {
							"post": [-0.91375, -0.82375, -0.6725],
							"lerp_mode": "catmullrom"
						},
						"1.6333": {
							"post": [-1.06875, -0.42375, -0.8525],
							"lerp_mode": "catmullrom"
						},
						"1.75": {
							"post": [-0.86875, 0.16125, -0.9525],
							"lerp_mode": "catmullrom"
						},
						"1.9": {
							"post": [0.055, 0.125, -0.615],
							"lerp_mode": "catmullrom"
						},
						"2.1167": {
							"post": [-0.47016, 0.10484, 1.90344],
							"lerp_mode": "catmullrom"
						},
						"2.2": {
							"post": [-0.47016, -0.39516, 1.95344],
							"lerp_mode": "catmullrom"
						},
						"2.3333": {
							"post": [-0.31, -0.32, 1.95],
							"lerp_mode": "catmullrom"
						},
						"2.4": {
							"post": [-0.31, -0.32, 1.9],
							"lerp_mode": "catmullrom"
						},
						"2.55": {
							"post": [0.06, 0.05, 2.02],
							"lerp_mode": "catmullrom"
						},
						"2.6333": {
							"post": [-0.51016, -0.3625, 1.37656],
							"lerp_mode": "catmullrom"
						},
						"2.7": {
							"post": [-0.39, -0.27, -0.86],
							"lerp_mode": "catmullrom"
						},
						"2.8167": {
							"post": [-0.02016, 0.00844, -0.34922],
							"lerp_mode": "catmullrom"
						},
						"2.9167": {
							"post": [0.04, 0, 1.16197],
							"lerp_mode": "catmullrom"
						},
						"3.0333": {
							"post": [0, 0, -0.5],
							"lerp_mode": "catmullrom"
						},
						"3.1667": {
							"post": [0, 0, 0],
							"lerp_mode": "catmullrom"
						}
					}
				},
				"magazine": {
					"rotation": {
						"0.0": [0, 0, 0],
						"0.3667": [0, 0, 0],
						"0.45": [0, 0, 0],
						"0.4667": [-4, 0, 0],
						"0.5167": [-9.75, 0, 0],
						"0.55": [-24.75, 0, 0],
						"0.7667": [59.73664, 1.67294, -32.59404],
						"0.8167": [54.9, 0, 0],
						"1.1833": [-10.24842, 2.88379, 15.96086],
						"1.25": [-11.53843, -0.2156, -0.76216],
						"1.3333": [-1.89, -0.22, -0.76],
						"1.35": [-1.88843, -0.2156, -0.76216],
						"1.3833": [2.77, 1.19, 1.08],
						"1.45": [-4, 0, 0],
						"1.5": [0, 0, 0]
					},
					"position": {
						"0.0": [0, 0, 0],
						"0.3667": [0, 0, 0],
						"0.45": [0, 0, 0],
						"0.4667": [0, 0, -0.1875],
						"0.5167": [0, -0.07812, -0.38672],
						"0.55": [0, 0.12188, -0.93672],
						"0.6167": [1.69, -2.94, 0.1],
						"0.8333": [7.2, -12.25391, 6.7875],
						"0.9167": [0.63531, -6.7952, 11.71738],
						"1.1833": [-1.23578, -0.31557, -0.38868],
						"1.25": [-0.12957, -0.31603, -0.4701],
						"1.3333": [-0.13, -0.30828, -0.43563],
						"1.35": [-0.12957, 0.18006, -0.46385],
						"1.3833": [-0.22, 0.14, -0.29],
						"1.45": [0, 0, -0.1875],
						"1.5": [0, 0, 0]
					}
				},
				"Righthand": {
					"rotation": {
						"1.9333": [0, 0, 0],
						"2.0167": [-0.42998, -8.83789, -8.81644],
						"2.1167": [-0.6395, -3.41987, -15.44385],
						"2.2333": [-0.6395, -3.41987, -15.44385],
						"2.3667": [-2.58155, -2.2056, -19.32444],
						"2.5": [-2.58155, -2.2056, -19.32444],
						"2.5667": [-2.58155, -2.2056, -19.32444],
						"2.6333": [-9.20212, -1.24065, -10.87],
						"2.7167": [0, 0, 0]
					},
					"position": {
						"0.1": [0, 0, 0],
						"0.2": [-0.75, 0, 0],
						"1.7667": [-0.75, 0, 0],
						"1.9333": [-0.75, 0, 0],
						"2.0167": [-1.67, 1.31, -2.62],
						"2.1167": [-1.48297, 2.88499, -5.75573],
						"2.2333": [-1.48297, 2.88499, -5.75573],
						"2.3667": [-1.48297, 2.62327, -1.82213],
						"2.5": [-1.48297, 2.62327, -1.32213],
						"2.5667": [-1.48297, 2.62327, -2.07994],
						"2.7167": [0, 0, 0]
					}
				},
				"Lefthand": {
					"rotation": {
						"0.1167": [0, 0, 0],
						"0.3333": [24.37037, 15.9389, -21.54738],
						"1.6667": [24.37037, 15.9389, -21.54738],
						"1.85": [0, 0, 0]
					},
					"position": {
						"0.1167": [0, 0, 0],
						"0.3333": [0.50931, -2.33326, 3.27],
						"1.6667": [0.50931, -2.33326, 3.27],
						"1.85": [0, 0, 0]
					}
				},
				"bolt": {
					"position": {
						"2.2333": [0, 0, 0],
						"2.3667": [0, 0, 4],
						"2.5": [0, 0, 4],
						"2.5667": [0, 0, 0]
					}
				},
				"camera": {
					"rotation": {
						"0.0": {
							"post": [0, 0, 0],
							"lerp_mode": "catmullrom"
						},
						"0.0833": {
							"post": [-0.32, 0, 0.39],
							"lerp_mode": "catmullrom"
						},
						"0.1667": {
							"post": [1.25, 0.25, 0.22],
							"lerp_mode": "catmullrom"
						},
						"0.25": {
							"post": [2.3, 0.59, -0.06],
							"lerp_mode": "catmullrom"
						},
						"0.3333": {
							"post": [3.185, 0.82, -0.24],
							"lerp_mode": "catmullrom"
						},
						"0.4167": {
							"post": [3.35, 0.81, -0.07],
							"lerp_mode": "catmullrom"
						},
						"0.5": {
							"post": [3.01, 0.62, -0.02],
							"lerp_mode": "catmullrom"
						},
						"0.55": {
							"post": [2.94, 0.01, -1.15],
							"lerp_mode": "catmullrom"
						},
						"0.6333": {
							"post": [2.9, 0.27, 0.505],
							"lerp_mode": "catmullrom"
						},
						"0.7": {
							"post": [2.84, 0.49, -0.46],
							"lerp_mode": "catmullrom"
						},
						"0.8": {
							"post": [3.05, 0.67, 0.21],
							"lerp_mode": "catmullrom"
						},
						"0.8833": {
							"post": [3.12, 0.5, 0.065],
							"lerp_mode": "catmullrom"
						},
						"0.95": {
							"post": [3.2, 0.23, 0.27],
							"lerp_mode": "catmullrom"
						},
						"1.05": {
							"post": [3.28, -0.07, 0.34],
							"lerp_mode": "catmullrom"
						},
						"1.1333": {
							"post": [3.34, -0.3, 0.39],
							"lerp_mode": "catmullrom"
						},
						"1.2": {
							"post": [3.33, -0.43, 0.41],
							"lerp_mode": "catmullrom"
						},
						"1.3": {
							"post": [3.22, -0.37, 0.33],
							"lerp_mode": "catmullrom"
						},
						"1.3833": {
							"post": [3.15, -0.27, 0.41],
							"lerp_mode": "catmullrom"
						},
						"1.4167": {
							"post": [3.31, -0.09, 1.38],
							"lerp_mode": "catmullrom"
						},
						"1.45": {
							"post": [3.11, -0.27, -0.055],
							"lerp_mode": "catmullrom"
						},
						"1.5": {
							"post": [3.3, -0.38, 0.12],
							"lerp_mode": "catmullrom"
						},
						"1.55": {
							"post": [3.51, -0.51, 0.71],
							"lerp_mode": "catmullrom"
						},
						"2.0167": {
							"post": [0, 0, 1.5],
							"lerp_mode": "catmullrom"
						},
						"2.15": {
							"post": [0.2, 0, 1.5],
							"lerp_mode": "catmullrom"
						},
						"2.25": {
							"post": [1, 2, 1.8],
							"lerp_mode": "catmullrom"
						},
						"2.3167": {
							"post": [-1.5, -3, -1.5],
							"lerp_mode": "catmullrom"
						},
						"2.45": {
							"post": [0.2, 1.5, 1.5],
							"lerp_mode": "catmullrom"
						},
						"2.6": {
							"post": [0, 0, 0],
							"lerp_mode": "catmullrom"
						},
						"2.9667": {
							"post": [0, 0, -0.75],
							"lerp_mode": "catmullrom"
						},
						"3.1333": {
							"post": [0, 0, 0],
							"lerp_mode": "catmullrom"
						}
					}
				},
				"kasun": {
					"rotation": {
						"0.4167": [0, 0, 0],
						"0.45": [-21, 0, 0],
						"0.5": [-21, 0, 0],
						"0.5333": [0, 0, 0],
						"1.4": [0, 0, 0],
						"1.4333": [-21, 0, 0],
						"1.5167": [-21, 0, 0],
						"1.55": [0, 0, 0]
					}
				}
			},
			"sound_effects": {
				"0.0": {
					"effect": "ak_47_reload_normal_drum"
				}
			}
		},
		"animation.ak_47.idle_grip": {
			"animation_length": 7.2667,
			"bones": {
				"Lefthand": {
					"rotation": [-3.66253, 12.91538, 13.30298],
					"position": [-0.3, -0.8, -2.7]
				}
			}
		},
		"animation.ak_47.reload_normal_grip": {
			"loop": "hold_on_last_frame",
			"animation_length": 2.75,
			"override_previous_animation": true,
			"bones": {
				"0": {
					"rotation": {
						"0.05": {
							"pre": [0, 0, 0],
							"post": [0, 0, 0],
							"lerp_mode": "catmullrom"
						},
						"0.1333": {
							"post": [2.5, 0, 0],
							"lerp_mode": "catmullrom"
						},
						"0.25": {
							"post": [-5.33, -4.8, -6.87],
							"lerp_mode": "catmullrom"
						},
						"0.3833": {
							"post": [-8.745, -6.73, -21.16],
							"lerp_mode": "catmullrom"
						},
						"0.5": {
							"post": [-9.295, -5.16, -19.81],
							"lerp_mode": "catmullrom"
						},
						"0.55": {
							"post": [-0.88935, -4.7051, -8.34602],
							"lerp_mode": "catmullrom"
						},
						"0.5833": {
							"post": [-10.79799, -6.63854, -22.18136],
							"lerp_mode": "catmullrom"
						},
						"0.6667": {
							"post": [-12.90518, -6.42231, -14.7782],
							"lerp_mode": "catmullrom"
						},
						"0.75": {
							"post": [-11.96, -6.27, -21.245],
							"lerp_mode": "catmullrom"
						},
						"0.8833": {
							"post": [-10.365, -5.41, -19.95],
							"lerp_mode": "catmullrom"
						},
						"1.1333": {
							"post": [-7.33, -3.33, -26.62],
							"lerp_mode": "catmullrom"
						},
						"1.2": {
							"post": [-10.16224, -7.3703, -29.55436],
							"lerp_mode": "catmullrom"
						},
						"1.25": {
							"post": [-10.98734, -8.10449, -27.46957],
							"lerp_mode": "catmullrom"
						},
						"1.3833": {
							"post": [-14.725, -13.11, -26.58],
							"lerp_mode": "catmullrom"
						},
						"1.4167": {
							"post": [-11.865, -11.685, -18.195],
							"lerp_mode": "catmullrom"
						},
						"1.45": {
							"post": [-12.39, -12.66, -23.045],
							"lerp_mode": "catmullrom"
						},
						"1.55": {
							"post": [-12.915, -13.64, -21.545],
							"lerp_mode": "catmullrom"
						},
						"1.5833": {
							"post": [-15.28, -11.95, -20.05],
							"lerp_mode": "catmullrom"
						},
						"1.6667": {
							"post": [-12.34, -11.19, -12.88],
							"lerp_mode": "catmullrom"
						},
						"1.75": {
							"post": [-6.855, -11.36, -9.785],
							"lerp_mode": "catmullrom"
						},
						"1.8333": {
							"post": [1.77, -4.42, -3.48],
							"lerp_mode": "catmullrom"
						},
						"1.9": {
							"post": [0.625, -0.14, 2.5],
							"lerp_mode": "catmullrom"
						},
						"1.95": {
							"post": [-1, 1.63, 5.18],
							"lerp_mode": "catmullrom"
						},
						"2.0333": {
							"post": [0.59, -0.99, -1.1425],
							"lerp_mode": "catmullrom"
						},
						"2.1167": {
							"post": [-0.62, 0.86, 1.21625],
							"lerp_mode": "catmullrom"
						},
						"2.25": {
							"post": [-0.33125, 0, -0.35],
							"lerp_mode": "catmullrom"
						},
						"2.3667": {
							"post": [0, 0, 0],
							"lerp_mode": "catmullrom"
						}
					},
					"position": {
						"0.0": {
							"post": [0, 0, 0],
							"lerp_mode": "catmullrom"
						},
						"0.0833": {
							"post": [-0.1, -0.11, -0.22],
							"lerp_mode": "catmullrom"
						},
						"0.1667": {
							"post": [-0.065, -0.045, 0.08],
							"lerp_mode": "catmullrom"
						},
						"0.3": {
							"post": [-0.24375, 0.17625, 0.1075],
							"lerp_mode": "catmullrom"
						},
						"0.3833": {
							"post": [-1.06875, 0.44125, 0.6875],
							"lerp_mode": "catmullrom"
						},
						"0.5": {
							"post": [-0.77375, -0.20375, 0.9975],
							"lerp_mode": "catmullrom"
						},
						"0.55": {
							"post": [-0.56375, 0.19625, 0.9675],
							"lerp_mode": "catmullrom"
						},
						"0.6333": {
							"post": [-0.78375, 0.24125, 0.8975],
							"lerp_mode": "catmullrom"
						},
						"0.8": {
							"post": [-0.85875, 0.61125, 0.3675],
							"lerp_mode": "catmullrom"
						},
						"1.0": {
							"post": [-0.89375, 0.19625, 0.0975],
							"lerp_mode": "catmullrom"
						},
						"1.1333": {
							"post": [-1, -0.11, -0.05],
							"lerp_mode": "catmullrom"
						},
						"1.2": {
							"post": [-1.01, -0.45, -0.35],
							"lerp_mode": "catmullrom"
						},
						"1.25": {
							"post": [-1.03, -0.36, -0.39],
							"lerp_mode": "catmullrom"
						},
						"1.3833": {
							"post": [-0.84375, -0.28375, -0.4525],
							"lerp_mode": "catmullrom"
						},
						"1.4167": {
							"post": [-0.54375, -0.77875, -0.1025],
							"lerp_mode": "catmullrom"
						},
						"1.5": {
							"post": [-0.91375, -0.82375, -0.6725],
							"lerp_mode": "catmullrom"
						},
						"1.6333": {
							"post": [-1.06875, 0.17625, -0.8525],
							"lerp_mode": "catmullrom"
						},
						"1.75": {
							"post": [-0.86875, 0.76125, -0.9525],
							"lerp_mode": "catmullrom"
						},
						"1.8333": {
							"post": [-0.24, -0.03, -1.13],
							"lerp_mode": "catmullrom"
						},
						"1.9": {
							"post": [0, -0.07, -0.35],
							"lerp_mode": "catmullrom"
						},
						"2.0": {
							"post": [0, 0.04, 0.9],
							"lerp_mode": "catmullrom"
						},
						"2.0667": {
							"post": [0, 0.04, -0.15],
							"lerp_mode": "catmullrom"
						},
						"2.1667": {
							"post": [0, 0, 0.2],
							"lerp_mode": "catmullrom"
						},
						"2.25": {
							"post": [0, 0, 0],
							"lerp_mode": "catmullrom"
						}
					}
				},
				"magazine": {
					"rotation": {
						"0.0": [0, 0, 0],
						"0.3667": [0, 0, 0],
						"0.45": [0, 0, 0],
						"0.4667": [-4, 0, 0],
						"0.5167": [-9.75, 0, 0],
						"0.55": [-24.75, 0, 0],
						"0.7667": [59.73664, 1.67294, -32.59404],
						"0.8167": [54.9, 0, 0],
						"1.1833": [-10.24842, 2.88379, 15.96086],
						"1.25": [-11.53843, -0.2156, -0.76216],
						"1.3333": [-1.89, -0.22, -0.76],
						"1.35": [-1.88843, -0.2156, -0.76216],
						"1.3833": [2.77, 1.19, 1.08],
						"1.45": [-4, 0, 0],
						"1.5": [0, 0, 0]
					},
					"position": {
						"0.0": [0, 0, 0],
						"0.3667": [0, 0, 0],
						"0.45": [0, 0, 0],
						"0.4667": [0, 0, -0.1875],
						"0.5167": [0, -0.07812, -0.38672],
						"0.55": [0, 0.12188, -0.93672],
						"0.6167": [1.69, -2.94, 0.1],
						"0.8333": [7.2, -12.25391, 6.7875],
						"0.9167": [0.63531, -6.7952, 11.71738],
						"1.1833": [-1.23578, -0.31557, -0.38868],
						"1.25": [-0.12957, -0.31603, -0.4701],
						"1.3333": [-0.13, -0.30828, -0.43563],
						"1.35": [-0.12957, 0.18006, -0.46385],
						"1.3833": [-0.22, 0.14, -0.29],
						"1.45": [0, 0, -0.1875],
						"1.5": [0, 0, 0]
					}
				},
				"Lefthand": {
					"rotation": {
						"0.1167": [-3.66253, 12.91538, 13.30298],
						"0.3333": [50.29539, 45.73453, -56.50534],
						"1.6667": [50.29539, 45.73453, -56.50534],
						"1.85": [-3.66253, 12.91538, 13.30298]
					},
					"position": {
						"0.1167": [-0.3, -0.8, -2.7],
						"0.3333": [-0.09069, -1.78326, 3.07],
						"1.6667": [-0.09069, -1.78326, 3.07],
						"1.85": [-0.3, -0.8, -2.7]
					}
				},
				"camera": {
					"rotation": {
						"0.0": {
							"post": [0, 0, 0],
							"lerp_mode": "catmullrom"
						},
						"0.0833": {
							"post": [-0.32, 0, 0.39],
							"lerp_mode": "catmullrom"
						},
						"0.1667": {
							"post": [1.25, 0.25, 0.22],
							"lerp_mode": "catmullrom"
						},
						"0.25": {
							"post": [2.3, 0.59, -0.06],
							"lerp_mode": "catmullrom"
						},
						"0.3333": {
							"post": [3.185, 0.82, -0.24],
							"lerp_mode": "catmullrom"
						},
						"0.4167": {
							"post": [3.35, 0.81, -0.07],
							"lerp_mode": "catmullrom"
						},
						"0.5": {
							"post": [3.01, 0.62, -0.02],
							"lerp_mode": "catmullrom"
						},
						"0.55": {
							"post": [2.94, 0.01, -1.15],
							"lerp_mode": "catmullrom"
						},
						"0.6333": {
							"post": [2.9, 0.27, 0.505],
							"lerp_mode": "catmullrom"
						},
						"0.7": {
							"post": [2.84, 0.49, -0.46],
							"lerp_mode": "catmullrom"
						},
						"0.8": {
							"post": [3.05, 0.67, 0.21],
							"lerp_mode": "catmullrom"
						},
						"0.8833": {
							"post": [3.12, 0.5, 0.065],
							"lerp_mode": "catmullrom"
						},
						"0.95": {
							"post": [3.2, 0.23, 0.27],
							"lerp_mode": "catmullrom"
						},
						"1.05": {
							"post": [3.28, -0.07, 0.34],
							"lerp_mode": "catmullrom"
						},
						"1.1333": {
							"post": [3.34, -0.3, 0.39],
							"lerp_mode": "catmullrom"
						},
						"1.2": {
							"post": [3.33, -0.43, 0.41],
							"lerp_mode": "catmullrom"
						},
						"1.3": {
							"post": [3.22, -0.37, 0.33],
							"lerp_mode": "catmullrom"
						},
						"1.3833": {
							"post": [3.15, -0.27, 0.41],
							"lerp_mode": "catmullrom"
						},
						"1.4167": {
							"post": [3.31, -0.09, 1.38],
							"lerp_mode": "catmullrom"
						},
						"1.45": {
							"post": [3.11, -0.27, -0.055],
							"lerp_mode": "catmullrom"
						},
						"1.5": {
							"post": [3.3, -0.38, 0.12],
							"lerp_mode": "catmullrom"
						},
						"1.55": {
							"post": [3.51, -0.51, 0.71],
							"lerp_mode": "catmullrom"
						},
						"1.7333": {
							"post": [2.91, -0.51, 1.025],
							"lerp_mode": "catmullrom"
						},
						"1.8333": {
							"post": [2.09, -0.39, 0.41],
							"lerp_mode": "catmullrom"
						},
						"1.9167": {
							"post": [0.97, -0.21, 0.12],
							"lerp_mode": "catmullrom"
						},
						"1.9833": {
							"post": [-0.23, -0.04, -0.19],
							"lerp_mode": "catmullrom"
						},
						"2.0333": {
							"post": [-0.62, 0.015, 0.62],
							"lerp_mode": "catmullrom"
						},
						"2.1167": {
							"post": [-0.15, -0.005, -0.385],
							"lerp_mode": "catmullrom"
						},
						"2.2": {
							"post": [0.18, -0.06, 0.06],
							"lerp_mode": "catmullrom"
						},
						"2.3333": {
							"post": [0, 0, 0],
							"lerp_mode": "catmullrom"
						}
					}
				},
				"kasun": {
					"rotation": {
						"0.4167": [0, 0, 0],
						"0.45": [-21, 0, 0],
						"0.5": [-21, 0, 0],
						"0.5333": [0, 0, 0],
						"1.4": [0, 0, 0],
						"1.4333": [-21, 0, 0],
						"1.5167": [-21, 0, 0],
						"1.55": [0, 0, 0]
					}
				},
				"Righthand": {
					"position": {
						"0.1": [0, 0, 0],
						"0.2": [-0.75, 0, 0],
						"1.7667": [-0.75, 0, 0],
						"1.8333": [0, 0, 0]
					}
				}
			},
			"sound_effects": {
				"0.0": {
					"effect": "ak_47_reload_normal_drum"
				}
			}
		},
		"animation.ak_47.reload_normal_drum_grip": {
			"loop": "hold_on_last_frame",
			"animation_length": 2.6833,
			"override_previous_animation": true,
			"bones": {
				"0": {
					"rotation": {
						"0.05": {
							"pre": [0, 0, 0],
							"post": [0, 0, 0],
							"lerp_mode": "catmullrom"
						},
						"0.1333": {
							"post": [2.5, 0, 0],
							"lerp_mode": "catmullrom"
						},
						"0.25": {
							"post": [-5.33, -4.8, -6.87],
							"lerp_mode": "catmullrom"
						},
						"0.3833": {
							"post": [-8.745, -6.73, -21.16],
							"lerp_mode": "catmullrom"
						},
						"0.5": {
							"post": [-9.295, -5.16, -19.81],
							"lerp_mode": "catmullrom"
						},
						"0.55": {
							"post": [-0.88935, -4.7051, -8.34602],
							"lerp_mode": "catmullrom"
						},
						"0.5833": {
							"post": [-10.79799, -6.63854, -22.18136],
							"lerp_mode": "catmullrom"
						},
						"0.6667": {
							"post": [-12.90518, -6.42231, -14.7782],
							"lerp_mode": "catmullrom"
						},
						"0.75": {
							"post": [-11.96, -6.27, -21.245],
							"lerp_mode": "catmullrom"
						},
						"0.8833": {
							"post": [-10.365, -5.41, -19.95],
							"lerp_mode": "catmullrom"
						},
						"1.1333": {
							"post": [-7.33, -3.33, -26.62],
							"lerp_mode": "catmullrom"
						},
						"1.2": {
							"post": [-10.16224, -7.3703, -29.55436],
							"lerp_mode": "catmullrom"
						},
						"1.25": {
							"post": [-10.98734, -8.10449, -27.46957],
							"lerp_mode": "catmullrom"
						},
						"1.3833": {
							"post": [-14.725, -13.11, -26.58],
							"lerp_mode": "catmullrom"
						},
						"1.4167": {
							"post": [-11.865, -11.685, -18.195],
							"lerp_mode": "catmullrom"
						},
						"1.45": {
							"post": [-12.39, -12.66, -23.045],
							"lerp_mode": "catmullrom"
						},
						"1.55": {
							"post": [-12.915, -13.64, -21.545],
							"lerp_mode": "catmullrom"
						},
						"1.5833": {
							"post": [-15.28, -11.95, -20.05],
							"lerp_mode": "catmullrom"
						},
						"1.6667": {
							"post": [-12.34, -11.19, -12.88],
							"lerp_mode": "catmullrom"
						},
						"1.75": {
							"post": [-6.855, -11.36, -9.785],
							"lerp_mode": "catmullrom"
						},
						"1.8333": {
							"post": [1.77, -4.42, -3.48],
							"lerp_mode": "catmullrom"
						},
						"1.9": {
							"post": [0.625, -0.14, 2.5],
							"lerp_mode": "catmullrom"
						},
						"1.95": {
							"post": [-1, 1.63, 5.18],
							"lerp_mode": "catmullrom"
						},
						"2.0333": {
							"post": [0.59, -0.99, -1.1425],
							"lerp_mode": "catmullrom"
						},
						"2.1167": {
							"post": [-0.62, 0.86, 1.21625],
							"lerp_mode": "catmullrom"
						},
						"2.25": {
							"post": [-0.33125, 0, -0.35],
							"lerp_mode": "catmullrom"
						},
						"2.3667": {
							"post": [0, 0, 0],
							"lerp_mode": "catmullrom"
						}
					},
					"position": {
						"0.0": {
							"post": [0, 0, 0],
							"lerp_mode": "catmullrom"
						},
						"0.0833": {
							"post": [-0.1, -0.11, -0.22],
							"lerp_mode": "catmullrom"
						},
						"0.1667": {
							"post": [-0.065, -0.045, 0.08],
							"lerp_mode": "catmullrom"
						},
						"0.3": {
							"post": [-0.24375, 0.17625, 0.1075],
							"lerp_mode": "catmullrom"
						},
						"0.3833": {
							"post": [-1.06875, 0.44125, 0.6875],
							"lerp_mode": "catmullrom"
						},
						"0.5": {
							"post": [-0.77375, -0.20375, 0.9975],
							"lerp_mode": "catmullrom"
						},
						"0.55": {
							"post": [-0.56375, 0.19625, 0.9675],
							"lerp_mode": "catmullrom"
						},
						"0.6333": {
							"post": [-0.78375, 0.24125, 0.8975],
							"lerp_mode": "catmullrom"
						},
						"0.8": {
							"post": [-0.85875, 0.61125, 0.3675],
							"lerp_mode": "catmullrom"
						},
						"1.0": {
							"post": [-0.89375, 0.19625, 0.0975],
							"lerp_mode": "catmullrom"
						},
						"1.1333": {
							"post": [-1, -0.11, -0.05],
							"lerp_mode": "catmullrom"
						},
						"1.2": {
							"post": [-1.01, -0.45, -0.35],
							"lerp_mode": "catmullrom"
						},
						"1.25": {
							"post": [-1.03, -0.36, -0.39],
							"lerp_mode": "catmullrom"
						},
						"1.3833": {
							"post": [-0.84375, -0.28375, -0.4525],
							"lerp_mode": "catmullrom"
						},
						"1.4167": {
							"post": [-0.54375, -0.77875, -0.1025],
							"lerp_mode": "catmullrom"
						},
						"1.5": {
							"post": [-0.91375, -0.82375, -0.6725],
							"lerp_mode": "catmullrom"
						},
						"1.6333": {
							"post": [-1.06875, 0.17625, -0.8525],
							"lerp_mode": "catmullrom"
						},
						"1.75": {
							"post": [-0.86875, 0.76125, -0.9525],
							"lerp_mode": "catmullrom"
						},
						"1.8333": {
							"post": [-0.24, -0.03, -1.13],
							"lerp_mode": "catmullrom"
						},
						"1.9": {
							"post": [0, -0.07, -0.35],
							"lerp_mode": "catmullrom"
						},
						"2.0": {
							"post": [0, 0.04, 0.9],
							"lerp_mode": "catmullrom"
						},
						"2.0667": {
							"post": [0, 0.04, -0.15],
							"lerp_mode": "catmullrom"
						},
						"2.1667": {
							"post": [0, 0, 0.2],
							"lerp_mode": "catmullrom"
						},
						"2.25": {
							"post": [0, 0, 0],
							"lerp_mode": "catmullrom"
						}
					}
				},
				"magazine": {
					"rotation": {
						"0.0": [0, 0, 0],
						"0.3667": [0, 0, 0],
						"0.45": [0, 0, 0],
						"0.4667": [-4, 0, 0],
						"0.5167": [-9.75, 0, 0],
						"0.55": [-24.75, 0, 0],
						"0.7667": [59.73664, 1.67294, -32.59404],
						"0.8167": [54.9, 0, 0],
						"1.1833": [-10.24842, 2.88379, 15.96086],
						"1.25": [-11.53843, -0.2156, -0.76216],
						"1.3333": [-1.89, -0.22, -0.76],
						"1.35": [-1.88843, -0.2156, -0.76216],
						"1.3833": [2.77, 1.19, 1.08],
						"1.45": [-4, 0, 0],
						"1.5": [0, 0, 0]
					},
					"position": {
						"0.0": [0, 0, 0],
						"0.3667": [0, 0, 0],
						"0.45": [0, 0, 0],
						"0.4667": [0, 0, -0.1875],
						"0.5167": [0, -0.07812, -0.38672],
						"0.55": [0, 0.12188, -0.93672],
						"0.6167": [1.69, -2.94, 0.1],
						"0.8333": [7.2, -12.25391, 6.7875],
						"0.9167": [0.63531, -6.7952, 11.71738],
						"1.1833": [-1.23578, -0.31557, -0.38868],
						"1.25": [-0.12957, -0.31603, -0.4701],
						"1.3333": [-0.13, -0.30828, -0.43563],
						"1.35": [-0.12957, 0.18006, -0.46385],
						"1.3833": [-0.22, 0.14, -0.29],
						"1.45": [0, 0, -0.1875],
						"1.5": [0, 0, 0]
					}
				},
				"Lefthand": {
					"rotation": {
						"0.1167": [-3.66253, 12.91538, 13.30298],
						"0.3333": [24.37037, 15.9389, -21.54738],
						"1.6667": [24.37037, 15.9389, -21.54738],
						"1.85": [-3.66253, 12.91538, 13.30298]
					},
					"position": {
						"0.1167": [-0.3, -0.8, -2.7],
						"0.3333": [0.50931, -2.33326, 3.27],
						"1.6667": [0.50931, -2.33326, 3.27],
						"1.85": [-0.3, -0.8, -2.7]
					}
				},
				"camera": {
					"rotation": {
						"0.0": {
							"post": [0, 0, 0],
							"lerp_mode": "catmullrom"
						},
						"0.0833": {
							"post": [-0.32, 0, 0.39],
							"lerp_mode": "catmullrom"
						},
						"0.1667": {
							"post": [1.25, 0.25, 0.22],
							"lerp_mode": "catmullrom"
						},
						"0.25": {
							"post": [2.3, 0.59, -0.06],
							"lerp_mode": "catmullrom"
						},
						"0.3333": {
							"post": [3.185, 0.82, -0.24],
							"lerp_mode": "catmullrom"
						},
						"0.4167": {
							"post": [3.35, 0.81, -0.07],
							"lerp_mode": "catmullrom"
						},
						"0.5": {
							"post": [3.01, 0.62, -0.02],
							"lerp_mode": "catmullrom"
						},
						"0.55": {
							"post": [2.94, 0.01, -1.15],
							"lerp_mode": "catmullrom"
						},
						"0.6333": {
							"post": [2.9, 0.27, 0.505],
							"lerp_mode": "catmullrom"
						},
						"0.7": {
							"post": [2.84, 0.49, -0.46],
							"lerp_mode": "catmullrom"
						},
						"0.8": {
							"post": [3.05, 0.67, 0.21],
							"lerp_mode": "catmullrom"
						},
						"0.8833": {
							"post": [3.12, 0.5, 0.065],
							"lerp_mode": "catmullrom"
						},
						"0.95": {
							"post": [3.2, 0.23, 0.27],
							"lerp_mode": "catmullrom"
						},
						"1.05": {
							"post": [3.28, -0.07, 0.34],
							"lerp_mode": "catmullrom"
						},
						"1.1333": {
							"post": [3.34, -0.3, 0.39],
							"lerp_mode": "catmullrom"
						},
						"1.2": {
							"post": [3.33, -0.43, 0.41],
							"lerp_mode": "catmullrom"
						},
						"1.3": {
							"post": [3.22, -0.37, 0.33],
							"lerp_mode": "catmullrom"
						},
						"1.3833": {
							"post": [3.15, -0.27, 0.41],
							"lerp_mode": "catmullrom"
						},
						"1.4167": {
							"post": [3.31, -0.09, 1.38],
							"lerp_mode": "catmullrom"
						},
						"1.45": {
							"post": [3.11, -0.27, -0.055],
							"lerp_mode": "catmullrom"
						},
						"1.5": {
							"post": [3.3, -0.38, 0.12],
							"lerp_mode": "catmullrom"
						},
						"1.55": {
							"post": [3.51, -0.51, 0.71],
							"lerp_mode": "catmullrom"
						},
						"1.7333": {
							"post": [2.91, -0.51, 1.025],
							"lerp_mode": "catmullrom"
						},
						"1.8333": {
							"post": [2.09, -0.39, 0.41],
							"lerp_mode": "catmullrom"
						},
						"1.9167": {
							"post": [0.97, -0.21, 0.12],
							"lerp_mode": "catmullrom"
						},
						"1.9833": {
							"post": [-0.23, -0.04, -0.19],
							"lerp_mode": "catmullrom"
						},
						"2.0333": {
							"post": [-0.62, 0.015, 0.62],
							"lerp_mode": "catmullrom"
						},
						"2.1167": {
							"post": [-0.15, -0.005, -0.385],
							"lerp_mode": "catmullrom"
						},
						"2.2": {
							"post": [0.18, -0.06, 0.06],
							"lerp_mode": "catmullrom"
						},
						"2.3333": {
							"post": [0, 0, 0],
							"lerp_mode": "catmullrom"
						}
					}
				},
				"kasun": {
					"rotation": {
						"0.4167": [0, 0, 0],
						"0.45": [-21, 0, 0],
						"0.5": [-21, 0, 0],
						"0.5333": [0, 0, 0],
						"1.4": [0, 0, 0],
						"1.4333": [-21, 0, 0],
						"1.5167": [-21, 0, 0],
						"1.55": [0, 0, 0]
					}
				},
				"Righthand": {
					"position": {
						"0.1": [0, 0, 0],
						"0.2": [-0.75, 0, 0],
						"1.7667": [-0.75, 0, 0],
						"1.8333": [0, 0, 0]
					}
				}
			},
			"sound_effects": {
				"0.0": {
					"effect": "ak_47_reload_normal_drum"
				}
			}
		},
		"animation.ak_47.run_grip": {
			"loop": true,
			"animation_length": 0.8,
			"bones": {
				"0": {
					"rotation": {
						"0.0": [-19.82442, -57.81517, 38.62375],
						"0.2": [-21.82442, -57.81517, 38.62375],
						"0.4": [-19.82442, -57.81517, 38.62375],
						"0.6": [-17.82442, -57.81517, 38.62375],
						"0.8": [-19.82442, -57.81517, 38.62375]
					},
					"position": {
						"0.0": [3.5, -1.75, 0],
						"0.2": [2.25, -1.25, 0],
						"0.4": [1, -1.75, 0],
						"0.6": [2, -1.25, 0],
						"0.8": [3.5, -1.75, 0]
					}
				},
				"Lefthand": {
					"rotation": [-3.66253, 12.91538, 13.30298],
					"position": [-0.3, -0.8, -2.7]
				},
				"camera": {
					"rotation": {
						"0.0": [-0.3, -0.3, 0.3],
						"0.2": [0.3, 0, -0.3],
						"0.4": [-0.3, 0.3, 0.3],
						"0.6": [0.3, 0, -0.3],
						"0.8": [-0.3, -0.3, 0.3]
					}
				}
			}
		},
		"animation.ak_47.reload_empty_grip": {
			"loop": "hold_on_last_frame",
			"animation_length": 3.4,
			"override_previous_animation": true,
			"bones": {
				"0": {
					"rotation": {
						"0.05": {
							"pre": [0, 0, 0],
							"post": [0, 0, 0],
							"lerp_mode": "catmullrom"
						},
						"0.1333": {
							"post": [2.5, 0, 0],
							"lerp_mode": "catmullrom"
						},
						"0.25": {
							"post": [-5.33, -4.8, -6.87],
							"lerp_mode": "catmullrom"
						},
						"0.3833": {
							"post": [-8.745, -6.73, -21.16],
							"lerp_mode": "catmullrom"
						},
						"0.5": {
							"post": [-9.295, -5.16, -19.81],
							"lerp_mode": "catmullrom"
						},
						"0.55": {
							"post": [-0.88935, -4.7051, -8.34602],
							"lerp_mode": "catmullrom"
						},
						"0.5833": {
							"post": [-10.79799, -6.63854, -22.18136],
							"lerp_mode": "catmullrom"
						},
						"0.6667": {
							"post": [-12.90518, -6.42231, -14.7782],
							"lerp_mode": "catmullrom"
						},
						"0.75": {
							"post": [-11.96, -6.27, -21.245],
							"lerp_mode": "catmullrom"
						},
						"0.8833": {
							"post": [-10.365, -5.41, -19.95],
							"lerp_mode": "catmullrom"
						},
						"1.1333": {
							"post": [-7.33, -3.33, -26.62],
							"lerp_mode": "catmullrom"
						},
						"1.2": {
							"post": [-10.16224, -7.3703, -29.55436],
							"lerp_mode": "catmullrom"
						},
						"1.25": {
							"post": [-10.98734, -8.10449, -27.46957],
							"lerp_mode": "catmullrom"
						},
						"1.3833": {
							"post": [-14.725, -13.11, -26.58],
							"lerp_mode": "catmullrom"
						},
						"1.4167": {
							"post": [-11.865, -11.685, -18.195],
							"lerp_mode": "catmullrom"
						},
						"1.45": {
							"post": [-12.39, -12.66, -23.045],
							"lerp_mode": "catmullrom"
						},
						"1.55": {
							"post": [-12.915, -13.64, -21.545],
							"lerp_mode": "catmullrom"
						},
						"1.5833": {
							"post": [-15.28, -11.95, -20.05],
							"lerp_mode": "catmullrom"
						},
						"1.6667": {
							"post": [-12.34, -11.19, -12.88],
							"lerp_mode": "catmullrom"
						},
						"1.75": {
							"post": [-6.855, -11.36, -9.785],
							"lerp_mode": "catmullrom"
						},
						"1.85": {
							"post": [-14.05193, -17.03443, -27.75279],
							"lerp_mode": "catmullrom"
						},
						"2.0": {
							"post": [-15.03888, -17.60042, -20.04824],
							"lerp_mode": "catmullrom"
						},
						"2.1833": {
							"post": [-22.61035, -14.8424, -16.39521],
							"lerp_mode": "catmullrom"
						},
						"2.2667": {
							"post": [-18.43, -13.05, -15.69],
							"lerp_mode": "catmullrom"
						},
						"2.3333": {
							"post": [-14.22327, -11.18597, -27.05429],
							"lerp_mode": "catmullrom"
						},
						"2.3833": {
							"post": [-11.62659, -4.81078, -17.21548],
							"lerp_mode": "catmullrom"
						},
						"2.45": {
							"post": [-8.45, -6.99, -15.91],
							"lerp_mode": "catmullrom"
						},
						"2.55": {
							"post": [-2.91541, 1.11641, -9.19108],
							"lerp_mode": "catmullrom"
						},
						"2.7167": {
							"post": [-2.41, -0.37, -6.28],
							"lerp_mode": "catmullrom"
						},
						"2.8333": {
							"post": [0.99, 0, 2.8],
							"lerp_mode": "catmullrom"
						},
						"2.9667": {
							"post": [0, 0, -1.1],
							"lerp_mode": "catmullrom"
						},
						"3.0833": {
							"post": [0, 0, 0.50453],
							"lerp_mode": "catmullrom"
						},
						"3.1667": {
							"post": [0, 0, 0],
							"lerp_mode": "catmullrom"
						}
					},
					"position": {
						"0.0": {
							"post": [0, 0, 0],
							"lerp_mode": "catmullrom"
						},
						"0.0833": {
							"post": [-0.1, -0.11, -0.22],
							"lerp_mode": "catmullrom"
						},
						"0.1667": {
							"post": [-0.065, -0.045, 0.08],
							"lerp_mode": "catmullrom"
						},
						"0.3": {
							"post": [-0.24375, 0.17625, 0.1075],
							"lerp_mode": "catmullrom"
						},
						"0.3833": {
							"post": [-1.06875, 0.44125, 0.6875],
							"lerp_mode": "catmullrom"
						},
						"0.5": {
							"post": [-0.77375, -0.20375, 0.9975],
							"lerp_mode": "catmullrom"
						},
						"0.55": {
							"post": [-0.56375, 0.19625, 0.9675],
							"lerp_mode": "catmullrom"
						},
						"0.6333": {
							"post": [-0.78375, 0.24125, 0.8975],
							"lerp_mode": "catmullrom"
						},
						"0.8": {
							"post": [-0.85875, 0.61125, 0.3675],
							"lerp_mode": "catmullrom"
						},
						"1.0": {
							"post": [-0.89375, 0.19625, 0.0975],
							"lerp_mode": "catmullrom"
						},
						"1.1333": {
							"post": [-1, -0.11, -0.05],
							"lerp_mode": "catmullrom"
						},
						"1.2": {
							"post": [-1.01, -0.45, -0.35],
							"lerp_mode": "catmullrom"
						},
						"1.25": {
							"post": [-1.03, -0.36, -0.39],
							"lerp_mode": "catmullrom"
						},
						"1.3833": {
							"post": [-0.84375, -0.28375, -0.4525],
							"lerp_mode": "catmullrom"
						},
						"1.4167": {
							"post": [-0.54375, -0.77875, -0.1025],
							"lerp_mode": "catmullrom"
						},
						"1.5": {
							"post": [-0.91375, -0.82375, -0.6725],
							"lerp_mode": "catmullrom"
						},
						"1.6333": {
							"post": [-1.06875, 0.17625, -0.8525],
							"lerp_mode": "catmullrom"
						},
						"1.75": {
							"post": [-0.86875, 0.76125, -0.9525],
							"lerp_mode": "catmullrom"
						},
						"1.8167": {
							"post": [-0.06, 0.91016, -0.97],
							"lerp_mode": "catmullrom"
						},
						"1.95": {
							"post": [0.07, 0.96, -1.05],
							"lerp_mode": "catmullrom"
						},
						"2.15": {
							"post": [0.44661, 0.74904, -0.91449],
							"lerp_mode": "catmullrom"
						},
						"2.2833": {
							"post": [0.24, 0.71, -1.03],
							"lerp_mode": "catmullrom"
						},
						"2.3333": {
							"post": [0.26338, 0.48339, 0.03719],
							"lerp_mode": "catmullrom"
						},
						"2.3833": {
							"post": [0.26338, 0.48339, -0.71281],
							"lerp_mode": "catmullrom"
						},
						"2.4667": {
							"post": [-0.16807, 0.76869, -0.42822],
							"lerp_mode": "catmullrom"
						},
						"2.6": {
							"post": [-0.00111, -0.2912, -0.54679],
							"lerp_mode": "catmullrom"
						},
						"2.7167": {
							"post": [0.04, -0.01, 0.88],
							"lerp_mode": "catmullrom"
						},
						"2.8167": {
							"post": [-0.02016, 0.00844, -0.74922],
							"lerp_mode": "catmullrom"
						},
						"2.9167": {
							"post": [0.04, 0, 0.36197],
							"lerp_mode": "catmullrom"
						},
						"3.0333": {
							"post": [0, 0, -0.15],
							"lerp_mode": "catmullrom"
						},
						"3.1667": {
							"post": [0, 0, 0],
							"lerp_mode": "catmullrom"
						}
					}
				},
				"magazine": {
					"rotation": {
						"0.0": [0, 0, 0],
						"0.3667": [0, 0, 0],
						"0.45": [0, 0, 0],
						"0.4667": [-4, 0, 0],
						"0.5167": [-9.75, 0, 0],
						"0.55": [-24.75, 0, 0],
						"0.7667": [59.73664, 1.67294, -32.59404],
						"0.8167": [54.9, 0, 0],
						"1.1833": [-10.24842, 2.88379, 15.96086],
						"1.25": [-11.53843, -0.2156, -0.76216],
						"1.3333": [-1.89, -0.22, -0.76],
						"1.35": [-1.88843, -0.2156, -0.76216],
						"1.3833": [2.77, 1.19, 1.08],
						"1.45": [-4, 0, 0],
						"1.5": [0, 0, 0]
					},
					"position": {
						"0.0": [0, 0, 0],
						"0.3667": [0, 0, 0],
						"0.45": [0, 0, 0],
						"0.4667": [0, 0, -0.1875],
						"0.5167": [0, -0.07812, -0.38672],
						"0.55": [0, 0.12188, -0.93672],
						"0.6167": [1.69, -2.94, 0.1],
						"0.8333": [7.2, -12.25391, 6.7875],
						"0.9167": [0.63531, -6.7952, 11.71738],
						"1.1833": [-1.23578, -0.31557, -0.38868],
						"1.25": [-0.12957, -0.31603, -0.4701],
						"1.3333": [-0.13, -0.30828, -0.43563],
						"1.35": [-0.12957, 0.18006, -0.46385],
						"1.3833": [-0.22, 0.14, -0.29],
						"1.45": [0, 0, -0.1875],
						"1.5": [0, 0, 0]
					}
				},
				"Lefthand": {
					"rotation": {
						"0.1167": [-3.66253, 12.91538, 13.30298],
						"0.3333": [50.29539, 45.73453, -56.50534],
						"1.6667": [50.29539, 45.73453, -56.50534],
						"1.8667": [-27.40925, -6.40493, 67.66918],
						"2.05": [-44.76748, 37.54072, 130.89261],
						"2.1667": [-62.94009, 48.26643, 143.90391],
						"2.2333": [-62.94009, 48.26643, 143.90391],
						"2.3667": [-85.44009, 48.26643, 143.90391],
						"2.4167": [-55.02173, 43.31997, 128.51988],
						"2.5": [-43.27389, 30.70848, 85.33789],
						"2.75": [-3.66253, 12.91538, 13.30298]
					},
					"position": {
						"0.1167": [-0.3, -0.8, -2.7],
						"0.3333": [-0.09069, -1.78326, 3.07],
						"1.6667": [-0.09069, -1.78326, 3.07],
						"1.7167": [-1.54005, -5.98562, 5.87852],
						"1.7667": [-4.7839, -6.15389, 3.86802],
						"2.05": [-3.86, 0.43, 1.89],
						"2.1667": [-3.47827, 3.14506, 3.54014],
						"2.2333": [-3.47827, 3.14506, 3.54014],
						"2.3667": [-3.47827, 3.14506, 7.54014],
						"2.4167": [-4.37827, -0.70494, 4.44014],
						"2.5": [-5.32823, -1.3892, 1.11393],
						"2.75": [-0.3, -0.8, -2.7]
					}
				},
				"bolt": {
					"position": {
						"2.2333": [0, 0, 0],
						"2.3667": [0, 0, 4],
						"2.4333": [0, 0, 0]
					}
				},
				"camera": {
					"rotation": {
						"0.0": {
							"post": [0, 0, 0],
							"lerp_mode": "catmullrom"
						},
						"0.0833": {
							"post": [-0.32, 0, 0.39],
							"lerp_mode": "catmullrom"
						},
						"0.1667": {
							"post": [1.25, 0.25, 0.22],
							"lerp_mode": "catmullrom"
						},
						"0.25": {
							"post": [2.3, 0.59, -0.06],
							"lerp_mode": "catmullrom"
						},
						"0.3333": {
							"post": [3.185, 0.82, -0.24],
							"lerp_mode": "catmullrom"
						},
						"0.4167": {
							"post": [3.35, 0.81, -0.07],
							"lerp_mode": "catmullrom"
						},
						"0.5": {
							"post": [3.01, 0.62, -0.02],
							"lerp_mode": "catmullrom"
						},
						"0.55": {
							"post": [2.94, 0.01, -1.15],
							"lerp_mode": "catmullrom"
						},
						"0.6333": {
							"post": [2.9, 0.27, 0.505],
							"lerp_mode": "catmullrom"
						},
						"0.7": {
							"post": [2.84, 0.49, -0.46],
							"lerp_mode": "catmullrom"
						},
						"0.8": {
							"post": [3.05, 0.67, 0.21],
							"lerp_mode": "catmullrom"
						},
						"0.8833": {
							"post": [3.12, 0.5, 0.065],
							"lerp_mode": "catmullrom"
						},
						"0.95": {
							"post": [3.2, 0.23, 0.27],
							"lerp_mode": "catmullrom"
						},
						"1.05": {
							"post": [3.28, -0.07, 0.34],
							"lerp_mode": "catmullrom"
						},
						"1.1333": {
							"post": [3.34, -0.3, 0.39],
							"lerp_mode": "catmullrom"
						},
						"1.2": {
							"post": [3.33, -0.43, 0.41],
							"lerp_mode": "catmullrom"
						},
						"1.3": {
							"post": [3.22, -0.37, 0.33],
							"lerp_mode": "catmullrom"
						},
						"1.3833": {
							"post": [3.15, -0.27, 0.41],
							"lerp_mode": "catmullrom"
						},
						"1.4167": {
							"post": [3.31, -0.09, 1.38],
							"lerp_mode": "catmullrom"
						},
						"1.45": {
							"post": [3.11, -0.27, -0.055],
							"lerp_mode": "catmullrom"
						},
						"1.5": {
							"post": [3.3, -0.38, 0.12],
							"lerp_mode": "catmullrom"
						},
						"1.55": {
							"post": [3.51, -0.51, 0.71],
							"lerp_mode": "catmullrom"
						},
						"2.0167": {
							"post": [0, 0, 1.5],
							"lerp_mode": "catmullrom"
						},
						"2.15": {
							"post": [0.2, 0, 1.5],
							"lerp_mode": "catmullrom"
						},
						"2.25": {
							"post": [1, 2, 1.8],
							"lerp_mode": "catmullrom"
						},
						"2.3167": {
							"post": [-1.5, -3, -1.5],
							"lerp_mode": "catmullrom"
						},
						"2.45": {
							"post": [0.2, 1.5, 1.5],
							"lerp_mode": "catmullrom"
						},
						"2.6": {
							"post": [0, 0, 0],
							"lerp_mode": "catmullrom"
						},
						"2.9667": {
							"post": [0, 0, -0.75],
							"lerp_mode": "catmullrom"
						},
						"3.1333": {
							"post": [0, 0, 0],
							"lerp_mode": "catmullrom"
						}
					}
				},
				"kasun": {
					"rotation": {
						"0.4167": [0, 0, 0],
						"0.45": [-21, 0, 0],
						"0.5": [-21, 0, 0],
						"0.5333": [0, 0, 0],
						"1.4": [0, 0, 0],
						"1.4333": [-21, 0, 0],
						"1.5167": [-21, 0, 0],
						"1.55": [0, 0, 0]
					}
				},
				"Righthand": {
					"position": {
						"0.1": [0, 0, 0],
						"0.2": [-0.75, 0, 0],
						"1.7667": [-0.75, 0, 0],
						"1.8333": [0, 0, 0]
					}
				}
			},
			"sound_effects": {
				"0.0": {
					"effect": "ak_47_reload_normal_drum"
				}
			}
		},
		"animation.ak_47.reload_empty_drum_grip": {
			"loop": "hold_on_last_frame",
			"animation_length": 3.4,
			"override_previous_animation": true,
			"bones": {
				"0": {
					"rotation": {
						"0.05": {
							"pre": [0, 0, 0],
							"post": [0, 0, 0],
							"lerp_mode": "catmullrom"
						},
						"0.1333": {
							"post": [2.5, 0, 0],
							"lerp_mode": "catmullrom"
						},
						"0.25": {
							"post": [-5.33, -4.8, -6.87],
							"lerp_mode": "catmullrom"
						},
						"0.3833": {
							"post": [-8.745, -6.73, -21.16],
							"lerp_mode": "catmullrom"
						},
						"0.5": {
							"post": [-9.295, -5.16, -19.81],
							"lerp_mode": "catmullrom"
						},
						"0.55": {
							"post": [-0.88935, -4.7051, -8.34602],
							"lerp_mode": "catmullrom"
						},
						"0.5833": {
							"post": [-10.79799, -6.63854, -22.18136],
							"lerp_mode": "catmullrom"
						},
						"0.6667": {
							"post": [-12.90518, -6.42231, -14.7782],
							"lerp_mode": "catmullrom"
						},
						"0.75": {
							"post": [-11.96, -6.27, -21.245],
							"lerp_mode": "catmullrom"
						},
						"0.8833": {
							"post": [-10.365, -5.41, -19.95],
							"lerp_mode": "catmullrom"
						},
						"1.1333": {
							"post": [-7.33, -3.33, -26.62],
							"lerp_mode": "catmullrom"
						},
						"1.2": {
							"post": [-10.16224, -7.3703, -29.55436],
							"lerp_mode": "catmullrom"
						},
						"1.25": {
							"post": [-10.98734, -8.10449, -27.46957],
							"lerp_mode": "catmullrom"
						},
						"1.3833": {
							"post": [-14.725, -13.11, -26.58],
							"lerp_mode": "catmullrom"
						},
						"1.4167": {
							"post": [-11.865, -11.685, -18.195],
							"lerp_mode": "catmullrom"
						},
						"1.45": {
							"post": [-12.39, -12.66, -23.045],
							"lerp_mode": "catmullrom"
						},
						"1.55": {
							"post": [-12.915, -13.64, -21.545],
							"lerp_mode": "catmullrom"
						},
						"1.5833": {
							"post": [-15.28, -11.95, -20.05],
							"lerp_mode": "catmullrom"
						},
						"1.6667": {
							"post": [-12.34, -11.19, -12.88],
							"lerp_mode": "catmullrom"
						},
						"1.75": {
							"post": [-6.855, -11.36, -9.785],
							"lerp_mode": "catmullrom"
						},
						"1.85": {
							"post": [-15.31958, -14.36368, -5.03831],
							"lerp_mode": "catmullrom"
						},
						"1.9333": {
							"post": [-9.07234, -8.30567, 6.00913],
							"lerp_mode": "catmullrom"
						},
						"2.0833": {
							"post": [-20.11149, -12.11692, 25.94431],
							"lerp_mode": "catmullrom"
						},
						"2.1833": {
							"post": [-20.17007, -7.98302, 26.89735],
							"lerp_mode": "catmullrom"
						},
						"2.25": {
							"post": [-20.83, -6.91, 27.55],
							"lerp_mode": "catmullrom"
						},
						"2.3167": {
							"post": [-22.2, -2.77, -2.54109],
							"lerp_mode": "catmullrom"
						},
						"2.4": {
							"post": [-21.84367, 0.35403, -3.35182],
							"lerp_mode": "catmullrom"
						},
						"2.4833": {
							"post": [-20.37797, -3.82438, 1.59281],
							"lerp_mode": "catmullrom"
						},
						"2.5333": {
							"post": [-19.79955, -2.75235, 8.53595],
							"lerp_mode": "catmullrom"
						},
						"2.6167": {
							"post": [-19.50234, 0.27109, 2.61328],
							"lerp_mode": "catmullrom"
						},
						"2.6833": {
							"post": [-8.57438, 0.7, 2.28078],
							"lerp_mode": "catmullrom"
						},
						"2.7833": {
							"post": [-1.36234, 0, -1.7],
							"lerp_mode": "catmullrom"
						},
						"2.9333": {
							"post": [0.5, 0, 1.32578],
							"lerp_mode": "catmullrom"
						},
						"3.0833": {
							"post": [0, 0, -0.39547],
							"lerp_mode": "catmullrom"
						},
						"3.1667": {
							"post": [0, 0, 0],
							"lerp_mode": "catmullrom"
						}
					},
					"position": {
						"0.0": {
							"post": [0, 0, 0],
							"lerp_mode": "catmullrom"
						},
						"0.0833": {
							"post": [-0.1, -0.11, -0.22],
							"lerp_mode": "catmullrom"
						},
						"0.1667": {
							"post": [-0.065, -0.045, 0.08],
							"lerp_mode": "catmullrom"
						},
						"0.3": {
							"post": [-0.24375, 0.17625, 0.1075],
							"lerp_mode": "catmullrom"
						},
						"0.3833": {
							"post": [-1.06875, 0.44125, 0.6875],
							"lerp_mode": "catmullrom"
						},
						"0.5": {
							"post": [-0.77375, -0.20375, 0.9975],
							"lerp_mode": "catmullrom"
						},
						"0.55": {
							"post": [-0.56375, 0.19625, 0.9675],
							"lerp_mode": "catmullrom"
						},
						"0.6333": {
							"post": [-0.78375, 0.24125, 0.8975],
							"lerp_mode": "catmullrom"
						},
						"0.8": {
							"post": [-0.85875, 0.61125, 0.3675],
							"lerp_mode": "catmullrom"
						},
						"1.0": {
							"post": [-0.89375, 0.19625, 0.0975],
							"lerp_mode": "catmullrom"
						},
						"1.1333": {
							"post": [-1, -0.11, -0.05],
							"lerp_mode": "catmullrom"
						},
						"1.2": {
							"post": [-1.01, -0.45, -0.35],
							"lerp_mode": "catmullrom"
						},
						"1.25": {
							"post": [-1.03, -0.36, -0.39],
							"lerp_mode": "catmullrom"
						},
						"1.3833": {
							"post": [-0.84375, -0.28375, -0.4525],
							"lerp_mode": "catmullrom"
						},
						"1.4167": {
							"post": [-0.54375, -0.77875, -0.1025],
							"lerp_mode": "catmullrom"
						},
						"1.5": {
							"post": [-0.91375, -0.82375, -0.6725],
							"lerp_mode": "catmullrom"
						},
						"1.6333": {
							"post": [-1.06875, -0.42375, -0.8525],
							"lerp_mode": "catmullrom"
						},
						"1.75": {
							"post": [-0.86875, 0.16125, -0.9525],
							"lerp_mode": "catmullrom"
						},
						"1.9": {
							"post": [0.055, 0.125, -0.615],
							"lerp_mode": "catmullrom"
						},
						"2.1167": {
							"post": [-0.47016, 0.10484, 1.90344],
							"lerp_mode": "catmullrom"
						},
						"2.2": {
							"post": [-0.47016, -0.39516, 1.95344],
							"lerp_mode": "catmullrom"
						},
						"2.3333": {
							"post": [-0.31, -0.32, 1.95],
							"lerp_mode": "catmullrom"
						},
						"2.4": {
							"post": [-0.31, -0.32, 1.9],
							"lerp_mode": "catmullrom"
						},
						"2.55": {
							"post": [0.06, 0.05, 2.02],
							"lerp_mode": "catmullrom"
						},
						"2.6333": {
							"post": [-0.51016, -0.3625, 1.37656],
							"lerp_mode": "catmullrom"
						},
						"2.7": {
							"post": [-0.39, -0.27, -0.86],
							"lerp_mode": "catmullrom"
						},
						"2.8167": {
							"post": [-0.02016, 0.00844, -0.34922],
							"lerp_mode": "catmullrom"
						},
						"2.9167": {
							"post": [0.04, 0, 1.16197],
							"lerp_mode": "catmullrom"
						},
						"3.0333": {
							"post": [0, 0, -0.5],
							"lerp_mode": "catmullrom"
						},
						"3.1667": {
							"post": [0, 0, 0],
							"lerp_mode": "catmullrom"
						}
					}
				},
				"magazine": {
					"rotation": {
						"0.0": [0, 0, 0],
						"0.3667": [0, 0, 0],
						"0.45": [0, 0, 0],
						"0.4667": [-4, 0, 0],
						"0.5167": [-9.75, 0, 0],
						"0.55": [-24.75, 0, 0],
						"0.7667": [59.73664, 1.67294, -32.59404],
						"0.8167": [54.9, 0, 0],
						"1.1833": [-10.24842, 2.88379, 15.96086],
						"1.25": [-11.53843, -0.2156, -0.76216],
						"1.3333": [-1.89, -0.22, -0.76],
						"1.35": [-1.88843, -0.2156, -0.76216],
						"1.3833": [2.77, 1.19, 1.08],
						"1.45": [-4, 0, 0],
						"1.5": [0, 0, 0]
					},
					"position": {
						"0.0": [0, 0, 0],
						"0.3667": [0, 0, 0],
						"0.45": [0, 0, 0],
						"0.4667": [0, 0, -0.1875],
						"0.5167": [0, -0.07812, -0.38672],
						"0.55": [0, 0.12188, -0.93672],
						"0.6167": [1.69, -2.94, 0.1],
						"0.8333": [7.2, -12.25391, 6.7875],
						"0.9167": [0.63531, -6.7952, 11.71738],
						"1.1833": [-1.23578, -0.31557, -0.38868],
						"1.25": [-0.12957, -0.31603, -0.4701],
						"1.3333": [-0.13, -0.30828, -0.43563],
						"1.35": [-0.12957, 0.18006, -0.46385],
						"1.3833": [-0.22, 0.14, -0.29],
						"1.45": [0, 0, -0.1875],
						"1.5": [0, 0, 0]
					}
				},
				"Righthand": {
					"rotation": {
						"1.9333": [0, 0, 0],
						"2.0167": [-0.42998, -8.83789, -8.81644],
						"2.1167": [-0.6395, -3.41987, -15.44385],
						"2.2333": [-0.6395, -3.41987, -15.44385],
						"2.3667": [-2.58155, -2.2056, -19.32444],
						"2.5": [-2.58155, -2.2056, -19.32444],
						"2.5667": [-2.58155, -2.2056, -19.32444],
						"2.6333": [-9.20212, -1.24065, -10.87],
						"2.7167": [0, 0, 0]
					},
					"position": {
						"0.1": [0, 0, 0],
						"0.2": [-0.75, 0, 0],
						"1.7667": [-0.75, 0, 0],
						"1.9333": [-0.75, 0, 0],
						"2.0167": [-1.67, 1.31, -2.62],
						"2.1167": [-1.48297, 2.88499, -5.75573],
						"2.2333": [-1.48297, 2.88499, -5.75573],
						"2.3667": [-1.48297, 2.62327, -1.82213],
						"2.5": [-1.48297, 2.62327, -1.32213],
						"2.5667": [-1.48297, 2.62327, -2.07994],
						"2.7167": [0, 0, 0]
					}
				},
				"Lefthand": {
					"rotation": {
						"0.1167": [-3.66253, 12.91538, 13.30298],
						"0.3333": [24.37037, 15.9389, -21.54738],
						"1.6667": [24.37037, 15.9389, -21.54738],
						"1.85": [-3.66253, 12.91538, 13.30298]
					},
					"position": {
						"0.1167": [-0.3, -0.8, -2.7],
						"0.3333": [0.50931, -2.33326, 3.27],
						"1.6667": [0.50931, -2.33326, 3.27],
						"1.85": [-0.3, -0.8, -2.7]
					}
				},
				"bolt": {
					"position": {
						"2.2333": [0, 0, 0],
						"2.3667": [0, 0, 4],
						"2.4333": [0, 0, 0]
					}
				},
				"camera": {
					"rotation": {
						"0.0": {
							"post": [0, 0, 0],
							"lerp_mode": "catmullrom"
						},
						"0.0833": {
							"post": [-0.32, 0, 0.39],
							"lerp_mode": "catmullrom"
						},
						"0.1667": {
							"post": [1.25, 0.25, 0.22],
							"lerp_mode": "catmullrom"
						},
						"0.25": {
							"post": [2.3, 0.59, -0.06],
							"lerp_mode": "catmullrom"
						},
						"0.3333": {
							"post": [3.185, 0.82, -0.24],
							"lerp_mode": "catmullrom"
						},
						"0.4167": {
							"post": [3.35, 0.81, -0.07],
							"lerp_mode": "catmullrom"
						},
						"0.5": {
							"post": [3.01, 0.62, -0.02],
							"lerp_mode": "catmullrom"
						},
						"0.55": {
							"post": [2.94, 0.01, -1.15],
							"lerp_mode": "catmullrom"
						},
						"0.6333": {
							"post": [2.9, 0.27, 0.505],
							"lerp_mode": "catmullrom"
						},
						"0.7": {
							"post": [2.84, 0.49, -0.46],
							"lerp_mode": "catmullrom"
						},
						"0.8": {
							"post": [3.05, 0.67, 0.21],
							"lerp_mode": "catmullrom"
						},
						"0.8833": {
							"post": [3.12, 0.5, 0.065],
							"lerp_mode": "catmullrom"
						},
						"0.95": {
							"post": [3.2, 0.23, 0.27],
							"lerp_mode": "catmullrom"
						},
						"1.05": {
							"post": [3.28, -0.07, 0.34],
							"lerp_mode": "catmullrom"
						},
						"1.1333": {
							"post": [3.34, -0.3, 0.39],
							"lerp_mode": "catmullrom"
						},
						"1.2": {
							"post": [3.33, -0.43, 0.41],
							"lerp_mode": "catmullrom"
						},
						"1.3": {
							"post": [3.22, -0.37, 0.33],
							"lerp_mode": "catmullrom"
						},
						"1.3833": {
							"post": [3.15, -0.27, 0.41],
							"lerp_mode": "catmullrom"
						},
						"1.4167": {
							"post": [3.31, -0.09, 1.38],
							"lerp_mode": "catmullrom"
						},
						"1.45": {
							"post": [3.11, -0.27, -0.055],
							"lerp_mode": "catmullrom"
						},
						"1.5": {
							"post": [3.3, -0.38, 0.12],
							"lerp_mode": "catmullrom"
						},
						"1.55": {
							"post": [3.51, -0.51, 0.71],
							"lerp_mode": "catmullrom"
						},
						"2.0167": {
							"post": [0, 0, 1.5],
							"lerp_mode": "catmullrom"
						},
						"2.15": {
							"post": [0.2, 0, 1.5],
							"lerp_mode": "catmullrom"
						},
						"2.25": {
							"post": [1, 2, 1.8],
							"lerp_mode": "catmullrom"
						},
						"2.3167": {
							"post": [-1.5, -3, -1.5],
							"lerp_mode": "catmullrom"
						},
						"2.45": {
							"post": [0.2, 1.5, 1.5],
							"lerp_mode": "catmullrom"
						},
						"2.6": {
							"post": [0, 0, 0],
							"lerp_mode": "catmullrom"
						},
						"2.9667": {
							"post": [0, 0, -0.75],
							"lerp_mode": "catmullrom"
						},
						"3.1333": {
							"post": [0, 0, 0],
							"lerp_mode": "catmullrom"
						}
					}
				},
				"kasun": {
					"rotation": {
						"0.4167": [0, 0, 0],
						"0.45": [-21, 0, 0],
						"0.5": [-21, 0, 0],
						"0.5333": [0, 0, 0],
						"1.4": [0, 0, 0],
						"1.4333": [-21, 0, 0],
						"1.5167": [-21, 0, 0],
						"1.55": [0, 0, 0]
					}
				}
			},
			"sound_effects": {
				"0.0": {
					"effect": "ak_47_reload_normal_drum"
				}
			}
		}
	}
}