{
	"format_version": "1.8.0",
	"animations": {
		"animation.container.open": {
			"loop": "hold_on_last_frame",
			"animation_length": 1,
			"bones": {
				"front": {
					"rotation": {
						"0.5": {
							"vector": [0, 0, 0]
						},
						"0.7583": {
							"vector": [94, 0, 0],
							"easing": "easeInSine"
						},
						"0.85": {
							"vector": [89.09, 0, 0]
						},
						"0.9083": {
							"vector": [94, 0, 0],
							"easing": "easeInSine"
						}
					}
				},
				"back": {
					"rotation": {
						"0.5": {
							"vector": [0, 0, 0]
						},
						"0.7583": {
							"vector": [-94, 0, 0],
							"easing": "easeInSine"
						},
						"0.85": {
							"vector": [-89.09, 0, 0]
						},
						"0.9083": {
							"vector": [-94, 0, 0]
						}
					}
				},
				"leftr": {
					"rotation": {
						"0.4417": {
							"vector": [0, 0, 0]
						},
						"0.6583": {
							"vector": [0, -60, 0]
						}
					}
				},
				"leftl": {
					"rotation": {
						"0.4417": {
							"vector": [0, 0, 0]
						},
						"0.6583": {
							"vector": [0, 60, 0]
						}
					}
				},
				"rightr": {
					"rotation": {
						"0.4417": {
							"vector": [0, 0, 0]
						},
						"0.6583": {
							"vector": [0, -60, 0]
						}
					}
				},
				"rightl": {
					"rotation": {
						"0.4417": {
							"vector": [0, 0, 0]
						},
						"0.6583": {
							"vector": [0, 60, 0]
						}
					}
				},
				"topb": {
					"rotation": {
						"0.1833": {
							"vector": [0, 0, 0]
						},
						"0.3833": {
							"vector": [90, 0, 0]
						},
						"0.5": {
							"vector": [90, 0, 0]
						},
						"0.7583": {
							"vector": [-75.5, 0, 0],
							"easing": "easeInSine"
						}
					}
				},
				"topt": {
					"rotation": {
						"0.0": {
							"vector": [0, 0, 0]
						},
						"0.2": {
							"vector": [-90, 0, 0]
						}
					}
				},
				"topf": {
					"rotation": {
						"0.1833": {
							"vector": [0, 0, 0]
						},
						"0.3833": {
							"vector": [-90, 0, 0]
						},
						"0.5": {
							"vector": [-90, 0, 0]
						},
						"0.7583": {
							"vector": [75.5, 0, 0],
							"easing": "easeInSine"
						}
					}
				}
			}
		}
	},
	"geckolib_format_version": 2
}