{
	"format_version": "1.8.0",
	"animations": {
		"animation.lunge_mine.idle": {
			"loop": true
		},
		"animation.lunge_mine.draw": {
			"animation_length": 0.7417,
			"bones": {
				"bone": {
					"rotation": {
						"0.0": {
							"post": [26.18822, -56.98899, 3.86091],
							"lerp_mode": "catmullrom"
						},
						"0.3667": {
							"post": [-2.95569, -6.46738, -5.26869],
							"lerp_mode": "catmullrom"
						},
						"0.6": {
							"post": [0, 0, 0],
							"lerp_mode": "catmullrom"
						}
					},
					"position": {
						"0.0": {
							"post": [1.1, -9.55, 0.8],
							"lerp_mode": "catmullrom"
						},
						"0.2667": {
							"post": [2.18, -1.99, 0.46],
							"lerp_mode": "catmullrom"
						},
						"0.4583": {
							"post": [-0.16, -2.77, 0.17],
							"lerp_mode": "catmullrom"
						},
						"0.6": {
							"post": [0, 0, 0],
							"lerp_mode": "catmullrom"
						}
					}
				}
			}
		},
		"animation.lunge_mine.fire": {
			"animation_length": 0.8083,
			"bones": {
				"bone": {
					"rotation": {
						"0.0": {
							"post": [0, 0, 0],
							"lerp_mode": "catmullrom"
						},
						"0.0917": {
							"post": [21.80037, -8.76229, -6.05976],
							"lerp_mode": "catmullrom"
						},
						"0.1667": {
							"post": [42.23058, 20.37034, -12.98807],
							"lerp_mode": "catmullrom"
						},
						"0.25": {
							"post": [25.36398, 24.23112, -2.69135],
							"lerp_mode": "catmullrom"
						},
						"0.3": {
							"post": [25.36398, 24.23112, -2.69135],
							"lerp_mode": "catmullrom"
						},
						"0.4": {
							"post": [29.83183, 32.2484, -2.43932],
							"lerp_mode": "catmullrom"
						},
						"0.5167": {
							"post": [-2.07662, 11.48149, 20.78602],
							"lerp_mode": "catmullrom"
						},
						"0.6333": {
							"post": [1.13, 3.43, -0.56],
							"lerp_mode": "catmullrom"
						},
						"0.75": {
							"post": [0, 0, 0],
							"lerp_mode": "catmullrom"
						}
					},
					"position": {
						"0.0": {
							"post": [0, 0, 0],
							"lerp_mode": "catmullrom"
						},
						"0.0667": {
							"post": [0.85011, -2.53343, 4.70433],
							"lerp_mode": "catmullrom"
						},
						"0.1667": {
							"post": [-1, -5, 18],
							"lerp_mode": "catmullrom"
						},
						"0.25": {
							"post": [0, -2.8, -11],
							"lerp_mode": "catmullrom"
						},
						"0.3": {
							"post": [0, -2.8, -18],
							"lerp_mode": "catmullrom"
						},
						"0.4": {
							"post": [-1.15597, 1.26922, 3.59812],
							"lerp_mode": "catmullrom"
						},
						"0.475": {
							"post": [0.75, -0.83, 8.2],
							"lerp_mode": "catmullrom"
						},
						"0.5833": {
							"post": [2.10672, -2.59908, 3.24101],
							"lerp_mode": "catmullrom"
						},
						"0.675": {
							"post": [-0.31, -0.39, 1.14],
							"lerp_mode": "catmullrom"
						},
						"0.75": {
							"post": [0, 0, 0],
							"lerp_mode": "catmullrom"
						}
					}
				},
				"Lefthand": {
					"rotation": {
						"0.0": {
							"post": [0, 0, 0],
							"lerp_mode": "catmullrom"
						},
						"0.0833": {
							"post": [0, 0, -28],
							"lerp_mode": "catmullrom"
						},
						"0.1667": {
							"post": [21.60303, -7.04703, -64.39908],
							"lerp_mode": "catmullrom"
						},
						"0.25": {
							"post": [7.22562, 40.45246, -29.2706],
							"lerp_mode": "catmullrom"
						},
						"0.375": {
							"post": [7.22562, 40.45246, -29.2706],
							"lerp_mode": "catmullrom"
						},
						"0.4917": {
							"post": [0, 0, 0],
							"lerp_mode": "catmullrom"
						}
					},
					"position": {
						"0.0": {
							"post": [0, 0, 0],
							"lerp_mode": "catmullrom"
						},
						"0.1667": {
							"post": [0, 0, 0],
							"lerp_mode": "catmullrom"
						},
						"0.25": {
							"post": [0, 0, 11],
							"lerp_mode": "catmullrom"
						},
						"0.375": {
							"post": [0, 0, 11],
							"lerp_mode": "catmullrom"
						},
						"0.4917": {
							"post": [0, 0, 0],
							"lerp_mode": "catmullrom"
						}
					}
				},
				"Righthand": {
					"rotation": {
						"0.0": [0, 0, 0],
						"0.1167": [-11.15654, 26.8833, -24.92971],
						"0.25": [-20.3978, -1.14941, -47.67977],
						"0.375": [-20.3978, -1.14941, -47.67977],
						"0.4917": [0, 0, 0]
					},
					"position": {
						"0.0": [0, 0, 0],
						"0.25": [0, 0, 7],
						"0.375": [0, 0, 7],
						"0.4917": [0, 0, 0]
					}
				},
				"camera": {
					"rotation": {
						"0.0": {
							"post": [0, 0, 0],
							"lerp_mode": "catmullrom"
						},
						"0.1": {
							"post": [1.25, -1, -2],
							"lerp_mode": "catmullrom"
						},
						"0.2083": {
							"post": [1.25, -0.75, 1.05],
							"lerp_mode": "catmullrom"
						},
						"0.3": {
							"post": [1.91, -1.57, -3.13],
							"lerp_mode": "catmullrom"
						},
						"0.3333": {
							"post": [-2.08, 0.85, 3.57],
							"lerp_mode": "catmullrom"
						},
						"0.4417": {
							"post": [1.04, -1.31, -0.57],
							"lerp_mode": "catmullrom"
						},
						"0.5667": {
							"post": [-0.13, 0.13, 0.22],
							"lerp_mode": "catmullrom"
						},
						"0.75": {
							"post": [0, 0, 0],
							"lerp_mode": "catmullrom"
						}
					}
				}
			}
		},
		"animation.lunge_mine.run": {
			"loop": true,
			"animation_length": 0.8,
			"bones": {
				"0": {
					"rotation": {
						"0.0": {
							"post": [-14.82442, -57.81517, 38.62375],
							"lerp_mode": "catmullrom"
						},
						"0.2": {
							"post": [-16.82442, -57.81517, 38.62375],
							"lerp_mode": "catmullrom"
						},
						"0.4": {
							"post": [-14.82442, -57.81517, 38.62375],
							"lerp_mode": "catmullrom"
						},
						"0.6": {
							"post": [-12.82442, -57.81517, 38.62375],
							"lerp_mode": "catmullrom"
						},
						"0.8": {
							"post": [-14.82442, -57.81517, 38.62375],
							"lerp_mode": "catmullrom"
						}
					},
					"position": {
						"0.0": {
							"post": [6.5, -4, 0],
							"lerp_mode": "catmullrom"
						},
						"0.2": {
							"post": [4.75, -3.5, 0],
							"lerp_mode": "catmullrom"
						},
						"0.4": {
							"post": [3.5, -4, 0],
							"lerp_mode": "catmullrom"
						},
						"0.6": {
							"post": [4.75, -3.5, 0],
							"lerp_mode": "catmullrom"
						},
						"0.8": {
							"post": [6.5, -4, 0],
							"lerp_mode": "catmullrom"
						}
					}
				},
				"bone": {
					"rotation": {
						"0.0": {
							"post": [-0.07442, -37.06517, -10.12625],
							"lerp_mode": "catmullrom"
						},
						"0.2": {
							"post": [-4.07442, -34.06517, -11.12625],
							"lerp_mode": "catmullrom"
						},
						"0.4": {
							"post": [-0.07442, -37.06517, -10.12625],
							"lerp_mode": "catmullrom"
						},
						"0.6": {
							"post": [3.92558, -40.06517, -9.12625],
							"lerp_mode": "catmullrom"
						},
						"0.8": {
							"post": [-0.07442, -37.06517, -10.12625],
							"lerp_mode": "catmullrom"
						}
					},
					"position": {
						"0.0": {
							"post": [-1.5, -0.5, 0],
							"lerp_mode": "catmullrom"
						},
						"0.2": {
							"post": [0, 0.75, 0],
							"lerp_mode": "catmullrom"
						},
						"0.4": {
							"post": [1.25, -0.5, 0],
							"lerp_mode": "catmullrom"
						},
						"0.6": {
							"post": [0, 0.75, 0],
							"lerp_mode": "catmullrom"
						},
						"0.8": {
							"post": [-1.5, -0.5, 0],
							"lerp_mode": "catmullrom"
						}
					}
				},
				"camera": {
					"rotation": {
						"0.0": [-0.3, -0.3, 0.3],
						"0.2": [0.3, 0, -0.3],
						"0.4": [-0.3, 0.3, 0.3],
						"0.6": [0.3, 0, -0.3],
						"0.8": [-0.3, -0.3, 0.3]
					}
				}
			}
		},
		"animation.lunge_mine.sprint": {
			"animation_length": 5.25,
			"bones": {
				"bone": {
					"rotation": {
						"0.0": {
							"post": [0, 0, 0],
							"lerp_mode": "catmullrom"
						},
						"0.0833": {
							"post": [20.67113, 4.11365, -1.59869],
							"lerp_mode": "catmullrom"
						},
						"0.2667": {
							"post": [26.15692, 29.69646, -7.29644],
							"lerp_mode": "catmullrom"
						},
						"0.7083": {
							"post": [26.39213, 28.79003, -7.38092],
							"lerp_mode": "catmullrom"
						},
						"1.2167": {
							"post": [25.41791, 27.98291, -7.33538],
							"lerp_mode": "catmullrom"
						},
						"1.7917": {
							"post": [27.49865, 28.37732, -7.38515],
							"lerp_mode": "catmullrom"
						},
						"2.3167": {
							"post": [26.39213, 28.79003, -7.38092],
							"lerp_mode": "catmullrom"
						},
						"2.825": {
							"post": [25.41791, 27.98291, -7.33538],
							"lerp_mode": "catmullrom"
						},
						"3.4417": {
							"post": [27.49865, 28.37732, -7.38515],
							"lerp_mode": "catmullrom"
						},
						"3.925": {
							"post": [26.39213, 28.79003, -7.38092],
							"lerp_mode": "catmullrom"
						},
						"4.4333": {
							"post": [25.41791, 27.98291, -7.33538],
							"lerp_mode": "catmullrom"
						},
						"4.975": {
							"post": [26.15692, 29.69646, -7.29644],
							"lerp_mode": "catmullrom"
						},
						"5.15": {
							"post": [20.67113, 4.11365, -1.59869],
							"lerp_mode": "catmullrom"
						},
						"5.25": {
							"post": [0, 0, 0],
							"lerp_mode": "catmullrom"
						}
					},
					"position": {
						"0.0": {
							"post": [0, 0, 0],
							"lerp_mode": "catmullrom"
						},
						"0.175": {
							"post": [-2.65, 0.65, 0.7],
							"lerp_mode": "catmullrom"
						},
						"0.3167": {
							"post": [-2.3, 0.65, 0.7],
							"lerp_mode": "catmullrom"
						},
						"1.025": {
							"post": [-1.98, 0.45, 0.7],
							"lerp_mode": "catmullrom"
						},
						"1.3917": {
							"post": [-2.14, 0.7, 0.7],
							"lerp_mode": "catmullrom"
						},
						"1.7917": {
							"post": [-2.16, 0.61, 0.7],
							"lerp_mode": "catmullrom"
						},
						"2.6333": {
							"post": [-1.98, 0.45, 0.7],
							"lerp_mode": "catmullrom"
						},
						"3.0": {
							"post": [-2.14, 0.7, 0.7],
							"lerp_mode": "catmullrom"
						},
						"3.4417": {
							"post": [-2.16, 0.61, 0.7],
							"lerp_mode": "catmullrom"
						},
						"4.2417": {
							"post": [-1.98, 0.45, 0.7],
							"lerp_mode": "catmullrom"
						},
						"4.6083": {
							"post": [-2.14, 0.7, 0.7],
							"lerp_mode": "catmullrom"
						},
						"4.9417": {
							"post": [-2.3, 0.65, 0.7],
							"lerp_mode": "catmullrom"
						},
						"5.075": {
							"post": [-2.65, 0.65, 0.7],
							"lerp_mode": "catmullrom"
						},
						"5.25": {
							"post": [0, 0, 0],
							"lerp_mode": "catmullrom"
						}
					}
				}
			}
		}
	},
	"geckolib_format_version": 2
}