{
	"format_version": "1.8.0",
	"animations": {
		"animation.m_60.idle": {
			"animation_length": 0.5,
			"bones": {
				"0": {
					"rotation": {
						"vector": [0, 0, 0]
					}
				}
			}
		},
		"animation.m_60.run": {
			"loop": true,
			"animation_length": 0.8,
			"bones": {
				"0": {
					"rotation": {
						"0.0": {
							"vector": [-23.44315, -47.55382, 37.27264]
						},
						"0.2": {
							"vector": [-35.18187, -46.95286, 50.48032],
							"easing": "easeInSine"
						},
						"0.4": {
							"vector": [-23.44315, -47.55382, 37.27264],
							"easing": "easeOutSine"
						},
						"0.6": {
							"vector": [-13.22697, -46.33332, 24.68726],
							"easing": "easeInSine"
						},
						"0.8": {
							"vector": [-23.44315, -47.55382, 37.27264],
							"easing": "easeOutSine"
						}
					},
					"position": {
						"0.0": {
							"vector": [3.5, 0, 1]
						},
						"0.2": {
							"vector": [0.75, 0.25, 1],
							"easing": "easeInSine"
						},
						"0.4": {
							"vector": [0.5, 0, 1],
							"easing": "easeOutSine"
						},
						"0.6": {
							"vector": [2.75, 0.25, 1],
							"easing": "easeInSine"
						},
						"0.8": {
							"vector": [3.5, 0, 1],
							"easing": "easeOutSine"
						}
					}
				},
				"tiba": {
					"rotation": {
						"0.0": {
							"vector": [0, 0, -22.5]
						},
						"0.4": {
							"vector": [0, 0, 0]
						},
						"0.8": {
							"vector": [0, 0, -22.5]
						}
					}
				},
				"camera": {
					"rotation": {
						"0.0": {
							"vector": [-0.3, -0.3, 0.3]
						},
						"0.2": {
							"vector": [0.3, 0, -0.3]
						},
						"0.4": {
							"vector": [-0.3, 0.3, 0.3]
						},
						"0.6": {
							"vector": [0.3, 0, -0.3]
						},
						"0.8": {
							"vector": [-0.3, -0.3, 0.3]
						}
					}
				}
			}
		},
		"animation.m_60.run_fast": {
			"loop": true,
			"animation_length": 0.7,
			"bones": {
				"0": {
					"rotation": {
						"0.0": {
							"vector": [-40.22249, -46.4793, 37.4509]
						},
						"0.175": {
							"vector": [-52.41973, -45.43811, 49.66922],
							"easing": "linear"
						},
						"0.35": {
							"vector": [-40.22249, -46.4793, 37.4509],
							"easing": "linear"
						},
						"0.525": {
							"vector": [-29.15604, -45.73107, 25.36033],
							"easing": "linear"
						},
						"0.7": {
							"vector": [-40.22249, -46.4793, 37.4509],
							"easing": "linear"
						}
					},
					"position": {
						"0.0": {
							"vector": [4.5, -1, 1]
						},
						"0.175": {
							"vector": [1.75, 0.25, 1],
							"easing": "easeInSine"
						},
						"0.35": {
							"vector": [-0.5, -1, 1],
							"easing": "easeInSine"
						},
						"0.525": {
							"vector": [1.75, 0.25, 1],
							"easing": "easeInSine"
						},
						"0.7": {
							"vector": [4.5, -1, 1],
							"easing": "easeInSine"
						}
					}
				},
				"tiba": {
					"rotation": {
						"0.0": {
							"vector": [0, 0, -22.5]
						},
						"0.175": {
							"vector": [0, 0, 0]
						},
						"0.35": {
							"vector": [0, 0, -22.5]
						},
						"0.525": {
							"vector": [0, 0, 0]
						},
						"0.7": {
							"vector": [0, 0, -22.5]
						}
					}
				},
				"camera": {
					"rotation": {
						"0.0": {
							"vector": [-0.3, -0.3, 0.3]
						},
						"0.175": {
							"vector": [0.3, 0, -0.3]
						},
						"0.35": {
							"vector": [-0.3, 0.3, 0.3]
						},
						"0.525": {
							"vector": [0.3, 0, -0.3]
						},
						"0.7": {
							"vector": [-0.3, -0.3, 0.3]
						}
					}
				}
			}
		},
		"animation.m_60.fire": {
			"animation_length": 0.0833,
			"bones": {
				"m60_bullet_chain": {
					"rotation": {
						"0.0": {
							"vector": [0, 0, 19.25]
						},
						"0.0833": {
							"vector": [0, 0, 0]
						}
					},
					"position": {
						"0.0": {
							"vector": [0.57813, -0.37109, 0]
						},
						"0.0833": {
							"vector": [0, 0, 0]
						}
					}
				}
			}
		},
		"animation.m_60.reload": {
			"animation_length": 6.375,
			"bones": {
				"0": {
					"rotation": {
						"0.0": {
							"vector": [0, 0, 0]
						},
						"0.2917": {
							"vector": [-2.89795, 0.77613, 9.98037]
						},
						"0.375": {
							"vector": [-1.69808, 3.3433, 6.14151]
						},
						"0.5417": {
							"vector": [-1.29373, -0.3784, 14.09356]
						},
						"0.8333": {
							"vector": [-4.5136, 0.43951, 10.83247]
						},
						"1.125": {
							"vector": [-13.89328, -0.12927, 3.64978]
						},
						"1.375": {
							"vector": [-2.5249, -5.12499, 19.67402]
						},
						"1.4167": {
							"vector": [-4.30396, -5.36015, 20.33721]
						},
						"1.8333": {
							"vector": [-8.34459, -7.7117, 26.96901]
						},
						"1.9583": {
							"vector": [-6.07684, -13.90426, 8.77462]
						},
						"2.125": {
							"vector": [-4.6873, -8.0249, 30.33548]
						},
						"2.4583": {
							"vector": [-7.48475, -6.10603, 4.21941]
						},
						"2.625": {
							"vector": [-6.3203, -4.15219, -0.67933]
						},
						"2.7083": {
							"vector": [-11.58824, -3.61372, 4.18534]
						},
						"2.875": {
							"vector": [-2.56251, -4.49309, -3.5562]
						},
						"3.4583": {
							"vector": [-8.45819, -6.00966, -1.0652]
						},
						"3.875": {
							"vector": [-7.4, -4.96, -1.7]
						},
						"4.0417": {
							"vector": [-8.16909, -5.15158, 0.18776]
						},
						"4.0833": {
							"vector": [-8.16909, -5.15158, 8.1878]
						},
						"4.2917": {
							"vector": [-6.50482, -5.89907, 0.20211]
						},
						"4.5417": {
							"vector": [-5.85339, -4.98157, 2.37395]
						},
						"4.7083": {
							"vector": [-5.4843, -4.31747, 4.1557]
						},
						"4.75": {
							"vector": [-3.021, -3.97909, 6.61813]
						},
						"4.875": {
							"vector": [-3.82518, -3.58152, 1.99414]
						},
						"5.0833": {
							"vector": [-5.82519, -2.70313, 9.13986]
						},
						"5.25": {
							"vector": [-4.85, -2.25, 7.62]
						},
						"5.3333": {
							"vector": [-3.47692, -2.07692, 7.03385]
						},
						"5.4583": {
							"vector": [-5.65128, -1.38462, 4.68923]
						},
						"5.625": {
							"vector": [-2.20093, -1.00699, 3.41035]
						},
						"5.9167": {
							"vector": [2.93213, -0.56757, 5.45897],
							"easing": "easeOutSine"
						},
						"6.2083": {
							"vector": [0.17285, -0.22703, 2.18359]
						},
						"6.3333": {
							"vector": [0, 0, 0],
							"easing": "easeInOutSine"
						}
					},
					"position": {
						"0.0": {
							"vector": [0, 0, 0]
						},
						"0.1667": {
							"vector": [0, -0.69609, 0],
							"easing": "easeInOutSine"
						},
						"0.25": {
							"vector": [0, -0.3, 0],
							"easing": "easeInOutSine"
						},
						"0.375": {
							"vector": [0, -0.21, 0.9],
							"easing": "easeOutSine"
						},
						"0.5833": {
							"vector": [0, -0.09, -0.13],
							"easing": "easeInOutSine"
						},
						"0.75": {
							"vector": [0.2, 0, -0.3]
						},
						"0.9583": {
							"vector": [0.97, 1.47, 0],
							"easing": "easeInSine"
						},
						"1.3333": {
							"vector": [0.9, -1, 0],
							"easing": "easeInOutSine"
						},
						"1.5833": {
							"vector": [0.41, -0.31, 0]
						},
						"1.75": {
							"vector": [0.41, -0.21, 0]
						},
						"1.9167": {
							"vector": [0.29, -0.09, -0.4]
						},
						"2.0417": {
							"vector": [0.2, 1, -0.7]
						},
						"2.25": {
							"vector": [-0.8, 0.7, 0.1]
						},
						"2.5": {
							"vector": [-0.77, 0.77, -0.41]
						},
						"2.625": {
							"vector": [-0.75, 0.5, -0.11]
						},
						"2.7083": {
							"vector": [-0.74, 1.05, 0.09]
						},
						"3.0417": {
							"vector": [-0.74, 0.65, -0.11]
						},
						"3.4167": {
							"vector": [-0.74, 1.15, -0.01]
						},
						"3.9167": {
							"vector": [-0.74, 0.99, 0.02]
						},
						"4.0417": {
							"vector": [-0.74, 0.65, 0.09],
							"easing": "easeOutElastic"
						},
						"4.125": {
							"vector": [-0.74, 0.65, 0.09],
							"easing": "easeOutElastic"
						},
						"4.25": {
							"vector": [-0.64, 1.17, 0.08]
						},
						"4.5417": {
							"vector": [-0.53, 0.78, 0.07]
						},
						"4.7083": {
							"vector": [-0.48, 0.88, 0.06]
						},
						"4.75": {
							"vector": [-0.46, 0.6, 0.06]
						},
						"4.875": {
							"vector": [-0.4, 0.58, 0.05]
						},
						"5.0833": {
							"vector": [-0.34, 0.5, 0.04]
						},
						"5.25": {
							"vector": [-0.28, 0.42, 0.03]
						},
						"5.3333": {
							"vector": [-0.26, -0.91, 0.63],
							"easing": "easeOutSine"
						},
						"5.5": {
							"vector": [-0.22, 0.11, 0.02],
							"easing": "easeInOutSine"
						},
						"6.0417": {
							"vector": [-0.11, -0.65, 0.01],
							"easing": "easeOutSine"
						},
						"6.2083": {
							"vector": [-0.04, 0.14, 0.9]
						},
						"6.3333": {
							"vector": [0, 0, 0],
							"easing": "easeInOutSine"
						}
					}
				},
				"pullhandle": {
					"position": {
						"0.2083": {
							"vector": [0, 0, 0]
						},
						"0.375": {
							"vector": [0, 0, 7],
							"easing": "easeInSine"
						},
						"0.4167": {
							"vector": [0, 0, 7],
							"easing": "easeInSine"
						},
						"0.5417": {
							"vector": [0, 0, 0],
							"easing": "easeInSine"
						}
					}
				},
				"Righthand": {
					"rotation": {
						"0.0": {
							"vector": [0, 0, 0]
						},
						"0.0833": {
							"vector": [6.6009, -8.8584, -13.85774]
						},
						"0.2083": {
							"vector": [13.9049, -17.3002, 3.93238]
						},
						"0.5417": {
							"vector": [13.9, -17.3, 3.93]
						},
						"0.7083": {
							"vector": [6.9348, -15.3171, -0.16935]
						},
						"0.875": {
							"vector": [0, 0, 0]
						}
					},
					"position": {
						"0.0": {
							"vector": [0, 0, 0]
						},
						"0.2083": {
							"vector": [0, 0.2, -3.2]
						},
						"0.375": {
							"vector": [0, 0.2, 3.6],
							"easing": "easeInSine"
						},
						"0.4167": {
							"vector": [0, 0.2, 3.6],
							"easing": "easeInSine"
						},
						"0.5417": {
							"vector": [0, 0.2, 0.2]
						},
						"0.875": {
							"vector": [0, 0, 0]
						}
					}
				},
				"m60_mag": {
					"rotation": {
						"2.625": {
							"vector": [0, 0, 0]
						},
						"2.7083": {
							"vector": [0, 0, 0]
						},
						"3.1667": {
							"vector": [0, 0, -40]
						},
						"3.5": {
							"vector": [0, -57.5, 175]
						},
						"3.875": {
							"vector": [0, 0, 10],
							"easing": "easeOutSine"
						},
						"3.9167": {
							"vector": [0, 0, 0],
							"easing": "easeOutSine"
						},
						"4.0417": {
							"vector": [0, 0, 0],
							"easing": "easeInQuad"
						}
					},
					"position": {
						"2.625": {
							"vector": [0, 0, 0]
						},
						"2.7083": {
							"vector": [0, 2, 0]
						},
						"2.875": {
							"vector": [8.14, 0.57, 0]
						},
						"3.1667": {
							"vector": [22.8, -17.9, 0],
							"easing": "linear"
						},
						"3.5": {
							"vector": [22.8, -17.9, 13],
							"easing": "linear"
						},
						"3.6667": {
							"vector": [8.14, 0.57, 0]
						},
						"3.875": {
							"vector": [0, 2.8, 0],
							"easing": "easeOutSine"
						},
						"3.9167": {
							"vector": [0, 2, 0],
							"easing": "easeOutSine"
						},
						"4.0417": {
							"vector": [0, 0, 0],
							"easing": "easeInQuad"
						}
					}
				},
				"Lefthand": {
					"rotation": {
						"1.4167": {
							"vector": [0, 0, 0]
						},
						"1.5417": {
							"vector": [-2.8596, 8.1727, -2.48558],
							"easing": "easeInOutSine"
						},
						"1.625": {
							"vector": [35.9174, 33.7141, 5.51398],
							"easing": "easeInOutSine"
						},
						"1.7917": {
							"vector": [68.7683, 28.8498, -45.12465],
							"easing": "easeInSine"
						},
						"2.0": {
							"vector": [71.7972, 11.2559, -38.23584]
						},
						"2.0833": {
							"vector": [32.8837, -41.5258, -17.56942],
							"easing": "easeInQuart"
						},
						"2.2083": {
							"vector": [32.8837, -41.5258, -17.56942],
							"easing": "easeInQuart"
						},
						"2.375": {
							"vector": [9.4994, -23.7249, 29.51203],
							"easing": "easeInSine"
						},
						"2.5": {
							"vector": [16.7058, 8.145, 15.72292]
						},
						"2.5833": {
							"vector": [-1.2574, 4.446, 3.64868],
							"easing": "easeOutSine"
						},
						"2.625": {
							"vector": [-1.2574, 4.446, 3.64868],
							"easing": "easeOutSine"
						},
						"4.2083": {
							"vector": [-1.2574, 4.446, 3.64868],
							"easing": "easeOutSine"
						},
						"4.375": {
							"vector": [24.4227, 44.6629, -23.47349]
						},
						"4.5417": {
							"vector": [12.9693, 39.3572, -46.30001]
						},
						"4.625": {
							"vector": [12.9693, 39.3572, -46.30001]
						},
						"4.7083": {
							"vector": [12.5395, 37.2122, -62.43842]
						},
						"4.7917": {
							"vector": [12.5395, 37.2122, -65.43842]
						},
						"5.0417": {
							"vector": [21.5237, -2.8788, 13.45216],
							"easing": "easeInOutSine"
						},
						"5.0833": {
							"vector": [21.5237, -2.8788, 13.45216],
							"easing": "easeInOutSine"
						},
						"5.25": {
							"vector": [68.7683, 28.8498, -24.12465],
							"easing": "easeInOutSine"
						},
						"5.375": {
							"vector": [68.7683, 28.8498, -24.12465],
							"easing": "easeInOutSine"
						},
						"5.5": {
							"vector": [64.3429, 31.282, -19.80534]
						},
						"5.625": {
							"vector": [35.9174, 33.7141, 5.51398],
							"easing": "easeInOutSine"
						},
						"5.75": {
							"vector": [-3.8714, 15.2281, 1.42118],
							"easing": "easeInOutSine"
						},
						"5.9167": {
							"vector": [0, 0, 0]
						}
					},
					"position": {
						"1.4167": {
							"vector": [0, 0, 0]
						},
						"1.5417": {
							"vector": [2.9, -1.87, 1.47]
						},
						"1.6667": {
							"vector": [1.23, -2.04, 5.17]
						},
						"1.7917": {
							"vector": [2.3, 5.9, 4.4]
						},
						"2.0833": {
							"vector": [1.8, 10.9, -1.91484],
							"easing": "easeInQuart"
						},
						"2.2083": {
							"vector": [1.8, 10.9, -1.91484],
							"easing": "easeInQuart"
						},
						"2.5833": {
							"vector": [4.3, 0.9, 7.1],
							"easing": "easeInOutSine"
						},
						"2.625": {
							"vector": [4.3, 0.9, 7.1],
							"easing": "easeInOutSine"
						},
						"4.2083": {
							"vector": [4.3, 0.9, 7.1],
							"easing": "easeInOutSine"
						},
						"4.5417": {
							"vector": [4.4, 5.8, 7.7]
						},
						"4.625": {
							"vector": [4.1, 6.2, 7.7]
						},
						"4.7083": {
							"vector": [4, 8.6, 7.9]
						},
						"4.75": {
							"vector": [3.8, 8.3, 7.9]
						},
						"4.7917": {
							"vector": [4, 8.6, 7.9]
						},
						"4.9167": {
							"vector": [3.5, 8.2, 7.39]
						},
						"5.0417": {
							"vector": [0.4, 7.3, 4.68516],
							"easing": "easeInOutSine"
						},
						"5.0833": {
							"vector": [0.4, 7.3, 4.68516],
							"easing": "easeInOutSine"
						},
						"5.25": {
							"vector": [2.7, 4.9, 4.4],
							"easing": "easeInOutSine"
						},
						"5.375": {
							"vector": [2.7, 4.9, 4.4],
							"easing": "easeInOutSine"
						},
						"5.5": {
							"vector": [1.23, -2.04, 5.17]
						},
						"5.625": {
							"vector": [4.26, -1.98, 3.78]
						},
						"5.8333": {
							"vector": [2.9, -1.87, 1.47]
						},
						"5.9167": {
							"vector": [0, 0, 0]
						}
					}
				},
				"m60_bullet_chain": {
					"rotation": {
						"3.25": {
							"vector": [0, 0, 0]
						},
						"3.3333": {
							"vector": [0, 0, 63]
						},
						"4.5417": {
							"vector": [0, 0, 63]
						},
						"4.625": {
							"vector": [0, 0, 51.5]
						},
						"4.7083": {
							"vector": [0, 0, 0]
						},
						"4.7917": {
							"vector": [0, 0, 0]
						}
					},
					"position": {
						"3.25": {
							"vector": [0, 0, 0]
						},
						"3.3333": {
							"vector": [0.5, -1.3, 0]
						},
						"4.5417": {
							"vector": [0.5, -1.3, 0]
						},
						"4.7083": {
							"vector": [0, 0, 0]
						},
						"4.7917": {
							"vector": [0, 0, 0]
						}
					}
				},
				"bullet1": {
					"rotation": {
						"4.7083": {
							"vector": [0, 0, 0]
						},
						"4.7917": {
							"vector": [0, 0, -25]
						},
						"5.5": {
							"vector": [0, 0, -25]
						},
						"5.5417": {
							"vector": [0, 0, 0]
						}
					},
					"position": {
						"4.7083": {
							"vector": [0, 0, 0]
						},
						"4.7917": {
							"vector": [0.13281, -0.10937, 0]
						},
						"5.5": {
							"vector": [0.13281, -0.10937, 0]
						},
						"5.5417": {
							"vector": [0, 0, 0]
						}
					}
				},
				"caps": {
					"rotation": {
						"1.7917": {
							"vector": [0, 0, 0]
						},
						"2.0833": {
							"vector": [90, 0, 0],
							"easing": "easeInQuart"
						},
						"5.0833": {
							"vector": [90, 0, 0],
							"easing": "easeInQuart"
						},
						"5.25": {
							"vector": [0, 0, 0],
							"easing": "easeInOutQuad"
						}
					}
				},
				"camera": {
					"rotation": {
						"0.0": {
							"vector": [0, 0, 0],
							"easing": "linear"
						},
						"0.125": {
							"vector": [0.2, 0, 1.5]
						},
						"0.25": {
							"vector": [1, 2, 1.8]
						},
						"0.2917": {
							"vector": [-1.5, -3, -1.5]
						},
						"0.4167": {
							"vector": [0.2, 1.5, 1.5]
						},
						"0.5833": {
							"vector": [0, -0.5, -1],
							"easing": "easeInElastic"
						},
						"0.9167": {
							"vector": [-0.38, 0.25, 1]
						},
						"1.25": {
							"vector": [-1, -1, -1]
						},
						"1.3333": {
							"vector": [2, 1, -1]
						},
						"1.4583": {
							"vector": [0, -0.5, 0]
						},
						"1.625": {
							"vector": [0.35, 0.5, 0.5]
						},
						"1.875": {
							"vector": [0.67, 0, -0.33]
						},
						"2.0833": {
							"vector": [1.33, -1, -2]
						},
						"2.1667": {
							"vector": [1.33, 1, 1]
						},
						"2.5": {
							"vector": [1.33, -0.5, -1.25]
						},
						"2.6667": {
							"vector": [2, -0.47, 1]
						},
						"2.7917": {
							"vector": [1.93, 0.9, 2.5]
						},
						"2.875": {
							"vector": [1.67, -0.9, -0.8]
						},
						"3.0": {
							"vector": [2, 0.3, 1]
						},
						"3.1667": {
							"vector": [1.74, -0.66, -0.44]
						},
						"3.5417": {
							"vector": [1.74, -0.66, -1.5]
						},
						"3.9583": {
							"vector": [1.46, -0.55, -1.26]
						},
						"4.0417": {
							"vector": [2, -1, -2.5]
						},
						"4.0833": {
							"vector": [0.3, -0.1, 1]
						},
						"4.2083": {
							"vector": [1.58, -0.78, -1.63]
						},
						"4.4167": {
							"vector": [0.3, -0.1, 1]
						},
						"4.7083": {
							"vector": [1.07, -0.51, -0.58]
						},
						"4.75": {
							"vector": [0.99, 0.3, 2]
						},
						"4.875": {
							"vector": [0.86, -0.41, -1.5]
						},
						"4.9583": {
							"vector": [-0.38, 0.25, 1]
						},
						"5.2917": {
							"vector": [-1, -1, -1]
						},
						"5.375": {
							"vector": [2, 1, -1]
						},
						"5.5": {
							"vector": [0, -0.5, 0]
						},
						"6.125": {
							"vector": [0.2, 0, 1.5]
						},
						"6.2083": {
							"vector": [0.5, 1, 0.9]
						},
						"6.2917": {
							"vector": [-0.5, -1, -1.5]
						},
						"6.375": {
							"vector": [0, 0, 0]
						}
					}
				}
			}
		},
		"animation.m_60.reload2": {
			"animation_length": 5.5,
			"bones": {
				"0": {
					"rotation": {
						"0.0": {
							"vector": [0, 0, 0]
						},
						"0.2917": {
							"vector": [-13.89328, -0.12927, 3.64978]
						},
						"0.5417": {
							"vector": [-2.5249, -5.12499, 19.67402]
						},
						"0.5833": {
							"vector": [-4.30396, -5.36015, 20.33721]
						},
						"1.0": {
							"vector": [-8.34459, -7.7117, 26.96901]
						},
						"1.125": {
							"vector": [-6.07684, -13.90426, 8.77462]
						},
						"1.2917": {
							"vector": [-4.6873, -8.0249, 30.33548]
						},
						"1.625": {
							"vector": [-7.48475, -6.10603, 4.21941]
						},
						"1.7917": {
							"vector": [-6.3203, -4.15219, -0.67933]
						},
						"1.875": {
							"vector": [-11.58824, -3.61372, 4.18534]
						},
						"2.0417": {
							"vector": [-2.56251, -4.49309, -3.5562]
						},
						"2.625": {
							"vector": [-8.45819, -6.00966, -1.0652]
						},
						"3.0417": {
							"vector": [-7.4, -4.96, -1.7]
						},
						"3.2083": {
							"vector": [-8.16909, -5.15158, 0.18776]
						},
						"3.25": {
							"vector": [-8.16909, -5.15158, 8.1878]
						},
						"3.4583": {
							"vector": [-6.50482, -5.89907, 0.20211]
						},
						"3.7083": {
							"vector": [-5.85339, -4.98157, 2.37395]
						},
						"3.875": {
							"vector": [-5.4843, -4.31747, 4.1557]
						},
						"3.9167": {
							"vector": [-3.021, -3.97909, 6.61813]
						},
						"4.0417": {
							"vector": [-3.82518, -3.58152, 1.99414]
						},
						"4.25": {
							"vector": [-5.82519, -2.70313, 9.13986]
						},
						"4.4167": {
							"vector": [-4.85, -2.25, 7.62]
						},
						"4.5": {
							"vector": [-3.47692, -2.07692, 7.03385]
						},
						"4.625": {
							"vector": [-5.65128, -1.38462, 4.68923]
						},
						"4.7917": {
							"vector": [-2.20093, -1.00699, 3.41035]
						},
						"5.0833": {
							"vector": [2.93213, -0.56757, 5.45897],
							"easing": "easeOutSine"
						},
						"5.375": {
							"vector": [0.17285, -0.22703, 2.18359]
						},
						"5.5": {
							"vector": [0, 0, 0],
							"easing": "easeInOutSine"
						}
					},
					"position": {
						"0.0": {
							"vector": [0, 0, 0]
						},
						"0.125": {
							"vector": [0.97, 1.47, 0],
							"easing": "easeInSine"
						},
						"0.5": {
							"vector": [0.9, -1, 0],
							"easing": "easeInOutSine"
						},
						"0.75": {
							"vector": [0.41, -0.31, 0]
						},
						"0.9167": {
							"vector": [0.41, -0.21, 0]
						},
						"1.0833": {
							"vector": [0.29, -0.09, -0.4]
						},
						"1.2083": {
							"vector": [0.2, 1, -0.7]
						},
						"1.4167": {
							"vector": [-0.8, 0.7, 0.1]
						},
						"1.6667": {
							"vector": [-0.77, 0.77, -0.41]
						},
						"1.7917": {
							"vector": [-0.75, 0.5, -0.11]
						},
						"1.875": {
							"vector": [-0.74, 1.05, 0.09]
						},
						"2.2083": {
							"vector": [-0.74, 0.65, -0.11]
						},
						"2.5833": {
							"vector": [-0.74, 1.15, -0.01]
						},
						"3.0833": {
							"vector": [-0.74, 0.99, 0.02]
						},
						"3.2083": {
							"vector": [-0.74, 0.65, 0.09],
							"easing": "easeOutElastic"
						},
						"3.2917": {
							"vector": [-0.74, 0.65, 0.09],
							"easing": "easeOutElastic"
						},
						"3.4167": {
							"vector": [-0.64, 1.17, 0.08]
						},
						"3.7083": {
							"vector": [-0.53, 0.78, 0.07]
						},
						"3.875": {
							"vector": [-0.48, 0.88, 0.06]
						},
						"3.9167": {
							"vector": [-0.46, 0.6, 0.06]
						},
						"4.0417": {
							"vector": [-0.4, 0.58, 0.05]
						},
						"4.25": {
							"vector": [-0.34, 0.5, 0.04]
						},
						"4.4167": {
							"vector": [-0.28, 0.42, 0.03]
						},
						"4.5": {
							"vector": [-0.26, -0.91, 0.63],
							"easing": "easeOutSine"
						},
						"4.6667": {
							"vector": [-0.22, 0.11, 0.02],
							"easing": "easeInOutSine"
						},
						"5.2083": {
							"vector": [-0.11, -0.65, 0.01],
							"easing": "easeOutSine"
						},
						"5.375": {
							"vector": [-0.04, 0.14, 0.9]
						},
						"5.5": {
							"vector": [0, 0, 0],
							"easing": "easeInOutSine"
						}
					}
				},
				"m60_mag": {
					"rotation": {
						"1.7917": {
							"vector": [0, 0, 0]
						},
						"1.875": {
							"vector": [0, 0, 0]
						},
						"2.3333": {
							"vector": [0, 0, -40]
						},
						"2.6667": {
							"vector": [0, -57.5, 175]
						},
						"3.0417": {
							"vector": [0, 0, 10],
							"easing": "easeOutSine"
						},
						"3.0833": {
							"vector": [0, 0, 0],
							"easing": "easeOutSine"
						},
						"3.2083": {
							"vector": [0, 0, 0],
							"easing": "easeInQuad"
						}
					},
					"position": {
						"1.7917": {
							"vector": [0, 0, 0]
						},
						"1.875": {
							"vector": [0, 2, 0]
						},
						"2.0417": {
							"vector": [8.14, 0.57, 0]
						},
						"2.3333": {
							"vector": [22.8, -17.9, 0],
							"easing": "linear"
						},
						"2.6667": {
							"vector": [22.8, -17.9, 13],
							"easing": "linear"
						},
						"2.8333": {
							"vector": [8.14, 0.57, 0]
						},
						"3.0417": {
							"vector": [0, 2.8, 0],
							"easing": "easeOutSine"
						},
						"3.0833": {
							"vector": [0, 2, 0],
							"easing": "easeOutSine"
						},
						"3.2083": {
							"vector": [0, 0, 0],
							"easing": "easeInQuad"
						}
					}
				},
				"Lefthand": {
					"rotation": {
						"0.5833": {
							"vector": [0, 0, 0]
						},
						"0.7083": {
							"vector": [-2.8596, 8.1727, -2.48558],
							"easing": "easeInOutSine"
						},
						"0.7917": {
							"vector": [35.9174, 33.7141, 5.51398],
							"easing": "easeInOutSine"
						},
						"0.9583": {
							"vector": [68.7683, 28.8498, -45.12465],
							"easing": "easeInSine"
						},
						"1.1667": {
							"vector": [71.7972, 11.2559, -38.23584]
						},
						"1.25": {
							"vector": [32.8837, -41.5258, -17.56942],
							"easing": "easeInQuart"
						},
						"1.375": {
							"vector": [32.8837, -41.5258, -17.56942],
							"easing": "easeInQuart"
						},
						"1.5417": {
							"vector": [9.4994, -23.7249, 29.51203],
							"easing": "easeInSine"
						},
						"1.6667": {
							"vector": [16.7058, 8.145, 15.72292]
						},
						"1.75": {
							"vector": [-1.2574, 4.446, 3.64868],
							"easing": "easeOutSine"
						},
						"1.7917": {
							"vector": [-1.2574, 4.446, 3.64868],
							"easing": "easeOutSine"
						},
						"3.375": {
							"vector": [-1.2574, 4.446, 3.64868],
							"easing": "easeOutSine"
						},
						"3.5417": {
							"vector": [24.4227, 44.6629, -23.47349]
						},
						"3.7083": {
							"vector": [12.9693, 39.3572, -46.30001]
						},
						"3.7917": {
							"vector": [12.9693, 39.3572, -46.30001]
						},
						"3.875": {
							"vector": [12.5395, 37.2122, -62.43842]
						},
						"3.9583": {
							"vector": [12.5395, 37.2122, -65.43842]
						},
						"4.2083": {
							"vector": [21.5237, -2.8788, 13.45216],
							"easing": "easeInOutSine"
						},
						"4.25": {
							"vector": [21.5237, -2.8788, 13.45216],
							"easing": "easeInOutSine"
						},
						"4.4167": {
							"vector": [68.7683, 28.8498, -24.12465],
							"easing": "easeInOutSine"
						},
						"4.5417": {
							"vector": [68.7683, 28.8498, -24.12465],
							"easing": "easeInOutSine"
						},
						"4.6667": {
							"vector": [64.3429, 31.282, -19.80534]
						},
						"4.7917": {
							"vector": [35.9174, 33.7141, 5.51398],
							"easing": "easeInOutSine"
						},
						"4.9167": {
							"vector": [-3.8714, 15.2281, 1.42118],
							"easing": "easeInOutSine"
						},
						"5.0833": {
							"vector": [0, 0, 0]
						}
					},
					"position": {
						"0.5833": {
							"vector": [0, 0, 0]
						},
						"0.7083": {
							"vector": [2.9, -1.87, 1.47]
						},
						"0.8333": {
							"vector": [1.23, -2.04, 5.17]
						},
						"0.9583": {
							"vector": [2.3, 5.9, 4.4]
						},
						"1.25": {
							"vector": [1.8, 10.9, -1.91484],
							"easing": "easeInQuart"
						},
						"1.375": {
							"vector": [1.8, 10.9, -1.91484],
							"easing": "easeInQuart"
						},
						"1.75": {
							"vector": [4.3, 0.9, 7.1],
							"easing": "easeInOutSine"
						},
						"1.7917": {
							"vector": [4.3, 0.9, 7.1],
							"easing": "easeInOutSine"
						},
						"3.375": {
							"vector": [4.3, 0.9, 7.1],
							"easing": "easeInOutSine"
						},
						"3.7083": {
							"vector": [4.4, 5.8, 7.7]
						},
						"3.7917": {
							"vector": [4.1, 6.2, 7.7]
						},
						"3.875": {
							"vector": [4, 8.6, 7.9]
						},
						"3.9167": {
							"vector": [3.8, 8.3, 7.9]
						},
						"3.9583": {
							"vector": [4, 8.6, 7.9]
						},
						"4.0833": {
							"vector": [3.5, 8.2, 7.39]
						},
						"4.2083": {
							"vector": [0.4, 7.3, 4.68516],
							"easing": "easeInOutSine"
						},
						"4.25": {
							"vector": [0.4, 7.3, 4.68516],
							"easing": "easeInOutSine"
						},
						"4.4167": {
							"vector": [2.7, 4.9, 4.4],
							"easing": "easeInOutSine"
						},
						"4.5417": {
							"vector": [2.7, 4.9, 4.4],
							"easing": "easeInOutSine"
						},
						"4.6667": {
							"vector": [1.23, -2.04, 5.17]
						},
						"4.7917": {
							"vector": [4.26, -1.98, 3.78]
						},
						"5.0": {
							"vector": [2.9, -1.87, 1.47]
						},
						"5.0833": {
							"vector": [0, 0, 0]
						}
					}
				},
				"m60_bullet_chain": {
					"rotation": {
						"2.7083": {
							"vector": [0, 0, 0]
						},
						"2.7917": {
							"vector": [0, 0, 63]
						},
						"3.7083": {
							"vector": [0, 0, 63]
						},
						"3.7917": {
							"vector": [0, 0, 51.5]
						},
						"3.875": {
							"vector": [0, 0, 0]
						},
						"3.9583": {
							"vector": [0, 0, 0]
						}
					},
					"position": {
						"2.7083": {
							"vector": [0, 0, 0]
						},
						"2.7917": {
							"vector": [0.5, -1.3, 0]
						},
						"3.7083": {
							"vector": [0.5, -1.3, 0]
						},
						"3.875": {
							"vector": [0, 0, 0]
						},
						"3.9583": {
							"vector": [0, 0, 0]
						}
					}
				},
				"caps": {
					"rotation": {
						"0.9583": {
							"vector": [0, 0, 0]
						},
						"1.25": {
							"vector": [90, 0, 0],
							"easing": "easeInQuart"
						},
						"4.25": {
							"vector": [90, 0, 0],
							"easing": "easeInQuart"
						},
						"4.4167": {
							"vector": [0, 0, 0],
							"easing": "easeInOutQuad"
						}
					}
				},
				"bullet2": {
					"rotation": {
						"1.75": {
							"vector": [0, 0, 0]
						},
						"1.8333": {
							"vector": [0, 0, -6.75]
						},
						"1.875": {
							"vector": [0, 0, -13.25]
						},
						"1.9167": {
							"vector": [0, 0, -35]
						},
						"2.0": {
							"vector": [0, 0, -35]
						},
						"2.6667": {
							"vector": [0, 0, -35]
						},
						"2.7083": {
							"vector": [0, 0, 0]
						}
					},
					"position": {
						"1.75": {
							"vector": [0, 0, 0]
						},
						"1.8333": {
							"vector": [0, 0, 0]
						},
						"1.875": {
							"vector": [-0.03516, -0.10547, 0]
						},
						"1.9167": {
							"vector": [0.05375, -0.30922, 0]
						},
						"2.0": {
							"vector": [0.05, -0.31, 0]
						},
						"2.6667": {
							"vector": [0.05, -0.31, 0]
						},
						"2.7083": {
							"vector": [0, 0, 0]
						}
					}
				},
				"bullet3": {
					"rotation": {
						"1.75": {
							"vector": [0, 0, 0]
						},
						"1.8333": {
							"vector": [0, 0, -6.75]
						},
						"1.875": {
							"vector": [0, 0, -13.25]
						},
						"2.0": {
							"vector": [0, 0, -13.25]
						},
						"2.6667": {
							"vector": [0, 0, -13.25]
						},
						"2.7083": {
							"vector": [0, 0, 0]
						}
					},
					"position": {
						"1.75": {
							"vector": [0, 0, 0]
						},
						"1.8333": {
							"vector": [0, 0, 0]
						},
						"1.875": {
							"vector": [-0.08203, -0.07031, 0]
						},
						"2.0": {
							"vector": [-0.08, -0.07, 0]
						},
						"2.6667": {
							"vector": [-0.08, -0.07, 0]
						},
						"2.7083": {
							"vector": [0, 0, 0]
						}
					}
				},
				"bullet4": {
					"rotation": {
						"1.75": {
							"vector": [0, 0, 0]
						},
						"1.8333": {
							"vector": [0, 0, -6.75]
						},
						"1.875": {
							"vector": [0, 0, -13.25]
						},
						"2.0": {
							"vector": [0, 0, -13.25]
						},
						"2.6667": {
							"vector": [0, 0, -13.25]
						},
						"2.7083": {
							"vector": [0, 0, 0]
						}
					},
					"position": {
						"1.75": {
							"vector": [0, 0, 0]
						},
						"1.8333": {
							"vector": [0, 0, 0]
						},
						"1.875": {
							"vector": [-0.02344, -0.05078, 0]
						},
						"2.0": {
							"vector": [-0.02, -0.05, 0]
						},
						"2.6667": {
							"vector": [-0.02, -0.05, 0]
						},
						"2.7083": {
							"vector": [0, 0, 0]
						}
					}
				},
				"bullet1": {
					"rotation": {
						"1.75": {
							"vector": [0, 0, 0]
						},
						"1.8333": {
							"vector": [0, 0, -6.75]
						},
						"1.875": {
							"vector": [0, 0, -13.25]
						},
						"1.9167": {
							"vector": [0, 0, 2.75]
						},
						"2.0": {
							"vector": [0, 0, -15.75]
						},
						"2.6667": {
							"vector": [0, 0, -15.75]
						},
						"2.7083": {
							"vector": [0, 0, 0]
						},
						"3.8333": {
							"vector": [0, 0, 0]
						},
						"3.9167": {
							"vector": [0, 0, -25]
						},
						"4.625": {
							"vector": [0, 0, -25]
						},
						"4.6667": {
							"vector": [0, 0, 0]
						}
					},
					"position": {
						"1.75": {
							"vector": [0, 0, 0]
						},
						"1.8333": {
							"vector": [0, 0, 0]
						},
						"1.875": {
							"vector": [0, -0.10156, 0]
						},
						"1.9167": {
							"vector": [0, 0.00156, 0]
						},
						"2.0": {
							"vector": [0, -0.08828, 0]
						},
						"2.6667": {
							"vector": [0, -0.08828, 0]
						},
						"2.7083": {
							"vector": [0, 0, 0]
						},
						"3.8333": {
							"vector": [0, 0, 0]
						},
						"3.9167": {
							"vector": [0.13281, -0.10937, 0]
						},
						"4.625": {
							"vector": [0.13281, -0.10937, 0]
						},
						"4.6667": {
							"vector": [0, 0, 0]
						}
					}
				},
				"bullet5": {
					"rotation": {
						"1.75": {
							"vector": [0, 0, 0]
						},
						"1.8333": {
							"vector": [0, 0, -6.75]
						},
						"2.0": {
							"vector": [0, 0, -6.75]
						},
						"2.6667": {
							"vector": [0, 0, -6.75]
						},
						"2.7083": {
							"vector": [0, 0, 0]
						}
					},
					"position": {
						"1.75": {
							"vector": [0, 0, 0]
						},
						"2.0": {
							"vector": [0, 0, 0]
						},
						"2.6667": {
							"vector": [0, 0, 0]
						},
						"2.7083": {
							"vector": [0, 0, 0]
						}
					}
				},
				"camera": {
					"rotation": {
						"0.0": {
							"vector": [0, 0, 0]
						},
						"0.1667": {
							"vector": [-0.38, 0.25, 1]
						},
						"0.375": {
							"vector": [-1, -1, -1]
						},
						"0.4583": {
							"vector": [2, 1, -1]
						},
						"0.5833": {
							"vector": [0, -0.5, 0]
						},
						"0.75": {
							"vector": [0.35, 0.5, 0.5]
						},
						"1.0": {
							"vector": [0.67, 0, -0.33]
						},
						"1.2083": {
							"vector": [1.33, -1, -2]
						},
						"1.2917": {
							"vector": [1.33, 1, 1]
						},
						"1.625": {
							"vector": [1.33, -0.5, -1.25]
						},
						"1.7917": {
							"vector": [2, -0.47, 1]
						},
						"1.9167": {
							"vector": [1.93, 0.9, 2.5]
						},
						"2.0": {
							"vector": [1.67, -0.9, -0.8]
						},
						"2.125": {
							"vector": [2, 0.3, 1]
						},
						"2.2917": {
							"vector": [1.74, -0.66, -0.44]
						},
						"2.6667": {
							"vector": [1.74, -0.66, -1.5]
						},
						"3.0833": {
							"vector": [1.46, -0.55, -1.26]
						},
						"3.1667": {
							"vector": [2, -1, -2.5]
						},
						"3.2083": {
							"vector": [0.3, -0.1, 1]
						},
						"3.3333": {
							"vector": [1.58, -0.78, -1.63]
						},
						"3.5417": {
							"vector": [0.3, -0.1, 1]
						},
						"3.8333": {
							"vector": [1.07, -0.51, -0.58]
						},
						"3.875": {
							"vector": [0.99, 0.3, 2]
						},
						"4.0": {
							"vector": [0.86, -0.41, -1.5]
						},
						"4.0833": {
							"vector": [-0.38, 0.25, 1]
						},
						"4.4167": {
							"vector": [-1, -1, -1]
						},
						"4.5": {
							"vector": [2, 1, -1]
						},
						"4.625": {
							"vector": [0, -0.5, 0]
						},
						"5.25": {
							"vector": [0.2, 0, 1.5]
						},
						"5.3333": {
							"vector": [0.5, 1, 0.9]
						},
						"5.4167": {
							"vector": [-0.5, -1, -1.5]
						},
						"5.5": {
							"vector": [0, 0, 0]
						}
					}
				}
			}
		}
	},
	"geckolib_format_version": 2
}