{
	"format_version": "1.8.0",
	"animations": {
		"animation.m_79.idle": {
			"loop": true,
			"animation_length": 2
		},
		"animation.m_79.draw": {
			"animation_length": 1,
			"bones": {
				"0": {
					"rotation": {
						"0.0": {
							"vector": [27.21312, -47.42646, -2.0218]
						},
						"0.3": {
							"vector": [12.5, -15, 0]
						},
						"0.4": {
							"vector": [3.48268, 0.40464, 8.20687]
						},
						"0.6": {
							"vector": [0, 0, -2]
						},
						"0.7": {
							"vector": [0, 0, 0]
						}
					},
					"position": {
						"0.0": {
							"vector": [3, -17.3, 0]
						},
						"0.4": {
							"vector": [0, 0, -1.65]
						},
						"0.5": {
							"vector": [0, 0, 0.93]
						},
						"0.7": {
							"vector": [0, 0, 0]
						}
					}
				},
				"camera": {
					"rotation": {
						"0.0": {
							"vector": [0, 0, 0]
						},
						"0.4": {
							"vector": [0, 0, 0]
						},
						"0.5": {
							"vector": [0.25, -0.5, 0.5],
							"easing": "easeInSine"
						},
						"0.6": {
							"vector": [0, 0, 0],
							"easing": "easeOutSine"
						}
					}
				}
			}
		},
		"animation.m_79.run": {
			"loop": true,
			"animation_length": 0.8,
			"bones": {
				"0": {
					"rotation": {
						"0.0": {
							"vector": [-37.25621, -59.83725, 41.46537]
						},
						"0.2": {
							"vector": [-34.07587, -59.91354, 41.25356],
							"easing": "easeInSine"
						},
						"0.4": {
							"vector": [-37.25621, -59.83725, 41.46537],
							"easing": "easeOutSine"
						},
						"0.6": {
							"vector": [-40.42843, -59.75519, 41.66794],
							"easing": "easeInSine"
						},
						"0.8": {
							"vector": [-37.25621, -59.83725, 41.46537]
						}
					},
					"position": {
						"0.0": {
							"vector": [-2.5, -3, -2]
						},
						"0.2": {
							"vector": [-4.25, -2, -2],
							"easing": "easeInSine"
						},
						"0.4": {
							"vector": [-5.5, -3, -2],
							"easing": "easeOutSine"
						},
						"0.6": {
							"vector": [-4.25, -2, -2],
							"easing": "easeInSine"
						},
						"0.8": {
							"vector": [-2.5, -3, -2]
						}
					}
				},
				"camera": {
					"rotation": {
						"0.0": {
							"vector": [-0.3, -0.3, 0.3]
						},
						"0.2": {
							"vector": [0.3, 0, -0.3]
						},
						"0.4": {
							"vector": [-0.3, 0.3, 0.3]
						},
						"0.6": {
							"vector": [0.3, 0, -0.3]
						},
						"0.8": {
							"vector": [-0.3, -0.3, 0.3]
						}
					}
				},
				"Righthand": {
					"rotation": {
						"vector": [-4.35095, -10.7278, -39.53455]
					},
					"position": {
						"vector": [2.4, -4, 0.2]
					}
				}
			}
		},
		"animation.m_79.run_fast": {
			"loop": true,
			"animation_length": 0.7,
			"bones": {
				"0": {
					"rotation": {
						"0.0": {
							"vector": [-72.83252, -0.25486, -2.06771]
						},
						"0.175": {
							"vector": [-71.3488, 5.39879, 7.82975],
							"easing": "easeInSine"
						},
						"0.35": {
							"vector": [-71.91473, 9.92603, 3.36557],
							"easing": "easeOutSine"
						},
						"0.525": {
							"vector": [-73.11124, 5.01587, -4.05491],
							"easing": "easeInSine"
						},
						"0.7": {
							"vector": [-72.83252, -0.25486, -2.06771]
						}
					},
					"position": {
						"0.0": {
							"vector": [-5.53948, -0.14083, -4.46006],
							"easing": "easeOutSine"
						},
						"0.175": {
							"vector": [-6.93868, 2.05769, -5.47345],
							"easing": "easeInSine"
						},
						"0.35": {
							"vector": [-7.5991, -0.20807, -4.60947],
							"easing": "easeOutSine"
						},
						"0.525": {
							"vector": [-6.50393, 2.04727, -5.53854],
							"easing": "easeInSine"
						},
						"0.7": {
							"vector": [-5.53948, -0.14083, -4.46006],
							"easing": "easeOutSine"
						}
					}
				},
				"magazine2": {
					"scale": {
						"vector": [0, 0, 0]
					}
				},
				"Lefthand": {
					"rotation": {
						"vector": [-1.41476, -16.33468, -1.66483]
					},
					"position": {
						"vector": [6, -13, 49]
					}
				},
				"camera": {
					"rotation": {
						"0.0": {
							"vector": [-0.3, -0.3, 0.3]
						},
						"0.175": {
							"vector": [0.3, 0, -0.3]
						},
						"0.35": {
							"vector": [-0.3, 0.3, 0.3]
						},
						"0.525": {
							"vector": [0.3, 0, -0.3]
						},
						"0.7": {
							"vector": [-0.3, -0.3, 0.3]
						}
					}
				}
			}
		},
		"animation.m_79.fire": {
			"animation_length": 0.1,
			"bones": {
				"0": {
					"rotation": {
						"vector": [0, 0, 0]
					},
					"position": {
						"vector": [0, 0, 0]
					}
				}
			}
		},
		"animation.m_79.reload": {
			"loop": "hold_on_last_frame",
			"animation_length": 3.25,
			"bones": {
				"0": {
					"rotation": {
						"0.0": {
							"vector": [0, 0, 0]
						},
						"0.1": {
							"vector": [-0.78508, -0.75745, -0.80336]
						},
						"0.375": {
							"vector": [-2.18568, -5.43198, 10.68351],
							"easing": "easeInElastic"
						},
						"0.45": {
							"vector": [-9.51901, -5.43198, 10.68351],
							"easing": "linear"
						},
						"0.575": {
							"vector": [-5.14994, -6.42211, 0.6789],
							"easing": "easeInElastic"
						},
						"0.7": {
							"vector": [2.31432, -5.43198, 10.68351]
						},
						"0.875": {
							"vector": [-0.70635, -5.51458, 5.66128]
						},
						"1.075": {
							"vector": [-3.99009, -5.31319, 8.66793]
						},
						"1.7": {
							"vector": [-8.56414, -15.6855, 12.58667],
							"easing": "easeInElastic"
						},
						"1.775": {
							"vector": [-6.85, -16.49, 6.4]
						},
						"1.875": {
							"vector": [-2.85, -16.49, 6.4]
						},
						"2.0": {
							"vector": [4.65, -16.49, 6.4]
						},
						"2.15": {
							"vector": [3.13968, -7.14956, -0.71608]
						},
						"2.3": {
							"vector": [6.02456, -6.43525, -3.1355]
						},
						"2.45": {
							"vector": [-6.5, 0, 0],
							"easing": "easeInElastic"
						},
						"2.475": {
							"vector": [1.83, 0, 0]
						},
						"2.575": {
							"vector": [0.49, 0, 0]
						},
						"2.775": {
							"vector": [0, 0, 0]
						}
					},
					"position": {
						"0.0": {
							"vector": [0, 0, 0]
						},
						"0.125": {
							"vector": [0.16, 0.02, -0.05]
						},
						"0.375": {
							"vector": [0.60081, -0.04027, -1.7843],
							"easing": "easeInElastic"
						},
						"0.475": {
							"vector": [0.13331, -0.6665, -0.57977],
							"easing": "easeInElastic"
						},
						"0.625": {
							"vector": [0.3, -0.3, -2.15]
						},
						"0.775": {
							"vector": [0.27247, 0.20923, -0.85141]
						},
						"0.975": {
							"vector": [0.22355, 0.19078, -0.30424]
						},
						"1.3": {
							"vector": [0.22, -0.56, 0.7]
						},
						"1.8": {
							"vector": [0.22, 0.19, 1.7]
						},
						"1.85": {
							"vector": [0.32946, 0.41882, 1.41954]
						},
						"1.925": {
							"vector": [0.68626, 0.28614, 0.1679],
							"easing": "easeInElastic"
						},
						"2.025": {
							"vector": [0.29, 0.21, 0.08]
						},
						"2.1": {
							"vector": [0.31266, 0.21515, 1.41081],
							"easing": "easeInElastic"
						},
						"2.225": {
							"vector": [0.01236, 0.21628, 1.37266]
						},
						"2.3": {
							"vector": [0.25805, 0.20359, 1.22802]
						},
						"2.475": {
							"vector": [0.2, -0.2, -0.3]
						},
						"2.575": {
							"vector": [0.14, -0.14, 1],
							"easing": "easeInSine"
						},
						"2.675": {
							"vector": [0.04, 0.15993, 0.24478]
						},
						"2.8": {
							"vector": [0, 0, 0],
							"easing": "easeOutSine"
						}
					}
				},
				"Righthand": {
					"rotation": {
						"0.0": {
							"vector": [0, 0, 0]
						},
						"0.15": {
							"vector": [0, 0, 0]
						},
						"0.2": {
							"vector": [7, 0, 0]
						},
						"0.25": {
							"vector": [6.2031, -8.442, -3.2225]
						},
						"0.325": {
							"vector": [0, 0, 0],
							"easing": "easeInOutSine"
						},
						"0.375": {
							"vector": [0, 0, 0],
							"easing": "easeInOutSine"
						},
						"0.575": {
							"vector": [-28.5, 0, 0],
							"easing": "easeInElastic"
						},
						"1.025": {
							"vector": [-65.24202, -10.2476, 13.96581]
						},
						"1.525": {
							"vector": [11.07156, -9.09353, -0.96843]
						},
						"1.825": {
							"vector": [9.91812, -17.54282, 20.52427]
						},
						"1.9": {
							"vector": [9.15113, -3.10609, 1.32907],
							"easing": "easeInSine"
						},
						"1.95": {
							"vector": [-4.56733, 3.70995, -13.68104]
						},
						"2.05": {
							"vector": [6.52402, 4.41897, -13.13546]
						},
						"2.125": {
							"vector": [-5.74375, -23.0423, -16.98905]
						},
						"2.3": {
							"vector": [-28.5, 0, 0],
							"easing": "easeInElastic"
						},
						"2.45": {
							"vector": [0, 0, 0],
							"easing": "easeInSine"
						}
					},
					"position": {
						"0.0": {
							"vector": [0, 0, 0]
						},
						"0.15": {
							"vector": [0, 0, 0]
						},
						"0.2": {
							"vector": [-0.4, -0.6, -1.8]
						},
						"0.325": {
							"vector": [0, 0, 0]
						},
						"0.375": {
							"vector": [0, 0, 0]
						},
						"0.575": {
							"vector": [0.8, 0, -3.9],
							"easing": "easeInElastic"
						},
						"1.025": {
							"vector": [0.8, -1.5, 5.1]
						},
						"1.525": {
							"vector": [-0.3, -4.77, 12.73]
						},
						"1.8": {
							"vector": [1, -0.77, -1.47],
							"easing": "easeInSine"
						},
						"1.85": {
							"vector": [0.6, -0.94891, -3.63953]
						},
						"1.95": {
							"vector": [-0.4, 0.13, -3.77]
						},
						"2.05": {
							"vector": [0.1, -1.67, -4.47]
						},
						"2.125": {
							"vector": [0.73, -0.18, -0.76]
						},
						"2.3": {
							"vector": [0.8, 0, -3.9],
							"easing": "easeInElastic"
						},
						"2.45": {
							"vector": [0, 0, 0],
							"easing": "easeInSine"
						}
					}
				},
				"Lefthand": {
					"rotation": {
						"0.0": {
							"vector": [0, 0, 0]
						},
						"0.125": {
							"vector": [15.90495, -12.40952, -49.8767],
							"easing": "easeInElastic"
						},
						"2.55": {
							"vector": [15.90495, -12.40952, -49.8767],
							"easing": "easeInElastic"
						},
						"2.7": {
							"vector": [0, 0, 0],
							"easing": "easeInElastic"
						}
					},
					"position": {
						"0.0": {
							"vector": [0, 0, 0]
						},
						"0.125": {
							"vector": [2.2, 1.4, -2.3],
							"easing": "easeInElastic"
						},
						"2.55": {
							"vector": [2.2, 1.4, -2.3],
							"easing": "easeInElastic"
						},
						"2.7": {
							"vector": [0, 0, 0],
							"easing": "easeInElastic"
						}
					}
				},
				"bullet": {
					"rotation": {
						"0.0": {
							"vector": [0, 0, 0]
						},
						"1.525": {
							"vector": [-13, -19, 0]
						},
						"1.8": {
							"vector": [0, 0, 0],
							"easing": "easeInSine"
						},
						"1.85": {
							"vector": [0, 0, 0]
						}
					},
					"position": {
						"0.0": {
							"vector": [0, 0, 0]
						},
						"0.4": {
							"vector": [0, 0, 0.08]
						},
						"0.575": {
							"vector": [0, 0, 9.15],
							"easing": "easeInSine"
						},
						"1.525": {
							"vector": [-2, -3, 16.15]
						},
						"1.8": {
							"vector": [0, 0, 2],
							"easing": "easeInSine"
						},
						"1.85": {
							"vector": [0, 0, 0]
						}
					}
				},
				"head": {
					"scale": {
						"0.0": {
							"vector": [1, 1, 1]
						},
						"0.225": {
							"vector": [1, 1, 1]
						},
						"0.325": {
							"vector": [0, 0, 0]
						},
						"1.3": {
							"vector": [0, 0, 0]
						},
						"1.35": {
							"vector": [1, 1, 1]
						}
					}
				},
				"switch": {
					"rotation": {
						"0.2": {
							"vector": [0, 0, 0]
						},
						"0.25": {
							"vector": [0, -47.5, 0]
						},
						"2.45": {
							"vector": [0, -47.5, 0]
						},
						"2.475": {
							"vector": [0, 0, 0],
							"easing": "easeInQuint"
						}
					}
				},
				"main": {
					"rotation": {
						"0.0": {
							"vector": [0, 0, 0]
						},
						"0.375": {
							"vector": [0, 0, 0]
						},
						"0.575": {
							"vector": [-65, 0, 0],
							"easing": "easeInElastic",
							"easingArgs": [1]
						},
						"2.3": {
							"vector": [-65, 0, 0],
							"easing": "easeInElastic"
						},
						"2.45": {
							"vector": [0, 0, 0],
							"easing": "easeInSine"
						},
						"2.825": {
							"vector": [0, 0, 0]
						}
					},
					"position": {
						"vector": [0, 0, 0]
					}
				},
				"camera": {
					"rotation": {
						"0.025": {
							"vector": [0, 0, 0]
						},
						"0.325": {
							"vector": [0, 0, -2]
						},
						"0.4": {
							"vector": [0, 1, -1]
						},
						"0.475": {
							"vector": [1, -0.5, -2]
						},
						"0.55": {
							"vector": [-0.5, 1, 1.5]
						},
						"0.725": {
							"vector": [0.95, -0.2, -1.3]
						},
						"1.025": {
							"vector": [0.77, -0.16, 0.5]
						},
						"1.55": {
							"vector": [0.64, -0.13, -0.88]
						},
						"1.825": {
							"vector": [0.5, -0.1, -2]
						},
						"1.9": {
							"vector": [0, 1, -1]
						},
						"1.975": {
							"vector": [1, -0.5, -2]
						},
						"2.05": {
							"vector": [0.75, 1, 1.5]
						},
						"2.2": {
							"vector": [0.64, -0.13, -0.88]
						},
						"2.375": {
							"vector": [1.5, -2, -2]
						},
						"2.475": {
							"vector": [0.25, 2, 2]
						},
						"2.55": {
							"vector": [1.2, -0.7, -1.5]
						},
						"2.65": {
							"vector": [0.5, 0.5, 1]
						},
						"2.925": {
							"vector": [0, 0, 0],
							"easing": "easeInElastic"
						}
					}
				}
			}
		}
	},
	"geckolib_format_version": 2
}