{
	"format_version": "1.8.0",
	"animations": {
		"animation.mk42.idle": {
			"loop": true,
			"bones": {
				"flare": {
					"scale": {
						"vector": [0, 0, 0]
					}
				}
			}
		},
		"animation.mk42.fire": {
			"loop": "hold_on_last_frame",
			"animation_length": 1.5,
			"bones": {
				"paoguan": {
					"position": {
						"0.0": [0, 0, 0],
						"0.0167": [0, 0, 11],
						"0.2917": [0, 0, 0],
						"0.6583": [0, 0, 0]
					}
				},
				"flare": {
					"scale": {
						"0.0": [0, 0, 0],
						"0.0083": [50, 40, 50],
						"0.05": [50, 40, 50],
						"0.075": [1, 1, 1],
						"0.0917": [0, 0, 0],
						"0.6667": [0, 0, 0]
					}
				},
				"bone": {
					"position": {
						"0.0": [0, 0, 0],
						"0.05": [0.1477, 0, 0.175],
						"0.1": [-0.07, 0, -0.09],
						"0.15": [0, 0, 0]
					}
				},
				"camera": {
					"rotation": {
						"0.0": [0, 0, 0],
						"0.0083": [4, 8, 7.5],
						"0.05": [-2, -4, -2.5],
						"0.0917": [1, 2, 1.25],
						"0.1333": [-0.5, -1, -0.625],
						"0.175": [0.25, 0.5, 0.31],
						"0.2167": [-0.12, -0.24, -0.15],
						"0.2583": [0.06, 0.12, 0.075],
						"0.3": [-0.03, -0.6, -0.0375],
						"0.3417": [0, 0, 0]
					}
				}
			}
		}
	},
	"geckolib_format_version": 2
}