{
	"format_version": "1.8.0",
	"animations": {
		"animation.mortar.idle": {
			"loop": true,
			"bones": {
				"mortar": {
					"position": {
						"vector": [0, 0, 0]
					}
				},
				"shell": {
					"scale": {
						"vector": [0, 0, 0]
					}
				},
				"flare": {
					"scale": {
						"vector": [0, 0, 0],
						"easing": "easeOutQuad"
					}
				}
			}
		},
		"animation.mortar.fire": {
			"loop": "hold_on_last_frame",
			"animation_length": 1.5,
			"bones": {
				"shell": {
					"position": {
						"0.0": {
							"vector": [0, 0, 0]
						},
						"0.375": {
							"vector": [0, 0, 0]
						},
						"0.875": {
							"vector": [0, -20, 0],
							"easing": "easeInQuad"
						}
					},
					"scale": {
						"0.0": {
							"vector": [0, 0, 0]
						},
						"0.1667": {
							"vector": [1, 1, 1],
							"easing": "easeInSine"
						},
						"0.2917": {
							"vector": [0.8, 0.8, 0.8],
							"easing": "easeOutSine"
						},
						"0.375": {
							"vector": [1, 1, 1],
							"easing": "easeInSine"
						}
					}
				},
				"flare": {
					"scale": {
						"1.0": {
							"vector": [0, 0, 0],
							"easing": "easeOutQuad"
						},
						"1.0083": {
							"vector": [1200, 1200, 1200]
						},
						"1.0583": {
							"vector": [1200, 1200, 1200]
						},
						"1.0833": {
							"vector": [1, 1, 1],
							"easing": "easeOutQuad"
						},
						"1.1": {
							"vector": [0, 0, 0]
						}
					}
				}
			}
		}
	},
	"geckolib_format_version": 2
}