{
	"format_version": "1.8.0",
	"animations": {
		"animation.mosin_nagant.idle": {
			"animation_length": 1
		},
		"animation.mosin_nagant.draw": {
			"animation_length": 1,
			"bones": {
				"0": {
					"rotation": {
						"0.0": {
							"vector": [27.21312, -47.42646, -2.0218]
						},
						"0.3": {
							"vector": [12.5, -15, 0]
						},
						"0.4": {
							"vector": [3.48268, 0.40464, 8.20687]
						},
						"0.6": {
							"vector": [0, 0, -2]
						},
						"0.7": {
							"vector": [0, 0, 0]
						}
					},
					"position": {
						"0.0": {
							"vector": [3, -17.3, 0]
						},
						"0.4": {
							"vector": [0, 0, -1.65]
						},
						"0.5": {
							"vector": [0, 0, 0.93]
						},
						"0.7": {
							"vector": [0, 0, 0]
						}
					}
				}
			}
		},
		"animation.mosin_nagant.run": {
			"loop": true,
			"animation_length": 0.8,
			"bones": {
				"0": {
					"rotation": {
						"0.0": {
							"vector": [-6.16643, -52.95314, 18.27888]
						},
						"0.2": {
							"vector": [-8.90061, -58.27378, 19.21063],
							"easing": "easeInSine"
						},
						"0.4": {
							"vector": [-6.16643, -52.95314, 18.27888],
							"easing": "easeOutSine"
						},
						"0.6": {
							"vector": [-4.06605, -47.59998, 18.07271],
							"easing": "easeInSine"
						},
						"0.8": {
							"vector": [-6.16643, -52.95314, 18.27888]
						}
					},
					"position": {
						"0.0": {
							"vector": [4.5, -3, 0]
						},
						"0.2": {
							"vector": [1.75, -1.5, 0],
							"easing": "easeInSine"
						},
						"0.4": {
							"vector": [-0.5, -3, 0],
							"easing": "easeOutSine"
						},
						"0.6": {
							"vector": [1.75, -1.5, 0],
							"easing": "easeInSine"
						},
						"0.8": {
							"vector": [4.5, -3, 0]
						}
					}
				},
				"camera": {
					"rotation": {
						"0.0": {
							"vector": [-0.3, -0.3, 0.3]
						},
						"0.2": {
							"vector": [0.3, 0, -0.3]
						},
						"0.4": {
							"vector": [-0.3, 0.3, 0.3]
						},
						"0.6": {
							"vector": [0.3, 0, -0.3]
						},
						"0.8": {
							"vector": [-0.3, -0.3, 0.3]
						}
					}
				},
				"roll": {
					"rotation": {
						"vector": [-24.8157, 16.34325, 8.8495]
					},
					"position": {
						"vector": [-0.28068, -0.4335, -0.65981]
					}
				}
			}
		},
		"animation.mosin_nagant.run_fast": {
			"loop": true,
			"animation_length": 0.7,
			"bones": {
				"0": {
					"rotation": {
						"0.0": {
							"vector": [-65.32786, 12.14905, 0.43184]
						},
						"0.175": {
							"vector": [-65.21083, 16.27391, 6.66077],
							"easing": "easeInSine"
						},
						"0.35": {
							"vector": [-68.74727, 14.25203, 5.74607],
							"easing": "easeOutSine"
						},
						"0.525": {
							"vector": [-70.53091, 9.93418, -3.00092],
							"easing": "easeInSine"
						},
						"0.7": {
							"vector": [-65.32786, 12.14905, 0.43184]
						}
					},
					"position": {
						"0.0": {
							"vector": [-4.52807, 0.28395, 1.288],
							"easing": "easeOutSine"
						},
						"0.175": {
							"vector": [-5.57571, 2.65883, 1.2116],
							"easing": "easeInSine"
						},
						"0.35": {
							"vector": [-7.57844, 0.1221, -0.22187],
							"easing": "easeOutSine"
						},
						"0.525": {
							"vector": [-5.75027, 2.85577, 1.23384],
							"easing": "easeInSine"
						},
						"0.7": {
							"vector": [-4.52807, 0.28395, 1.288],
							"easing": "easeOutSine"
						}
					}
				},
				"Lefthand": {
					"rotation": {
						"vector": [-1.41476, -16.33468, -1.66483]
					},
					"position": {
						"vector": [6, -13, 49]
					}
				},
				"Righthand": {
					"rotation": {
						"vector": [2.0609, 1.03935, 6.06291]
					},
					"position": {
						"vector": [-1.01438, 0.65756, -1.18578]
					}
				},
				"camera": {
					"rotation": {
						"0.0": {
							"vector": [-0.3, -0.3, 0.3]
						},
						"0.175": {
							"vector": [0.3, 0, -0.3]
						},
						"0.35": {
							"vector": [-0.3, 0.3, 0.3]
						},
						"0.525": {
							"vector": [0.3, 0, -0.3]
						},
						"0.7": {
							"vector": [-0.3, -0.3, 0.3]
						}
					}
				},
				"roll": {
					"position": {
						"vector": [-0.4, -1.8, -2]
					}
				}
			}
		},
		"animation.mosin_nagant.fire": {
			"loop": "hold_on_last_frame",
			"animation_length": 0.202,
			"bones": {
				"0": {
					"position": {
						"0.0": {
							"vector": [0, 0.5, 2.2]
						},
						"0.1818": {
							"vector": [0, 0, 0],
							"easing": "easeInElastic"
						}
					}
				}
			}
		},
		"animation.mosin_nagant.shift": {
			"loop": "hold_on_last_frame",
			"animation_length": 1.1,
			"override_previous_animation": true,
			"bones": {
				"0": {
					"rotation": {
						"0.0": {
							"vector": [0, 0, 0],
							"easing": "easeInOutSine"
						},
						"0.175": {
							"vector": [-0.2, 0, -1],
							"easing": "easeInElastic"
						},
						"0.275": {
							"vector": [-0.2584, -0.4688, 5.16075],
							"easing": "easeInSine"
						},
						"0.35": {
							"vector": [-0.1745, -0.1155, 4.6568],
							"easing": "easeInElastic"
						},
						"0.425": {
							"vector": [-0.6993, -0.252, -1.4861],
							"easing": "easeInElastic"
						},
						"0.575": {
							"vector": [-2.25, -1, 4.82]
						},
						"0.625": {
							"vector": [-0.25, -0.5, 4.82]
						},
						"0.7": {
							"vector": [0.53655, 1.56915, 2.11954]
						},
						"0.75": {
							"vector": [0.9659, 0.52169, -2.4819],
							"easing": "easeInOutSine"
						},
						"0.85": {
							"vector": [0.7935, 0.19563, -2.80573]
						},
						"0.9": {
							"vector": [0.49, 0, 0]
						},
						"1.0": {
							"vector": [0, 0, 0]
						}
					},
					"position": {
						"0.0": {
							"vector": [0, 0, 0],
							"easing": "easeInOutSine"
						},
						"0.125": {
							"vector": [0, 0, 0],
							"easing": "linear"
						},
						"0.3": {
							"vector": [-0.41, -0.23, 0.32]
						},
						"0.425": {
							"vector": [-0.1, -0.5, 0.3],
							"easing": "easeInElastic"
						},
						"0.525": {
							"vector": [-0.1, -0.5, 0.6]
						},
						"0.575": {
							"vector": [-0.3, -0.5, -0.6]
						},
						"0.625": {
							"vector": [-0.3, -0.5, -0.6]
						},
						"0.7": {
							"vector": [-0.1, -0.2, 0.1],
							"easing": "easeInElastic"
						},
						"0.775": {
							"vector": [0.2, -0.3, -0.1]
						},
						"0.825": {
							"vector": [0.14, -0.05, 0.2],
							"easing": "easeInSine"
						},
						"0.9": {
							"vector": [0.04, 0.1, 0.24478]
						},
						"1.0": {
							"vector": [0, 0, 0],
							"easing": "easeOutSine"
						}
					}
				},
				"Righthand": {
					"rotation": {
						"0.0": {
							"vector": [0, 0, 0]
						},
						"0.075": {
							"vector": [-2.9488, -16.4714, -3.30226],
							"easing": "linear"
						},
						"0.225": {
							"vector": [21.1323, -15.5828, 11.08112],
							"easing": "easeInSine"
						},
						"0.275": {
							"vector": [21.1323, -15.5828, 11.08112],
							"easing": "easeInSine"
						},
						"0.375": {
							"vector": [15.2135, -15.2688, 0.47749],
							"easing": "easeInSine"
						},
						"0.525": {
							"vector": [21.1323, -15.5828, 11.08112],
							"easing": "easeInSine"
						},
						"0.575": {
							"vector": [21.1323, -15.5828, 11.08112],
							"easing": "easeInSine"
						},
						"0.625": {
							"vector": [21.1323, -15.5828, 11.08112],
							"easing": "easeInSine"
						},
						"0.7": {
							"vector": [-2.9488, -16.4714, -3.30226],
							"easing": "linear"
						},
						"0.85": {
							"vector": [0, 0, 0],
							"easing": "easeInElastic"
						}
					},
					"position": {
						"0.0": {
							"vector": [0, 0, 0]
						},
						"0.075": {
							"vector": [1.3, 1.26484, -4.67734],
							"easing": "linear"
						},
						"0.225": {
							"vector": [-0.30044, 0.39369, -6.49314],
							"easing": "easeInSine"
						},
						"0.275": {
							"vector": [-0.30044, 0.39369, -6.49314],
							"easing": "easeInSine"
						},
						"0.375": {
							"vector": [1.29956, 1.69369, -1.19314],
							"easing": "easeInSine"
						},
						"0.525": {
							"vector": [-0.30044, 0.39369, -1.99314],
							"easing": "easeInSine"
						},
						"0.575": {
							"vector": [-0.30044, 0.39369, -6.49314],
							"easing": "easeInSine"
						},
						"0.625": {
							"vector": [-0.30044, 0.39369, -6.49314],
							"easing": "easeInSine"
						},
						"0.7": {
							"vector": [1.3, 1.26484, -4.67734],
							"easing": "linear"
						},
						"0.85": {
							"vector": [0, 0, 0],
							"easing": "easeInElastic"
						}
					}
				},
				"bolt": {
					"position": {
						"0.0": {
							"vector": [0, 0, 0]
						},
						"0.125": {
							"vector": [0, 0, 0]
						},
						"0.225": {
							"vector": [0, 0, 0],
							"easing": "easeInSine"
						},
						"0.275": {
							"vector": [0, 0, 0],
							"easing": "easeInSine"
						},
						"0.375": {
							"vector": [0, 0, 4.14453],
							"easing": "easeInSine"
						},
						"0.525": {
							"vector": [0, 0, 4.14453]
						},
						"0.575": {
							"vector": [0, 0, 0],
							"easing": "easeInSine"
						},
						"0.625": {
							"vector": [0, 0, 0],
							"easing": "easeInSine"
						},
						"0.7": {
							"vector": [0, 0, 0],
							"easing": "easeInSine"
						}
					}
				},
				"ammo": {
					"position": {
						"0.0": {
							"vector": [0, 0, 0]
						},
						"0.1": {
							"vector": [0, -0.32031, 4]
						},
						"0.525": {
							"vector": [0, -0.32031, 4]
						},
						"0.55": {
							"vector": [0, 0.14891, 2.83]
						},
						"0.575": {
							"vector": [0, 0, 0],
							"easing": "easeInSine"
						}
					}
				},
				"shell": {
					"rotation": {
						"0.275": {
							"vector": [0, 0, 0]
						},
						"0.375": {
							"vector": [-21.80427, 22.90431, 1.23855],
							"easing": "easeInBack"
						},
						"0.575": {
							"vector": [-389.3982, 25.79361, -8.76505],
							"easing": "linear"
						},
						"0.675": {
							"vector": [0, 0, 0]
						}
					},
					"position": {
						"0.275": {
							"vector": [0, 0, 0]
						},
						"0.375": {
							"vector": [0, 0.3, 4.14453],
							"easing": "easeInSine"
						},
						"0.425": {
							"vector": [-1.62789, 2.65375, 5.1458]
						},
						"0.475": {
							"vector": [-3.76671, 4.72347, 6.42044]
						},
						"0.525": {
							"vector": [-6.27013, 5.82249, 7.94233]
						},
						"0.55": {
							"vector": [-7.99223, 6.0029, 9.90675]
						},
						"0.575": {
							"vector": [-9.37779, 5.92917, 11.63071]
						},
						"0.675": {
							"vector": [-13.8, 10.2, 2070.44]
						},
						"0.775": {
							"vector": [0, 0, 0]
						}
					}
				},
				"bolt_rot": {
					"rotation": {
						"0.0": {
							"vector": [0, 0, 0]
						},
						"0.125": {
							"vector": [0, 0, 0]
						},
						"0.225": {
							"vector": [0, 0, 90],
							"easing": "easeInSine"
						},
						"0.275": {
							"vector": [0, 0, 90],
							"easing": "easeInSine"
						},
						"0.575": {
							"vector": [0, 0, 90],
							"easing": "easeInSine"
						},
						"0.625": {
							"vector": [0, 0, 90],
							"easing": "easeInSine"
						},
						"0.7": {
							"vector": [0, 0, 0]
						}
					}
				},
				"camera": {
					"rotation": {
						"0.1": {
							"vector": [0, 0, 0]
						},
						"0.3": {
							"vector": [-0.5, -0.8, -0.5]
						},
						"0.5": {
							"vector": [0.2, 0.4, 3],
							"easing": "easeInElastic"
						},
						"0.6": {
							"vector": [-0.1, -0.2, -2],
							"easing": "easeInElastic"
						},
						"0.8": {
							"vector": [0, 0, 1.5]
						},
						"0.9": {
							"vector": [0, 0, -0.75]
						},
						"1.0": {
							"vector": [0, 0, 0]
						}
					}
				}
			}
		},
		"animation.mosin_nagant.prepare": {
			"loop": "hold_on_last_frame",
			"animation_length": 2,
			"override_previous_animation": true,
			"bones": {
				"0": {
					"rotation": {
						"0.0": {
							"vector": [0, 0, 0]
						},
						"0.05": {
							"vector": [0.6675, 0, 1.8325]
						},
						"0.2": {
							"vector": [0.17, 0, 7.33]
						},
						"0.275": {
							"vector": [-2.60784, -0.22598, 8.98663]
						},
						"0.35": {
							"vector": [-16.1194, -7.27246, -2.35306]
						},
						"0.4": {
							"vector": [-11.33358, -8.02545, -3.86365]
						},
						"0.525": {
							"vector": [-6.29, -3.68, 3.91],
							"easing": "easeOutSine"
						},
						"0.65": {
							"vector": [-9.62, -3.61, 4.3],
							"easing": "easeInSine"
						},
						"0.8": {
							"vector": [-13.43, -4.31, 0.13]
						},
						"0.875": {
							"vector": [-15.43, -4.31, 0.13]
						},
						"1.15": {
							"vector": [-16.17216, -12.67037, 8.33564],
							"easing": "easeInSine"
						},
						"1.425": {
							"vector": [-20.10542, -32.32981, 1.95853],
							"easing": "easeInElastic"
						},
						"1.5": {
							"vector": [-20.11, -32.33, 1.96]
						},
						"1.75": {
							"vector": [-20.11, -32.33, 1.96]
						}
					},
					"position": {
						"0.0": {
							"vector": [0, 0, 0]
						},
						"0.1": {
							"vector": [0, -0.31, 0]
						},
						"0.275": {
							"vector": [0, -0.35, 0]
						},
						"0.35": {
							"vector": [0, 0.54, 2.4],
							"easing": "easeInElastic"
						},
						"0.4": {
							"vector": [0, 0.18, 0.53]
						},
						"0.575": {
							"vector": [0, 0.38, 0.47]
						},
						"0.775": {
							"vector": [0, 0.58, 0.85]
						},
						"0.825": {
							"vector": [0, -1.07, -0.15]
						},
						"0.875": {
							"vector": [0, -1.11, 0.28]
						},
						"1.0": {
							"vector": [0, 0.53, 1.35],
							"easing": "easeInSine"
						},
						"1.125": {
							"vector": [1.2, -0.23, 1.23]
						},
						"1.35": {
							"vector": [2, -0.37, 1.65]
						},
						"1.5": {
							"vector": [2, -0.37, 1.65]
						},
						"1.75": {
							"vector": [2, -0.37, 1.65]
						}
					}
				},
				"Righthand": {
					"rotation": {
						"0.1": {
							"vector": [0, 0, 0]
						},
						"0.225": {
							"vector": [-2.9488, -16.4714, -3.30226],
							"easing": "linear"
						},
						"0.3": {
							"vector": [2.2136, -15.2688, 0.47749],
							"easing": "easeInSine"
						},
						"0.4": {
							"vector": [2.3634, -22.7464, -2.37175],
							"easing": "easeInSine"
						},
						"0.45": {
							"vector": [38.0018, -36.4054, 12.11123]
						},
						"0.5": {
							"vector": [25.1448, -27.4279, 31.71508]
						},
						"0.575": {
							"vector": [18.82094, -24.48319, 18.52846]
						},
						"0.625": {
							"vector": [25.84746, -21.85503, 10.50555]
						},
						"0.7": {
							"vector": [25.94083, -6.36587, 26.68858]
						},
						"0.85": {
							"vector": [4.30902, 8.87104, 12.5228],
							"easing": "easeInQuad"
						},
						"0.9": {
							"vector": [4.72212, 6.23317, 19.28723],
							"easing": "easeInQuad"
						},
						"0.95": {
							"vector": [4.72212, 6.23317, 19.28723],
							"easing": "easeInQuad"
						},
						"1.025": {
							"vector": [6.72212, 6.23317, 19.28723],
							"easing": "easeInQuad"
						},
						"1.15": {
							"vector": [16.7136, -15.2688, 0.47749],
							"easing": "easeInSine"
						},
						"1.275": {
							"vector": [15.8785, -7.8171, -10.21497],
							"easing": "easeInSine"
						},
						"1.5": {
							"vector": [11.3392, -11.1045, 14.57372],
							"easing": "easeInElastic"
						}
					},
					"position": {
						"0.1": {
							"vector": [0, 0, 0]
						},
						"0.225": {
							"vector": [1.3, 1.26484, -4.67734],
							"easing": "linear"
						},
						"0.3": {
							"vector": [0.69956, 3.29369, -3.69314],
							"easing": "easeInSine"
						},
						"0.4": {
							"vector": [0.69956, 3.29369, 0.30686],
							"easing": "easeInSine"
						},
						"0.45": {
							"vector": [-0.98, 0.35, -0.1]
						},
						"0.5": {
							"vector": [-3.40606, 4.12321, -3.59756]
						},
						"0.575": {
							"vector": [-2.78, 3.89, -3.85]
						},
						"0.625": {
							"vector": [-2.76403, 3.42806, -4.46153]
						},
						"0.7": {
							"vector": [-4.08, 3.6, -6.11]
						},
						"0.85": {
							"vector": [-3.68051, 2.62253, -7.83422],
							"easing": "easeInQuad"
						},
						"0.9": {
							"vector": [-3.18051, 2.62253, -7.83422],
							"easing": "easeInQuad"
						},
						"0.95": {
							"vector": [-3.18051, 2.62253, -7.83422],
							"easing": "easeInQuad"
						},
						"1.025": {
							"vector": [-3.68051, 2.62253, -7.83422],
							"easing": "easeInQuad"
						},
						"1.15": {
							"vector": [1.49956, -3.30631, -2.39314],
							"easing": "easeInSine"
						},
						"1.275": {
							"vector": [-0.30044, -2.40631, -3.39314],
							"easing": "easeInSine"
						},
						"1.5": {
							"vector": [-1.06957, 1.32253, -8.23422],
							"easing": "easeInElastic"
						}
					}
				},
				"bolt": {
					"position": {
						"0.1": {
							"vector": [0, 0, 0]
						},
						"0.225": {
							"vector": [0, 0, 0]
						},
						"0.3": {
							"vector": [0, 0, 0],
							"easing": "easeInSine"
						},
						"0.375": {
							"vector": [0, 0, 4.14453],
							"easing": "easeInSine"
						}
					}
				},
				"ammo": {
					"rotation": {
						"0.3": {
							"vector": [0, 0, 0]
						},
						"0.375": {
							"vector": [0, 0, 0]
						},
						"0.6": {
							"vector": [-108.98717, 61.6165, -62.11197]
						},
						"0.7": {
							"vector": [-45.28439, 5.25856, 31.27103]
						},
						"0.85": {
							"vector": [0, -23, 0],
							"easing": "easeInQuad"
						},
						"0.9": {
							"vector": [0, 0, 0],
							"easing": "easeInQuad"
						},
						"1.275": {
							"vector": [0.07062, -1.24233, -8.0207]
						},
						"1.375": {
							"vector": [-18.00325, -15.57543, -0.52037]
						},
						"1.5": {
							"vector": [-20.22911, -10.71813, 5.1491]
						}
					},
					"position": {
						"0.3": {
							"vector": [0, 0, 0]
						},
						"0.375": {
							"vector": [0, 0.3, 4.14453],
							"easing": "easeInSine"
						},
						"0.425": {
							"vector": [-1.3, 1.48, 5.16828]
						},
						"0.5": {
							"vector": [-2.75, 2.5, 6.14]
						},
						"0.55": {
							"vector": [-4.19, 3.94, 7.83]
						},
						"0.625": {
							"vector": [-4.58, 4.33, 8.22]
						},
						"0.65": {
							"vector": [-3.58625, 4.58484, 7.18766]
						},
						"0.7": {
							"vector": [-1.14, 3.7, 7.09]
						},
						"0.775": {
							"vector": [-1.23469, 2.85, 5.82594]
						},
						"0.85": {
							"vector": [-0.3, 0.3, 3.69453],
							"easing": "easeInQuad"
						},
						"0.9": {
							"vector": [0, 0.3, 3.69453],
							"easing": "easeInQuad"
						},
						"0.95": {
							"vector": [0, -0.45, 3.94]
						},
						"1.275": {
							"vector": [-2.92, -1.52, 9.46]
						},
						"1.375": {
							"vector": [-1.08172, 0.25031, 4.27953]
						},
						"1.425": {
							"vector": [-0.86906, 0.395, 3.65719]
						},
						"1.5": {
							"vector": [-0.92, 0.28, 3.96]
						}
					},
					"scale": {
						"0.95": {
							"vector": [1, 1, 1]
						},
						"0.975": {
							"vector": [0, 0, 0]
						},
						"1.275": {
							"vector": [0, 0, 0]
						},
						"1.3": {
							"vector": [1, 1, 1]
						}
					}
				},
				"shell": {
					"scale": {
						"vector": [0, 0, 0]
					}
				},
				"bolt_rot": {
					"rotation": {
						"0.1": {
							"vector": [0, 0, 0]
						},
						"0.225": {
							"vector": [0, 0, 0]
						},
						"0.3": {
							"vector": [0, 0, 90],
							"easing": "easeInSine"
						}
					}
				},
				"camera": {
					"rotation": {
						"0.0": {
							"vector": [0, 0, 0]
						},
						"0.225": {
							"vector": [1, 0, -1],
							"easing": "easeInElastic"
						},
						"0.325": {
							"vector": [1.5, 1.5, -1.5]
						},
						"0.425": {
							"vector": [-0.5, -1.5, 2]
						},
						"0.525": {
							"vector": [0.5, 0.75, -0.5]
						},
						"0.75": {
							"vector": [-0.25, -0.19, 0.03],
							"easing": "easeInSine"
						},
						"0.825": {
							"vector": [2, 0.16, 2]
						},
						"0.925": {
							"vector": [-1, 0.16, -1]
						},
						"1.2": {
							"vector": [1.25, 0.16, 1.25]
						},
						"1.5": {
							"vector": [0.03, 0.16, -0.17]
						}
					}
				}
			}
		},
		"animation.mosin_nagant.prepare_empty": {
			"loop": "hold_on_last_frame",
			"animation_length": 1,
			"override_previous_animation": true,
			"bones": {
				"0": {
					"rotation": {
						"0.0": {
							"vector": [0, 0, 0]
						},
						"0.05": {
							"vector": [0.6675, 0, 1.8325]
						},
						"0.2": {
							"vector": [0.17, 0, 7.33]
						},
						"0.275": {
							"vector": [-2.60784, -0.22598, 8.98663]
						},
						"0.35": {
							"vector": [-16.1194, -7.27246, -2.35306]
						},
						"0.4": {
							"vector": [-17.33358, -15.02545, 9.13635]
						},
						"0.775": {
							"vector": [-20.11, -32.33, 1.96],
							"easing": "easeInElastic"
						}
					},
					"position": {
						"0.0": {
							"vector": [0, 0, 0]
						},
						"0.1": {
							"vector": [0, -0.31, 0]
						},
						"0.275": {
							"vector": [0, -0.35, 0]
						},
						"0.35": {
							"vector": [0, 0.54, 2.4],
							"easing": "easeInElastic"
						},
						"0.4": {
							"vector": [0, 0.18, 0.53]
						},
						"0.65": {
							"vector": [2, -0.37, 1.65],
							"easing": "easeInElastic"
						}
					}
				},
				"Righthand": {
					"rotation": {
						"0.1": {
							"vector": [0, 0, 0]
						},
						"0.225": {
							"vector": [-2.9488, -16.4714, -3.30226],
							"easing": "linear"
						},
						"0.3": {
							"vector": [2.2136, -15.2688, 0.47749],
							"easing": "easeInSine"
						},
						"0.4": {
							"vector": [2.3634, -22.7464, -2.37175],
							"easing": "easeInSine"
						},
						"0.775": {
							"vector": [11.3392, -11.1045, 14.57372],
							"easing": "easeInElastic"
						}
					},
					"position": {
						"0.1": {
							"vector": [0, 0, 0]
						},
						"0.225": {
							"vector": [1.3, 1.26484, -4.67734],
							"easing": "linear"
						},
						"0.3": {
							"vector": [0.69956, 3.29369, -3.69314],
							"easing": "easeInSine"
						},
						"0.4": {
							"vector": [0.69956, 3.29369, 0.30686],
							"easing": "easeInSine"
						},
						"0.775": {
							"vector": [-1.06957, 1.32253, -8.23422],
							"easing": "easeInElastic"
						}
					}
				},
				"bolt": {
					"position": {
						"0.1": {
							"vector": [0, 0, 0]
						},
						"0.225": {
							"vector": [0, 0, 0]
						},
						"0.3": {
							"vector": [0, 0, 0],
							"easing": "easeInSine"
						},
						"0.375": {
							"vector": [0, 0, 4.14453],
							"easing": "easeInSine"
						}
					}
				},
				"shell": {
					"rotation": {
						"0.275": {
							"vector": [0, 0, 0]
						},
						"0.375": {
							"vector": [-21.80427, 22.90431, 1.23855],
							"easing": "easeInBack"
						},
						"0.575": {
							"vector": [-389.3982, 25.79361, -8.76505],
							"easing": "linear"
						},
						"0.675": {
							"vector": [0, 0, 0]
						}
					},
					"position": {
						"0.275": {
							"vector": [0, 0, 0]
						},
						"0.375": {
							"vector": [0, 0.3, 4.14453],
							"easing": "easeInSine"
						},
						"0.425": {
							"vector": [-1.62789, 2.65375, 5.1458]
						},
						"0.475": {
							"vector": [-3.76671, 4.72347, 6.42044]
						},
						"0.525": {
							"vector": [-6.27013, 5.82249, 7.94233]
						},
						"0.55": {
							"vector": [-7.99223, 6.0029, 9.90675]
						},
						"0.575": {
							"vector": [-9.37779, 5.92917, 11.63071]
						},
						"0.675": {
							"vector": [-13.8, 10.2, 2070.44]
						},
						"0.775": {
							"vector": [0, 0, 0]
						}
					}
				},
				"bolt_rot": {
					"rotation": {
						"0.1": {
							"vector": [0, 0, 0]
						},
						"0.225": {
							"vector": [0, 0, 0]
						},
						"0.3": {
							"vector": [0, 0, 90],
							"easing": "easeInSine"
						}
					}
				},
				"camera": {
					"rotation": {
						"0.0": {
							"vector": [0, 0, 0]
						},
						"0.225": {
							"vector": [1, 0, -1],
							"easing": "easeInElastic"
						},
						"0.325": {
							"vector": [1.5, 1.5, -1.5]
						},
						"0.425": {
							"vector": [-0.5, -1.5, 2]
						},
						"0.525": {
							"vector": [0.5, 0.75, -0.5]
						},
						"0.75": {
							"vector": [0.03, 0.16, -0.17]
						}
					}
				}
			}
		},
		"animation.mosin_nagant.iterativeload": {
			"loop": true,
			"animation_length": 0.75,
			"override_previous_animation": true,
			"bones": {
				"0": {
					"rotation": {
						"0.0": {
							"vector": [-20.11, -32.33, 1.96]
						},
						"0.15": {
							"vector": [-17.65307, -33.62522, -2.55191]
						},
						"0.225": {
							"vector": [-23.65307, -33.62522, -2.55191]
						},
						"0.35": {
							"vector": [-14.65307, -33.62522, -2.55191]
						},
						"0.5": {
							"vector": [-20.11, -32.33, 1.96]
						},
						"0.675": {
							"vector": [-20.11, -32.33, 1.96]
						}
					},
					"position": {
						"0.0": {
							"vector": [2, -0.37, 1.65]
						},
						"0.15": {
							"vector": [1.88672, -0.37, 1.65]
						},
						"0.225": {
							"vector": [1.62295, -1.31455, 2.07423]
						},
						"0.35": {
							"vector": [1.89, -0.27, 1.65]
						},
						"0.5": {
							"vector": [2, -0.37, 1.65]
						},
						"0.675": {
							"vector": [2, -0.37, 1.65]
						}
					}
				},
				"Righthand": {
					"rotation": {
						"0.0": {
							"vector": [11.3392, -11.1045, 14.57372],
							"easing": "easeInElastic"
						},
						"0.15": {
							"vector": [12.8146, -23.6175, 36.26634],
							"easing": "easeInElastic"
						},
						"0.2": {
							"vector": [12.81, -23.62, 36.27]
						},
						"0.275": {
							"vector": [12.4993, -24.9158, 38.43047]
						},
						"0.35": {
							"vector": [12.81, -23.62, 36.27]
						},
						"0.5": {
							"vector": [11.3392, -11.1045, 14.57372],
							"easing": "easeInElastic"
						}
					},
					"position": {
						"0.0": {
							"vector": [-1.06957, 1.32253, -8.23422],
							"easing": "easeInElastic"
						},
						"0.075": {
							"vector": [-1.62035, 1.82253, -8.23422],
							"easing": "linear"
						},
						"0.15": {
							"vector": [-1.1266, 1.57253, -7.83422],
							"easing": "linear"
						},
						"0.2": {
							"vector": [-1.17, 1.07, -7.83]
						},
						"0.275": {
							"vector": [-1.22469, 0.90594, -7.83]
						},
						"0.35": {
							"vector": [-1.17, 1.07, -7.83]
						},
						"0.45": {
							"vector": [-1.06957, 1.32253, -8.23422],
							"easing": "easeInElastic"
						},
						"0.5": {
							"vector": [-1.06957, 1.32253, -8.23422],
							"easing": "easeInElastic"
						}
					}
				},
				"bolt": {
					"position": {
						"vector": [0, 0, 4.14]
					}
				},
				"ammo": {
					"rotation": {
						"0.0": {
							"vector": [-20.22911, -10.71813, 5.1491]
						},
						"0.1": {
							"vector": [-10.13568, 4.72758, 1.69494]
						},
						"0.15": {
							"vector": [0, 0, 0]
						},
						"0.225": {
							"vector": [-8.67, -4.59, 2.21]
						},
						"0.3": {
							"vector": [-8.67, -4.59, 2.21]
						},
						"0.325": {
							"vector": [-20.22911, -10.71813, 5.1491]
						},
						"0.4": {
							"vector": [-30.22911, -10.71813, 5.1491]
						},
						"0.5": {
							"vector": [-20.22911, -10.71813, 5.1491]
						}
					},
					"position": {
						"0.0": {
							"vector": [-0.92, 0.28, 3.96]
						},
						"0.1": {
							"vector": [-0.23897, -0.05511, 3.31474]
						},
						"0.15": {
							"vector": [-0.12, -0.27, 3.71]
						},
						"0.225": {
							"vector": [-0.12, -0.77, 3.96]
						},
						"0.3": {
							"vector": [-0.12, -0.77, 3.96]
						},
						"0.325": {
							"vector": [-0.92, 0.28, 3.96]
						},
						"0.4": {
							"vector": [-1.32, -0.02, 4.06]
						},
						"0.5": {
							"vector": [-0.92, 0.28, 3.96]
						}
					},
					"scale": {
						"0.2": {
							"vector": [1, 1, 1]
						},
						"0.225": {
							"vector": [0, 0, 0]
						},
						"0.375": {
							"vector": [0, 0, 0]
						},
						"0.4": {
							"vector": [1, 1, 1]
						}
					}
				},
				"shell": {
					"scale": {
						"vector": [0, 0, 0]
					}
				},
				"bolt_rot": {
					"rotation": {
						"vector": [0, 0, 90]
					}
				},
				"bone26": {
					"position": {
						"0.075": {
							"vector": [0, 0, 0]
						},
						"0.15": {
							"vector": [0, -0.54453, 0],
							"easing": "linear"
						},
						"0.3": {
							"vector": [0, -0.54453, 0]
						},
						"0.375": {
							"vector": [0, -0.14453, 0],
							"easing": "easeInElastic"
						},
						"0.4": {
							"vector": [0, 0, 0]
						}
					}
				},
				"camera": {
					"rotation": {
						"0.0": {
							"vector": [0.03, 0.16, -0.17]
						},
						"0.1": {
							"vector": [0, 0, -1]
						},
						"0.225": {
							"vector": [0, 0, 0.5]
						},
						"0.3": {
							"vector": [0, 1, -1]
						},
						"0.35": {
							"vector": [0, -0.75, 0.75]
						},
						"0.475": {
							"vector": [0, 0, 0]
						}
					}
				}
			},
			"sound_effects": {
				"0.0": {
					"effect": "k98_loop"
				}
			}
		},
		"animation.mosin_nagant.iterativeload2": {
			"loop": true,
			"animation_length": 0.75,
			"override_previous_animation": true,
			"bones": {
				"0": {
					"rotation": {
						"0.0": {
							"vector": [-20.11, -32.33, 1.96]
						},
						"0.15": {
							"vector": [-17.65307, -33.62522, -2.55191]
						},
						"0.225": {
							"vector": [-23.65307, -33.62522, -2.55191]
						},
						"0.35": {
							"vector": [-14.65307, -33.62522, -2.55191]
						},
						"0.5": {
							"vector": [-20.11, -32.33, 1.96]
						},
						"0.675": {
							"vector": [-20.11, -32.33, 1.96]
						}
					},
					"position": {
						"0.0": {
							"vector": [2, -0.37, 1.65]
						},
						"0.15": {
							"vector": [1.88672, -0.37, 1.65]
						},
						"0.225": {
							"vector": [1.62295, -1.31455, 2.07423]
						},
						"0.35": {
							"vector": [1.89, -0.27, 1.65]
						},
						"0.5": {
							"vector": [2, -0.37, 1.65]
						},
						"0.675": {
							"vector": [2, -0.37, 1.65]
						}
					}
				},
				"Righthand": {
					"rotation": {
						"0.0": {
							"vector": [11.3392, -11.1045, 14.57372],
							"easing": "easeInElastic"
						},
						"0.15": {
							"vector": [12.8146, -23.6175, 36.26634],
							"easing": "easeInElastic"
						},
						"0.2": {
							"vector": [12.81, -23.62, 36.27]
						},
						"0.275": {
							"vector": [12.4993, -24.9158, 38.43047]
						},
						"0.35": {
							"vector": [12.81, -23.62, 36.27]
						},
						"0.5": {
							"vector": [11.3392, -11.1045, 14.57372],
							"easing": "easeInElastic"
						}
					},
					"position": {
						"0.0": {
							"vector": [-1.06957, 1.32253, -8.23422],
							"easing": "easeInElastic"
						},
						"0.075": {
							"vector": [-1.62035, 1.82253, -8.23422],
							"easing": "linear"
						},
						"0.15": {
							"vector": [-1.1266, 1.57253, -7.83422],
							"easing": "linear"
						},
						"0.2": {
							"vector": [-1.17, 1.07, -7.83]
						},
						"0.275": {
							"vector": [-1.22469, 0.90594, -7.83]
						},
						"0.35": {
							"vector": [-1.17, 1.07, -7.83]
						},
						"0.45": {
							"vector": [-1.06957, 1.32253, -8.23422],
							"easing": "easeInElastic"
						},
						"0.5": {
							"vector": [-1.06957, 1.32253, -8.23422],
							"easing": "easeInElastic"
						}
					}
				},
				"bolt": {
					"position": {
						"vector": [0, 0, 4.14]
					}
				},
				"ammo": {
					"rotation": {
						"0.0": {
							"vector": [-20.22911, -10.71813, 5.1491]
						},
						"0.1": {
							"vector": [-10.13568, 4.72758, 1.69494]
						},
						"0.15": {
							"vector": [0, 0, 0]
						},
						"0.225": {
							"vector": [-8.67, -4.59, 2.21]
						},
						"0.3": {
							"vector": [-8.67, -4.59, 2.21]
						},
						"0.325": {
							"vector": [-20.22911, -10.71813, 5.1491]
						},
						"0.4": {
							"vector": [-30.22911, -10.71813, 5.1491]
						},
						"0.5": {
							"vector": [-20.22911, -10.71813, 5.1491]
						}
					},
					"position": {
						"0.0": {
							"vector": [-0.92, 0.28, 3.96]
						},
						"0.1": {
							"vector": [-0.23897, -0.05511, 3.31474]
						},
						"0.15": {
							"vector": [-0.12, -0.27, 3.71]
						},
						"0.225": {
							"vector": [-0.12, -0.77, 3.96]
						},
						"0.3": {
							"vector": [-0.12, -0.77, 3.96]
						},
						"0.325": {
							"vector": [-0.92, 0.28, 3.96]
						},
						"0.4": {
							"vector": [-1.32, -0.02, 4.06]
						},
						"0.5": {
							"vector": [-0.92, 0.28, 3.96]
						}
					},
					"scale": {
						"0.2": {
							"vector": [1, 1, 1]
						},
						"0.225": {
							"vector": [0, 0, 0]
						},
						"0.375": {
							"vector": [0, 0, 0]
						},
						"0.4": {
							"vector": [1, 1, 1]
						}
					}
				},
				"shell": {
					"scale": {
						"vector": [0, 0, 0]
					}
				},
				"bolt_rot": {
					"rotation": {
						"vector": [0, 0, 90]
					}
				},
				"bone26": {
					"position": {
						"0.075": {
							"vector": [0, 0, 0]
						},
						"0.15": {
							"vector": [0, -0.54453, 0],
							"easing": "linear"
						},
						"0.3": {
							"vector": [0, -0.54453, 0]
						},
						"0.375": {
							"vector": [0, -0.14453, 0],
							"easing": "easeInElastic"
						},
						"0.4": {
							"vector": [0, 0, 0]
						}
					}
				},
				"camera": {
					"rotation": {
						"0.0": {
							"vector": [0.03, 0.16, -0.17]
						},
						"0.1": {
							"vector": [0, 0, -1]
						},
						"0.225": {
							"vector": [0, 0, 0.5]
						},
						"0.3": {
							"vector": [0, 1, -1]
						},
						"0.35": {
							"vector": [0, -0.75, 0.75]
						},
						"0.475": {
							"vector": [0, 0, 0]
						}
					}
				}
			},
			"sound_effects": {
				"0.0": {
					"effect": "k98_loop"
				}
			}
		},
		"animation.mosin_nagant.finish": {
			"loop": "hold_on_last_frame",
			"animation_length": 1.25,
			"override_previous_animation": true,
			"bones": {
				"0": {
					"rotation": {
						"0.0": {
							"vector": [-20.11, -32.33, 1.96]
						},
						"0.25": {
							"vector": [-11.06156, -7.90505, -5.20746],
							"easing": "easeInElastic"
						},
						"0.325": {
							"vector": [-7.91546, -2.56113, 3.10524]
						},
						"0.4": {
							"vector": [-4.28584, -0.72151, 15.98028]
						},
						"0.5": {
							"vector": [-3.53759, -2.52618, -9.9687]
						},
						"0.6": {
							"vector": [-2.9219, -0.874, 0.01745]
						},
						"0.7": {
							"vector": [0.80131, -0.874, -2.9857]
						},
						"0.85": {
							"vector": [0, 0, 0]
						},
						"1.125": {
							"vector": [0, 0, 0]
						}
					},
					"position": {
						"0.0": {
							"vector": [2, -0.37, 1.65]
						},
						"0.25": {
							"vector": [-0.01, 0.36, -0.61]
						},
						"0.35": {
							"vector": [0.2, 0.32, -2.7]
						},
						"0.425": {
							"vector": [0.1, 0.16, -0.88]
						},
						"0.5": {
							"vector": [0, 0, -0.55]
						},
						"0.7": {
							"vector": [0, 0, 0.93]
						},
						"0.85": {
							"vector": [0, 0, 0]
						},
						"1.125": {
							"vector": [0, 0, 0]
						}
					}
				},
				"Righthand": {
					"rotation": {
						"0.0": {
							"vector": [11.3392, -11.1045, 14.57372],
							"easing": "easeInElastic"
						},
						"0.125": {
							"vector": [-0.3336, -12.3241, 10.44503]
						},
						"0.25": {
							"vector": [2.2136, -15.2688, 0.47749],
							"easing": "easeInSine"
						},
						"0.35": {
							"vector": [2.2136, -15.2688, 0.47749],
							"easing": "easeInSine"
						},
						"0.45": {
							"vector": [-2.9488, -16.4714, -3.30226],
							"easing": "linear"
						},
						"0.65": {
							"vector": [0, 0, 0]
						}
					},
					"position": {
						"0.0": {
							"vector": [-1.06957, 1.32253, -8.23422],
							"easing": "easeInElastic"
						},
						"0.125": {
							"vector": [-0.7133, 1.22571, -4.51558]
						},
						"0.25": {
							"vector": [0.69956, 3.29369, 0.30686],
							"easing": "easeInSine"
						},
						"0.35": {
							"vector": [0.69956, 3.29369, -3.69314],
							"easing": "easeInSine"
						},
						"0.45": {
							"vector": [1.3, 1.26484, -4.67734],
							"easing": "linear"
						},
						"0.65": {
							"vector": [0, 0, 0]
						}
					}
				},
				"bolt": {
					"position": {
						"0.0": {
							"vector": [0, 0, 4.14]
						},
						"0.25": {
							"vector": [0, 0, 4.14453],
							"easing": "easeInSine"
						},
						"0.35": {
							"vector": [0, 0, 0],
							"easing": "easeInSine"
						},
						"0.45": {
							"vector": [0, 0, 0],
							"easing": "easeInSine"
						}
					}
				},
				"ammo": {
					"rotation": {
						"0.0": {
							"vector": [-20.22911, -10.71813, 5.1491]
						},
						"0.075": {
							"vector": [-18.14, -9.61, 4.62]
						},
						"0.55": {
							"vector": [-18.14, -9.61, 4.62]
						},
						"0.575": {
							"vector": [0, 0, 0]
						}
					},
					"position": {
						"0.0": {
							"vector": [-0.92, 0.28, 3.96]
						},
						"0.075": {
							"vector": [-1.47716, -0.77235, 6.80621]
						},
						"0.55": {
							"vector": [-1.47716, -0.77235, 6.80621]
						},
						"0.575": {
							"vector": [0, 0, 0]
						}
					},
					"scale": {
						"0.125": {
							"vector": [1, 1, 1]
						},
						"0.15": {
							"vector": [0, 0, 0]
						},
						"0.65": {
							"vector": [0, 0, 0]
						},
						"0.675": {
							"vector": [1, 1, 1]
						}
					}
				},
				"shell": {
					"scale": {
						"vector": [0, 0, 0]
					}
				},
				"bolt_rot": {
					"rotation": {
						"0.0": {
							"vector": [0, 0, 90]
						},
						"0.35": {
							"vector": [0, 0, 90],
							"easing": "easeInSine"
						},
						"0.45": {
							"vector": [0, 0, 0]
						}
					}
				},
				"roll": {
					"rotation": {
						"0.0": {
							"vector": [0, 0, 0]
						},
						"0.475": {
							"vector": [-6.07536, -11.06435, 7.03186]
						},
						"0.6": {
							"vector": [-8.16028, -13.70018, 11.44018]
						},
						"0.75": {
							"vector": [-4.37187, -9.4803, 1.43487]
						},
						"0.875": {
							"vector": [0, 0, 0],
							"easing": "easeInSine"
						}
					},
					"position": {
						"0.0": {
							"vector": [0, 0, 0]
						},
						"0.225": {
							"vector": [1.47179, -0.241, 0.07788]
						},
						"0.475": {
							"vector": [0.16932, -0.34249, -0.09699]
						},
						"0.6": {
							"vector": [0.88064, -0.18078, 0.04242]
						},
						"0.875": {
							"vector": [0, 0, 0],
							"easing": "easeInSine"
						}
					}
				},
				"camera": {
					"rotation": {
						"0.0": {
							"vector": [0.03, 0.16, -0.17]
						},
						"0.275": {
							"vector": [0.14, -0.65, -0.21],
							"easing": "easeOutSine"
						},
						"0.35": {
							"vector": [1, 0, 1],
							"easing": "easeInElastic"
						},
						"0.45": {
							"vector": [1.5, -1.5, 1.5]
						},
						"0.55": {
							"vector": [-0.5, 0.5, -1.5]
						},
						"0.65": {
							"vector": [0.5, -0.75, 0.38]
						},
						"0.9": {
							"vector": [0, 0, 0]
						}
					}
				}
			}
		}
	},
	"geckolib_format_version": 2
}