{
	"format_version": "1.8.0",
	"animations": {
		"animation.qbz_95.idle": {
			"animation_length": 0.5
		},
		"animation.qbz_95.idle_grip": {
			"animation_length": 0.5,
			"bones": {
				"Lefthand": {
					"rotation": [-13.18421, -5.57139, 4.84625],
					"position": [0, 0, -0.6]
				}
			}
		},
		"animation.qbz_95.edit": {
			"loop": "hold_on_last_frame",
			"animation_length": 0.4083,
			"bones": {
				"0": {
					"rotation": {
						"0.0": {
							"post": [0, 0, 0],
							"lerp_mode": "catmullrom"
						},
						"0.0667": {
							"post": [-13.37397, -18.59699, -1.83212],
							"lerp_mode": "catmullrom"
						},
						"0.15": {
							"post": [-17.77391, -60.1281, -10.99134],
							"lerp_mode": "catmullrom"
						},
						"0.3": {
							"post": [4.29, -70.22, -13.22],
							"lerp_mode": "catmullrom"
						},
						"0.3583": {
							"post": [2.28664, -70.21598, -13.21611],
							"lerp_mode": "catmullrom"
						},
						"0.4083": {
							"post": [2.18, -70.22, -13.22],
							"lerp_mode": "catmullrom"
						}
					},
					"position": {
						"0.0": {
							"post": [0, 0, 0],
							"lerp_mode": "catmullrom"
						},
						"0.0583": {
							"post": [1.22297, 0.37811, -1.26375],
							"lerp_mode": "catmullrom"
						},
						"0.1167": {
							"post": [0.12132, 1.14111, -1.71705],
							"lerp_mode": "catmullrom"
						},
						"0.3": {
							"post": [6.64002, 4.53958, -4.07823],
							"lerp_mode": "catmullrom"
						},
						"0.3583": {
							"post": [5.42378, 4.29346, -4.09756],
							"lerp_mode": "catmullrom"
						},
						"0.4083": {
							"post": [5.95, 4.4, -4.09],
							"lerp_mode": "catmullrom"
						}
					}
				},
				"Lefthand": {
					"rotation": ["easeInElastic", "easeInElastic", "easeInElastic"],
					"position": ["easeInElastic", "easeInElastic", "easeInElastic"],
					"scale": 0
				},
				"Righthand": {
					"rotation": ["easeInElastic", "easeInElastic", "easeInElastic"],
					"position": ["easeInElastic", "easeInElastic", "easeInElastic"],
					"scale": 0
				}
			}
		},
		"animation.qbz_95.run": {
			"loop": true,
			"animation_length": 0.8,
			"bones": {
				"0": {
					"rotation": {
						"0.0": {
							"post": [-22.82442, -57.81517, 38.62375],
							"lerp_mode": "catmullrom"
						},
						"0.2": {
							"post": [-27.91813, -59.70206, 39.90277],
							"lerp_mode": "catmullrom"
						},
						"0.4": {
							"post": [-22.82442, -57.81517, 38.62375],
							"lerp_mode": "catmullrom"
						},
						"0.6": {
							"post": [-18.26438, -55.84891, 37.9548],
							"lerp_mode": "catmullrom"
						},
						"0.8": {
							"post": [-22.82442, -57.81517, 38.62375],
							"lerp_mode": "catmullrom"
						}
					},
					"position": {
						"0.0": {
							"post": [10.5, -2.25, 2],
							"lerp_mode": "catmullrom"
						},
						"0.2": {
							"post": [6.75, -0.75, 2],
							"lerp_mode": "catmullrom"
						},
						"0.4": {
							"post": [3.5, -2.25, 2],
							"lerp_mode": "catmullrom"
						},
						"0.6": {
							"post": [6.75, -0.75, 2],
							"lerp_mode": "catmullrom"
						},
						"0.8": {
							"post": [10.5, -2.25, 2],
							"lerp_mode": "catmullrom"
						}
					}
				},
				"camera": {
					"rotation": {
						"0.0": [-0.3, -0.3, 0.3],
						"0.2": [0.3, 0, -0.3],
						"0.4": [-0.3, 0.3, 0.3],
						"0.6": [0.3, 0, -0.3],
						"0.8": [-0.3, -0.3, 0.3]
					}
				}
			}
		},
		"animation.qbz_95.run_grip": {
			"loop": true,
			"animation_length": 0.8,
			"bones": {
				"0": {
					"rotation": {
						"0.0": [-14.82442, -57.81517, 38.62375],
						"0.2": [-19.91813, -59.70206, 39.90277],
						"0.4": [-14.82442, -57.81517, 38.62375],
						"0.6": [-10.26438, -55.84891, 37.9548],
						"0.8": [-14.82442, -57.81517, 38.62375]
					},
					"position": {
						"0.0": [4.5, -3, 0],
						"0.2": [0.75, -1.5, 0],
						"0.4": [-2.5, -3, 0],
						"0.6": [0.75, -1.5, 0],
						"0.8": [4.5, -3, 0]
					}
				},
				"Lefthand": {
					"rotation": [-13.18421, -5.57139, 4.84625],
					"position": [0, 0, -0.6]
				},
				"camera": {
					"rotation": {
						"0.0": [-0.3, -0.3, 0.3],
						"0.2": [0.3, 0, -0.3],
						"0.4": [-0.3, 0.3, 0.3],
						"0.6": [0.3, 0, -0.3],
						"0.8": [-0.3, -0.3, 0.3]
					}
				}
			}
		},
		"animation.qbz_95.run_fast": {
			"loop": true,
			"animation_length": 0.7,
			"bones": {
				"0": {
					"rotation": {
						"0.0": {
							"post": [-71.5441, 21.19359, 4.89071],
							"lerp_mode": "catmullrom"
						},
						"0.175": {
							"post": [-70.25009, 19.57377, 12.8696],
							"lerp_mode": "catmullrom"
						},
						"0.35": {
							"post": [-71.08194, 19.41184, 4.51709],
							"lerp_mode": "catmullrom"
						},
						"0.525": {
							"post": [-72.13904, 19.33922, 0.51567],
							"lerp_mode": "catmullrom"
						},
						"0.7": {
							"post": [-71.72375, 21.2133, 4.79361],
							"lerp_mode": "catmullrom"
						}
					},
					"position": {
						"0.0": {
							"post": [-5.86372, 4.30127, 0.9764],
							"lerp_mode": "catmullrom"
						},
						"0.175": {
							"post": [-7.18, 6.52384, -0.07544],
							"lerp_mode": "catmullrom"
						},
						"0.35": {
							"post": [-8.20607, 4.2688, 0.83533],
							"lerp_mode": "catmullrom"
						},
						"0.525": {
							"post": [-7.28238, 6.47846, -0.06191],
							"lerp_mode": "catmullrom"
						},
						"0.7": {
							"post": [-5.86372, 4.30127, 0.9764],
							"lerp_mode": "catmullrom"
						}
					}
				},
				"Lefthand": {
					"rotation": [-1.41476, -16.33468, -1.66483],
					"position": [6, -13, 49]
				},
				"camera": {
					"rotation": {
						"0.0": [-0.3, -0.3, 0.3],
						"0.175": [0.3, 0, -0.3],
						"0.35": [-0.3, 0.3, 0.3],
						"0.525": [0.3, 0, -0.3],
						"0.7": [-0.3, -0.3, 0.3]
					}
				},
				"Magazine2": {
					"scale": 0
				}
			}
		},
		"animation.qbz_95.reload_empty": {
			"loop": "hold_on_last_frame",
			"animation_length": 4,
			"bones": {
				"0": {
					"rotation": {
						"0.0": {
							"post": [0, 0, 0],
							"lerp_mode": "catmullrom"
						},
						"0.125": {
							"post": [0, 0, -5],
							"lerp_mode": "catmullrom"
						},
						"0.3": {
							"post": [1.85, -4.46, 16.8],
							"lerp_mode": "catmullrom"
						},
						"0.4": {
							"post": [0.01, -4.32, 55.03],
							"lerp_mode": "catmullrom"
						},
						"0.475": {
							"post": [-7.43249, 4.93033, 115.75908],
							"lerp_mode": "catmullrom"
						},
						"0.65": {
							"post": [-4.42017, 3.56885, 118.32323],
							"lerp_mode": "catmullrom"
						},
						"0.7": {
							"post": [-8.92185, -0.12509, 85.48797],
							"lerp_mode": "catmullrom"
						},
						"0.8": {
							"post": [-3.72071, 1.87584, 95.93522],
							"lerp_mode": "catmullrom"
						},
						"1.025": {
							"post": [-4.26391, 4.03625, 101.64],
							"lerp_mode": "catmullrom"
						},
						"1.25": {
							"post": [-4.56, 2.64, 97.64],
							"lerp_mode": "catmullrom"
						},
						"1.525": {
							"post": [-5.13, 2.21, 101.84],
							"lerp_mode": "catmullrom"
						},
						"1.775": {
							"post": [-4.96, 3.04, 115.54],
							"lerp_mode": "catmullrom"
						},
						"1.9": {
							"post": [-2.96, 2.04, 105.54],
							"lerp_mode": "catmullrom"
						},
						"2.0": {
							"post": [-6.96, 5.04, 104.54],
							"lerp_mode": "catmullrom"
						},
						"2.1": {
							"post": [-6.96, 5.04, 109.54],
							"lerp_mode": "catmullrom"
						},
						"2.2": {
							"post": [-6.96, 2.4, 105.14],
							"lerp_mode": "catmullrom"
						},
						"2.3": {
							"post": [-6.97, -0.25, 91.74],
							"lerp_mode": "catmullrom"
						},
						"2.5": {
							"post": [-6.44947, -5.51063, 15.32981],
							"lerp_mode": "catmullrom"
						},
						"2.675": {
							"post": [-2.2536, -5.27517, -7.78388],
							"lerp_mode": "catmullrom"
						},
						"2.775": {
							"post": [1.12706, 0.84816, 4.1119],
							"lerp_mode": "catmullrom"
						},
						"2.925": {
							"post": [-2.81094, 0.99749, 2.65597],
							"lerp_mode": "catmullrom"
						},
						"3.025": {
							"post": [-2.5, 0.78, 3.47094],
							"lerp_mode": "catmullrom"
						},
						"3.125": {
							"post": [1, 0.52, -0.16],
							"lerp_mode": "catmullrom"
						},
						"3.5": {
							"post": [0, 0, 0],
							"lerp_mode": "catmullrom"
						}
					},
					"position": {
						"0.0": {
							"post": [0, 0, 0],
							"lerp_mode": "catmullrom"
						},
						"0.125": {
							"post": [0, 0, 0],
							"lerp_mode": "catmullrom"
						},
						"0.35": {
							"post": [2.78058, 1.07096, -4.01408],
							"lerp_mode": "catmullrom"
						},
						"0.525": {
							"post": [2.28, 2.67, -7.41],
							"lerp_mode": "catmullrom"
						},
						"0.625": {
							"post": [2.78, 3.07, -8.01],
							"lerp_mode": "catmullrom"
						},
						"0.7": {
							"post": [0.60523, 1.38691, -7.40577],
							"lerp_mode": "catmullrom"
						},
						"0.825": {
							"post": [2.83667, 2.7671, -8.01438],
							"lerp_mode": "catmullrom"
						},
						"1.075": {
							"post": [2.92594, 2.79109, -7.71],
							"lerp_mode": "catmullrom"
						},
						"1.25": {
							"post": [2.84, 2.47, -8.01],
							"lerp_mode": "catmullrom"
						},
						"1.65": {
							"post": [2.52, 2.79, -5.78],
							"lerp_mode": "catmullrom"
						},
						"1.775": {
							"post": [3.04266, 2.67, -5.71],
							"lerp_mode": "catmullrom"
						},
						"1.95": {
							"post": [2.42375, 2.75, -5.85797],
							"lerp_mode": "catmullrom"
						},
						"2.025": {
							"post": [4.64, 2.45, -5.69],
							"lerp_mode": "catmullrom"
						},
						"2.175": {
							"post": [2.07, 2.99, -4.86],
							"lerp_mode": "catmullrom"
						},
						"2.45": {
							"post": [0.88, 1.55, -0.27],
							"lerp_mode": "catmullrom"
						},
						"2.8": {
							"post": [0.313, 0.65133, -0.65868],
							"lerp_mode": "catmullrom"
						},
						"2.875": {
							"post": [0.14173, 0.95202, -0.46269],
							"lerp_mode": "catmullrom"
						},
						"2.95": {
							"post": [0.03487, 0.48876, 1.14672],
							"lerp_mode": "catmullrom"
						},
						"3.025": {
							"post": [0.00005, 0.60026, 0.4281],
							"lerp_mode": "catmullrom"
						},
						"3.1": {
							"post": [-0.01, 0.35, 0.21531],
							"lerp_mode": "catmullrom"
						},
						"3.175": {
							"post": [-0.02318, 0.09548, 0.30996],
							"lerp_mode": "catmullrom"
						},
						"3.375": {
							"post": [0.02056, -0.04999, -0.34056],
							"lerp_mode": "catmullrom"
						},
						"3.6": {
							"post": [0, 0, 0],
							"lerp_mode": "catmullrom"
						}
					}
				},
				"switch": {
					"rotation": {
						"0.0": [0, 0, 0],
						"0.525": [0, 0, 0],
						"0.6": [-32, 0, 0],
						"0.775": [-32, 0, 0],
						"0.825": [-32, 0, 0],
						"0.85": [0, 0, 0],
						"1.9": [0, 0, 0],
						"1.95": [-32, 0, 0],
						"2.0": [0, 0, 0]
					}
				},
				"Lefthand": {
					"rotation": {
						"0.05": [0, 0, 0],
						"0.2": [18.5714, -1.44731, 1.36971],
						"0.375": [-41.78328, -27.42102, 58.79961],
						"0.475": [-30.80416, -29.37681, -2.34239],
						"2.3": [-30.80416, -29.37681, -2.34239],
						"2.4": [-3.44526, -4.36132, -32.40015],
						"2.475": [29.81765, 18.64592, -18.63664],
						"2.65": [17.80391, 27.13707, -23.92731],
						"2.8": [15.45707, 35.1867, -31.78836],
						"2.9": [11.3057, 43.4965, -41.3946],
						"2.975": [11.3057, 43.4965, -41.3946],
						"3.05": [7.78, 28.91, -6.67063],
						"3.125": [4.2548, 14.3214, 7.76347],
						"3.2": [-4.46, 4.38, 18.65938],
						"3.275": [0, 0, 0]
					},
					"position": {
						"0.05": [0, 0, 0],
						"0.25": [1.63219, -2.99, -1.7],
						"0.375": [5.00906, 3.19109, 1.92],
						"0.475": [5.19344, 10.98, 1.45328],
						"2.3": [5.19344, 10.98, 1.45328],
						"2.475": [3.36484, 0.61719, 3.09281],
						"2.65": [1.39531, 2, 5.53813],
						"2.8": [1.39531, 2, 5.53813],
						"2.875": [1.4, 2, 7.84484],
						"2.9": [1.39531, 2, 9.47563],
						"2.975": [1.4, 2, 11.38],
						"3.025": [0.32234, -0.56438, 4.78313],
						"3.1": [-0.0425, -0.40891, 1.89],
						"3.175": [-0.07234, 0.24641, 0.82],
						"3.275": [0, 0, 0]
					}
				},
				"bolt": {
					"position": {
						"2.725": [0, 0, 0],
						"2.9": [0, 0, 5],
						"2.975": [0, 0, 5],
						"3.075": [0, 0, 0]
					}
				},
				"magazine": {
					"rotation": {
						"1.275": [0, 0, 0],
						"1.3": [51.3339, 10.34335, -39.92375],
						"1.65": [1.48786, 2.39267, 9.47579],
						"1.75": [-2.99077, 0.23527, 4.49386],
						"1.875": [5.86981, -1.24529, 11.93615],
						"2.0": [0, 0, 0]
					},
					"position": {
						"1.275": [0, 0, 0],
						"1.3": [14.9891, -11.547, 6.75162],
						"1.525": [0.93411, -7.67026, 2.49768],
						"1.65": [-0.19457, -2.67072, 0.40131],
						"1.75": [-0.06894, -1.61355, 0.47448],
						"1.875": [-0.25731, -1.78788, -0.00127],
						"2.0": [0, 0, 0]
					}
				},
				"Righthand": {
					"rotation": {
						"0.0": [0, 0, 0],
						"0.125": [0, 0, 0],
						"0.275": [-6.9813, -32.52193, -10.8036],
						"0.4": [-16.36297, -51.6212, -2.62312],
						"0.65": [-5.12033, -49.48569, -12.57382],
						"0.775": [-69.38127, -37.04828, -34.52237],
						"1.125": [-71.22391, 20.58044, -22.53734],
						"1.3": [-71.22391, 20.58044, -22.53734],
						"1.375": [22.96515, -6.3871, -162.34292],
						"1.65": [22.96515, -6.3871, -162.34292],
						"1.775": [22.96515, -6.3871, -162.34292],
						"1.875": [16.67552, -5.88894, -167.63798],
						"2.0": [16.67552, -5.88894, -167.63798],
						"2.125": [16.67552, -5.88894, -167.63798],
						"2.25": [-10.80257, -28.96602, -138.94904],
						"2.4": [0, 0, 0]
					},
					"position": {
						"0.0": [0, 0, 0],
						"0.125": [0, 0, 0],
						"0.4": [8.16797, 2.97656, 11.71562],
						"0.65": [7.64656, 2.98, 11.18875],
						"0.775": [8.86141, 1.58, 6.08875],
						"1.125": [66.48, 9.42, 0.02],
						"1.275": [72.68, 56.76, 0.02],
						"1.3": [66.48, -139.98, 0.02],
						"1.375": [7.12558, 3.54638, 5.3642],
						"1.65": [7.12558, 3.54638, 5.3642],
						"1.775": [7.12558, 3.54638, 5.3642],
						"1.875": [6.12361, 2.25006, 6.60093],
						"2.0": [6.12361, 2.25006, 6.60093],
						"2.125": [6.12361, 2.25006, 6.60093],
						"2.25": [3.26684, -3.19827, 9.70011],
						"2.4": [0, 0, 0]
					}
				},
				"mag": {
					"rotation": {
						"0.65": [0, 0, 0],
						"0.7": [-25, 0, 0],
						"1.15": [-256.00819, -3.71344, -143.73306],
						"1.275": [-256.00819, -3.71344, -143.73306],
						"1.3": [0, 0, 0],
						"1.475": [0, 0, 18],
						"1.775": [0, 0, 0]
					},
					"position": {
						"0.65": [0, 0, 0],
						"0.7": [-1.55078, -4.64687, -0.74297],
						"0.725": [-0.82257, -6.89965, -1.82136],
						"0.75": [0.51826, -9.28401, -2.86042],
						"0.775": [2.43562, -11.68498, -4.30005],
						"0.8": [4.82656, -13.55702, -5.77914],
						"0.825": [6.7684, -16.5444, -7.30107],
						"0.85": [9.43712, -20.06806, -9.74049],
						"0.875": [13.10814, -23.54047, -12.36781],
						"0.9": [16.66577, -26.29601, -14.39025],
						"0.95": [23.94204, -31.14287, -17.749],
						"1.0": [32.11857, -33.60783, -20.36855],
						"1.05": [39.93212, -35.1373, -22.16521],
						"1.1": [48.26935, -36.53335, -25.06104],
						"1.15": [56.74213, -38.04469, -25.36531],
						"1.275": [56.74213, -38.04469, -25.36531],
						"1.3": [0, 0, 0],
						"1.475": [2.25504, -0.73271, 0],
						"1.775": [0, 0, 0]
					}
				},
				"camera": {
					"rotation": {
						"0.0": [0, 0, 0],
						"0.25": [0.15, -0.1, -1],
						"0.65": [0.75, 0.2, -2],
						"0.775": {
							"pre": [3.75, 2.65, 3.75],
							"post": [3.75, 2.65, 3.75],
							"lerp_mode": "catmullrom"
						},
						"0.85": [2.5, -0.7, -1.5],
						"0.975": [3, 0.7, 1.2],
						"1.1": [2.5, -0.36172, -0.5],
						"1.25": [2.8, 0.3, 0.5],
						"1.4": [2.5, -0.03, 0.78],
						"1.6": [2.7, 0.1, 0.35],
						"1.8": [2.5, -0.65, 0.3],
						"1.975": {
							"pre": [3.25, 1.25, 2.5],
							"post": [3.25, 1.25, 2.5],
							"lerp_mode": "catmullrom"
						},
						"2.05": [2.5, 0, -1.5],
						"2.2": [0.9, -0.5, 0.5],
						"2.4": [1.5, 0, -0.4],
						"2.6": [1.25, -0.3, 0.2],
						"2.825": [0.5, 0.2, -1],
						"2.875": [0.8, -1.2, 1.85],
						"2.975": [-0.3, 0.5, -0.25],
						"3.1": [0.36, 0.16, 0.43],
						"3.25": [-0.2, -0.25, -0.25],
						"3.425": [0, 0, 0]
					}
				},
				"bullet": {
					"position": {
						"0.425": [0, 0, 0],
						"0.45": [0, -1.3107, 0.06869],
						"1.3": [0, -1.3107, 0.06869],
						"1.325": [0, 0, 0]
					}
				},
				"anim": {
					"position": {
						"0.0": [0, 0, 0],
						"2.6": [0, 0, 0],
						"2.625": [0, 0, -10],
						"3.125": [0, 0, -10],
						"3.15": [0, 0, 0]
					}
				}
			},
			"sound_effects": {
				"0.0": {
					"effect": "qbz95_reload_normal"
				}
			}
		},
		"animation.qbz_95.reload_normal": {
			"loop": "hold_on_last_frame",
			"animation_length": 3,
			"bones": {
				"0": {
					"rotation": {
						"0.05": {
							"pre": [0, 0, 0],
							"post": [0, 0, 0],
							"lerp_mode": "catmullrom"
						},
						"0.15": {
							"post": [-2.16828, -1.68859, -9.68],
							"lerp_mode": "catmullrom"
						},
						"0.25": {
							"post": [-3.41586, -0.75486, -15.85957],
							"lerp_mode": "catmullrom"
						},
						"0.375": {
							"post": [-5.17429, 0.02345, -17.51079],
							"lerp_mode": "catmullrom"
						},
						"0.525": {
							"post": [-4.29, 0.24, -17.4],
							"lerp_mode": "catmullrom"
						},
						"0.65": {
							"post": [-3.55515, 0.42598, -20.93226],
							"lerp_mode": "catmullrom"
						},
						"0.75": {
							"post": [-9.56496, -0.61077, -14.1567],
							"lerp_mode": "catmullrom"
						},
						"0.875": {
							"post": [-5.68978, -1.55708, -18.26108],
							"lerp_mode": "catmullrom"
						},
						"1.025": {
							"post": [-6.48, -0.66, -15.87],
							"lerp_mode": "catmullrom"
						},
						"1.225": {
							"post": [-6.33828, -1.64, -16.16],
							"lerp_mode": "catmullrom"
						},
						"1.5": {
							"post": [-6.28, -0.67, -31.86],
							"lerp_mode": "catmullrom"
						},
						"1.65": {
							"post": [-6.24, -0.99, -31.74],
							"lerp_mode": "catmullrom"
						},
						"1.8": {
							"post": [-6.1415, -0.13831, -32.37975],
							"lerp_mode": "catmullrom"
						},
						"1.95": {
							"post": [-6.06402, -0.3229, -31.74539],
							"lerp_mode": "catmullrom"
						},
						"2.05": {
							"post": [-1.96, 0.32734, -32.67],
							"lerp_mode": "catmullrom"
						},
						"2.175": {
							"post": [-0.65, -0.44328, -27.68859],
							"lerp_mode": "catmullrom"
						},
						"2.4": {
							"post": [-0.33656, 0.06, 3.01922],
							"lerp_mode": "catmullrom"
						},
						"2.55": {
							"post": [0.21, 0.305, -0.02125],
							"lerp_mode": "catmullrom"
						},
						"2.65": {
							"post": [0.23344, 0.19, 1.14375],
							"lerp_mode": "catmullrom"
						},
						"2.775": {
							"post": [0, 0, 0],
							"lerp_mode": "catmullrom"
						}
					},
					"position": {
						"0.0": {
							"post": [0, 0, 0],
							"lerp_mode": "catmullrom"
						},
						"0.1": {
							"post": [-0.23391, 0.26031, 0.30313],
							"lerp_mode": "catmullrom"
						},
						"0.225": {
							"post": [0.03019, 0.32885, -1.29522],
							"lerp_mode": "catmullrom"
						},
						"0.3": {
							"post": [0.04, 0.99, -2.11594],
							"lerp_mode": "catmullrom"
						},
						"0.425": {
							"post": [0.04, 0.75, -1.84313],
							"lerp_mode": "catmullrom"
						},
						"0.675": {
							"post": [0.05, 1.18, -2.05],
							"lerp_mode": "catmullrom"
						},
						"0.75": {
							"post": [0.08164, 0.87465, -1.94855],
							"lerp_mode": "catmullrom"
						},
						"0.825": {
							"post": [0.05, 1.2575, -1.83],
							"lerp_mode": "catmullrom"
						},
						"1.05": {
							"post": [0.24, 0.9, -1.92],
							"lerp_mode": "catmullrom"
						},
						"1.175": {
							"post": [0.23, 0.96, -1.4],
							"lerp_mode": "catmullrom"
						},
						"1.3": {
							"post": [0.14, 0.84594, -1.45],
							"lerp_mode": "catmullrom"
						},
						"1.55": {
							"post": [0.12, 0.89, -1.7425],
							"lerp_mode": "catmullrom"
						},
						"1.775": {
							"post": [0.11, 0.93, -1.41],
							"lerp_mode": "catmullrom"
						},
						"1.975": {
							"post": [0.08538, 1.00514, -1.88193],
							"lerp_mode": "catmullrom"
						},
						"2.025": {
							"post": [-0.44, 1.49, -1.52],
							"lerp_mode": "catmullrom"
						},
						"2.075": {
							"post": [-0.02, 0.96, -1.01],
							"lerp_mode": "catmullrom"
						},
						"2.2": {
							"post": [0.38, 0.83, -0.84],
							"lerp_mode": "catmullrom"
						},
						"2.425": {
							"post": [0.04937, 0.37125, -0.98],
							"lerp_mode": "catmullrom"
						},
						"2.5": {
							"post": [-0.07312, 0.22, 0.47547],
							"lerp_mode": "catmullrom"
						},
						"2.575": {
							"post": [-0.00031, 0.07, -0.34656],
							"lerp_mode": "catmullrom"
						},
						"2.7": {
							"post": [-0.01469, 0.03, -0.03641],
							"lerp_mode": "catmullrom"
						},
						"2.775": {
							"post": [0, 0, 0],
							"lerp_mode": "catmullrom"
						}
					}
				},
				"switch": {
					"rotation": {
						"0.0": [0, 0, 0],
						"0.525": [0, 0, 0],
						"0.6": [-32, 0, 0],
						"0.775": [-32, 0, 0],
						"0.825": [-32, 0, 0],
						"0.85": [0, 0, 0],
						"1.9": [0, 0, 0],
						"1.95": [-32, 0, 0],
						"2.0": [0, 0, 0]
					}
				},
				"Lefthand": {
					"rotation": {
						"0.075": [0, 0, 0],
						"0.225": [-15.74897, 8.523, 21.92529],
						"0.375": [-15.77546, 10.00013, 16.38266],
						"0.5": [-15.18, -5.57, 4.85],
						"0.65": [-15.18, -5.57, 4.85],
						"2.0": [-15.18, -5.57, 4.85],
						"2.1": [-15.18, -5.57, 4.85],
						"2.175": [-19.507, 10.22592, 7.06483],
						"2.275": [-14.09, 12.73, 4.85],
						"2.35": [0, 0, 0]
					},
					"position": {
						"0.075": [0, 0, 0],
						"0.175": [0.69703, -1.91, 4.09],
						"0.375": [-0.8, -1.78, 17.355],
						"0.5": [-1, -0.25, 17],
						"0.65": [-1, -0.25, 17],
						"0.725": [-1, -0.85, 16.8],
						"0.85": [-1.3, -6.8, 17.55],
						"0.975": [-4.2, -12.75, 20.9],
						"1.1": [-1, -12.75, 20.9],
						"1.65": [-0.8, -1.95, 15.9],
						"1.75": [-1.1, -2.25, 16.4],
						"1.875": [-1.2, -2.05, 16.4],
						"2.0": [-1, -0.25, 17],
						"2.1": [-1, -0.25, 17],
						"2.175": [-0.75, -0.19, 17.33828],
						"2.35": [0, 0, 0]
					}
				},
				"mag": {
					"position": {
						"0.65": [0, 0, 0],
						"0.725": [0, -0.6, -0.2],
						"0.85": [-0.3, -6.55, 0.55],
						"0.975": [-3.2, -12.5, 3.9],
						"1.1": [0, -12.5, 3.9],
						"1.65": [0.2, -1.7, -1.1],
						"1.75": [-0.1, -2, -0.6],
						"1.875": [-0.2, -1.8, -0.6],
						"2.0": [0, 0, 0]
					}
				},
				"camera": {
					"rotation": {
						"0.0": {
							"post": [0, 0, 0],
							"lerp_mode": "catmullrom"
						},
						"0.25": {
							"post": [1.15, -0.1, -1],
							"lerp_mode": "catmullrom"
						},
						"0.65": {
							"post": [0.75, 0, -1.25],
							"lerp_mode": "catmullrom"
						},
						"0.75": {
							"post": [2, 0.05, 2.5],
							"lerp_mode": "catmullrom"
						},
						"0.85": {
							"post": [1.5, 0.00234, -0.75],
							"lerp_mode": "catmullrom"
						},
						"0.975": {
							"post": [2, 0.07891, 1.2],
							"lerp_mode": "catmullrom"
						},
						"1.1": {
							"post": [1.5, -0.13906, -0.5],
							"lerp_mode": "catmullrom"
						},
						"1.25": {
							"post": [1.8, 0.3, 0.5],
							"lerp_mode": "catmullrom"
						},
						"1.4": {
							"post": [2.5, -0.03, 0.78],
							"lerp_mode": "catmullrom"
						},
						"1.6": {
							"post": [2.7, 0.1, 0.35],
							"lerp_mode": "catmullrom"
						},
						"1.8": {
							"post": [2.5, -0.65, 0.3],
							"lerp_mode": "catmullrom"
						},
						"1.975": {
							"post": [3.25, 1.25, 2.5],
							"lerp_mode": "catmullrom"
						},
						"2.15": {
							"post": [2.5, 0, -1.5],
							"lerp_mode": "catmullrom"
						},
						"2.3": {
							"post": [0.12, -0.38, -0.51],
							"lerp_mode": "catmullrom"
						},
						"2.425": {
							"post": [0.1, 0.3, 0.5],
							"lerp_mode": "catmullrom"
						},
						"2.5": {
							"post": [0.1, -0.11875, -1],
							"lerp_mode": "catmullrom"
						},
						"2.575": {
							"post": [0.07, 0.09938, 0.55],
							"lerp_mode": "catmullrom"
						},
						"2.65": {
							"post": [0.14, 0.00969, 0.03547],
							"lerp_mode": "catmullrom"
						},
						"2.75": {
							"post": [0, 0, 0],
							"lerp_mode": "catmullrom"
						}
					}
				}
			},
			"sound_effects": {
				"0.0": {
					"effect": "qbz95_reload_normal"
				}
			}
		},
		"animation.qbz_95.reload_empty_grip": {
			"loop": "hold_on_last_frame",
			"animation_length": 4,
			"bones": {
				"0": {
					"rotation": {
						"0.0": {
							"post": [0, 0, 0],
							"lerp_mode": "catmullrom"
						},
						"0.125": {
							"post": [0, 0, -5],
							"lerp_mode": "catmullrom"
						},
						"0.3": {
							"post": [1.85, -4.46, 16.8],
							"lerp_mode": "catmullrom"
						},
						"0.4": {
							"post": [0.01, -4.32, 55.03],
							"lerp_mode": "catmullrom"
						},
						"0.475": {
							"post": [-7.43249, 4.93033, 115.75908],
							"lerp_mode": "catmullrom"
						},
						"0.65": {
							"post": [-4.42017, 3.56885, 118.32323],
							"lerp_mode": "catmullrom"
						},
						"0.7": {
							"post": [-8.92185, -0.12509, 85.48797],
							"lerp_mode": "catmullrom"
						},
						"0.8": {
							"post": [-3.72071, 1.87584, 95.93522],
							"lerp_mode": "catmullrom"
						},
						"1.025": {
							"post": [-4.26391, 4.03625, 101.64],
							"lerp_mode": "catmullrom"
						},
						"1.25": {
							"post": [-4.56, 2.64, 97.64],
							"lerp_mode": "catmullrom"
						},
						"1.525": {
							"post": [-5.13, 2.21, 101.84],
							"lerp_mode": "catmullrom"
						},
						"1.775": {
							"post": [-4.96, 3.04, 115.54],
							"lerp_mode": "catmullrom"
						},
						"1.9": {
							"post": [-2.96, 2.04, 105.54],
							"lerp_mode": "catmullrom"
						},
						"2.0": {
							"post": [-6.96, 5.04, 104.54],
							"lerp_mode": "catmullrom"
						},
						"2.1": {
							"post": [-6.96, 5.04, 109.54],
							"lerp_mode": "catmullrom"
						},
						"2.2": {
							"post": [-6.96, 2.4, 105.14],
							"lerp_mode": "catmullrom"
						},
						"2.3": {
							"post": [-6.97, -0.25, 91.74],
							"lerp_mode": "catmullrom"
						},
						"2.5": {
							"post": [-6.44947, -5.51063, 15.32981],
							"lerp_mode": "catmullrom"
						},
						"2.675": {
							"post": [-2.2536, -5.27517, -7.78388],
							"lerp_mode": "catmullrom"
						},
						"2.775": {
							"post": [1.12706, 0.84816, 4.1119],
							"lerp_mode": "catmullrom"
						},
						"2.925": {
							"post": [-2.81094, 0.99749, 2.65597],
							"lerp_mode": "catmullrom"
						},
						"3.025": {
							"post": [-2.5, 0.78, 3.47094],
							"lerp_mode": "catmullrom"
						},
						"3.125": {
							"post": [1, 0.52, -0.16],
							"lerp_mode": "catmullrom"
						},
						"3.5": {
							"post": [0, 0, 0],
							"lerp_mode": "catmullrom"
						}
					},
					"position": {
						"0.0": {
							"post": [0, 0, 0],
							"lerp_mode": "catmullrom"
						},
						"0.125": {
							"post": [0, 0, 0],
							"lerp_mode": "catmullrom"
						},
						"0.35": {
							"post": [2.78058, 1.07096, -4.01408],
							"lerp_mode": "catmullrom"
						},
						"0.525": {
							"post": [2.28, 2.67, -7.41],
							"lerp_mode": "catmullrom"
						},
						"0.625": {
							"post": [2.78, 3.07, -8.01],
							"lerp_mode": "catmullrom"
						},
						"0.7": {
							"post": [0.60523, 1.38691, -7.40577],
							"lerp_mode": "catmullrom"
						},
						"0.825": {
							"post": [2.83667, 2.7671, -8.01438],
							"lerp_mode": "catmullrom"
						},
						"1.075": {
							"post": [2.92594, 2.79109, -7.71],
							"lerp_mode": "catmullrom"
						},
						"1.25": {
							"post": [2.84, 2.47, -8.01],
							"lerp_mode": "catmullrom"
						},
						"1.65": {
							"post": [2.52, 2.79, -5.78],
							"lerp_mode": "catmullrom"
						},
						"1.775": {
							"post": [3.04266, 2.67, -5.71],
							"lerp_mode": "catmullrom"
						},
						"1.95": {
							"post": [2.42375, 2.75, -5.85797],
							"lerp_mode": "catmullrom"
						},
						"2.025": {
							"post": [4.64, 2.45, -5.69],
							"lerp_mode": "catmullrom"
						},
						"2.175": {
							"post": [2.07, 2.99, -4.86],
							"lerp_mode": "catmullrom"
						},
						"2.45": {
							"post": [0.88, 1.55, -0.27],
							"lerp_mode": "catmullrom"
						},
						"2.8": {
							"post": [0.313, 0.65133, -0.65868],
							"lerp_mode": "catmullrom"
						},
						"2.875": {
							"post": [0.14173, 0.95202, -0.46269],
							"lerp_mode": "catmullrom"
						},
						"2.95": {
							"post": [0.03487, 0.48876, 1.14672],
							"lerp_mode": "catmullrom"
						},
						"3.025": {
							"post": [0.00005, 0.60026, 0.4281],
							"lerp_mode": "catmullrom"
						},
						"3.1": {
							"post": [-0.01, 0.35, 0.21531],
							"lerp_mode": "catmullrom"
						},
						"3.175": {
							"post": [-0.02318, 0.09548, 0.30996],
							"lerp_mode": "catmullrom"
						},
						"3.375": {
							"post": [0.02056, -0.04999, -0.34056],
							"lerp_mode": "catmullrom"
						},
						"3.6": {
							"post": [0, 0, 0],
							"lerp_mode": "catmullrom"
						}
					}
				},
				"switch": {
					"rotation": {
						"0.0": [0, 0, 0],
						"0.525": [0, 0, 0],
						"0.6": [-32, 0, 0],
						"0.775": [-32, 0, 0],
						"0.825": [-32, 0, 0],
						"0.85": [0, 0, 0],
						"1.9": [0, 0, 0],
						"1.95": [-32, 0, 0],
						"2.0": [0, 0, 0]
					}
				},
				"Lefthand": {
					"rotation": {
						"0.05": [-13.18421, -5.57139, 4.84625],
						"0.2": [18.5714, -1.44731, 1.36971],
						"0.275": [-7.51729, -20.70492, 22.20957],
						"0.375": [-46.78328, -27.42102, 58.79961],
						"0.475": [-30.80416, -29.37681, -2.34239],
						"2.3": [-30.80416, -29.37681, -2.34239],
						"2.4": [-3.44526, -4.36132, -32.40015],
						"2.475": [29.81765, 18.64592, -18.63664],
						"2.65": [17.80391, 27.13707, -23.92731],
						"2.8": [15.45707, 35.1867, -31.78836],
						"2.9": [11.3057, 43.4965, -41.3946],
						"2.975": [11.3057, 43.4965, -41.3946],
						"3.05": [7.78, 28.91, -6.67063],
						"3.125": [4.2548, 14.3214, 7.76347],
						"3.2": [-4.46, 4.38, 18.65938],
						"3.325": [-13.18421, -5.57139, 4.84625]
					},
					"position": {
						"0.05": [0, 0, -0.6],
						"0.25": [1.63219, -2.99, -1.7],
						"0.375": [5.00906, 3.19109, 1.92],
						"0.475": [5.19344, 10.98, 1.45328],
						"2.3": [5.19344, 10.98, 1.45328],
						"2.475": [3.36484, 0.61719, 3.09281],
						"2.65": [1.39531, 2, 5.53813],
						"2.8": [1.39531, 2, 5.53813],
						"2.875": [1.4, 2, 7.84484],
						"2.9": [1.39531, 2, 9.47563],
						"2.975": [1.4, 2, 11.38],
						"3.025": [0.32234, -0.56438, 4.78313],
						"3.1": [-0.0425, -0.40891, 1.89],
						"3.175": [-0.07234, 0.24641, 0.82],
						"3.325": [0, 0, -0.6]
					}
				},
				"bolt": {
					"position": {
						"2.725": [0, 0, 0],
						"2.9": [0, 0, 5],
						"2.975": [0, 0, 5],
						"3.075": [0, 0, 0]
					}
				},
				"magazine": {
					"rotation": {
						"1.275": [0, 0, 0],
						"1.3": [51.3339, 10.34335, -39.92375],
						"1.65": [1.48786, 2.39267, 9.47579],
						"1.75": [-2.99077, 0.23527, 4.49386],
						"1.875": [5.86981, -1.24529, 11.93615],
						"2.0": [0, 0, 0]
					},
					"position": {
						"1.275": [0, 0, 0],
						"1.3": [14.9891, -11.547, 6.75162],
						"1.525": [0.93411, -7.67026, 2.49768],
						"1.65": [-0.19457, -2.67072, 0.40131],
						"1.75": [-0.06894, -1.61355, 0.47448],
						"1.875": [-0.25731, -1.78788, -0.00127],
						"2.0": [0, 0, 0]
					}
				},
				"Righthand": {
					"rotation": {
						"0.0": [0, 0, 0],
						"0.125": [0, 0, 0],
						"0.275": [-6.9813, -32.52193, -10.8036],
						"0.4": [-16.36297, -51.6212, -2.62312],
						"0.65": [-5.12033, -49.48569, -12.57382],
						"0.775": [-69.38127, -37.04828, -34.52237],
						"1.125": [-71.22391, 20.58044, -22.53734],
						"1.3": [-71.22391, 20.58044, -22.53734],
						"1.375": [22.96515, -6.3871, -162.34292],
						"1.65": [22.96515, -6.3871, -162.34292],
						"1.775": [22.96515, -6.3871, -162.34292],
						"1.875": [16.67552, -5.88894, -167.63798],
						"2.0": [16.67552, -5.88894, -167.63798],
						"2.125": [16.67552, -5.88894, -167.63798],
						"2.25": [-10.80257, -28.96602, -138.94904],
						"2.4": [0, 0, 0]
					},
					"position": {
						"0.0": [0, 0, 0],
						"0.125": [0, 0, 0],
						"0.4": [8.16797, 2.97656, 11.71562],
						"0.65": [7.64656, 2.98, 11.18875],
						"0.775": [8.86141, 1.58, 6.08875],
						"1.125": [66.48, 9.42, 0.02],
						"1.275": [72.68, 56.76, 0.02],
						"1.3": [66.48, -139.98, 0.02],
						"1.375": [7.12558, 3.54638, 5.3642],
						"1.65": [7.12558, 3.54638, 5.3642],
						"1.775": [7.12558, 3.54638, 5.3642],
						"1.875": [6.12361, 2.25006, 6.60093],
						"2.0": [6.12361, 2.25006, 6.60093],
						"2.125": [6.12361, 2.25006, 6.60093],
						"2.25": [3.26684, -3.19827, 9.70011],
						"2.4": [0, 0, 0]
					}
				},
				"mag": {
					"rotation": {
						"0.65": [0, 0, 0],
						"0.7": [-25, 0, 0],
						"1.15": [-256.00819, -3.71344, -143.73306],
						"1.275": [-256.00819, -3.71344, -143.73306],
						"1.3": [0, 0, 0],
						"1.475": [0, 0, 18],
						"1.775": [0, 0, 0]
					},
					"position": {
						"0.65": [0, 0, 0],
						"0.7": [-1.55078, -4.64687, -0.74297],
						"0.725": [-0.82257, -6.89965, -1.82136],
						"0.75": [0.51826, -9.28401, -2.86042],
						"0.775": [2.43562, -11.68498, -4.30005],
						"0.8": [4.82656, -13.55702, -5.77914],
						"0.825": [6.7684, -16.5444, -7.30107],
						"0.85": [9.43712, -20.06806, -9.74049],
						"0.875": [13.10814, -23.54047, -12.36781],
						"0.9": [16.66577, -26.29601, -14.39025],
						"0.95": [23.94204, -31.14287, -17.749],
						"1.0": [32.11857, -33.60783, -20.36855],
						"1.05": [39.93212, -35.1373, -22.16521],
						"1.1": [48.26935, -36.53335, -25.06104],
						"1.15": [56.74213, -38.04469, -25.36531],
						"1.275": [56.74213, -38.04469, -25.36531],
						"1.3": [0, 0, 0],
						"1.475": [2.25504, -0.73271, 0],
						"1.775": [0, 0, 0]
					}
				},
				"camera": {
					"rotation": {
						"0.0": [0, 0, 0],
						"0.25": [0.15, -0.1, -1],
						"0.65": [0.75, 0.2, -2],
						"0.775": {
							"pre": [3.75, 2.65, 3.75],
							"post": [3.75, 2.65, 3.75],
							"lerp_mode": "catmullrom"
						},
						"0.85": [2.5, -0.7, -1.5],
						"0.975": [3, 0.7, 1.2],
						"1.1": [2.5, -0.36172, -0.5],
						"1.25": [2.8, 0.3, 0.5],
						"1.4": [2.5, -0.03, 0.78],
						"1.6": [2.7, 0.1, 0.35],
						"1.8": [2.5, -0.65, 0.3],
						"1.975": {
							"pre": [3.25, 1.25, 2.5],
							"post": [3.25, 1.25, 2.5],
							"lerp_mode": "catmullrom"
						},
						"2.05": [2.5, 0, -1.5],
						"2.2": [0.9, -0.5, 0.5],
						"2.4": [1.5, 0, -0.4],
						"2.6": [1.25, -0.3, 0.2],
						"2.825": [0.5, 0.2, -1],
						"2.875": [0.8, -1.2, 1.85],
						"2.975": [-0.3, 0.5, -0.25],
						"3.1": [0.36, 0.16, 0.43],
						"3.25": [-0.2, -0.25, -0.25],
						"3.425": [0, 0, 0]
					}
				},
				"bullet": {
					"position": {
						"0.425": [0, 0, 0],
						"0.45": [0, -1.3107, 0.06869],
						"1.3": [0, -1.3107, 0.06869],
						"1.325": [0, 0, 0]
					}
				},
				"anim": {
					"position": {
						"0.0": [0, 0, 0],
						"2.6": [0, 0, 0],
						"2.625": [0, 0, -10],
						"3.125": [0, 0, -10],
						"3.15": [0, 0, 0]
					}
				}
			},
			"sound_effects": {
				"0.0": {
					"effect": "qbz95_reload_normal"
				}
			}
		},
		"animation.qbz_95.reload_normal_grip": {
			"loop": "hold_on_last_frame",
			"animation_length": 3,
			"bones": {
				"0": {
					"rotation": {
						"0.05": {
							"pre": [0, 0, 0],
							"post": [0, 0, 0],
							"lerp_mode": "catmullrom"
						},
						"0.15": {
							"post": [-2.16828, -1.68859, -9.68],
							"lerp_mode": "catmullrom"
						},
						"0.25": {
							"post": [-3.41586, -0.75486, -15.85957],
							"lerp_mode": "catmullrom"
						},
						"0.375": {
							"post": [-5.17429, 0.02345, -17.51079],
							"lerp_mode": "catmullrom"
						},
						"0.525": {
							"post": [-4.29, 0.24, -17.4],
							"lerp_mode": "catmullrom"
						},
						"0.65": {
							"post": [-3.55515, 0.42598, -20.93226],
							"lerp_mode": "catmullrom"
						},
						"0.75": {
							"post": [-9.56496, -0.61077, -14.1567],
							"lerp_mode": "catmullrom"
						},
						"0.875": {
							"post": [-5.68978, -1.55708, -18.26108],
							"lerp_mode": "catmullrom"
						},
						"1.025": {
							"post": [-6.48, -0.66, -15.87],
							"lerp_mode": "catmullrom"
						},
						"1.225": {
							"post": [-6.33828, -1.64, -16.16],
							"lerp_mode": "catmullrom"
						},
						"1.5": {
							"post": [-6.28, -0.67, -31.86],
							"lerp_mode": "catmullrom"
						},
						"1.65": {
							"post": [-6.24, -0.99, -31.74],
							"lerp_mode": "catmullrom"
						},
						"1.8": {
							"post": [-6.1415, -0.13831, -32.37975],
							"lerp_mode": "catmullrom"
						},
						"1.95": {
							"post": [-6.06402, -0.3229, -31.74539],
							"lerp_mode": "catmullrom"
						},
						"2.05": {
							"post": [-1.96, 0.32734, -32.67],
							"lerp_mode": "catmullrom"
						},
						"2.175": {
							"post": [-0.65, -0.44328, -27.68859],
							"lerp_mode": "catmullrom"
						},
						"2.4": {
							"post": [-0.33656, 0.06, 3.01922],
							"lerp_mode": "catmullrom"
						},
						"2.55": {
							"post": [0.21, 0.305, -0.02125],
							"lerp_mode": "catmullrom"
						},
						"2.65": {
							"post": [0.23344, 0.19, 1.14375],
							"lerp_mode": "catmullrom"
						},
						"2.775": {
							"post": [0, 0, 0],
							"lerp_mode": "catmullrom"
						}
					},
					"position": {
						"0.0": {
							"post": [0, 0, 0],
							"lerp_mode": "catmullrom"
						},
						"0.1": {
							"post": [-0.23391, 0.26031, 0.30313],
							"lerp_mode": "catmullrom"
						},
						"0.225": {
							"post": [0.03019, 0.32885, -1.29522],
							"lerp_mode": "catmullrom"
						},
						"0.3": {
							"post": [0.04, 0.99, -2.11594],
							"lerp_mode": "catmullrom"
						},
						"0.425": {
							"post": [0.04, 0.75, -1.84313],
							"lerp_mode": "catmullrom"
						},
						"0.675": {
							"post": [0.05, 1.18, -2.05],
							"lerp_mode": "catmullrom"
						},
						"0.75": {
							"post": [0.08164, 0.87465, -1.94855],
							"lerp_mode": "catmullrom"
						},
						"0.825": {
							"post": [0.05, 1.2575, -1.83],
							"lerp_mode": "catmullrom"
						},
						"1.05": {
							"post": [0.24, 0.9, -1.92],
							"lerp_mode": "catmullrom"
						},
						"1.175": {
							"post": [0.23, 0.96, -1.4],
							"lerp_mode": "catmullrom"
						},
						"1.3": {
							"post": [0.14, 0.84594, -1.45],
							"lerp_mode": "catmullrom"
						},
						"1.55": {
							"post": [0.12, 0.89, -1.7425],
							"lerp_mode": "catmullrom"
						},
						"1.775": {
							"post": [0.11, 0.93, -1.41],
							"lerp_mode": "catmullrom"
						},
						"1.975": {
							"post": [0.08538, 1.00514, -1.88193],
							"lerp_mode": "catmullrom"
						},
						"2.025": {
							"post": [-0.44, 1.49, -1.52],
							"lerp_mode": "catmullrom"
						},
						"2.075": {
							"post": [-0.02, 0.96, -1.01],
							"lerp_mode": "catmullrom"
						},
						"2.2": {
							"post": [0.38, 0.83, -0.84],
							"lerp_mode": "catmullrom"
						},
						"2.425": {
							"post": [0.04937, 0.37125, -0.98],
							"lerp_mode": "catmullrom"
						},
						"2.5": {
							"post": [-0.07312, 0.22, 0.47547],
							"lerp_mode": "catmullrom"
						},
						"2.575": {
							"post": [-0.00031, 0.07, -0.34656],
							"lerp_mode": "catmullrom"
						},
						"2.7": {
							"post": [-0.01469, 0.03, -0.03641],
							"lerp_mode": "catmullrom"
						},
						"2.775": {
							"post": [0, 0, 0],
							"lerp_mode": "catmullrom"
						}
					}
				},
				"switch": {
					"rotation": {
						"0.0": [0, 0, 0],
						"0.525": [0, 0, 0],
						"0.6": [-32, 0, 0],
						"0.775": [-32, 0, 0],
						"0.825": [-32, 0, 0],
						"0.85": [0, 0, 0],
						"1.9": [0, 0, 0],
						"1.95": [-32, 0, 0],
						"2.0": [0, 0, 0]
					}
				},
				"Lefthand": {
					"rotation": {
						"0.075": [-13.18421, -5.57139, 4.84625],
						"0.225": [-15.74897, 8.523, 21.92529],
						"0.375": [-15.77546, 10.00013, 16.38266],
						"0.5": [-15.18, -5.57, 4.85],
						"0.65": [-15.18, -5.57, 4.85],
						"2.0": [-15.18, -5.57, 4.85],
						"2.1": [-15.18, -5.57, 4.85],
						"2.175": [-19.507, 10.22592, 7.06483],
						"2.275": [-14.09, 12.73, 4.85],
						"2.35": [-13.18421, -5.57139, 4.84625]
					},
					"position": {
						"0.075": [0, 0, -0.6],
						"0.175": [0.69703, -1.91, 4.09],
						"0.375": [-0.8, -1.78, 17.355],
						"0.5": [-1, -0.25, 17],
						"0.65": [-1, -0.25, 17],
						"0.725": [-1, -0.85, 16.8],
						"0.85": [-1.3, -6.8, 17.55],
						"0.975": [-4.2, -12.75, 20.9],
						"1.1": [-1, -12.75, 20.9],
						"1.65": [-0.8, -1.95, 15.9],
						"1.75": [-1.1, -2.25, 16.4],
						"1.875": [-1.2, -2.05, 16.4],
						"2.0": [-1, -0.25, 17],
						"2.1": [-1, -0.25, 17],
						"2.175": [-0.75, -0.19, 17.33828],
						"2.35": [0, 0, -0.6]
					}
				},
				"mag": {
					"position": {
						"0.65": [0, 0, 0],
						"0.725": [0, -0.6, -0.2],
						"0.85": [-0.3, -6.55, 0.55],
						"0.975": [-3.2, -12.5, 3.9],
						"1.1": [0, -12.5, 3.9],
						"1.65": [0.2, -1.7, -1.1],
						"1.75": [-0.1, -2, -0.6],
						"1.875": [-0.2, -1.8, -0.6],
						"2.0": [0, 0, 0]
					}
				},
				"camera": {
					"rotation": {
						"0.0": {
							"post": [0, 0, 0],
							"lerp_mode": "catmullrom"
						},
						"0.25": {
							"post": [1.15, -0.1, -1],
							"lerp_mode": "catmullrom"
						},
						"0.65": {
							"post": [0.75, 0, -1.25],
							"lerp_mode": "catmullrom"
						},
						"0.75": {
							"post": [2, 0.05, 2.5],
							"lerp_mode": "catmullrom"
						},
						"0.85": {
							"post": [1.5, 0.00234, -0.75],
							"lerp_mode": "catmullrom"
						},
						"0.975": {
							"post": [2, 0.07891, 1.2],
							"lerp_mode": "catmullrom"
						},
						"1.1": {
							"post": [1.5, -0.13906, -0.5],
							"lerp_mode": "catmullrom"
						},
						"1.25": {
							"post": [1.8, 0.3, 0.5],
							"lerp_mode": "catmullrom"
						},
						"1.4": {
							"post": [2.5, -0.03, 0.78],
							"lerp_mode": "catmullrom"
						},
						"1.6": {
							"post": [2.7, 0.1, 0.35],
							"lerp_mode": "catmullrom"
						},
						"1.8": {
							"post": [2.5, -0.65, 0.3],
							"lerp_mode": "catmullrom"
						},
						"1.975": {
							"post": [3.25, 1.25, 2.5],
							"lerp_mode": "catmullrom"
						},
						"2.15": {
							"post": [2.5, 0, -1.5],
							"lerp_mode": "catmullrom"
						},
						"2.3": {
							"post": [0.12, -0.38, -0.51],
							"lerp_mode": "catmullrom"
						},
						"2.425": {
							"post": [0.1, 0.3, 0.5],
							"lerp_mode": "catmullrom"
						},
						"2.5": {
							"post": [0.1, -0.11875, -1],
							"lerp_mode": "catmullrom"
						},
						"2.575": {
							"post": [0.07, 0.09938, 0.55],
							"lerp_mode": "catmullrom"
						},
						"2.65": {
							"post": [0.14, 0.00969, 0.03547],
							"lerp_mode": "catmullrom"
						},
						"2.75": {
							"post": [0, 0, 0],
							"lerp_mode": "catmullrom"
						}
					}
				}
			},
			"sound_effects": {
				"0.0": {
					"effect": "qbz95_reload_normal"
				}
			}
		},
		"animation.qbz_95.reload_empty_drum": {
			"loop": "hold_on_last_frame",
			"animation_length": 4,
			"bones": {
				"0": {
					"rotation": {
						"0.0": {
							"post": [0, 0, 0],
							"lerp_mode": "catmullrom"
						},
						"0.125": {
							"post": [0, 0, -5],
							"lerp_mode": "catmullrom"
						},
						"0.3": {
							"post": [1.85, -4.46, 16.8],
							"lerp_mode": "catmullrom"
						},
						"0.4": {
							"post": [0.01, -4.32, 55.03],
							"lerp_mode": "catmullrom"
						},
						"0.475": {
							"post": [-7.43249, 4.93033, 115.75908],
							"lerp_mode": "catmullrom"
						},
						"0.65": {
							"post": [-4.42017, 3.56885, 118.32323],
							"lerp_mode": "catmullrom"
						},
						"0.7": {
							"post": [-8.43407, 2.92285, 105.26265],
							"lerp_mode": "catmullrom"
						},
						"0.8": {
							"post": [-3.72071, 1.87584, 95.93522],
							"lerp_mode": "catmullrom"
						},
						"1.025": {
							"post": [-4.26391, 4.03625, 101.64],
							"lerp_mode": "catmullrom"
						},
						"1.25": {
							"post": [-4.56, 2.64, 97.64],
							"lerp_mode": "catmullrom"
						},
						"1.525": {
							"post": [-5.13, 2.21, 101.84],
							"lerp_mode": "catmullrom"
						},
						"1.775": {
							"post": [-4.96, 3.04, 115.54],
							"lerp_mode": "catmullrom"
						},
						"1.9": {
							"post": [-2.96, 2.04, 105.54],
							"lerp_mode": "catmullrom"
						},
						"2.0": {
							"post": [-6.96, 5.04, 104.54],
							"lerp_mode": "catmullrom"
						},
						"2.1": {
							"post": [-6.96, 5.04, 109.54],
							"lerp_mode": "catmullrom"
						},
						"2.2": {
							"post": [-6.96, 2.4, 105.14],
							"lerp_mode": "catmullrom"
						},
						"2.3": {
							"post": [-6.97, -0.25, 91.74],
							"lerp_mode": "catmullrom"
						},
						"2.5": {
							"post": [-6.44947, -5.51063, 15.32981],
							"lerp_mode": "catmullrom"
						},
						"2.675": {
							"post": [-2.2536, -5.27517, -7.78388],
							"lerp_mode": "catmullrom"
						},
						"2.775": {
							"post": [1.12706, 0.84816, 4.1119],
							"lerp_mode": "catmullrom"
						},
						"2.925": {
							"post": [-2.81094, 0.99749, 2.65597],
							"lerp_mode": "catmullrom"
						},
						"3.025": {
							"post": [-2.5, 0.78, 3.47094],
							"lerp_mode": "catmullrom"
						},
						"3.125": {
							"post": [1, 0.52, -0.16],
							"lerp_mode": "catmullrom"
						},
						"3.5": {
							"post": [0, 0, 0],
							"lerp_mode": "catmullrom"
						}
					},
					"position": {
						"0.0": {
							"post": [0, 0, 0],
							"lerp_mode": "catmullrom"
						},
						"0.125": {
							"post": [0, 0, 0],
							"lerp_mode": "catmullrom"
						},
						"0.35": {
							"post": [2.78058, 1.07096, -4.01408],
							"lerp_mode": "catmullrom"
						},
						"0.525": {
							"post": [2.28, 2.67, -7.41],
							"lerp_mode": "catmullrom"
						},
						"0.625": {
							"post": [2.78, 3.07, -8.01],
							"lerp_mode": "catmullrom"
						},
						"0.7": {
							"post": [0.60523, 1.38691, -7.40577],
							"lerp_mode": "catmullrom"
						},
						"0.825": {
							"post": [2.83667, 2.7671, -8.01438],
							"lerp_mode": "catmullrom"
						},
						"1.075": {
							"post": [2.92594, 2.79109, -7.71],
							"lerp_mode": "catmullrom"
						},
						"1.25": {
							"post": [2.84, 2.47, -8.01],
							"lerp_mode": "catmullrom"
						},
						"1.65": {
							"post": [2.52, 2.79, -5.78],
							"lerp_mode": "catmullrom"
						},
						"1.775": {
							"post": [3.04266, 2.67, -5.71],
							"lerp_mode": "catmullrom"
						},
						"1.95": {
							"post": [2.42375, 2.75, -5.85797],
							"lerp_mode": "catmullrom"
						},
						"2.025": {
							"post": [4.64, 2.45, -5.69],
							"lerp_mode": "catmullrom"
						},
						"2.175": {
							"post": [2.07, 2.99, -4.86],
							"lerp_mode": "catmullrom"
						},
						"2.45": {
							"post": [0.88, 1.55, -0.27],
							"lerp_mode": "catmullrom"
						},
						"2.8": {
							"post": [0.313, 0.65133, -0.65868],
							"lerp_mode": "catmullrom"
						},
						"2.875": {
							"post": [0.14173, 0.95202, -0.46269],
							"lerp_mode": "catmullrom"
						},
						"2.95": {
							"post": [0.03487, 0.48876, 1.14672],
							"lerp_mode": "catmullrom"
						},
						"3.025": {
							"post": [0.00005, 0.60026, 0.4281],
							"lerp_mode": "catmullrom"
						},
						"3.1": {
							"post": [-0.01, 0.35, 0.21531],
							"lerp_mode": "catmullrom"
						},
						"3.175": {
							"post": [-0.02318, 0.09548, 0.30996],
							"lerp_mode": "catmullrom"
						},
						"3.375": {
							"post": [0.02056, -0.04999, -0.34056],
							"lerp_mode": "catmullrom"
						},
						"3.6": {
							"post": [0, 0, 0],
							"lerp_mode": "catmullrom"
						}
					}
				},
				"switch": {
					"rotation": {
						"0.0": [0, 0, 0],
						"0.525": [0, 0, 0],
						"0.6": [-32, 0, 0],
						"0.775": [-32, 0, 0],
						"0.825": [-32, 0, 0],
						"0.85": [0, 0, 0],
						"1.9": [0, 0, 0],
						"1.95": [-32, 0, 0],
						"2.0": [0, 0, 0]
					}
				},
				"Lefthand": {
					"rotation": {
						"0.05": [0, 0, 0],
						"0.2": [18.5714, -1.44731, 1.36971],
						"0.375": [-41.78328, -27.42102, 58.79961],
						"0.475": [-30.80416, -29.37681, -2.34239],
						"2.3": [-30.80416, -29.37681, -2.34239],
						"2.4": [-3.44526, -4.36132, -32.40015],
						"2.475": [29.81765, 18.64592, -18.63664],
						"2.65": [17.80391, 27.13707, -23.92731],
						"2.8": [15.45707, 35.1867, -31.78836],
						"2.9": [11.3057, 43.4965, -41.3946],
						"2.975": [11.3057, 43.4965, -41.3946],
						"3.05": [7.78, 28.91, -6.67063],
						"3.125": [4.2548, 14.3214, 7.76347],
						"3.2": [-4.46, 4.38, 18.65938],
						"3.275": [0, 0, 0]
					},
					"position": {
						"0.05": [0, 0, 0],
						"0.25": [1.63219, -2.99, -1.7],
						"0.375": [5.00906, 3.19109, 1.92],
						"0.475": [5.19344, 10.98, 1.45328],
						"2.3": [5.19344, 10.98, 1.45328],
						"2.475": [3.36484, 0.61719, 3.09281],
						"2.65": [1.39531, 2, 5.53813],
						"2.8": [1.39531, 2, 5.53813],
						"2.875": [1.4, 2, 7.84484],
						"2.9": [1.39531, 2, 9.47563],
						"2.975": [1.4, 2, 11.38],
						"3.025": [0.32234, -0.56438, 4.78313],
						"3.1": [-0.0425, -0.40891, 1.89],
						"3.175": [-0.07234, 0.24641, 0.82],
						"3.275": [0, 0, 0]
					}
				},
				"bolt": {
					"position": {
						"2.725": [0, 0, 0],
						"2.9": [0, 0, 5],
						"2.975": [0, 0, 5],
						"3.075": [0, 0, 0]
					}
				},
				"magazine": {
					"rotation": {
						"0.65": [0, 0, 0],
						"0.725": [-11, 0, 0],
						"0.925": [35.09959, 29.81093, -59.88192],
						"1.15": [18.54639, 10.84449, -58.37684],
						"1.375": [-19.96146, -1.39293, -71.3446],
						"1.55": [-19.96146, -1.39293, -71.3446],
						"1.65": [-23.50903, -4.80138, -42.21813],
						"1.75": [-2.85342, -0.92667, -17.97692],
						"1.875": [6, 0, 0],
						"2.0": [0, 0, 0]
					},
					"position": {
						"0.65": [0, 0, 0],
						"0.725": [0, -2.13241, 1.17346],
						"0.825": [5.22037, -9.76713, 3.28411],
						"0.925": [14.34702, -18.74397, 7.9602],
						"1.15": [16.6, -13.7538, -2.75684],
						"1.45": [1.21147, -6.84997, -1.04428],
						"1.525": [1.21147, -6.84997, -1.04428],
						"1.65": [1.02945, -0.99079, 0.3141],
						"1.75": [0.375, -1.64844, 0.47266],
						"1.875": [-0.2, -1.8, 0],
						"2.0": [0, 0, 0]
					}
				},
				"Righthand": {
					"rotation": {
						"0.0": [0, 0, 0],
						"0.125": [3.53432, 7.79582, 6.55762],
						"0.325": [-8.70043, -34.56805, 12.04841],
						"0.4": [-15.9961, -50.55236, 4.0381],
						"0.65": [-15.9961, -50.55236, 4.0381],
						"0.725": [-15.9961, -50.55236, 4.0381],
						"0.9": [-9.80108, -21.34418, 4.3336],
						"0.925": [19.13832, 6.57968, -80.04953],
						"2.3": [19.13832, 6.57968, -80.04953],
						"2.4": [-4.61307, -11.5808, -65.08942],
						"2.55": [0, 0, 0]
					},
					"position": {
						"0.0": [0, 0, 0],
						"0.125": [-2.71275, -0.6144, 0.34526],
						"0.25": [-1.98565, 0.00502, 4.95505],
						"0.4": [6.09951, 0.53803, 8.34034],
						"0.65": [6.09951, 0.53803, 8.34034],
						"0.725": [6.09951, 0.53803, 8.34034],
						"0.9": [1.35802, -0.16764, 8.27227],
						"0.925": [8.11926, -6.35466, 5.79359],
						"2.3": [8.11926, -6.35466, 5.79359],
						"2.4": [5.06185, -4.24314, 3.47865],
						"2.475": [-0.33563, -4.28107, 1.52285],
						"2.55": [0, 0, 0]
					}
				},
				"camera": {
					"rotation": {
						"0.0": [0, 0, 0],
						"0.25": [0.15, -0.1, -0.7],
						"0.65": [0.75, 0.2, -1.2],
						"0.775": {
							"pre": [2.75, 1.65, 1.55],
							"post": [2.75, 1.65, 1.55],
							"lerp_mode": "catmullrom"
						},
						"0.875": [1.5, -0.7, -0.7],
						"1.0": [2, 0.7, 1.2],
						"1.125": [1.5, -0.36172, -0.5],
						"1.25": [2.1, 0.3, 0.5],
						"1.4": [2.1, -0.03, 0.78],
						"1.6": [2.7, 0.1, 0.35],
						"1.8": [2.5, -0.65, 0.3],
						"1.975": {
							"pre": [3.25, 1.25, 2.5],
							"post": [3.25, 1.25, 2.5],
							"lerp_mode": "catmullrom"
						},
						"2.05": [2.5, 0, -1.5],
						"2.2": [0.9, -0.5, 0.5],
						"2.4": [1.5, 0, -0.4],
						"2.6": [1.25, -0.3, 0.2],
						"2.825": [0.5, 0.2, -1],
						"2.875": [0.8, -1.2, 1.85],
						"2.975": [-0.3, 0.5, -0.25],
						"3.1": [0.36, 0.16, 0.43],
						"3.25": [-0.2, -0.25, -0.25],
						"3.425": [0, 0, 0]
					}
				},
				"bullet": {
					"position": {
						"0.425": [0, 0, 0],
						"0.45": [0, -1.3107, 0.06869],
						"1.3": [0, -1.3107, 0.06869],
						"1.325": [0, 0, 0]
					}
				},
				"anim": {
					"position": {
						"0.0": [0, 0, 0],
						"2.6": [0, 0, 0],
						"2.625": [0, 0, -10],
						"3.125": [0, 0, -10],
						"3.15": [0, 0, 0]
					}
				}
			},
			"sound_effects": {
				"0.0": {
					"effect": "qbz95_reload_normal"
				}
			}
		},
		"animation.qbz_95.reload_normal_drum": {
			"loop": "hold_on_last_frame",
			"animation_length": 3,
			"bones": {
				"0": {
					"rotation": {
						"0.05": {
							"pre": [0, 0, 0],
							"post": [0, 0, 0],
							"lerp_mode": "catmullrom"
						},
						"0.15": {
							"post": [-2.16828, -1.68859, -9.68],
							"lerp_mode": "catmullrom"
						},
						"0.25": {
							"post": [-3.41586, -0.75486, -15.85957],
							"lerp_mode": "catmullrom"
						},
						"0.375": {
							"post": [-5.17429, 0.02345, -17.51079],
							"lerp_mode": "catmullrom"
						},
						"0.525": {
							"post": [-4.29, 0.24, -17.4],
							"lerp_mode": "catmullrom"
						},
						"0.65": {
							"post": [-3.55515, 0.42598, -20.93226],
							"lerp_mode": "catmullrom"
						},
						"0.75": {
							"post": [-9.56496, -0.61077, -14.1567],
							"lerp_mode": "catmullrom"
						},
						"0.875": {
							"post": [-5.68978, -1.55708, -18.26108],
							"lerp_mode": "catmullrom"
						},
						"1.025": {
							"post": [-6.48, -0.66, -15.87],
							"lerp_mode": "catmullrom"
						},
						"1.225": {
							"post": [-6.33828, -1.64, -16.16],
							"lerp_mode": "catmullrom"
						},
						"1.5": {
							"post": [-6.28, -0.67, -31.86],
							"lerp_mode": "catmullrom"
						},
						"1.65": {
							"post": [-6.24, -0.99, -31.74],
							"lerp_mode": "catmullrom"
						},
						"1.8": {
							"post": [-6.1415, -0.13831, -32.37975],
							"lerp_mode": "catmullrom"
						},
						"1.95": {
							"post": [-6.06402, -0.3229, -31.74539],
							"lerp_mode": "catmullrom"
						},
						"2.05": {
							"post": [-1.96, 0.32734, -32.67],
							"lerp_mode": "catmullrom"
						},
						"2.175": {
							"post": [-0.65, -0.44328, -27.68859],
							"lerp_mode": "catmullrom"
						},
						"2.4": {
							"post": [-0.33656, 0.06, 3.01922],
							"lerp_mode": "catmullrom"
						},
						"2.55": {
							"post": [0.21, 0.305, -0.02125],
							"lerp_mode": "catmullrom"
						},
						"2.65": {
							"post": [0.23344, 0.19, 1.14375],
							"lerp_mode": "catmullrom"
						},
						"2.775": {
							"post": [0, 0, 0],
							"lerp_mode": "catmullrom"
						}
					},
					"position": {
						"0.0": {
							"post": [0, 0, 0],
							"lerp_mode": "catmullrom"
						},
						"0.1": {
							"post": [-0.23391, 0.26031, 0.30313],
							"lerp_mode": "catmullrom"
						},
						"0.225": {
							"post": [0.03019, 0.32885, -1.29522],
							"lerp_mode": "catmullrom"
						},
						"0.3": {
							"post": [0.04, 0.99, -2.11594],
							"lerp_mode": "catmullrom"
						},
						"0.425": {
							"post": [0.04, 0.75, -1.84313],
							"lerp_mode": "catmullrom"
						},
						"0.675": {
							"post": [0.05, 1.18, -2.05],
							"lerp_mode": "catmullrom"
						},
						"0.75": {
							"post": [0.08164, 0.87465, -1.94855],
							"lerp_mode": "catmullrom"
						},
						"0.825": {
							"post": [0.05, 1.2575, -1.83],
							"lerp_mode": "catmullrom"
						},
						"1.05": {
							"post": [0.24, 0.9, -1.92],
							"lerp_mode": "catmullrom"
						},
						"1.175": {
							"post": [0.23, 0.96, -1.4],
							"lerp_mode": "catmullrom"
						},
						"1.3": {
							"post": [0.14, 0.84594, -1.45],
							"lerp_mode": "catmullrom"
						},
						"1.55": {
							"post": [0.12, 0.89, -1.7425],
							"lerp_mode": "catmullrom"
						},
						"1.775": {
							"post": [0.11, 0.93, -1.41],
							"lerp_mode": "catmullrom"
						},
						"1.975": {
							"post": [0.08538, 1.00514, -1.88193],
							"lerp_mode": "catmullrom"
						},
						"2.025": {
							"post": [-0.44, 1.49, -1.52],
							"lerp_mode": "catmullrom"
						},
						"2.075": {
							"post": [-0.02, 0.96, -1.01],
							"lerp_mode": "catmullrom"
						},
						"2.2": {
							"post": [0.38, 0.83, -0.84],
							"lerp_mode": "catmullrom"
						},
						"2.425": {
							"post": [0.04937, 0.37125, -0.98],
							"lerp_mode": "catmullrom"
						},
						"2.5": {
							"post": [-0.07312, 0.22, 0.47547],
							"lerp_mode": "catmullrom"
						},
						"2.575": {
							"post": [-0.00031, 0.07, -0.34656],
							"lerp_mode": "catmullrom"
						},
						"2.7": {
							"post": [-0.01469, 0.03, -0.03641],
							"lerp_mode": "catmullrom"
						},
						"2.775": {
							"post": [0, 0, 0],
							"lerp_mode": "catmullrom"
						}
					}
				},
				"switch": {
					"rotation": {
						"0.0": [0, 0, 0],
						"0.525": [0, 0, 0],
						"0.6": [-32, 0, 0],
						"0.775": [-32, 0, 0],
						"0.825": [-32, 0, 0],
						"0.85": [0, 0, 0],
						"1.9": [0, 0, 0],
						"1.95": [-32, 0, 0],
						"2.0": [0, 0, 0]
					}
				},
				"Lefthand": {
					"rotation": {
						"0.075": [0, 0, 0],
						"0.225": [-15.4189, 0.78476, 19.86742],
						"0.375": [-11.16909, 8.34328, -16.32899],
						"0.5": [-10.61583, 11.00609, -23.89373],
						"0.65": [-10.61583, 11.00609, -23.89373],
						"2.0": [-10.61583, 11.00609, -23.89373],
						"2.1": [-10.61583, 11.00609, -23.89373],
						"2.175": [-19.2503, 26.67651, 10.239],
						"2.275": [-14.09, 12.73, 4.85],
						"2.35": [0, 0, 0]
					},
					"position": {
						"0.075": [0, 0, 0],
						"0.175": [2.39703, -1.91, 4.09],
						"0.375": [0.3125, 1.07813, 19.55469],
						"0.5": [0.91406, 1.07813, 18.18359],
						"0.65": [0.91406, 1.07813, 18.18359],
						"0.725": [0.9, 1.05, 16.8],
						"0.975": [0.21, -12.17, 16.44],
						"1.375": [0.21, -12.17, 16.44],
						"1.65": [0.7, -0.65, 15.7],
						"1.75": [1, -0.95, 16.2],
						"1.875": [1.1, -0.75, 16.2],
						"2.0": [0.9, 1.05, 16.8],
						"2.1": [0.9, 1.05, 16.8],
						"2.175": [-0.75, -0.19, 17.33828],
						"2.35": [0, 0, 0]
					}
				},
				"camera": {
					"rotation": {
						"0.0": {
							"post": [0, 0, 0],
							"lerp_mode": "catmullrom"
						},
						"0.25": {
							"post": [1.15, -0.1, -1],
							"lerp_mode": "catmullrom"
						},
						"0.65": {
							"post": [0.75, 0, -1.25],
							"lerp_mode": "catmullrom"
						},
						"0.75": {
							"post": [2, 0.05, 2.5],
							"lerp_mode": "catmullrom"
						},
						"0.85": {
							"post": [1.5, 0.00234, -0.75],
							"lerp_mode": "catmullrom"
						},
						"0.975": {
							"post": [2, 0.07891, 1.2],
							"lerp_mode": "catmullrom"
						},
						"1.1": {
							"post": [1.5, -0.13906, -0.5],
							"lerp_mode": "catmullrom"
						},
						"1.25": {
							"post": [1.8, 0.3, 0.5],
							"lerp_mode": "catmullrom"
						},
						"1.4": {
							"post": [2.5, -0.03, 0.78],
							"lerp_mode": "catmullrom"
						},
						"1.6": {
							"post": [2.7, 0.1, 0.35],
							"lerp_mode": "catmullrom"
						},
						"1.8": {
							"post": [2.5, -0.65, 0.3],
							"lerp_mode": "catmullrom"
						},
						"1.975": {
							"post": [3.25, 1.25, 2.5],
							"lerp_mode": "catmullrom"
						},
						"2.15": {
							"post": [2.5, 0, -1.5],
							"lerp_mode": "catmullrom"
						},
						"2.3": {
							"post": [0.12, -0.38, -0.51],
							"lerp_mode": "catmullrom"
						},
						"2.425": {
							"post": [0.1, 0.3, 0.5],
							"lerp_mode": "catmullrom"
						},
						"2.5": {
							"post": [0.1, -0.11875, -1],
							"lerp_mode": "catmullrom"
						},
						"2.575": {
							"post": [0.07, 0.09938, 0.55],
							"lerp_mode": "catmullrom"
						},
						"2.65": {
							"post": [0.14, 0.00969, 0.03547],
							"lerp_mode": "catmullrom"
						},
						"2.75": {
							"post": [0, 0, 0],
							"lerp_mode": "catmullrom"
						}
					}
				},
				"mag": {
					"position": {
						"0.65": [0, 0, 0],
						"0.725": [0, 0, 0],
						"0.975": [0, -12.5, 0],
						"1.375": [0, -12.5, 0],
						"1.65": [0.2, -1.7, -1.1],
						"1.75": [-0.1, -2, -0.6],
						"1.875": [-0.2, -1.8, -0.6],
						"2.0": [0, 0, 0]
					}
				}
			},
			"sound_effects": {
				"0.0": {
					"effect": "qbz95_reload_normal"
				}
			}
		},
		"animation.qbz_95.reload_empty_drum_grip": {
			"loop": "hold_on_last_frame",
			"animation_length": 4,
			"bones": {
				"0": {
					"rotation": {
						"0.0": {
							"post": [0, 0, 0],
							"lerp_mode": "catmullrom"
						},
						"0.125": {
							"post": [0, 0, -5],
							"lerp_mode": "catmullrom"
						},
						"0.3": {
							"post": [1.85, -4.46, 16.8],
							"lerp_mode": "catmullrom"
						},
						"0.4": {
							"post": [0.01, -4.32, 55.03],
							"lerp_mode": "catmullrom"
						},
						"0.475": {
							"post": [-7.43249, 4.93033, 115.75908],
							"lerp_mode": "catmullrom"
						},
						"0.65": {
							"post": [-4.42017, 3.56885, 118.32323],
							"lerp_mode": "catmullrom"
						},
						"0.7": {
							"post": [-8.43407, 2.92285, 105.26265],
							"lerp_mode": "catmullrom"
						},
						"0.8": {
							"post": [-3.72071, 1.87584, 95.93522],
							"lerp_mode": "catmullrom"
						},
						"1.025": {
							"post": [-4.26391, 4.03625, 101.64],
							"lerp_mode": "catmullrom"
						},
						"1.25": {
							"post": [-4.56, 2.64, 97.64],
							"lerp_mode": "catmullrom"
						},
						"1.525": {
							"post": [-5.13, 2.21, 101.84],
							"lerp_mode": "catmullrom"
						},
						"1.775": {
							"post": [-4.96, 3.04, 115.54],
							"lerp_mode": "catmullrom"
						},
						"1.9": {
							"post": [-2.96, 2.04, 105.54],
							"lerp_mode": "catmullrom"
						},
						"2.0": {
							"post": [-6.96, 5.04, 104.54],
							"lerp_mode": "catmullrom"
						},
						"2.1": {
							"post": [-6.96, 5.04, 109.54],
							"lerp_mode": "catmullrom"
						},
						"2.2": {
							"post": [-6.96, 2.4, 105.14],
							"lerp_mode": "catmullrom"
						},
						"2.3": {
							"post": [-6.97, -0.25, 91.74],
							"lerp_mode": "catmullrom"
						},
						"2.5": {
							"post": [-6.44947, -5.51063, 15.32981],
							"lerp_mode": "catmullrom"
						},
						"2.675": {
							"post": [-2.2536, -5.27517, -7.78388],
							"lerp_mode": "catmullrom"
						},
						"2.775": {
							"post": [1.12706, 0.84816, 4.1119],
							"lerp_mode": "catmullrom"
						},
						"2.925": {
							"post": [-2.81094, 0.99749, 2.65597],
							"lerp_mode": "catmullrom"
						},
						"3.025": {
							"post": [-2.5, 0.78, 3.47094],
							"lerp_mode": "catmullrom"
						},
						"3.125": {
							"post": [1, 0.52, -0.16],
							"lerp_mode": "catmullrom"
						},
						"3.5": {
							"post": [0, 0, 0],
							"lerp_mode": "catmullrom"
						}
					},
					"position": {
						"0.0": {
							"post": [0, 0, 0],
							"lerp_mode": "catmullrom"
						},
						"0.125": {
							"post": [0, 0, 0],
							"lerp_mode": "catmullrom"
						},
						"0.35": {
							"post": [2.78058, 1.07096, -4.01408],
							"lerp_mode": "catmullrom"
						},
						"0.525": {
							"post": [2.28, 2.67, -7.41],
							"lerp_mode": "catmullrom"
						},
						"0.625": {
							"post": [2.78, 3.07, -8.01],
							"lerp_mode": "catmullrom"
						},
						"0.7": {
							"post": [0.60523, 1.38691, -7.40577],
							"lerp_mode": "catmullrom"
						},
						"0.825": {
							"post": [2.83667, 2.7671, -8.01438],
							"lerp_mode": "catmullrom"
						},
						"1.075": {
							"post": [2.92594, 2.79109, -7.71],
							"lerp_mode": "catmullrom"
						},
						"1.25": {
							"post": [2.84, 2.47, -8.01],
							"lerp_mode": "catmullrom"
						},
						"1.65": {
							"post": [2.52, 2.79, -5.78],
							"lerp_mode": "catmullrom"
						},
						"1.775": {
							"post": [3.04266, 2.67, -5.71],
							"lerp_mode": "catmullrom"
						},
						"1.95": {
							"post": [2.42375, 2.75, -5.85797],
							"lerp_mode": "catmullrom"
						},
						"2.025": {
							"post": [4.64, 2.45, -5.69],
							"lerp_mode": "catmullrom"
						},
						"2.175": {
							"post": [2.07, 2.99, -4.86],
							"lerp_mode": "catmullrom"
						},
						"2.45": {
							"post": [0.88, 1.55, -0.27],
							"lerp_mode": "catmullrom"
						},
						"2.8": {
							"post": [0.313, 0.65133, -0.65868],
							"lerp_mode": "catmullrom"
						},
						"2.875": {
							"post": [0.14173, 0.95202, -0.46269],
							"lerp_mode": "catmullrom"
						},
						"2.95": {
							"post": [0.03487, 0.48876, 1.14672],
							"lerp_mode": "catmullrom"
						},
						"3.025": {
							"post": [0.00005, 0.60026, 0.4281],
							"lerp_mode": "catmullrom"
						},
						"3.1": {
							"post": [-0.01, 0.35, 0.21531],
							"lerp_mode": "catmullrom"
						},
						"3.175": {
							"post": [-0.02318, 0.09548, 0.30996],
							"lerp_mode": "catmullrom"
						},
						"3.375": {
							"post": [0.02056, -0.04999, -0.34056],
							"lerp_mode": "catmullrom"
						},
						"3.6": {
							"post": [0, 0, 0],
							"lerp_mode": "catmullrom"
						}
					}
				},
				"switch": {
					"rotation": {
						"0.0": [0, 0, 0],
						"0.525": [0, 0, 0],
						"0.6": [-32, 0, 0],
						"0.775": [-32, 0, 0],
						"0.825": [-32, 0, 0],
						"0.85": [0, 0, 0],
						"1.9": [0, 0, 0],
						"1.95": [-32, 0, 0],
						"2.0": [0, 0, 0]
					}
				},
				"Lefthand": {
					"rotation": {
						"0.05": [-13.18421, -5.57139, 4.84625],
						"0.2": [18.5714, -1.44731, 1.36971],
						"0.375": [-41.78328, -27.42102, 58.79961],
						"0.475": [-30.80416, -29.37681, -2.34239],
						"2.3": [-30.80416, -29.37681, -2.34239],
						"2.4": [-3.44526, -4.36132, -32.40015],
						"2.475": [29.81765, 18.64592, -18.63664],
						"2.65": [17.80391, 27.13707, -23.92731],
						"2.8": [15.45707, 35.1867, -31.78836],
						"2.9": [11.3057, 43.4965, -41.3946],
						"2.975": [11.3057, 43.4965, -41.3946],
						"3.05": [7.78, 28.91, -6.67063],
						"3.125": [4.2548, 14.3214, 7.76347],
						"3.2": [-4.46, 4.38, 18.65938],
						"3.3": [-13.18421, -5.57139, 4.84625]
					},
					"position": {
						"0.05": [0, 0, -0.6],
						"0.25": [1.63219, -2.99, -1.7],
						"0.375": [5.00906, 3.19109, 1.92],
						"0.475": [5.19344, 10.98, 1.45328],
						"2.3": [5.19344, 10.98, 1.45328],
						"2.475": [3.36484, 0.61719, 3.09281],
						"2.65": [1.39531, 2, 5.53813],
						"2.8": [1.39531, 2, 5.53813],
						"2.875": [1.4, 2, 7.84484],
						"2.9": [1.39531, 2, 9.47563],
						"2.975": [1.4, 2, 11.38],
						"3.025": [0.32234, -0.56438, 4.78313],
						"3.1": [-0.0425, -0.40891, 1.89],
						"3.175": [-0.07234, 0.24641, 0.82],
						"3.3": [0, 0, -0.6]
					}
				},
				"bolt": {
					"position": {
						"2.725": [0, 0, 0],
						"2.9": [0, 0, 5],
						"2.975": [0, 0, 5],
						"3.075": [0, 0, 0]
					}
				},
				"magazine": {
					"rotation": {
						"0.65": [0, 0, 0],
						"0.725": [-11, 0, 0],
						"0.925": [35.09959, 29.81093, -59.88192],
						"1.15": [18.54639, 10.84449, -58.37684],
						"1.375": [-19.96146, -1.39293, -71.3446],
						"1.55": [-19.96146, -1.39293, -71.3446],
						"1.65": [-23.50903, -4.80138, -42.21813],
						"1.75": [-2.85342, -0.92667, -17.97692],
						"1.875": [6, 0, 0],
						"2.0": [0, 0, 0]
					},
					"position": {
						"0.65": [0, 0, 0],
						"0.725": [0, -2.13241, 1.17346],
						"0.825": [5.22037, -9.76713, 3.28411],
						"0.925": [14.34702, -18.74397, 7.9602],
						"1.15": [16.6, -13.7538, -2.75684],
						"1.45": [1.21147, -6.84997, -1.04428],
						"1.525": [1.21147, -6.84997, -1.04428],
						"1.65": [1.02945, -0.99079, 0.3141],
						"1.75": [0.375, -1.64844, 0.47266],
						"1.875": [-0.2, -1.8, 0],
						"2.0": [0, 0, 0]
					}
				},
				"Righthand": {
					"rotation": {
						"0.0": [0, 0, 0],
						"0.125": [3.53432, 7.79582, 6.55762],
						"0.325": [-8.70043, -34.56805, 12.04841],
						"0.4": [-15.9961, -50.55236, 4.0381],
						"0.65": [-15.9961, -50.55236, 4.0381],
						"0.725": [-15.9961, -50.55236, 4.0381],
						"0.9": [-9.80108, -21.34418, 4.3336],
						"0.925": [19.13832, 6.57968, -80.04953],
						"2.3": [19.13832, 6.57968, -80.04953],
						"2.4": [-4.61307, -11.5808, -65.08942],
						"2.55": [0, 0, 0]
					},
					"position": {
						"0.0": [0, 0, 0],
						"0.125": [-2.71275, -0.6144, 0.34526],
						"0.25": [-1.98565, 0.00502, 4.95505],
						"0.4": [6.09951, 0.53803, 8.34034],
						"0.65": [6.09951, 0.53803, 8.34034],
						"0.725": [6.09951, 0.53803, 8.34034],
						"0.9": [1.35802, -0.16764, 8.27227],
						"0.925": [8.11926, -6.35466, 5.79359],
						"2.3": [8.11926, -6.35466, 5.79359],
						"2.4": [5.06185, -4.24314, 3.47865],
						"2.475": [-0.33563, -4.28107, 1.52285],
						"2.55": [0, 0, 0]
					}
				},
				"camera": {
					"rotation": {
						"0.0": [0, 0, 0],
						"0.25": [0.15, -0.1, -0.7],
						"0.65": [0.75, 0.2, -1.2],
						"0.775": {
							"pre": [2.75, 1.65, 1.55],
							"post": [2.75, 1.65, 1.55],
							"lerp_mode": "catmullrom"
						},
						"0.875": [1.5, -0.7, -0.7],
						"1.0": [2, 0.7, 1.2],
						"1.125": [1.5, -0.36172, -0.5],
						"1.25": [2.1, 0.3, 0.5],
						"1.4": [2.1, -0.03, 0.78],
						"1.6": [2.7, 0.1, 0.35],
						"1.8": [2.5, -0.65, 0.3],
						"1.975": {
							"pre": [3.25, 1.25, 2.5],
							"post": [3.25, 1.25, 2.5],
							"lerp_mode": "catmullrom"
						},
						"2.05": [2.5, 0, -1.5],
						"2.2": [0.9, -0.5, 0.5],
						"2.4": [1.5, 0, -0.4],
						"2.6": [1.25, -0.3, 0.2],
						"2.825": [0.5, 0.2, -1],
						"2.875": [0.8, -1.2, 1.85],
						"2.975": [-0.3, 0.5, -0.25],
						"3.1": [0.36, 0.16, 0.43],
						"3.25": [-0.2, -0.25, -0.25],
						"3.425": [0, 0, 0]
					}
				},
				"bullet": {
					"position": {
						"0.425": [0, 0, 0],
						"0.45": [0, -1.3107, 0.06869],
						"1.3": [0, -1.3107, 0.06869],
						"1.325": [0, 0, 0]
					}
				},
				"anim": {
					"position": {
						"0.0": [0, 0, 0],
						"2.6": [0, 0, 0],
						"2.625": [0, 0, -10],
						"3.125": [0, 0, -10],
						"3.15": [0, 0, 0]
					}
				}
			},
			"sound_effects": {
				"0.0": {
					"effect": "qbz95_reload_normal"
				}
			}
		},
		"animation.qbz_95.reload_normal_drum_grip": {
			"loop": "hold_on_last_frame",
			"animation_length": 3,
			"bones": {
				"0": {
					"rotation": {
						"0.05": {
							"pre": [0, 0, 0],
							"post": [0, 0, 0],
							"lerp_mode": "catmullrom"
						},
						"0.15": {
							"post": [-2.16828, -1.68859, -9.68],
							"lerp_mode": "catmullrom"
						},
						"0.25": {
							"post": [-3.41586, -0.75486, -15.85957],
							"lerp_mode": "catmullrom"
						},
						"0.375": {
							"post": [-5.17429, 0.02345, -17.51079],
							"lerp_mode": "catmullrom"
						},
						"0.525": {
							"post": [-4.29, 0.24, -17.4],
							"lerp_mode": "catmullrom"
						},
						"0.65": {
							"post": [-3.55515, 0.42598, -20.93226],
							"lerp_mode": "catmullrom"
						},
						"0.75": {
							"post": [-9.56496, -0.61077, -14.1567],
							"lerp_mode": "catmullrom"
						},
						"0.875": {
							"post": [-5.68978, -1.55708, -18.26108],
							"lerp_mode": "catmullrom"
						},
						"1.025": {
							"post": [-6.48, -0.66, -15.87],
							"lerp_mode": "catmullrom"
						},
						"1.225": {
							"post": [-6.33828, -1.64, -16.16],
							"lerp_mode": "catmullrom"
						},
						"1.5": {
							"post": [-6.28, -0.67, -31.86],
							"lerp_mode": "catmullrom"
						},
						"1.65": {
							"post": [-6.24, -0.99, -31.74],
							"lerp_mode": "catmullrom"
						},
						"1.8": {
							"post": [-6.1415, -0.13831, -32.37975],
							"lerp_mode": "catmullrom"
						},
						"1.95": {
							"post": [-6.06402, -0.3229, -31.74539],
							"lerp_mode": "catmullrom"
						},
						"2.05": {
							"post": [-1.96, 0.32734, -32.67],
							"lerp_mode": "catmullrom"
						},
						"2.175": {
							"post": [-0.65, -0.44328, -27.68859],
							"lerp_mode": "catmullrom"
						},
						"2.4": {
							"post": [-0.33656, 0.06, 3.01922],
							"lerp_mode": "catmullrom"
						},
						"2.55": {
							"post": [0.21, 0.305, -0.02125],
							"lerp_mode": "catmullrom"
						},
						"2.65": {
							"post": [0.23344, 0.19, 1.14375],
							"lerp_mode": "catmullrom"
						},
						"2.775": {
							"post": [0, 0, 0],
							"lerp_mode": "catmullrom"
						}
					},
					"position": {
						"0.0": {
							"post": [0, 0, 0],
							"lerp_mode": "catmullrom"
						},
						"0.1": {
							"post": [-0.23391, 0.26031, 0.30313],
							"lerp_mode": "catmullrom"
						},
						"0.225": {
							"post": [0.03019, 0.32885, -1.29522],
							"lerp_mode": "catmullrom"
						},
						"0.3": {
							"post": [0.04, 0.99, -2.11594],
							"lerp_mode": "catmullrom"
						},
						"0.425": {
							"post": [0.04, 0.75, -1.84313],
							"lerp_mode": "catmullrom"
						},
						"0.675": {
							"post": [0.05, 1.18, -2.05],
							"lerp_mode": "catmullrom"
						},
						"0.75": {
							"post": [0.08164, 0.87465, -1.94855],
							"lerp_mode": "catmullrom"
						},
						"0.825": {
							"post": [0.05, 1.2575, -1.83],
							"lerp_mode": "catmullrom"
						},
						"1.05": {
							"post": [0.24, 0.9, -1.92],
							"lerp_mode": "catmullrom"
						},
						"1.175": {
							"post": [0.23, 0.96, -1.4],
							"lerp_mode": "catmullrom"
						},
						"1.3": {
							"post": [0.14, 0.84594, -1.45],
							"lerp_mode": "catmullrom"
						},
						"1.55": {
							"post": [0.12, 0.89, -1.7425],
							"lerp_mode": "catmullrom"
						},
						"1.775": {
							"post": [0.11, 0.93, -1.41],
							"lerp_mode": "catmullrom"
						},
						"1.975": {
							"post": [0.08538, 1.00514, -1.88193],
							"lerp_mode": "catmullrom"
						},
						"2.025": {
							"post": [-0.44, 1.49, -1.52],
							"lerp_mode": "catmullrom"
						},
						"2.075": {
							"post": [-0.02, 0.96, -1.01],
							"lerp_mode": "catmullrom"
						},
						"2.2": {
							"post": [0.38, 0.83, -0.84],
							"lerp_mode": "catmullrom"
						},
						"2.425": {
							"post": [0.04937, 0.37125, -0.98],
							"lerp_mode": "catmullrom"
						},
						"2.5": {
							"post": [-0.07312, 0.22, 0.47547],
							"lerp_mode": "catmullrom"
						},
						"2.575": {
							"post": [-0.00031, 0.07, -0.34656],
							"lerp_mode": "catmullrom"
						},
						"2.7": {
							"post": [-0.01469, 0.03, -0.03641],
							"lerp_mode": "catmullrom"
						},
						"2.775": {
							"post": [0, 0, 0],
							"lerp_mode": "catmullrom"
						}
					}
				},
				"switch": {
					"rotation": {
						"0.0": [0, 0, 0],
						"0.525": [0, 0, 0],
						"0.6": [-32, 0, 0],
						"0.775": [-32, 0, 0],
						"0.825": [-32, 0, 0],
						"0.85": [0, 0, 0],
						"1.9": [0, 0, 0],
						"1.95": [-32, 0, 0],
						"2.0": [0, 0, 0]
					}
				},
				"Lefthand": {
					"rotation": {
						"0.075": [-13.18421, -5.57139, 4.84625],
						"0.225": [-15.4189, 0.78476, 19.86742],
						"0.375": [-11.16909, 8.34328, -16.32899],
						"0.5": [-10.61583, 11.00609, -23.89373],
						"0.65": [-10.61583, 11.00609, -23.89373],
						"2.0": [-10.61583, 11.00609, -23.89373],
						"2.1": [-10.61583, 11.00609, -23.89373],
						"2.175": [-19.2503, 26.67651, 10.239],
						"2.275": [-14.09, 12.73, 4.85],
						"2.35": [-13.18421, -5.57139, 4.84625]
					},
					"position": {
						"0.075": [0, 0, -0.6],
						"0.175": [2.39703, -1.91, 4.09],
						"0.375": [0.3125, 1.07813, 19.55469],
						"0.5": [0.91406, 1.07813, 18.18359],
						"0.65": [0.91406, 1.07813, 18.18359],
						"0.725": [0.9, 1.05, 16.8],
						"0.975": [0.21, -12.17, 16.44],
						"1.375": [0.21, -12.17, 16.44],
						"1.65": [0.7, -0.65, 15.7],
						"1.75": [1, -0.95, 16.2],
						"1.875": [1.1, -0.75, 16.2],
						"2.0": [0.9, 1.05, 16.8],
						"2.1": [0.9, 1.05, 16.8],
						"2.175": [-0.75, -0.19, 17.33828],
						"2.35": [0, 0, -0.6]
					}
				},
				"camera": {
					"rotation": {
						"0.0": {
							"post": [0, 0, 0],
							"lerp_mode": "catmullrom"
						},
						"0.25": {
							"post": [1.15, -0.1, -1],
							"lerp_mode": "catmullrom"
						},
						"0.65": {
							"post": [0.75, 0, -1.25],
							"lerp_mode": "catmullrom"
						},
						"0.75": {
							"post": [2, 0.05, 2.5],
							"lerp_mode": "catmullrom"
						},
						"0.85": {
							"post": [1.5, 0.00234, -0.75],
							"lerp_mode": "catmullrom"
						},
						"0.975": {
							"post": [2, 0.07891, 1.2],
							"lerp_mode": "catmullrom"
						},
						"1.1": {
							"post": [1.5, -0.13906, -0.5],
							"lerp_mode": "catmullrom"
						},
						"1.25": {
							"post": [1.8, 0.3, 0.5],
							"lerp_mode": "catmullrom"
						},
						"1.4": {
							"post": [2.5, -0.03, 0.78],
							"lerp_mode": "catmullrom"
						},
						"1.6": {
							"post": [2.7, 0.1, 0.35],
							"lerp_mode": "catmullrom"
						},
						"1.8": {
							"post": [2.5, -0.65, 0.3],
							"lerp_mode": "catmullrom"
						},
						"1.975": {
							"post": [3.25, 1.25, 2.5],
							"lerp_mode": "catmullrom"
						},
						"2.15": {
							"post": [2.5, 0, -1.5],
							"lerp_mode": "catmullrom"
						},
						"2.3": {
							"post": [0.12, -0.38, -0.51],
							"lerp_mode": "catmullrom"
						},
						"2.425": {
							"post": [0.1, 0.3, 0.5],
							"lerp_mode": "catmullrom"
						},
						"2.5": {
							"post": [0.1, -0.11875, -1],
							"lerp_mode": "catmullrom"
						},
						"2.575": {
							"post": [0.07, 0.09938, 0.55],
							"lerp_mode": "catmullrom"
						},
						"2.65": {
							"post": [0.14, 0.00969, 0.03547],
							"lerp_mode": "catmullrom"
						},
						"2.75": {
							"post": [0, 0, 0],
							"lerp_mode": "catmullrom"
						}
					}
				},
				"mag": {
					"position": {
						"0.65": [0, 0, 0],
						"0.725": [0, 0, 0],
						"0.975": [0, -12.5, 0],
						"1.375": [0, -12.5, 0],
						"1.65": [0.2, -1.7, -1.1],
						"1.75": [-0.1, -2, -0.6],
						"1.875": [-0.2, -1.8, -0.6],
						"2.0": [0, 0, 0]
					}
				}
			},
			"sound_effects": {
				"0.0": {
					"effect": "qbz95_reload_normal"
				}
			}
		}
	}
}