{
	"format_version": "1.8.0",
	"animations": {
		"animation.rpg.idle": {
			"loop": true,
			"animation_length": 1,
			"bones": {
				"Rockets": {
					"rotation": [0, 0, 0],
					"position": [0, 0, 0],
					"scale": "query.sbw_is_empty ? 0 : 1"
				}
			}
		},
		"animation.rpg.edit": {
			"loop": "hold_on_last_frame",
			"animation_length": 0.4083,
			"bones": {
				"0": {
					"rotation": {
						"0.0": {
							"post": [0, 0, 0],
							"lerp_mode": "catmullrom"
						},
						"0.0667": {
							"post": [-5.32397, -12.94699, -1.83212],
							"lerp_mode": "catmullrom"
						},
						"0.15": {
							"post": [-13.02391, -49.2931, -1.64134],
							"lerp_mode": "catmullrom"
						},
						"0.3": {
							"post": [-19.51, -63.22, 9.58],
							"lerp_mode": "catmullrom"
						},
						"0.3583": {
							"post": [-25.66336, -65.46598, 12.13389],
							"lerp_mode": "catmullrom"
						},
						"0.4083": {
							"post": [-27.08786, -66.51935, 13.96316],
							"lerp_mode": "catmullrom"
						}
					},
					"position": {
						"0.0": {
							"post": [0, 0, 0],
							"lerp_mode": "catmullrom"
						},
						"0.0583": {
							"post": [0.47297, -0.17189, -0.26375],
							"lerp_mode": "catmullrom"
						},
						"0.1167": {
							"post": [-1.62868, 0.04111, -0.71705],
							"lerp_mode": "catmullrom"
						},
						"0.3": {
							"post": [-0.80998, 1.33958, -3.12823],
							"lerp_mode": "catmullrom"
						},
						"0.3583": {
							"post": [-3.42622, 1.09346, -3.14756],
							"lerp_mode": "catmullrom"
						},
						"0.4083": {
							"post": [-2.85, 1.2, -3.14],
							"lerp_mode": "catmullrom"
						}
					}
				},
				"Righthand": {
					"rotation": [72.69469, -60.09451, -36.63152],
					"position": [19, -18.6, 14.8],
					"scale": 0
				},
				"Lefthand": {
					"rotation": [-51.42913, -7.99833, 65.60001],
					"position": [21.85, -19.65, 7],
					"scale": 0
				}
			}
		},
		"animation.rpg.run": {
			"loop": true,
			"animation_length": 0.8,
			"bones": {
				"0": {
					"rotation": {
						"0.0": [14.01931, 1.43241, 2.77989],
						"0.2": [9.37348, 2.99239, 8.65204],
						"0.4": [14.01931, 1.43241, 2.77989],
						"0.6": [14.03728, 0.24759, -2.78126],
						"0.8": [14.01931, 1.43241, 2.77989]
					},
					"position": {
						"0.0": [0, -2, 0],
						"0.2": [-1, -1, 0],
						"0.4": [-2, -2, 0],
						"0.6": [-1, -1, 0],
						"0.8": [0, -2, 0]
					}
				},
				"Rockets": {
					"rotation": [0, 0, 0],
					"position": [0, 0, 0],
					"scale": "query.sbw_is_empty ? 0 : 1"
				}
			}
		},
		"animation.rpg.run_fast": {
			"loop": true,
			"animation_length": 0.7,
			"bones": {
				"0": {
					"rotation": {
						"0.0": [-13.3263, 7.54702, 1.59969],
						"0.175": [-27.62174, 12.50143, 4.04527],
						"0.35": [-13.035, 17.54299, 1.66321],
						"0.525": [-23.67296, 3.37897, -3.44474],
						"0.7": [-13.3263, 7.54702, 1.59969]
					},
					"position": {
						"0.0": [-1, 2, 1],
						"0.175": [-2, 3, 1],
						"0.35": [-3, 2, 1],
						"0.525": [-2, 3, 1],
						"0.7": [-1, 2, 1]
					}
				},
				"Rockets": {
					"rotation": [0, 0, 0],
					"position": [0, 0, 0],
					"scale": "query.sbw_is_empty ? 0 : 1"
				},
				"Lefthand": {
					"rotation": [-26.58235, 45.45121, -16.52546],
					"position": [16, -11, 14]
				}
			}
		},
		"animation.rpg.fire": {
			"animation_length": 0.1,
			"bones": {
				"Rockets": {
					"scale": "query.sbw_is_empty ? 0 : 1"
				}
			}
		},
		"animation.rpg.reload": {
			"loop": "hold_on_last_frame",
			"animation_length": 5.2,
			"bones": {
				"0": {
					"rotation": {
						"0.0": {
							"post": [0, 0, 0],
							"lerp_mode": "catmullrom"
						},
						"0.1": {
							"post": [0, 0, 0],
							"lerp_mode": "catmullrom"
						},
						"0.4": {
							"post": [0.94281, -10.18261, 4.05871],
							"lerp_mode": "catmullrom"
						},
						"0.7": {
							"post": [-3.13, -14.9, 10.93],
							"lerp_mode": "catmullrom"
						},
						"1.0": {
							"post": [-20.26395, -32.16364, 8.98012],
							"lerp_mode": "catmullrom"
						},
						"1.4": {
							"post": [-42.72268, -49.19257, 18.08368],
							"lerp_mode": "catmullrom"
						},
						"1.8": {
							"post": [-42.72268, -49.19257, 18.08368],
							"lerp_mode": "catmullrom"
						},
						"2.0": {
							"post": [-35.27808, -41.22256, 10.00956],
							"lerp_mode": "catmullrom"
						},
						"2.2": {
							"post": [-27.57712, -43.87315, 14.13146],
							"lerp_mode": "catmullrom"
						},
						"2.5": {
							"post": [-29.09962, -41.87197, 9.88766],
							"lerp_mode": "catmullrom"
						},
						"2.9": {
							"post": [-35.27808, -41.22256, 10.00956],
							"lerp_mode": "catmullrom"
						},
						"3.1": {
							"post": [-27.57712, -43.87315, 14.13146],
							"lerp_mode": "catmullrom"
						},
						"3.4": {
							"post": [-14.82501, -56.94619, 6.41633],
							"lerp_mode": "catmullrom"
						},
						"3.5": {
							"post": [-16.82794, -38.26735, 14.07344],
							"lerp_mode": "catmullrom"
						},
						"3.6": {
							"post": [-14.72268, -49.19257, 10.03368],
							"lerp_mode": "catmullrom"
						},
						"4.0": {
							"post": [25.6001, -5.50887, 2.34743],
							"lerp_mode": "catmullrom"
						},
						"4.2": {
							"post": [0, 0, -8],
							"lerp_mode": "catmullrom"
						},
						"4.3": {
							"post": [3, 0, 9.66],
							"lerp_mode": "catmullrom"
						},
						"4.4": {
							"post": [-1, 0, -0.07],
							"lerp_mode": "catmullrom"
						},
						"4.6": {
							"post": [0, 0, 2.39],
							"lerp_mode": "catmullrom"
						},
						"4.8": {
							"post": [0, 0, 0],
							"lerp_mode": "catmullrom"
						}
					},
					"position": {
						"0.0": {
							"post": [0, 0, 0],
							"lerp_mode": "catmullrom"
						},
						"0.1": {
							"post": [0, 0, 0],
							"lerp_mode": "catmullrom"
						},
						"0.4": {
							"post": [-0.5, -4.4, 0],
							"lerp_mode": "catmullrom"
						},
						"0.7": {
							"post": [-1.18, -5.53, 1.56],
							"lerp_mode": "catmullrom"
						},
						"1.1": {
							"post": [-2.58, -7.57, 1.69],
							"lerp_mode": "catmullrom"
						},
						"1.4": {
							"post": [-2.55, -7.95, 2.05],
							"lerp_mode": "catmullrom"
						},
						"1.8": {
							"post": [-2.55, -7.95, 2.05],
							"lerp_mode": "catmullrom"
						},
						"1.9": {
							"post": [-4.36, -8.09, 4.4],
							"lerp_mode": "catmullrom"
						},
						"2.0": {
							"post": [-4.46, -8.59, 4.59],
							"lerp_mode": "catmullrom"
						},
						"2.5": {
							"post": [-2.48387, -6.74209, 2.89871],
							"lerp_mode": "catmullrom"
						},
						"2.7": {
							"post": [-4.36, -8.09, 4.4],
							"lerp_mode": "catmullrom"
						},
						"2.9": {
							"post": [-4.46, -8.59, 4.59],
							"lerp_mode": "catmullrom"
						},
						"3.6": {
							"post": [-4.3, -4, 3.55],
							"lerp_mode": "catmullrom"
						},
						"3.8": {
							"post": [-4.27, -5.42, 3.55],
							"lerp_mode": "catmullrom"
						},
						"4.1": {
							"post": [-0.1, -1.05, 0.8],
							"lerp_mode": "catmullrom"
						},
						"4.3": {
							"post": [-0.09, 0.59, -0.8],
							"lerp_mode": "catmullrom"
						},
						"4.5": {
							"post": [-0.08, -0.49, 0.3],
							"lerp_mode": "catmullrom"
						},
						"4.7": {
							"post": [-0.04, 0.21, -0.15],
							"lerp_mode": "catmullrom"
						},
						"4.9": {
							"post": [0, 0, 0],
							"lerp_mode": "catmullrom"
						}
					}
				},
				"Lefthand": {
					"rotation": {
						"0.0": [0, 0, 0],
						"0.1": [0, 0, 0],
						"0.5": [151.55576, 60.35259, -81.67492],
						"0.8": [89.3512, 27.37732, -22.0788],
						"1.1": [30.22, -0.48, 39.19],
						"1.4": [16.43222, -9.28199, 21.19995],
						"1.6": [-55.32994, 23.79177, 81.90833],
						"2.0": [-30.0445, -0.7732, 62.70294],
						"2.4": [-30.0445, -0.7732, 62.70294],
						"2.8": [-30.0445, -0.7732, 62.70294],
						"2.9": [-30.0445, -0.7732, 62.70294],
						"3.1": [-47.04, -0.77, 62.7],
						"3.2": [-47.04, -0.77, 62.7],
						"3.4": [-30.0445, -0.7732, 62.70294],
						"3.5": [-30.0445, -0.7732, 62.70294],
						"3.6": [0, 0, 0],
						"3.8": [0, 0, 0],
						"4.1": [-91.25072, -1.38405, 87.25656],
						"4.2": [-91.25072, -1.38405, 87.25656],
						"4.3": [-73.54091, -11.55236, 59.31258],
						"4.4": [-57.94312, -6.57498, 49.24707],
						"4.8": [0, 0, 0]
					},
					"position": {
						"0.0": [0, 0, 0],
						"0.1": [0, 0, 0],
						"0.4": [6.28, -12.24, -0.4],
						"0.5": [7.87, -2.17, 14.99],
						"0.8": [8.17, 5.95, 9.53],
						"1.0": [9.17, 12.9, 0.07],
						"1.1": [8.62, 12.63, -1.66],
						"1.4": [5.19, 5.44, -20.13],
						"1.6": [1.1, 2.75, -18.64],
						"1.7": [1.1, 2.75, -18.64],
						"2.0": [0.85, 3.05, -8.5],
						"2.1": [0.85, 3.65, -8.5],
						"2.3": [0.9, 3.95, -16.65],
						"2.4": [0.9, 3.95, -16.65],
						"2.8": [0.9, 3.95, -9.65],
						"2.9": [0.9, 3.95, -9.65],
						"3.1": [0.8, 4.3, -9.65],
						"3.2": [0.8, 4.3, -9.65],
						"3.4": [0.9, 3.95, -9.65],
						"3.5": [0.9, 3.95, -9.65],
						"3.6": [0, 0, 0],
						"3.8": [0, 0, 0],
						"4.1": [1.4, 0.15, 2.23],
						"4.2": [1.4, 0.15, 2.23],
						"4.3": [1.05, -0.35, 2.23],
						"4.6": [0, 0, 0]
					}
				},
				"rocket": {
					"rotation": {
						"0.0": [0, 0, 0],
						"1.0": [50.03342, 40.96166, 36.36963],
						"1.6": [0, 0, 0],
						"2.0": [0, 0, 0]
					},
					"position": {
						"0.0": [0, 0, 0],
						"1.0": [4.75, -9.25, 8.7],
						"1.6": [-0.2, 0, 3],
						"2.0": [0, 0, 0]
					}
				},
				"Rockets": {
					"rotation": {
						"0.0": [-91.57329, -16.40654, 19.78921],
						"0.8": [-91.57329, -16.40654, 19.78921],
						"1.3": [-11.52525, -13.10687, -0.82272],
						"1.4": [-7, -16, 0],
						"1.5": [-4.01089, -3.17565, 28.02732],
						"1.7": [0, 0, 0],
						"2.0": [0, 0, 0],
						"2.4": [0, 0, 0],
						"2.8": [0, 0, 0],
						"2.9": [0, 0, 0],
						"3.1": [0, 0, -37],
						"3.2": [0, 0, -37],
						"3.4": [0, 0, 0]
					},
					"position": {
						"0.0": [8.5, -4.7, 23.2],
						"0.8": [8.5, -4.7, 23.2],
						"0.9": [8.34, -0.42, 22.75],
						"1.0": [8.19, 3.86, 19.69],
						"1.3": [7.24, 6.31, -14.08],
						"1.4": [6.4, 3, -19.7],
						"1.5": [1.91, 0.88, -20.66],
						"1.7": [0, 0, -19.5],
						"2.0": [0, 0, -6.85],
						"2.4": [0, 0, -6.85],
						"2.8": [0, 0, 0],
						"2.9": [0, 0, 0],
						"3.4": [0, 0, 0]
					},
					"scale": {
						"0.0": [0, 0, 0],
						"0.8": [0, 0, 0],
						"0.9": [1, 1, 1]
					}
				},
				"Righthand": {
					"rotation": {
						"4.2": [0, 0, 0],
						"4.3": [4, -3, 8],
						"4.5": [0, 0, 0]
					},
					"position": {
						"4.2": [0, 0, 0],
						"4.3": [0, 0, 0],
						"4.5": [0, 0, 0]
					}
				},
				"camera": {
					"rotation": {
						"0.0": {
							"post": [0, 0, 0],
							"lerp_mode": "catmullrom"
						},
						"0.4": {
							"post": [1.3, -3, 0.4],
							"lerp_mode": "catmullrom"
						},
						"0.7": {
							"post": [-0.53, -2.8, -2.05],
							"lerp_mode": "catmullrom"
						},
						"0.9": {
							"post": [0.51, -3.25, -2.15],
							"lerp_mode": "catmullrom"
						},
						"1.2": {
							"post": [-0.11, -2.51, -2.14],
							"lerp_mode": "catmullrom"
						},
						"1.5": {
							"post": [0.66, -2.85, -0.45],
							"lerp_mode": "catmullrom"
						},
						"1.7": {
							"post": [0.65, -2.1, 1.09],
							"lerp_mode": "catmullrom"
						},
						"1.8": {
							"post": [2.08, -1.55, -2.27],
							"lerp_mode": "catmullrom"
						},
						"2.0": {
							"post": [-1.49, 1.5, 1.26],
							"lerp_mode": "catmullrom"
						},
						"2.2": {
							"post": [1.33, 0, -0.17],
							"lerp_mode": "catmullrom"
						},
						"2.4": {
							"post": [-0.75, 0, -0.01],
							"lerp_mode": "catmullrom"
						},
						"2.5": {
							"post": [-0.06, 1.15, -1.13],
							"lerp_mode": "catmullrom"
						},
						"2.6": {
							"post": [0.52, -1.6, 0.76],
							"lerp_mode": "catmullrom"
						},
						"2.8": {
							"post": [-0.46, 2.25, -1.73],
							"lerp_mode": "catmullrom"
						},
						"3.0": {
							"post": [2.06, -0.5, 2.68],
							"lerp_mode": "catmullrom"
						},
						"3.2": {
							"post": [0.43, 0.6, -0.11],
							"lerp_mode": "catmullrom"
						},
						"3.3": {
							"post": [1.11, -0.35, 1.22],
							"lerp_mode": "catmullrom"
						},
						"3.5": {
							"post": [0.37, -0.05, 0.23],
							"lerp_mode": "catmullrom"
						},
						"3.8": {
							"post": [0.71, 0.02, 0.75],
							"lerp_mode": "catmullrom"
						},
						"4.0": {
							"post": [-0.72, 0.52, -1.06],
							"lerp_mode": "catmullrom"
						},
						"4.2": {
							"post": [0.56, 0.39, 0.23],
							"lerp_mode": "catmullrom"
						},
						"4.3": {
							"post": [2.22, 0.34, -0.98],
							"lerp_mode": "catmullrom"
						},
						"4.4": {
							"post": [-0.7, 0.1, 4.27],
							"lerp_mode": "catmullrom"
						},
						"4.6": {
							"post": [0.31, 0.18, -0.16],
							"lerp_mode": "catmullrom"
						},
						"4.9": {
							"post": [0, 0, 0],
							"lerp_mode": "catmullrom"
						}
					}
				}
			},
			"sound_effects": {
				"0.0": {
					"effect": "rpg_reload"
				}
			}
		}
	}
}