{
	"format_version": "1.8.0",
	"animations": {
		"animation.taser.idle": {
			"loop": true,
			"animation_length": 2
		},
		"animation.taser.reload": {
			"loop": "hold_on_last_frame",
			"animation_length": 2.5833,
			"override_previous_animation": true,
			"bones": {
				"0": {
					"rotation": {
						"0.0": {
							"post": [0, 0, 0],
							"lerp_mode": "catmullrom"
						},
						"0.1667": {
							"post": [8.55, -3.98, 1.84],
							"lerp_mode": "catmullrom"
						},
						"0.3333": {
							"post": [0.25, -22.25, -24],
							"lerp_mode": "catmullrom"
						},
						"0.4167": {
							"post": [-7.25, -22.25, -24],
							"lerp_mode": "catmullrom"
						},
						"0.5": {
							"post": [-5.25, -22.26, -24],
							"lerp_mode": "catmullrom"
						},
						"0.625": {
							"post": [-0.85, -23.64, -13.1],
							"lerp_mode": "catmullrom"
						},
						"0.9167": {
							"post": [-7.23, -25.8, -17.02],
							"lerp_mode": "catmullrom"
						},
						"1.25": {
							"post": [0.54, -26.71, -25.61],
							"lerp_mode": "catmullrom"
						},
						"1.6667": {
							"post": [-0.88143, -25.34825, -26.46108],
							"lerp_mode": "catmullrom"
						},
						"1.9167": {
							"post": [-9.00432, -21.76626, -16.2001],
							"lerp_mode": "catmullrom"
						},
						"2.0": {
							"post": [-5.73837, -24.77408, -20.77127],
							"lerp_mode": "catmullrom"
						},
						"2.0833": {
							"post": [-6.38588, -29.58558, -1.50662],
							"lerp_mode": "catmullrom"
						},
						"2.3333": {
							"post": [-0.11112, -2.35652, 10.98841],
							"lerp_mode": "catmullrom"
						},
						"2.4583": {
							"post": [-0.0016, -0.13105, -1.38954],
							"lerp_mode": "catmullrom"
						},
						"2.5833": {
							"post": [0, 0, 0],
							"lerp_mode": "catmullrom"
						}
					},
					"position": {
						"0.0": {
							"post": [0, 0, 0],
							"lerp_mode": "catmullrom"
						},
						"0.4167": {
							"post": [0, 0.25, 3.25],
							"lerp_mode": "catmullrom"
						},
						"0.4583": {
							"post": [0.17, 0.43, 0.64],
							"lerp_mode": "catmullrom"
						},
						"0.5417": {
							"post": [-0.06, 0.56, 2.21016],
							"lerp_mode": "catmullrom"
						},
						"0.75": {
							"post": [-0.29, 0.3, 2.09],
							"lerp_mode": "catmullrom"
						},
						"1.0417": {
							"post": [-0.25, 0.53, 1.95],
							"lerp_mode": "catmullrom"
						},
						"1.4167": {
							"post": [-0.3, 0.70547, 2],
							"lerp_mode": "catmullrom"
						},
						"1.9167": {
							"post": [-0.2, 0.35, 1.5],
							"lerp_mode": "catmullrom"
						},
						"2.0": {
							"post": [-0.92461, 0.40317, 1.28968],
							"lerp_mode": "catmullrom"
						},
						"2.0833": {
							"post": [-1.31413, 0.00682, 2.2102],
							"lerp_mode": "catmullrom"
						},
						"2.2917": {
							"post": [0, -0.25, -1],
							"lerp_mode": "catmullrom"
						},
						"2.375": {
							"post": [0, 0.2, 0.93],
							"lerp_mode": "catmullrom"
						},
						"2.5833": {
							"post": [0, 0, 0],
							"lerp_mode": "catmullrom"
						}
					}
				},
				"Lefthand": {
					"rotation": {
						"0.0833": [0, 0, 0],
						"0.4167": [-31.86957, -19.37363, 82.48453],
						"0.5": [-31.86957, -19.37363, 82.48453],
						"0.9167": [-15.26666, -7.21079, -32.09116],
						"1.3333": [-11.99301, 13.76329, -22.8141],
						"1.5": [-11.99301, 13.76329, -22.8141],
						"1.5833": [-28.82126, -23.56361, 62.7473],
						"1.625": [-27.43413, -24.53569, 58.73275],
						"1.6667": [-33.07026, -26.56442, 69.10617],
						"1.75": [-28.78617, -30.44277, 61.77328],
						"1.8333": [-42.377, -33.41831, 75.18478],
						"2.0": [-40.19312, -33.04337, 72.40808],
						"2.0833": [-31.86957, -19.37363, 82.48453],
						"2.25": [-9.57051, -10.79639, 27.95699],
						"2.4167": [0, 0, 0]
					},
					"position": {
						"0.0833": [0, 0, 0],
						"0.4167": [-0.19579, 0.61232, -3.5753],
						"0.5": [0, -1.82, -14.4],
						"0.7083": [6.6, -1.87, 0.6],
						"0.9167": [7.55491, -9.57868, 6.1249],
						"1.3333": [9.45, -8.82, 6.62],
						"1.5": [9.45, -8.82, 6.62],
						"1.8333": [-0.9, 1.1, -8.4],
						"2.0": [-0.9, 1.1, -6.4],
						"2.0833": [-0.19579, 0.61232, -5.5753],
						"2.4167": [0, 0, 0]
					}
				},
				"head": {
					"rotation": {
						"0.0": [0, 0, 0],
						"0.4167": [0, 0, 0],
						"1.25": [-380, 0, 0],
						"1.3333": [-30.68206, -27.03402, 52.54628],
						"1.5": [-30.68206, -27.03402, 52.54628],
						"1.8333": [0, 0, 0],
						"2.0833": [0, 0, 0]
					},
					"position": {
						"0.0": [0, 0, 0],
						"0.4167": [0.0441, 0.16396, -0.02671],
						"0.4583": [0.26827, 0.95056, -1.6981],
						"0.5": [-0.36805, 1.03264, -6.9702],
						"0.5417": [-1.4502, 0.88538, -14.51111],
						"0.5833": [-3.04715, 1.19976, -21.54721],
						"0.625": [-4.25545, 0.3486, -27.45078],
						"0.6667": [-5.50466, -2.79569, -33.3676],
						"0.7083": [-6.97396, -6.91091, -39.16939],
						"0.75": [-8.75181, -12.66452, -44.72621],
						"0.7917": [-10.84411, -20.08928, -49.88713],
						"0.8333": [-13.34003, -29.71342, -54.55761],
						"0.875": [-16.22188, -40.6649, -58.75257],
						"0.9167": [-19.65388, -53.69834, -62.25089],
						"0.9583": [-26.60318, -67.42803, -66.09012],
						"1.0": [-35.3251, -86.10628, -69.13573],
						"1.0417": [-45.47726, -106.73784, -71.55172],
						"1.0833": [-57.82789, -132.39146, -73.01751],
						"1.125": [-72.39921, -162.95675, -73.13111],
						"1.1667": [-89.34055, -197.99001, -72.07032],
						"1.2083": [-109.12621, -239.05802, -69.27181],
						"1.3333": [10, -9, 13],
						"1.5": [10, -9, 13],
						"1.8333": [0, 0, -2.09375],
						"2.0833": [0, 0, 0]
					}
				},
				"camera": {
					"rotation": {
						"0.0": [0, 0, 0],
						"0.3333": [0, 0, -2],
						"0.4167": [1, 1, 1],
						"0.5417": [-0.5, -1, -1],
						"0.6667": [0.25, 0, -2],
						"1.1667": [0.59, 0, -0.82],
						"1.625": [0.33, 0.67, -1.2],
						"2.0": [0, 1, -1.3],
						"2.0417": [-1, -2, 1],
						"2.125": [1, 1, 0.2],
						"2.1667": [0.5, -1, 0.8],
						"2.3333": [-0.125, 0, -0.5],
						"2.5833": [0, 0, 0]
					}
				}
			},
			"sound_effects": {
				"0.0": {
					"effect": "taserreload"
				}
			}
		},
		"animation.taser.run": {
			"loop": true,
			"animation_length": 0.6,
			"bones": {
				"0": {
					"rotation": {
						"0.0": {
							"post": [-30.75713, -24.19632, 17.64514],
							"lerp_mode": "catmullrom"
						},
						"0.15": {
							"post": [-32.50513, -20.30305, 24.23867],
							"lerp_mode": "catmullrom"
						},
						"0.3": {
							"post": [-30.96, -24.1963, 16.9],
							"lerp_mode": "catmullrom"
						},
						"0.45": {
							"post": [-30.7364, -31.02547, 12.28916],
							"lerp_mode": "catmullrom"
						},
						"0.6": {
							"post": [-30.75713, -24.19632, 17.64514],
							"lerp_mode": "catmullrom"
						}
					},
					"position": {
						"0.0": {
							"post": [4, -1.5, 0.75],
							"lerp_mode": "catmullrom"
						},
						"0.075": {
							"post": [3.5, -0.75, 0.75],
							"lerp_mode": "catmullrom"
						},
						"0.15": {
							"post": [2.5, -1.5, 0.75],
							"lerp_mode": "catmullrom"
						},
						"0.225": {
							"post": [1.5, -2.25, 0.75],
							"lerp_mode": "catmullrom"
						},
						"0.3": {
							"post": [1, -1.5, 0.75],
							"lerp_mode": "catmullrom"
						},
						"0.375": {
							"post": [1.5, -0.75, 0.75],
							"lerp_mode": "catmullrom"
						},
						"0.45": {
							"post": [2.5, -1.5, 0.7],
							"lerp_mode": "catmullrom"
						},
						"0.525": {
							"post": [3.5, -2.25, 0.75],
							"lerp_mode": "catmullrom"
						},
						"0.6": {
							"post": [4, -1.5, 0.75],
							"lerp_mode": "catmullrom"
						}
					}
				},
				"camera": {
					"rotation": {
						"0.0": {
							"post": [-0.3, -0.3, 0.3],
							"lerp_mode": "catmullrom"
						},
						"0.15": {
							"post": [0.3, 0, -0.3],
							"lerp_mode": "catmullrom"
						},
						"0.3": {
							"post": [-0.3, 0.3, 0.3],
							"lerp_mode": "catmullrom"
						},
						"0.45": {
							"post": [0.3, 0, -0.3],
							"lerp_mode": "catmullrom"
						},
						"0.6": {
							"post": [-0.3, -0.3, 0.3],
							"lerp_mode": "catmullrom"
						}
					}
				}
			}
		},
		"animation.taser.run_fast": {
			"loop": true,
			"animation_length": 0.6,
			"bones": {
				"0": {
					"rotation": {
						"0.0": {
							"post": [-64.40359, 7.54216, -8.29677],
							"lerp_mode": "catmullrom"
						},
						"0.15": {
							"post": [-57.49549, 2.15094, -2.09726],
							"lerp_mode": "catmullrom"
						},
						"0.3": {
							"post": [-64.40359, 7.54216, -8.29677],
							"lerp_mode": "catmullrom"
						},
						"0.45": {
							"post": [-61.1522, 13.31514, -14.3956],
							"lerp_mode": "catmullrom"
						},
						"0.6": {
							"post": [-64.40359, 7.54216, -8.29677],
							"lerp_mode": "catmullrom"
						}
					},
					"position": {
						"0.0": {
							"post": [-4.25, 1.75, 0.75],
							"lerp_mode": "catmullrom"
						},
						"0.075": {
							"post": [-4.75, 2.5, 0.75],
							"lerp_mode": "catmullrom"
						},
						"0.15": {
							"post": [-5.75, 1.75, 0.75],
							"lerp_mode": "catmullrom"
						},
						"0.225": {
							"post": [-6.75, 1, 0.75],
							"lerp_mode": "catmullrom"
						},
						"0.3": {
							"post": [-7.25, 1.75, 0.75],
							"lerp_mode": "catmullrom"
						},
						"0.375": {
							"post": [-6.75, 2.5, 0.75],
							"lerp_mode": "catmullrom"
						},
						"0.45": {
							"post": [-5.75, 1.75, 0.7],
							"lerp_mode": "catmullrom"
						},
						"0.525": {
							"post": [-4.75, 1, 0.75],
							"lerp_mode": "catmullrom"
						},
						"0.6": {
							"post": [-4.25, 1.75, 0.75],
							"lerp_mode": "catmullrom"
						}
					}
				},
				"camera": {
					"rotation": {
						"0.0": {
							"post": [-0.3, -0.3, 0.3],
							"lerp_mode": "catmullrom"
						},
						"0.15": {
							"post": [0.3, 0, -0.3],
							"lerp_mode": "catmullrom"
						},
						"0.3": {
							"post": [-0.3, 0.3, 0.3],
							"lerp_mode": "catmullrom"
						},
						"0.45": {
							"post": [0.3, 0, -0.3],
							"lerp_mode": "catmullrom"
						},
						"0.6": {
							"post": [-0.3, -0.3, 0.3],
							"lerp_mode": "catmullrom"
						}
					}
				},
				"Lefthand": {
					"rotation": [-30, 0, 0],
					"position": [13, -2, 33]
				}
			}
		}
	}
}