{
	"format_version": "1.8.0",
	"animations": {
		"animation.vector.idle": {
			"animation_length": 1
		},
		"animation.vector.edit": {
			"loop": "hold_on_last_frame",
			"animation_length": 0.4083,
			"bones": {
				"0": {
					"rotation": {
						"0.0": [0, 0, 0],
						"0.0667": [-13.37397, -18.59699, -1.83212],
						"0.15": [-17.77391, -60.1281, -10.99134],
						"0.3": [4.29, -70.22, -13.22],
						"0.3583": [2.28664, -70.21598, -13.21611],
						"0.4083": [2.18, -70.22, -13.22]
					},
					"position": {
						"0.0": [0, 0, 0],
						"0.0583": [1.22297, 0.37811, -1.26375],
						"0.1167": [0.12132, 1.14111, -1.71705],
						"0.3": [6.64002, 4.53958, -4.07823],
						"0.3583": [5.42378, 4.29346, -4.09756],
						"0.4083": [5.95, 4.4, -4.09]
					}
				},
				"Righthand": {
					"rotation": ["easeInElastic", "easeInElastic", "easeInElastic"],
					"position": ["easeInElastic", "easeInElastic", "easeInElastic"],
					"scale": 0
				},
				"Lefthand": {
					"rotation": [-51.42913, -7.99833, 65.60001],
					"position": [21.85, -19.65, 7],
					"scale": 0
				}
			}
		},
		"animation.vector.run": {
			"loop": true,
			"animation_length": 0.6,
			"bones": {
				"0": {
					"rotation": {
						"0.0": {
							"post": [-5.00713, -55.69632, 17.64514],
							"lerp_mode": "catmullrom"
						},
						"0.15": {
							"post": [-6.75513, -51.80305, 24.23867],
							"lerp_mode": "catmullrom"
						},
						"0.3": {
							"post": [-5.21, -55.6963, 16.9],
							"lerp_mode": "catmullrom"
						},
						"0.45": {
							"post": [-4.9864, -62.52547, 12.28916],
							"lerp_mode": "catmullrom"
						},
						"0.6": {
							"post": [-5.00713, -55.69632, 17.64514],
							"lerp_mode": "catmullrom"
						}
					},
					"position": {
						"0.0": {
							"post": [7.75, -3.5, 0.75],
							"lerp_mode": "catmullrom"
						},
						"0.075": {
							"post": [7.25, -2.75, 0.75],
							"lerp_mode": "catmullrom"
						},
						"0.15": {
							"post": [6.25, -3.5, 0.75],
							"lerp_mode": "catmullrom"
						},
						"0.225": {
							"post": [5.25, -4.25, 0.75],
							"lerp_mode": "catmullrom"
						},
						"0.3": {
							"post": [4.75, -3.5, 0.75],
							"lerp_mode": "catmullrom"
						},
						"0.375": {
							"post": [5.25, -2.75, 0.75],
							"lerp_mode": "catmullrom"
						},
						"0.45": {
							"post": [6.25, -3.5, 0.7],
							"lerp_mode": "catmullrom"
						},
						"0.525": {
							"post": [7.25, -4.25, 0.75],
							"lerp_mode": "catmullrom"
						},
						"0.6": {
							"post": [7.75, -3.5, 0.75],
							"lerp_mode": "catmullrom"
						}
					}
				},
				"camera": {
					"rotation": {
						"0.0": {
							"post": [-0.3, -0.3, 0.3],
							"lerp_mode": "catmullrom"
						},
						"0.15": {
							"post": [0.3, 0, -0.3],
							"lerp_mode": "catmullrom"
						},
						"0.3": {
							"post": [-0.3, 0.3, 0.3],
							"lerp_mode": "catmullrom"
						},
						"0.45": {
							"post": [0.3, 0, -0.3],
							"lerp_mode": "catmullrom"
						},
						"0.6": {
							"post": [-0.3, -0.3, 0.3],
							"lerp_mode": "catmullrom"
						}
					}
				}
			}
		},
		"animation.vector.run_fast": {
			"loop": true,
			"animation_length": 0.6,
			"bones": {
				"0": {
					"rotation": {
						"0.0": {
							"post": [-64.40359, -1.20784, -0.04677],
							"lerp_mode": "catmullrom"
						},
						"0.15": {
							"post": [-57.49549, -6.59906, 6.15274],
							"lerp_mode": "catmullrom"
						},
						"0.3": {
							"post": [-64.40359, -1.20784, -0.04677],
							"lerp_mode": "catmullrom"
						},
						"0.45": {
							"post": [-61.1522, 4.56514, -6.1456],
							"lerp_mode": "catmullrom"
						},
						"0.6": {
							"post": [-64.40359, -1.20784, -0.04677],
							"lerp_mode": "catmullrom"
						}
					},
					"position": {
						"0.0": {
							"post": [-6.25, 1.75, 2.75],
							"lerp_mode": "catmullrom"
						},
						"0.075": {
							"post": [-6.75, 2.5, 2.75],
							"lerp_mode": "catmullrom"
						},
						"0.15": {
							"post": [-7.75, 1.75, 2.75],
							"lerp_mode": "catmullrom"
						},
						"0.225": {
							"post": [-8.75, 1, 2.75],
							"lerp_mode": "catmullrom"
						},
						"0.3": {
							"post": [-9.25, 1.75, 2.75],
							"lerp_mode": "catmullrom"
						},
						"0.375": {
							"post": [-8.75, 2.5, 2.75],
							"lerp_mode": "catmullrom"
						},
						"0.45": {
							"post": [-7.75, 1.75, 2.7],
							"lerp_mode": "catmullrom"
						},
						"0.525": {
							"post": [-6.75, 1, 2.75],
							"lerp_mode": "catmullrom"
						},
						"0.6": {
							"post": [-6.25, 1.75, 2.75],
							"lerp_mode": "catmullrom"
						}
					}
				},
				"camera": {
					"rotation": {
						"0.0": {
							"post": [-0.3, -0.3, 0.3],
							"lerp_mode": "catmullrom"
						},
						"0.15": {
							"post": [0.3, 0, -0.3],
							"lerp_mode": "catmullrom"
						},
						"0.3": {
							"post": [-0.3, 0.3, 0.3],
							"lerp_mode": "catmullrom"
						},
						"0.45": {
							"post": [0.3, 0, -0.3],
							"lerp_mode": "catmullrom"
						},
						"0.6": {
							"post": [-0.3, -0.3, 0.3],
							"lerp_mode": "catmullrom"
						}
					}
				},
				"Lefthand": {
					"rotation": [-30, 0, 0],
					"position": [13, -2, 33]
				}
			}
		},
		"animation.vector.reload_empty": {
			"loop": "hold_on_last_frame",
			"animation_length": 3.25,
			"override_previous_animation": true,
			"bones": {
				"0": {
					"rotation": {
						"0.0": {
							"post": [0, 0, 0],
							"lerp_mode": "catmullrom"
						},
						"0.2": {
							"post": [-3.74741, -0.11709, -28.68224],
							"lerp_mode": "catmullrom"
						},
						"0.275": {
							"post": [-14.8395, -1.96919, -33.05021],
							"lerp_mode": "catmullrom"
						},
						"0.375": {
							"post": [-15.55015, -4.50651, -31.46327],
							"lerp_mode": "catmullrom"
						},
						"0.45": {
							"post": [-17.29207, -4.09415, -31.23769],
							"lerp_mode": "catmullrom"
						},
						"0.5": {
							"post": [-14.14594, -2.85533, -15.20614],
							"lerp_mode": "catmullrom"
						},
						"0.575": {
							"post": [-16.82379, -4.26859, -27.4651],
							"lerp_mode": "catmullrom"
						},
						"0.675": {
							"post": [-16.14224, -3.55714, -25.20414],
							"lerp_mode": "catmullrom"
						},
						"0.75": {
							"post": [-16.34, -2.3, -27],
							"lerp_mode": "catmullrom"
						},
						"0.925": {
							"post": [-15.27322, -3.58422, -43.67513],
							"lerp_mode": "catmullrom"
						},
						"1.1": {
							"post": [-15.77, -8.84, -46.38],
							"lerp_mode": "catmullrom"
						},
						"1.15": {
							"post": [-14.84112, -9.04448, -42.59555],
							"lerp_mode": "catmullrom"
						},
						"1.35": {
							"post": [-14.22663, -9.38736, -47.94819],
							"lerp_mode": "catmullrom"
						},
						"1.375": {
							"post": [-16.37968, -9.53337, -23.95728],
							"lerp_mode": "catmullrom"
						},
						"1.45": {
							"post": [-16.53252, -8.87124, -31.16848],
							"lerp_mode": "catmullrom"
						},
						"1.525": {
							"post": [-10.27, -7.26, -20.89],
							"lerp_mode": "catmullrom"
						},
						"1.6": {
							"post": [-4.07586, -5.42847, -19.13412],
							"lerp_mode": "catmullrom"
						},
						"1.675": {
							"post": [-4.77271, -3.00166, -10.55267],
							"lerp_mode": "catmullrom"
						},
						"1.75": {
							"post": [-4.65061, 1.04736, -1.45592],
							"lerp_mode": "catmullrom"
						},
						"1.9": {
							"post": [-1.80698, 0.45825, 4.01659],
							"lerp_mode": "catmullrom"
						},
						"2.0": {
							"post": [-4.64631, -0.01063, 0.74984],
							"lerp_mode": "catmullrom"
						},
						"2.075": {
							"post": [-0.48996, 0.76683, 0.75933],
							"lerp_mode": "catmullrom"
						},
						"2.125": {
							"post": [-0.48996, -1.93317, 15.25933],
							"lerp_mode": "catmullrom"
						},
						"2.2": {
							"post": [-0.74, 0.08, 5.25],
							"lerp_mode": "catmullrom"
						},
						"2.325": {
							"post": [-0.00144, -0.05997, -2.80065],
							"lerp_mode": "catmullrom"
						},
						"2.525": {
							"post": [0.4638, 0.14423, 2.4242],
							"lerp_mode": "catmullrom"
						},
						"2.65": {
							"post": [0, 0, 0.5],
							"lerp_mode": "catmullrom"
						},
						"2.75": {
							"post": [0, 0, 0],
							"lerp_mode": "catmullrom"
						}
					},
					"position": {
						"0.0": {
							"post": [0, 0, 0],
							"lerp_mode": "catmullrom"
						},
						"0.075": {
							"post": [-0.255, 0.185, -0.34],
							"lerp_mode": "catmullrom"
						},
						"0.2": {
							"post": [-0.375, -0.325, 1.675],
							"lerp_mode": "catmullrom"
						},
						"0.325": {
							"post": [-0.33, 0.375, 1.155],
							"lerp_mode": "catmullrom"
						},
						"0.45": {
							"post": [-0.44769, 0.88705, 0.71693],
							"lerp_mode": "catmullrom"
						},
						"0.5": {
							"post": [-0.36696, 0.37373, 0.54796],
							"lerp_mode": "catmullrom"
						},
						"0.7": {
							"post": [-0.73, 0.355, 0.685],
							"lerp_mode": "catmullrom"
						},
						"0.95": {
							"post": [-0.69, 0.285, 1.475],
							"lerp_mode": "catmullrom"
						},
						"1.1": {
							"post": [-0.56, 0.31, 0.725],
							"lerp_mode": "catmullrom"
						},
						"1.325": {
							"post": [-0.53, 0.285, 0.535],
							"lerp_mode": "catmullrom"
						},
						"1.375": {
							"post": [-0.455, 1.04, 0.085],
							"lerp_mode": "catmullrom"
						},
						"1.45": {
							"post": [-0.46, 0.23, 0.74],
							"lerp_mode": "catmullrom"
						},
						"1.6": {
							"post": [-0.55, 0.82, -0.115],
							"lerp_mode": "catmullrom"
						},
						"1.725": {
							"post": [-0.325, 0.75, -0.625],
							"lerp_mode": "catmullrom"
						},
						"1.8": {
							"post": [-0.07, -0.19, -1.27],
							"lerp_mode": "catmullrom"
						},
						"1.9": {
							"post": [0.00976, 0.00689, 0.5306],
							"lerp_mode": "catmullrom"
						},
						"2.025": {
							"post": [-0.17311, -0.15503, 0.74176],
							"lerp_mode": "catmullrom"
						},
						"2.225": {
							"post": [-0.18481, -0.10471, 0.5446],
							"lerp_mode": "catmullrom"
						},
						"2.325": {
							"post": [-0.18481, -0.10471, 0.89458],
							"lerp_mode": "catmullrom"
						},
						"2.4": {
							"post": [-0.09, 0, -0.43],
							"lerp_mode": "catmullrom"
						},
						"2.475": {
							"post": [0, 0.0925, 0.2875],
							"lerp_mode": "catmullrom"
						},
						"2.65": {
							"post": [0, -0.05625, -0.075],
							"lerp_mode": "catmullrom"
						},
						"2.75": {
							"post": [0, 0, 0],
							"lerp_mode": "catmullrom"
						}
					}
				},
				"Lefthand": {
					"rotation": {
						"0.15": [0, 0, 0],
						"0.225": [12.22614, -7.7246, -9.42647],
						"0.275": [12.22614, -7.7246, -9.42647],
						"0.35": [7.16278, -0.99077, -19.60174],
						"1.45": [7.16278, -0.99077, -19.60174],
						"1.65": [7.16278, -0.99077, -19.60174],
						"1.775": [20.8743, -9.23144, -13.43511],
						"1.95": [59.91983, 7.84964, -74.06389],
						"2.075": [59.91983, 7.84964, -74.06389],
						"2.175": [28.07207, 3.93608, -46.81146],
						"2.35": [28.07207, 3.93608, -46.81146],
						"2.5": [51.43118, -6.72252, -53.63749],
						"2.6": [0, 0, 0]
					},
					"position": {
						"0.15": [0, 0, 0],
						"0.225": [-0.4, -0.5, 6.38],
						"0.275": [-0.4, -0.5, 6.38],
						"0.35": [0.19, -3.58, 7.83],
						"1.45": [0.19, -3.58, 7.83],
						"1.65": [0.19, -3.58, 7.83],
						"1.775": [2.82, 0.51, 3.59],
						"1.85": [2.6, 3.81, 1.83],
						"1.95": [2.45, 4.6, 2.65],
						"2.075": [2.45, 4.6, 2.65],
						"2.175": [3.45, 2.7, 5.7],
						"2.35": [3.45, 2.7, 5.7],
						"2.425": [3.7, 2.9, 2.65],
						"2.5": [2.7, 0.25, 0.95],
						"2.6": [0, 0, 0]
					}
				},
				"magazine": {
					"rotation": {
						"0.0": [0, 0, 0],
						"0.375": [0, 0, 0],
						"0.45": [0, 0, 0],
						"0.525": [0, 0, 0],
						"0.875": [20.78057, -2.06038, -1.19521],
						"1.125": [-13.86904, -1.92946, -7.76531],
						"1.275": [-4.66815, -1.20591, -4.85332],
						"1.4": [0, 0, 0],
						"1.475": [0, 0, 0]
					},
					"position": {
						"0.0": [0, 0, 0],
						"0.375": [0, 0, 0],
						"0.45": [0, 0, 0],
						"0.525": [0, -4.2, 1.6],
						"0.575": [0, -14, 6],
						"0.725": [0.04926, -21.00658, 11.30939],
						"0.875": [0.6, -14, 4],
						"1.2": [0, -5.11, 1.29],
						"1.275": [0, -5.35, 1.87],
						"1.4": [0, 0, 0],
						"1.475": [0, 0, 0]
					}
				},
				"bolt": {
					"position": {
						"2.075": [0, 0, 0],
						"2.175": [0, 0, 1.7],
						"2.35": [0, 0, 1.7],
						"2.425": [0, 0, 0]
					}
				},
				"handle": {
					"rotation": {
						"2.075": [0, 0, 0],
						"2.175": [0, -76, 0],
						"2.35": [0, -76, 0],
						"2.5": [0, 0, 0]
					}
				},
				"camera": {
					"rotation": {
						"0.0": [0, 0, 0],
						"0.15": [0, 0, 0.1],
						"0.225": [0, 0, 1.3],
						"0.4": [0.3, 0, 1.5],
						"0.45": [0.4, 1, -0.5],
						"0.575": [-1, -0.5, 1.5],
						"0.7": [0.5, 0, 1.2],
						"0.9": [-0.1, 0, 1.1],
						"1.125": [0.2, 0, 2],
						"1.275": [-0.5, 0, 2.2],
						"1.375": [1.5, -0.7, 1.2],
						"1.475": [-0.4, 0.4, -1.1],
						"1.625": [0, 0, 2],
						"1.8": [0, 0, -0.3],
						"1.975": [0.2, 0, 1.1],
						"2.1": [0.7, 0.5, 0.9],
						"2.225": [-0.5, -0.7, -1.5],
						"2.325": [0.2, 0.2, 1.5],
						"2.475": [0, 0, -0.5],
						"2.625": [0, 0, 1],
						"2.8": [0, 0, 0]
					}
				},
				"bullet": {
					"scale": {
						"0.25": [1, 1, 1],
						"0.275": [0, 0, 0],
						"0.9": [0, 0, 0],
						"0.95": [1, 1, 1]
					}
				}
			},
			"sound_effects": {
				"0.0": {
					"effect": "vector_reload_empty"
				}
			}
		},
		"animation.vector.reload_normal": {
			"loop": "hold_on_last_frame",
			"animation_length": 2.5,
			"override_previous_animation": true,
			"bones": {
				"0": {
					"rotation": {
						"0.0": {
							"post": [0, 0, 0],
							"lerp_mode": "catmullrom"
						},
						"0.2": {
							"post": [-3.74741, -0.11709, -28.68224],
							"lerp_mode": "catmullrom"
						},
						"0.275": {
							"post": [-14.8395, -1.96919, -33.05021],
							"lerp_mode": "catmullrom"
						},
						"0.375": {
							"post": [-15.55015, -4.50651, -31.46327],
							"lerp_mode": "catmullrom"
						},
						"0.45": {
							"post": [-17.29207, -4.09415, -31.23769],
							"lerp_mode": "catmullrom"
						},
						"0.5": {
							"post": [-14.14594, -2.85533, -15.20614],
							"lerp_mode": "catmullrom"
						},
						"0.575": {
							"post": [-16.82379, -4.26859, -27.4651],
							"lerp_mode": "catmullrom"
						},
						"0.675": {
							"post": [-14.09224, -3.55714, -25.20414],
							"lerp_mode": "catmullrom"
						},
						"0.75": {
							"post": [-16.34, -2.3, -27],
							"lerp_mode": "catmullrom"
						},
						"0.875": {
							"post": [-15.27322, -3.58422, -43.67513],
							"lerp_mode": "catmullrom"
						},
						"1.075": {
							"post": [-15.77, -8.84, -46.38],
							"lerp_mode": "catmullrom"
						},
						"1.125": {
							"post": [-14.84112, -9.04448, -42.59555],
							"lerp_mode": "catmullrom"
						},
						"1.325": {
							"post": [-14.22663, -9.38736, -47.94819],
							"lerp_mode": "catmullrom"
						},
						"1.35": {
							"post": [-16.37968, -9.53337, -23.95728],
							"lerp_mode": "catmullrom"
						},
						"1.425": {
							"post": [-16.53252, -8.87124, -31.16848],
							"lerp_mode": "catmullrom"
						},
						"1.5": {
							"post": [-10.27, -7.26, -20.89],
							"lerp_mode": "catmullrom"
						},
						"1.575": {
							"post": [-4.07586, -5.42847, -19.13412],
							"lerp_mode": "catmullrom"
						},
						"1.65": {
							"post": [-4.77271, -3.00166, -10.55267],
							"lerp_mode": "catmullrom"
						},
						"1.725": {
							"post": [-4.65061, 1.04736, -1.45592],
							"lerp_mode": "catmullrom"
						},
						"1.85": {
							"post": [-0.00144, -0.05997, 4.24935],
							"lerp_mode": "catmullrom"
						},
						"1.95": {
							"post": [0.4638, 0.14423, -1.6758],
							"lerp_mode": "catmullrom"
						},
						"2.05": {
							"post": [0, 0, 0.5],
							"lerp_mode": "catmullrom"
						},
						"2.125": {
							"post": [0, 0, 0],
							"lerp_mode": "catmullrom"
						}
					},
					"position": {
						"0.0": {
							"post": [0, 0, 0],
							"lerp_mode": "catmullrom"
						},
						"0.075": {
							"post": [-0.255, 0.185, -0.34],
							"lerp_mode": "catmullrom"
						},
						"0.2": {
							"post": [-0.375, -0.325, 1.675],
							"lerp_mode": "catmullrom"
						},
						"0.325": {
							"post": [-0.33, 0.375, 1.155],
							"lerp_mode": "catmullrom"
						},
						"0.45": {
							"post": [-0.44769, 0.88705, 0.71693],
							"lerp_mode": "catmullrom"
						},
						"0.5": {
							"post": [-0.36696, 0.37373, 0.54796],
							"lerp_mode": "catmullrom"
						},
						"0.7": {
							"post": [-0.73, 0.355, 0.685],
							"lerp_mode": "catmullrom"
						},
						"0.9": {
							"post": [-0.69, 0.285, 1.475],
							"lerp_mode": "catmullrom"
						},
						"1.075": {
							"post": [-0.56, 0.31, 0.725],
							"lerp_mode": "catmullrom"
						},
						"1.3": {
							"post": [-0.53, 0.285, 0.535],
							"lerp_mode": "catmullrom"
						},
						"1.35": {
							"post": [-0.455, 1.04, 0.085],
							"lerp_mode": "catmullrom"
						},
						"1.425": {
							"post": [-0.46, 0.23, 0.74],
							"lerp_mode": "catmullrom"
						},
						"1.575": {
							"post": [-0.55, 0.82, -0.115],
							"lerp_mode": "catmullrom"
						},
						"1.7": {
							"post": [-0.325, 0.75, -0.625],
							"lerp_mode": "catmullrom"
						},
						"1.775": {
							"post": [-0.07, -0.19, -1.27],
							"lerp_mode": "catmullrom"
						},
						"1.9": {
							"post": [0, 0.0925, 0.2875],
							"lerp_mode": "catmullrom"
						},
						"2.05": {
							"post": [0, -0.05625, -0.075],
							"lerp_mode": "catmullrom"
						},
						"2.125": {
							"post": [0, 0, 0],
							"lerp_mode": "catmullrom"
						}
					}
				},
				"Lefthand": {
					"rotation": {
						"0.15": [0, 0, 0],
						"0.225": [12.22614, -7.7246, -9.42647],
						"0.275": [12.22614, -7.7246, -9.42647],
						"0.35": [7.16278, -0.99077, -19.60174],
						"1.45": [7.16278, -0.99077, -19.60174],
						"1.5": [7.16278, -0.99077, -19.60174],
						"1.6": [0, 0, 0]
					},
					"position": {
						"0.15": [0, 0, 0],
						"0.225": [-0.4, -0.5, 6.38],
						"0.275": [-0.4, -0.5, 6.38],
						"0.35": [0.19, -3.58, 7.83],
						"1.45": [0.19, -3.58, 7.83],
						"1.5": [0.19, -3.58, 7.83],
						"1.6": [0, 0, 0]
					}
				},
				"magazine": {
					"rotation": {
						"0.0": [0, 0, 0],
						"0.375": [0, 0, 0],
						"0.45": [0, 0, 0],
						"0.525": [0, 0, 0],
						"0.875": [20.78057, -2.06038, -1.19521],
						"1.0": [-13.86904, -1.92946, -7.76531],
						"1.275": [-4.66815, -1.20591, -4.85332],
						"1.4": [0, 0, 0],
						"1.475": [0, 0, 0]
					},
					"position": {
						"0.0": [0, 0, 0],
						"0.375": [0, 0, 0],
						"0.45": [0, 0, 0],
						"0.525": [0, -4.2, 1.6],
						"0.575": [0, -14, 6],
						"0.725": [0.04926, -21.00658, 11.30939],
						"0.875": [0.6, -14, 4],
						"1.075": [0, -5.11, 1.29],
						"1.275": [0, -5.35, 1.87],
						"1.4": [0, 0, 0],
						"1.475": [0, 0, 0]
					}
				},
				"camera": {
					"rotation": {
						"0.0": [0, 0, 0],
						"0.15": [0, 0, 0.1],
						"0.225": [0, 0, 1.3],
						"0.4": [0.3, 0, 1.5],
						"0.45": [0.4, 1, -0.5],
						"0.575": [-1, -0.5, 1.5],
						"0.7": [0.5, 0, 1.2],
						"0.9": [-0.1, 0, 1.1],
						"1.125": [0.2, 0, 2],
						"1.275": [-0.5, 0, 2.2],
						"1.375": [1.5, -0.7, 1.2],
						"1.475": [-0.4, 0.4, -1.1],
						"1.625": [0, 0, 2],
						"1.8": [0, 0, -0.3],
						"1.975": [0, 0, 0]
					}
				}
			},
			"sound_effects": {
				"0.0": {
					"effect": "vector_reload_normal"
				}
			}
		},
		"animation.vector.reload_empty_drum": {
			"loop": "hold_on_last_frame",
			"animation_length": 3.25,
			"override_previous_animation": true,
			"bones": {
				"0": {
					"rotation": {
						"0.0": {
							"post": [0, 0, 0],
							"lerp_mode": "catmullrom"
						},
						"0.2": {
							"post": [-3.74741, -0.11709, -28.68224],
							"lerp_mode": "catmullrom"
						},
						"0.275": {
							"post": [-14.8395, -1.96919, -33.05021],
							"lerp_mode": "catmullrom"
						},
						"0.375": {
							"post": [-15.55015, -4.50651, -31.46327],
							"lerp_mode": "catmullrom"
						},
						"0.45": {
							"post": [-17.29207, -4.09415, -31.23769],
							"lerp_mode": "catmullrom"
						},
						"0.5": {
							"post": [-14.14594, -2.85533, -15.20614],
							"lerp_mode": "catmullrom"
						},
						"0.575": {
							"post": [-16.82379, -4.26859, -27.4651],
							"lerp_mode": "catmullrom"
						},
						"0.675": {
							"post": [-16.14224, -3.55714, -25.20414],
							"lerp_mode": "catmullrom"
						},
						"0.75": {
							"post": [-16.34, -2.3, -27],
							"lerp_mode": "catmullrom"
						},
						"0.925": {
							"post": [-15.27322, -3.58422, -43.67513],
							"lerp_mode": "catmullrom"
						},
						"1.1": {
							"post": [-15.77, -8.84, -46.38],
							"lerp_mode": "catmullrom"
						},
						"1.15": {
							"post": [-14.84112, -9.04448, -42.59555],
							"lerp_mode": "catmullrom"
						},
						"1.35": {
							"post": [-14.22663, -9.38736, -47.94819],
							"lerp_mode": "catmullrom"
						},
						"1.375": {
							"post": [-16.37968, -9.53337, -23.95728],
							"lerp_mode": "catmullrom"
						},
						"1.45": {
							"post": [-16.53252, -8.87124, -31.16848],
							"lerp_mode": "catmullrom"
						},
						"1.525": {
							"post": [-10.27, -7.26, -20.89],
							"lerp_mode": "catmullrom"
						},
						"1.6": {
							"post": [-4.07586, -5.42847, -19.13412],
							"lerp_mode": "catmullrom"
						},
						"1.675": {
							"post": [-4.77271, -3.00166, -10.55267],
							"lerp_mode": "catmullrom"
						},
						"1.75": {
							"post": [-4.65061, 1.04736, -1.45592],
							"lerp_mode": "catmullrom"
						},
						"1.9": {
							"post": [-1.80698, 0.45825, 4.01659],
							"lerp_mode": "catmullrom"
						},
						"2.0": {
							"post": [-4.64631, -0.01063, 0.74984],
							"lerp_mode": "catmullrom"
						},
						"2.075": {
							"post": [-0.48996, 0.76683, 0.75933],
							"lerp_mode": "catmullrom"
						},
						"2.125": {
							"post": [-0.48996, -1.93317, 15.25933],
							"lerp_mode": "catmullrom"
						},
						"2.2": {
							"post": [-0.74, 0.08, 5.25],
							"lerp_mode": "catmullrom"
						},
						"2.325": {
							"post": [-0.00144, -0.05997, -2.80065],
							"lerp_mode": "catmullrom"
						},
						"2.525": {
							"post": [0.4638, 0.14423, 2.4242],
							"lerp_mode": "catmullrom"
						},
						"2.65": {
							"post": [0, 0, 0.5],
							"lerp_mode": "catmullrom"
						},
						"2.75": {
							"post": [0, 0, 0],
							"lerp_mode": "catmullrom"
						}
					},
					"position": {
						"0.0": {
							"post": [0, 0, 0],
							"lerp_mode": "catmullrom"
						},
						"0.075": {
							"post": [-0.255, 0.185, -0.34],
							"lerp_mode": "catmullrom"
						},
						"0.2": {
							"post": [-0.375, -0.325, 1.675],
							"lerp_mode": "catmullrom"
						},
						"0.325": {
							"post": [-0.33, 0.375, 1.155],
							"lerp_mode": "catmullrom"
						},
						"0.45": {
							"post": [-0.44769, 0.88705, 0.71693],
							"lerp_mode": "catmullrom"
						},
						"0.5": {
							"post": [-0.36696, 0.37373, 0.54796],
							"lerp_mode": "catmullrom"
						},
						"0.7": {
							"post": [-0.73, 0.355, 0.685],
							"lerp_mode": "catmullrom"
						},
						"0.95": {
							"post": [-0.69, 0.285, 1.475],
							"lerp_mode": "catmullrom"
						},
						"1.1": {
							"post": [-0.56, 0.31, 0.725],
							"lerp_mode": "catmullrom"
						},
						"1.325": {
							"post": [-0.53, 0.285, 0.535],
							"lerp_mode": "catmullrom"
						},
						"1.375": {
							"post": [-0.455, 1.04, 0.085],
							"lerp_mode": "catmullrom"
						},
						"1.45": {
							"post": [-0.46, 0.23, 0.74],
							"lerp_mode": "catmullrom"
						},
						"1.6": {
							"post": [-0.55, 0.82, -0.115],
							"lerp_mode": "catmullrom"
						},
						"1.725": {
							"post": [-0.325, 0.75, -0.625],
							"lerp_mode": "catmullrom"
						},
						"1.8": {
							"post": [-0.07, -0.19, -1.27],
							"lerp_mode": "catmullrom"
						},
						"1.9": {
							"post": [0.00976, 0.00689, 0.5306],
							"lerp_mode": "catmullrom"
						},
						"2.025": {
							"post": [-0.17311, -0.15503, 0.74176],
							"lerp_mode": "catmullrom"
						},
						"2.225": {
							"post": [-0.18481, -0.10471, 0.5446],
							"lerp_mode": "catmullrom"
						},
						"2.325": {
							"post": [-0.18481, -0.10471, 0.89458],
							"lerp_mode": "catmullrom"
						},
						"2.4": {
							"post": [-0.09, 0, -0.43],
							"lerp_mode": "catmullrom"
						},
						"2.475": {
							"post": [0, 0.0925, 0.2875],
							"lerp_mode": "catmullrom"
						},
						"2.65": {
							"post": [0, -0.05625, -0.075],
							"lerp_mode": "catmullrom"
						},
						"2.75": {
							"post": [0, 0, 0],
							"lerp_mode": "catmullrom"
						}
					}
				},
				"Lefthand": {
					"rotation": {
						"0.15": [0, 0, 0],
						"0.225": [12.22614, -7.7246, -9.42647],
						"0.275": [12.22614, -7.7246, -9.42647],
						"0.4": [31.37743, 17.91777, -18.71337],
						"1.45": [31.37743, 17.91777, -18.71337],
						"1.65": [7.16278, -0.99077, -19.60174],
						"1.775": [20.8743, -9.23144, -13.43511],
						"1.95": [59.91983, 7.84964, -74.06389],
						"2.075": [59.91983, 7.84964, -74.06389],
						"2.175": [28.07207, 3.93608, -46.81146],
						"2.35": [28.07207, 3.93608, -46.81146],
						"2.5": [51.43118, -6.72252, -53.63749],
						"2.6": [0, 0, 0]
					},
					"position": {
						"0.15": [0, 0, 0],
						"0.225": [-0.4, -0.5, 6.38],
						"0.275": [-0.4, -0.5, 6.38],
						"0.4": [4.79, -3.78, 7.83],
						"1.45": [4.79, -3.78, 7.83],
						"1.65": [0.19, -3.58, 7.83],
						"1.775": [2.82, 0.51, 3.59],
						"1.85": [2.6, 3.81, 1.83],
						"1.95": [2.45, 4.6, 2.65],
						"2.075": [2.45, 4.6, 2.65],
						"2.175": [3.45, 2.7, 5.7],
						"2.35": [3.45, 2.7, 5.7],
						"2.425": [3.7, 2.9, 2.65],
						"2.5": [2.7, 0.25, 0.95],
						"2.6": [0, 0, 0]
					}
				},
				"magazine": {
					"rotation": {
						"0.0": [0, 0, 0],
						"0.375": [0, 0, 0],
						"0.45": [0, 0, 0],
						"0.525": [0, 0, 0],
						"0.875": [20.78057, -2.06038, -1.19521],
						"1.125": [-13.86904, -1.92946, -7.76531],
						"1.275": [-4.66815, -1.20591, -4.85332],
						"1.4": [0, 0, 0],
						"1.475": [0, 0, 0]
					},
					"position": {
						"0.0": [0, 0, 0],
						"0.375": [0, 0, 0],
						"0.45": [0, 0, 0],
						"0.525": [0, -4.2, 1.6],
						"0.575": [0, -14, 6],
						"0.725": [0.04926, -21.00658, 11.30939],
						"0.875": [0.6, -14, 4],
						"1.2": [0, -5.11, 1.29],
						"1.275": [0, -5.35, 1.87],
						"1.4": [0, 0, 0],
						"1.475": [0, 0, 0]
					}
				},
				"bolt": {
					"position": {
						"2.075": [0, 0, 0],
						"2.175": [0, 0, 1.7],
						"2.35": [0, 0, 1.7],
						"2.425": [0, 0, 0]
					}
				},
				"handle": {
					"rotation": {
						"2.075": [0, 0, 0],
						"2.175": [0, -76, 0],
						"2.35": [0, -76, 0],
						"2.5": [0, 0, 0]
					}
				},
				"bullet": {
					"scale": {
						"0.25": [1, 1, 1],
						"0.275": [0, 0, 0],
						"0.9": [0, 0, 0],
						"0.95": [1, 1, 1]
					}
				},
				"camera": {
					"rotation": {
						"0.0": [0, 0, 0],
						"0.15": [0, 0, 0.1],
						"0.225": [0, 0, 1.3],
						"0.4": [0.3, 0, 1.5],
						"0.45": [0.4, 1, -0.5],
						"0.575": [-1, -0.5, 1.5],
						"0.7": [0.5, 0, 1.2],
						"0.9": [-0.1, 0, 1.1],
						"1.125": [0.2, 0, 2],
						"1.275": [-0.5, 0, 2.2],
						"1.375": [1.5, -0.7, 1.2],
						"1.475": [-0.4, 0.4, -1.1],
						"1.625": [0, 0, 2],
						"1.8": [0, 0, -0.3],
						"1.975": [0.2, 0, 2],
						"2.1": [1, 2, 1.8],
						"2.225": [-1.5, -3, -1.5],
						"2.325": [0.2, 1.5, 1.5],
						"2.475": [0, 0, -0.5],
						"2.625": [0, 0, 1],
						"2.8": [0, 0, 0]
					}
				}
			},
			"sound_effects": {
				"0.0": {
					"effect": "vector_reload_empty"
				}
			}
		},
		"animation.vector.reload_normal_drum": {
			"loop": "hold_on_last_frame",
			"animation_length": 2.875,
			"override_previous_animation": true,
			"bones": {
				"0": {
					"rotation": {
						"0.0": {
							"post": [0, 0, 0],
							"lerp_mode": "catmullrom"
						},
						"0.2": {
							"post": [-3.74741, -0.11709, -28.68224],
							"lerp_mode": "catmullrom"
						},
						"0.275": {
							"post": [-14.8395, -1.96919, -33.05021],
							"lerp_mode": "catmullrom"
						},
						"0.375": {
							"post": [-15.55015, -4.50651, -31.46327],
							"lerp_mode": "catmullrom"
						},
						"0.45": {
							"post": [-17.29207, -4.09415, -31.23769],
							"lerp_mode": "catmullrom"
						},
						"0.5": {
							"post": [-14.14594, -2.85533, -15.20614],
							"lerp_mode": "catmullrom"
						},
						"0.575": {
							"post": [-16.82379, -4.26859, -27.4651],
							"lerp_mode": "catmullrom"
						},
						"0.675": {
							"post": [-14.09224, -3.55714, -25.20414],
							"lerp_mode": "catmullrom"
						},
						"0.75": {
							"post": [-16.34, -2.3, -27],
							"lerp_mode": "catmullrom"
						},
						"0.875": {
							"post": [-15.27322, -3.58422, -43.67513],
							"lerp_mode": "catmullrom"
						},
						"1.075": {
							"post": [-15.77, -8.84, -46.38],
							"lerp_mode": "catmullrom"
						},
						"1.125": {
							"post": [-14.84112, -9.04448, -42.59555],
							"lerp_mode": "catmullrom"
						},
						"1.325": {
							"post": [-14.22663, -9.38736, -47.94819],
							"lerp_mode": "catmullrom"
						},
						"1.35": {
							"post": [-16.37968, -9.53337, -23.95728],
							"lerp_mode": "catmullrom"
						},
						"1.425": {
							"post": [-16.53252, -8.87124, -31.16848],
							"lerp_mode": "catmullrom"
						},
						"1.5": {
							"post": [-10.27, -7.26, -20.89],
							"lerp_mode": "catmullrom"
						},
						"1.575": {
							"post": [-4.07586, -5.42847, -19.13412],
							"lerp_mode": "catmullrom"
						},
						"1.65": {
							"post": [-4.77271, -3.00166, -10.55267],
							"lerp_mode": "catmullrom"
						},
						"1.725": {
							"post": [-4.65061, 1.04736, -1.45592],
							"lerp_mode": "catmullrom"
						},
						"1.85": {
							"post": [-0.00144, -0.05997, 4.24935],
							"lerp_mode": "catmullrom"
						},
						"1.95": {
							"post": [0.4638, 0.14423, -1.6758],
							"lerp_mode": "catmullrom"
						},
						"2.05": {
							"post": [0, 0, 0.5],
							"lerp_mode": "catmullrom"
						},
						"2.125": {
							"post": [0, 0, 0],
							"lerp_mode": "catmullrom"
						}
					},
					"position": {
						"0.0": {
							"post": [0, 0, 0],
							"lerp_mode": "catmullrom"
						},
						"0.075": {
							"post": [-0.255, 0.185, -0.34],
							"lerp_mode": "catmullrom"
						},
						"0.2": {
							"post": [-0.375, -0.325, 1.675],
							"lerp_mode": "catmullrom"
						},
						"0.325": {
							"post": [-0.33, 0.375, 1.155],
							"lerp_mode": "catmullrom"
						},
						"0.45": {
							"post": [-0.44769, 0.88705, 0.71693],
							"lerp_mode": "catmullrom"
						},
						"0.5": {
							"post": [-0.36696, 0.37373, 0.54796],
							"lerp_mode": "catmullrom"
						},
						"0.7": {
							"post": [-0.73, 0.355, 0.685],
							"lerp_mode": "catmullrom"
						},
						"0.9": {
							"post": [-0.69, 0.285, 1.475],
							"lerp_mode": "catmullrom"
						},
						"1.075": {
							"post": [-0.56, 0.31, 0.725],
							"lerp_mode": "catmullrom"
						},
						"1.3": {
							"post": [-0.53, 0.285, 0.535],
							"lerp_mode": "catmullrom"
						},
						"1.35": {
							"post": [-0.455, 1.04, 0.085],
							"lerp_mode": "catmullrom"
						},
						"1.425": {
							"post": [-0.46, 0.23, 0.74],
							"lerp_mode": "catmullrom"
						},
						"1.575": {
							"post": [-0.55, 0.82, -0.115],
							"lerp_mode": "catmullrom"
						},
						"1.7": {
							"post": [-0.325, 0.75, -0.625],
							"lerp_mode": "catmullrom"
						},
						"1.775": {
							"post": [-0.07, -0.19, -1.27],
							"lerp_mode": "catmullrom"
						},
						"1.9": {
							"post": [0, 0.0925, 0.2875],
							"lerp_mode": "catmullrom"
						},
						"2.05": {
							"post": [0, -0.05625, -0.075],
							"lerp_mode": "catmullrom"
						},
						"2.125": {
							"post": [0, 0, 0],
							"lerp_mode": "catmullrom"
						}
					}
				},
				"Lefthand": {
					"rotation": {
						"0.15": [0, 0, 0],
						"0.225": [12.22614, -7.7246, -9.42647],
						"0.275": [12.22614, -7.7246, -9.42647],
						"0.4": [31.37743, 17.91777, -18.71337],
						"1.45": [31.37743, 17.91777, -18.71337],
						"1.5": [31.37743, 17.91777, -18.71337],
						"1.6": [0, 0, 0]
					},
					"position": {
						"0.15": [0, 0, 0],
						"0.225": [-0.4, -0.5, 6.38],
						"0.275": [-0.4, -0.5, 6.38],
						"0.4": [4.79, -3.78, 7.83],
						"1.45": [4.79, -3.78, 7.83],
						"1.5": [4.79, -3.78, 7.83],
						"1.6": [0, 0, 0]
					}
				},
				"magazine": {
					"rotation": {
						"0.0": [0, 0, 0],
						"0.375": [0, 0, 0],
						"0.45": [0, 0, 0],
						"0.525": [0, 0, 0],
						"0.875": [20.78057, -2.06038, -1.19521],
						"1.0": [-13.86904, -1.92946, -7.76531],
						"1.275": [-4.66815, -1.20591, -4.85332],
						"1.4": [0, 0, 0],
						"1.475": [0, 0, 0]
					},
					"position": {
						"0.0": [0, 0, 0],
						"0.375": [0, 0, 0],
						"0.45": [0, 0, 0],
						"0.525": [0, -4.2, 1.6],
						"0.575": [0, -14, 6],
						"0.725": [0.04926, -21.00658, 11.30939],
						"0.875": [0.6, -14, 4],
						"1.075": [0, -5.11, 1.29],
						"1.275": [0, -5.35, 1.87],
						"1.4": [0, 0, 0],
						"1.475": [0, 0, 0]
					}
				},
				"camera": {
					"rotation": {
						"0.0": [0, 0, 0],
						"0.15": [0, 0, 0.1],
						"0.225": [0, 0, 1.3],
						"0.4": [0.3, 0, 1.5],
						"0.45": [0.4, 1, -0.5],
						"0.575": [-1, -0.5, 1.5],
						"0.7": [0.5, 0, 1.2],
						"0.9": [-0.1, 0, 1.1],
						"1.125": [0.2, 0, 2],
						"1.275": [-0.5, 0, 2.2],
						"1.375": [1.5, -0.7, 1.2],
						"1.475": [-0.4, 0.4, -1.1],
						"1.625": [0, 0, 2],
						"1.8": [0, 0, -0.3],
						"1.975": [0, 0, 0]
					}
				}
			},
			"sound_effects": {
				"0.0": {
					"effect": "vector_reload_normal"
				}
			}
		}
	}
}