{
  "credit": "Made with Blockbench",
  "texture_size": [64, 64],
  "elements": [
    {
      "from": [1.35391, -2.94254, 6.75],
      "to": [2.35391, 20.05746, 8.75],
      "rotation": {"angle": 45, "axis": "x", "origin": [8.35391, 8.70746, 8]},
      "faces": {
        "north": {"uv": [5, 2, 5.25, 7.75], "texture": "#1"},
        "east": {"uv": [0.5, 0, 1, 5.75], "texture": "#1"},
        "south": {"uv": [5.25, 2, 5.5, 7.75], "texture": "#1"},
        "west": {"uv": [0, 0, 0.5, 5.75], "texture": "#1"},
        "up": {"uv": [1, 6, 0.5, 5.75], "rotation": 270, "texture": "#1"},
        "down": {"uv": [1.5, 5.75, 1, 6], "rotation": 90, "texture": "#1"}
      }
    },
    {
      "from": [0.35391, -2.44203, 7.7505],
      "to": [1.35391, 19.55797, 9.7505],
      "rotation": {"angle": -45, "axis": "x", "origin": [8.35391, 8.70746, 8]},
      "faces": {
        "north": {"uv": [2.25, 5.5, 2.5, 11], "texture": "#1"},
        "east": {"uv": [2.5, 0, 3, 5.5], "texture": "#1"},
        "south": {"uv": [2.5, 5.5, 2.75, 11], "texture": "#1"},
        "west": {"uv": [2, 0, 2.5, 5.5], "texture": "#1"},
        "up": {"uv": [2, 6, 1.5, 5.75], "rotation": 270, "texture": "#1"},
        "down": {"uv": [6.25, 2, 5.75, 2.25], "rotation": 90, "texture": "#1"}
      }
    },
    {
      "from": [0.25391, 8.05797, 8.2505],
      "to": [0.35391, 9.05797, 9.2505],
      "rotation": {"angle": -45, "axis": "x", "origin": [8.35391, 8.70746, 8]},
      "faces": {
        "north": {"uv": [5.75, 3.25, 6, 3.5], "texture": "#1"},
        "east": {"uv": [5.75, 3.5, 6, 3.75], "texture": "#1"},
        "south": {"uv": [3.75, 5.75, 4, 6], "texture": "#1"},
        "west": {"uv": [3.75, 5.5, 4, 5.75], "texture": "#1"},
        "up": {"uv": [6, 4, 5.75, 3.75], "rotation": 270, "texture": "#1"},
        "down": {"uv": [6, 4, 5.75, 4.25], "rotation": 90, "texture": "#1"}
      }
    },
    {
      "from": [16.35391, 8.05797, 8.2505],
      "to": [16.45391, 9.05797, 9.2505],
      "rotation": {"angle": -45, "axis": "x", "origin": [8.35391, 8.70746, 8]},
      "faces": {
        "north": {"uv": [5.75, 4.5, 6, 4.75], "texture": "#1"},
        "east": {"uv": [5.75, 4.75, 6, 5], "texture": "#1"},
        "south": {"uv": [5.75, 5, 6, 5.25], "texture": "#1"},
        "west": {"uv": [5.75, 4.25, 6, 4.5], "texture": "#1"},
        "up": {"uv": [6, 5.5, 5.75, 5.25], "rotation": 270, "texture": "#1"},
        "down": {"uv": [6, 5.5, 5.75, 5.75], "rotation": 90, "texture": "#1"}
      }
    },
    {
      "from": [14.35391, -2.94254, 6.75],
      "to": [15.35391, 20.05746, 8.75],
      "rotation": {"angle": 45, "axis": "x", "origin": [8.35391, 8.70746, 8]},
      "faces": {
        "north": {"uv": [2, 5.5, 2.25, 11.25], "texture": "#1"},
        "east": {"uv": [1.5, 0, 2, 5.75], "texture": "#1"},
        "south": {"uv": [5.5, 2, 5.75, 7.75], "texture": "#1"},
        "west": {"uv": [1, 0, 1.5, 5.75], "texture": "#1"},
        "up": {"uv": [6.25, 2.5, 5.75, 2.25], "rotation": 270, "texture": "#1"},
        "down": {"uv": [6.25, 2.5, 5.75, 2.75], "rotation": 90, "texture": "#1"}
      }
    },
    {
      "from": [0.85391, 8.95746, 8.75],
      "to": [15.85391, 10.95746, 10.75],
      "rotation": {"angle": 45, "axis": "x", "origin": [8.35391, 8.70746, 8]},
      "faces": {
        "north": {"uv": [4, 0, 7.75, 0.5], "texture": "#1"},
        "east": {"uv": [0, 5.75, 0.5, 6.25], "texture": "#1"},
        "south": {"uv": [4, 0.5, 7.75, 1], "texture": "#1"},
        "west": {"uv": [3.25, 5.5, 3.75, 6], "texture": "#1"},
        "up": {"uv": [4.5, 4.75, 4, 1], "rotation": 270, "texture": "#1"},
        "down": {"uv": [5, 1, 4.5, 4.75], "rotation": 90, "texture": "#1"}
      }
    },
    {
      "from": [15.35391, -2.44203, 7.7505],
      "to": [16.35391, 19.55797, 9.7505],
      "rotation": {"angle": -45, "axis": "x", "origin": [8.35391, 8.70746, 8]},
      "faces": {
        "north": {"uv": [2.75, 5.5, 3, 11], "texture": "#1"},
        "east": {"uv": [3.5, 0, 4, 5.5], "texture": "#1"},
        "south": {"uv": [3, 5.5, 3.25, 11], "texture": "#1"},
        "west": {"uv": [3, 0, 3.5, 5.5], "texture": "#1"},
        "up": {"uv": [6.25, 3, 5.75, 2.75], "rotation": 270, "texture": "#1"},
        "down": {"uv": [6.25, 3, 5.75, 3.25], "rotation": 90, "texture": "#1"}
      }
    },
    {
      "from": [1.35391, 6.95746, 17.75],
      "to": [15.35391, 8.95746, 17.75],
      "rotation": {"angle": 45, "axis": "x", "origin": [8.35391, 8.70746, 8]},
      "faces": {
        "north": {"uv": [5, 1, 8.5, 1.5], "texture": "#1"},
        "east": {"uv": [0, 0, 0, 0.5], "texture": "#1"},
        "south": {"uv": [5, 1.5, 8.5, 2], "texture": "#1"},
        "west": {"uv": [0, 0, 0, 0.5], "texture": "#1"},
        "up": {"uv": [0, 3.5, 0, 0], "rotation": 270, "texture": "#1"},
        "down": {"uv": [0, 0, 0, 3.5], "rotation": 90, "texture": "#1"}
      }
    },
    {
      "from": [1.35391, 7.95746, 16.75],
      "to": [15.35391, 7.95746, 18.75],
      "rotation": {"angle": 45, "axis": "x", "origin": [8.35391, 8.70746, 8]},
      "faces": {
        "north": {"uv": [0, 0, 3.5, 0], "texture": "#1"},
        "east": {"uv": [0, 0, 0.5, 0], "texture": "#1"},
        "south": {"uv": [0, 0, 3.5, 0], "texture": "#1"},
        "west": {"uv": [0, 0, 0.5, 0], "texture": "#1"},
        "up": {"uv": [4.5, 8.25, 4, 4.75], "rotation": 270, "texture": "#1"},
        "down": {"uv": [5, 4.75, 4.5, 8.25], "rotation": 90, "texture": "#1"}
      }
    },
    {
      "from": [1.35391, 17.95746, 7.75],
      "to": [15.35391, 19.95746, 7.75],
      "rotation": {"angle": 45, "axis": "x", "origin": [8.35391, 8.70746, 8]},
      "faces": {
        "north": {"uv": [5, 1, 8.5, 1.5], "texture": "#1"},
        "east": {"uv": [0, 0, 0, 0.5], "texture": "#1"},
        "south": {"uv": [5, 1.5, 8.5, 2], "texture": "#1"},
        "west": {"uv": [0, 0, 0, 0.5], "texture": "#1"},
        "up": {"uv": [0, 3.5, 0, 0], "rotation": 270, "texture": "#1"},
        "down": {"uv": [0, 0, 0, 3.5], "rotation": 90, "texture": "#1"}
      }
    },
    {
      "from": [1.35391, 18.95746, 6.75],
      "to": [15.35391, 18.95746, 8.75],
      "rotation": {"angle": 45, "axis": "x", "origin": [8.35391, 8.70746, 8]},
      "faces": {
        "north": {"uv": [0, 0, 3.5, 0], "texture": "#1"},
        "east": {"uv": [0, 0, 0.5, 0], "texture": "#1"},
        "south": {"uv": [0, 0, 3.5, 0], "texture": "#1"},
        "west": {"uv": [0, 0, 0.5, 0], "texture": "#1"},
        "up": {"uv": [4.5, 8.25, 4, 4.75], "rotation": 270, "texture": "#1"},
        "down": {"uv": [5, 4.75, 4.5, 8.25], "rotation": 90, "texture": "#1"}
      }
    },
    {
      "from": [1.35391, -2.04254, 7.75],
      "to": [15.35391, -0.04254, 7.75],
      "rotation": {"angle": 45, "axis": "x", "origin": [8.35391, 8.70746, 8]},
      "faces": {
        "north": {"uv": [5, 1, 8.5, 1.5], "texture": "#1"},
        "east": {"uv": [0, 0, 0, 0.5], "texture": "#1"},
        "south": {"uv": [5, 1.5, 8.5, 2], "texture": "#1"},
        "west": {"uv": [0, 0, 0, 0.5], "texture": "#1"},
        "up": {"uv": [0, 3.5, 0, 0], "rotation": 270, "texture": "#1"},
        "down": {"uv": [0, 0, 0, 3.5], "rotation": 90, "texture": "#1"}
      }
    },
    {
      "from": [1.35391, -1.04254, 6.75],
      "to": [15.35391, -1.04254, 8.75],
      "rotation": {"angle": 45, "axis": "x", "origin": [8.35391, 8.70746, 8]},
      "faces": {
        "north": {"uv": [0, 0, 3.5, 0], "texture": "#1"},
        "east": {"uv": [0, 0, 0.5, 0], "texture": "#1"},
        "south": {"uv": [0, 0, 3.5, 0], "texture": "#1"},
        "west": {"uv": [0, 0, 0.5, 0], "texture": "#1"},
        "up": {"uv": [4.5, 8.25, 4, 4.75], "rotation": 270, "texture": "#1"},
        "down": {"uv": [5, 4.75, 4.5, 8.25], "rotation": 90, "texture": "#1"}
      }
    },
    {
      "from": [1.35391, 7.95746, -2.25],
      "to": [15.35391, 7.95746, -0.25],
      "rotation": {"angle": 45, "axis": "x", "origin": [8.35391, 8.70746, 8]},
      "faces": {
        "north": {"uv": [0, 0, 3.5, 0], "texture": "#1"},
        "east": {"uv": [0, 0, 0.5, 0], "texture": "#1"},
        "south": {"uv": [0, 0, 3.5, 0], "texture": "#1"},
        "west": {"uv": [0, 0, 0.5, 0], "texture": "#1"},
        "up": {"uv": [4.5, 8.25, 4, 4.75], "rotation": 270, "texture": "#1"},
        "down": {"uv": [5, 4.75, 4.5, 8.25], "rotation": 90, "texture": "#1"}
      }
    },
    {
      "from": [1.35391, 6.95746, -1.25],
      "to": [15.35391, 8.95746, -1.25],
      "rotation": {"angle": 45, "axis": "x", "origin": [8.35391, 8.70746, 8]},
      "faces": {
        "north": {"uv": [5, 1, 8.5, 1.5], "texture": "#1"},
        "east": {"uv": [0, 0, 0, 0.5], "texture": "#1"},
        "south": {"uv": [5, 1.5, 8.5, 2], "texture": "#1"},
        "west": {"uv": [0, 0, 0, 0.5], "texture": "#1"},
        "up": {"uv": [0, 3.5, 0, 0], "rotation": 270, "texture": "#1"},
        "down": {"uv": [0, 0, 0, 3.5], "rotation": 90, "texture": "#1"}
      }
    }
  ],
  "gui_light": "front",
  "display": {
    "thirdperson_righthand": {
      "translation": [0, 1, -3.5],
      "scale": [0.5, 0.5, 0.5]
    },
    "thirdperson_lefthand": {
      "translation": [0, 1, -3.5],
      "scale": [0.5, 0.5, 0.5]
    },
    "firstperson_righthand": {
      "rotation": [21.15, 23.99, -8.94],
      "translation": [0, 3.5, -0.5],
      "scale": [0.5, 0.5, 0.5]
    },
    "firstperson_lefthand": {
      "rotation": [21.15, 23.99, -8.94],
      "translation": [0, 3.5, -0.5],
      "scale": [0.5, 0.5, 0.5]
    },
    "ground": {
      "translation": [0, 3.25, 0],
      "scale": [0.4, 0.4, 0.4]
    },
    "gui": {
      "rotation": [19.29, 47.82, -2.83],
      "translation": [0, 0, -6.25],
      "scale": [0.6, 0.6, 0.6]
    },
    "head": {
      "translation": [0, 14.25, 0]
    },
    "fixed": {
      "rotation": [0, 90, 0],
      "translation": [0, 0, -6.25]
    }
  },
  "groups": [
    {
      "name": "group",
      "origin": [15, 1, 15],
      "color": 0,
      "children": [
        {
          "name": "group",
          "origin": [8.35391, 8.70746, 8],
          "color": 0,
          "children": [0, 1, 2, 3, 4, 5, 6, 7, 8, 9, 10, 11, 12, 13, 14]
        }
      ]
    }
  ],
  "textures": {
    "particle": "superbwarfare:block/sandbag",
    "1": "superbwarfare:block/barbed_wire"
  },
  "render_type": "cutout"
}