{
	"format_version": "1.12.0",
	"minecraft:geometry": [
		{
			"description": {
				"identifier": "geometry.unknown",
				"texture_width": 128,
				"texture_height": 128,
				"visible_bounds_width": 8,
				"visible_bounds_height": 9,
				"visible_bounds_offset": [0, 2.5, 0]
			},
			"bones": [
				{
					"name": "agm65",
					"pivot": [0, 0, 0]
				},
				{
					"name": "flare",
					"parent": "agm65",
					"pivot": [0, 27.33, 0],
					"cubes": [
						{
							"origin": [-35.175, 27.39, -1.575],
							"size": [33.6, 0, 3.15],
							"uv": {
								"up": {"uv": [18, 128], "uv_size": [-18, -2]},
								"down": {"uv": [18, 128], "uv_size": [-18, -2]}
							}
						},
						{
							"origin": [-51.975, 27.39, -1.575],
							"size": [50.4, 0, 3.15],
							"pivot": [0, 28.335, 0],
							"rotation": [0, 90, 0],
							"uv": {
								"up": {"uv": [18, 128], "uv_size": [-18, -2]},
								"down": {"uv": [18, 128], "uv_size": [-18, -2]}
							}
						},
						{
							"origin": [-35.175, 27.39, -1.575],
							"size": [33.6, 0, 3.15],
							"pivot": [0, 28.335, 0],
							"rotation": [0, 180, 0],
							"uv": {
								"up": {"uv": [18, 128], "uv_size": [-18, -2]},
								"down": {"uv": [18, 128], "uv_size": [-18, -2]}
							}
						},
						{
							"origin": [-33.6, 58.785, -2.1],
							"size": [67.2, 0, 4.2],
							"pivot": [0, 58.785, 0],
							"rotation": [135, 0, 90],
							"uv": {
								"up": {"uv": [18, 128], "uv_size": [-18, -2]},
								"down": {"uv": [18, 128], "uv_size": [-18, -2]}
							}
						},
						{
							"origin": [-33.6, 58.785, -2.1],
							"size": [67.2, 0, 4.2],
							"pivot": [0, 58.785, 0],
							"rotation": [-135, 0, 90],
							"uv": {
								"up": {"uv": [18, 128], "uv_size": [-18, -2]},
								"down": {"uv": [18, 128], "uv_size": [-18, -2]}
							}
						},
						{
							"origin": [-51.975, 27.39, -1.575],
							"size": [50.4, 0, 3.15],
							"pivot": [0, 28.335, 0],
							"rotation": [0, -90, 0],
							"uv": {
								"up": {"uv": [18, 128], "uv_size": [-18, -2]},
								"down": {"uv": [18, 128], "uv_size": [-18, -2]}
							}
						},
						{
							"origin": [-5.775, 27.39, -5.775],
							"size": [11.55, 0, 11.55],
							"pivot": [0, 27.39, 0],
							"rotation": [0, -45, 0],
							"uv": {
								"up": {"uv": [2, 128], "uv_size": [-2, -2]},
								"down": {"uv": [2, 128], "uv_size": [-2, -2]}
							}
						},
						{
							"origin": [-5.25, 31.065, -5.25],
							"size": [10.5, 0, 10.5],
							"pivot": [0, 31.065, 0],
							"rotation": [90, -45, 0],
							"uv": {
								"up": {"uv": [2, 128], "uv_size": [-2, -2]},
								"down": {"uv": [2, 128], "uv_size": [-2, -2]}
							}
						},
						{
							"origin": [-5.25, 31.065, -5.25],
							"size": [10.5, 0, 10.5],
							"pivot": [0, 31.065, 0],
							"rotation": [90, 45, 0],
							"uv": {
								"up": {"uv": [2, 128], "uv_size": [-2, -2]},
								"down": {"uv": [2, 128], "uv_size": [-2, -2]}
							}
						}
					]
				},
				{
					"name": "bone",
					"parent": "agm65",
					"pivot": [0, 0, 0],
					"rotation": [90, 0, 0]
				},
				{
					"name": "bone1",
					"parent": "bone",
					"pivot": [0, 0, -2],
					"cubes": [
						{
							"origin": [-26.28724, -3.04855, -2.26276],
							"size": [53.57449, 6.09709, 2.52549],
							"pivot": [0, 0, -1],
							"rotation": [0, -90, 90],
							"uv": {
								"west": {"uv": [54, 0], "uv_size": [3, 6]},
								"up": {"uv": [0, 0], "uv_size": [54, 3]},
								"down": {"uv": [0, 6], "uv_size": [54, -3]}
							}
						},
						{
							"origin": [-26.28725, -3.04853, -2.26277],
							"size": [53.57449, 6.09709, 2.52549],
							"pivot": [0, 0, -1],
							"rotation": [0, -90, 0],
							"uv": {
								"west": {"uv": [54, 36], "uv_size": [3, 6]},
								"up": {"uv": [0, 18], "uv_size": [54, 3]},
								"down": {"uv": [0, 24], "uv_size": [54, -3]}
							}
						},
						{
							"origin": [-26.28725, -3.04853, -2.26276],
							"size": [53.57449, 6.09709, 2.52549],
							"pivot": [0, 0, -1],
							"rotation": [0, -90, 45],
							"uv": {
								"east": {"uv": [54, 18], "uv_size": [3, 6]},
								"west": {"uv": [54, 30], "uv_size": [3, 6]},
								"up": {"uv": [0, 12], "uv_size": [54, 3]},
								"down": {"uv": [0, 18], "uv_size": [54, -3]}
							}
						},
						{
							"origin": [-26.28725, -3.04856, -2.26276],
							"size": [53.57449, 6.09709, 2.52549],
							"pivot": [0, 0, -1],
							"rotation": [0, -90, 135],
							"uv": {
								"east": {"uv": [54, 6], "uv_size": [3, 6]},
								"west": {"uv": [54, 12], "uv_size": [3, 6]},
								"up": {"uv": [0, 6], "uv_size": [54, 3]},
								"down": {"uv": [0, 12], "uv_size": [54, -3]}
							}
						}
					]
				},
				{
					"name": "bone2",
					"parent": "bone",
					"pivot": [0, 0, -48.5],
					"cubes": [
						{
							"origin": [-2.12135, -0.35489, -30.05071],
							"size": [4.67449, 2.59709, 2.52549],
							"pivot": [0.00002, 0, -28.78797],
							"rotation": [90, -67.5, -90],
							"uv": {
								"north": {"uv": [8, 56], "uv_size": [5, 3]},
								"south": {"uv": [13, 56], "uv_size": [5, 3]},
								"up": {"uv": [18, 56], "uv_size": [5, 3]}
							}
						},
						{
							"origin": [-0.18824, -0.12608, -31.57011],
							"size": [2.5255, 0.34709, 2.52549],
							"pivot": [0.00002, -1.07753, -30.30736],
							"rotation": [90, 0, -90],
							"uv": {
								"up": {"uv": [57, 3], "uv_size": [3, 3]}
							}
						},
						{
							"origin": [-2.12135, -2.2422, -30.05071],
							"size": [4.67449, 2.59709, 2.52549],
							"pivot": [0.00002, 0, -28.78797],
							"rotation": [-90, -67.5, 90],
							"uv": {
								"north": {"uv": [23, 56], "uv_size": [5, 3]},
								"south": {"uv": [28, 56], "uv_size": [5, 3]},
								"down": {"uv": [33, 59], "uv_size": [5, -3]}
							}
						},
						{
							"origin": [-2.12135, -2.2422, -30.05071],
							"size": [4.67449, 2.59709, 2.52549],
							"pivot": [0.00002, 0, -28.78797],
							"rotation": [-90, -67.5, 0],
							"uv": {
								"north": {"uv": [56, 51], "uv_size": [5, 3]},
								"south": {"uv": [56, 54], "uv_size": [5, 3]},
								"down": {"uv": [57, 3], "uv_size": [5, -3]}
							}
						},
						{
							"origin": [-2.12135, -0.35489, -30.05071],
							"size": [4.67449, 2.59709, 2.52549],
							"pivot": [0.00002, 0, -28.78797],
							"rotation": [90, -67.5, -180],
							"uv": {
								"north": {"uv": [56, 42], "uv_size": [5, 3]},
								"south": {"uv": [56, 45], "uv_size": [5, 3]},
								"up": {"uv": [56, 48], "uv_size": [5, 3]}
							}
						}
					]
				},
				{
					"name": "bone3",
					"parent": "bone",
					"pivot": [0, 0, 11.76367],
					"rotation": [0, 0, -45],
					"cubes": [
						{
							"origin": [-0.1525, -8.25, 18],
							"size": [0.305, 16.5, 1],
							"uv": {
								"east": {"uv": [54, 42], "uv_size": [1, 17]},
								"south": {"uv": [55, 42], "uv_size": [1, 17]},
								"west": {"uv": [0, 56], "uv_size": [1, 17]},
								"up": {"uv": [57, 22], "uv_size": [1, 1]},
								"down": {"uv": [57, 24], "uv_size": [1, -1]}
							}
						},
						{
							"origin": [-0.15, -15.46446, -2.75558],
							"size": [0.3, 31.95, 5.15],
							"pivot": [0, 0, 2.71484],
							"rotation": [-80, 0, 0],
							"uv": {
								"north": {"uv": [50, 30], "uv_size": [1, 32]},
								"east": {"uv": [0, 24], "uv_size": [5, 32]},
								"west": {"uv": [5, 24], "uv_size": [5, 32]}
							}
						},
						{
							"origin": [-0.15, -16.48554, -2.75558],
							"size": [0.3, 31.95, 5.15],
							"pivot": [0, 0, 2.71484],
							"rotation": [80, 0, 0],
							"uv": {
								"north": {"uv": [51, 30], "uv_size": [1, 32]},
								"east": {"uv": [10, 24], "uv_size": [5, 32]},
								"west": {"uv": [15, 24], "uv_size": [5, 32]}
							}
						},
						{
							"origin": [-0.15, -16.48554, -2.75558],
							"size": [0.3, 31.95, 5.15],
							"pivot": [0, 0, 2.71484],
							"rotation": [80, 0, 90],
							"uv": {
								"north": {"uv": [53, 30], "uv_size": [1, 32]},
								"east": {"uv": [30, 24], "uv_size": [5, 32]},
								"west": {"uv": [35, 24], "uv_size": [5, 32]}
							}
						},
						{
							"origin": [-0.15, -15.46446, -2.75558],
							"size": [0.3, 31.95, 5.15],
							"pivot": [0, 0, 2.71484],
							"rotation": [-80, 0, 90],
							"uv": {
								"north": {"uv": [52, 30], "uv_size": [1, 32]},
								"east": {"uv": [20, 24], "uv_size": [5, 32]},
								"west": {"uv": [25, 24], "uv_size": [5, 32]}
							}
						},
						{
							"origin": [-0.15, -8.2525, 18],
							"size": [0.305, 16.5, 1],
							"pivot": [0, -0.0025, 10.56225],
							"rotation": [0, 0, -90],
							"uv": {
								"east": {"uv": [1, 56], "uv_size": [1, 17]},
								"south": {"uv": [2, 56], "uv_size": [1, 17]},
								"west": {"uv": [3, 56], "uv_size": [1, 17]},
								"up": {"uv": [57, 39], "uv_size": [1, 1]},
								"down": {"uv": [57, 41], "uv_size": [1, -1]}
							}
						},
						{
							"origin": [-0.15, -8.25, 21.75],
							"size": [0.3, 16.5, 2.75],
							"uv": {
								"north": {"uv": [6, 56], "uv_size": [1, 17]},
								"east": {"uv": [44, 47], "uv_size": [3, 17]},
								"south": {"uv": [7, 56], "uv_size": [1, 17]},
								"west": {"uv": [47, 47], "uv_size": [3, 17]},
								"up": {"uv": [57, 33], "uv_size": [1, 3]},
								"down": {"uv": [57, 39], "uv_size": [1, -3]}
							}
						},
						{
							"origin": [-0.15, -8.5, 21.75],
							"size": [0.3, 17, 2.75],
							"pivot": [0, 0, 10.56225],
							"rotation": [0, 0, -90],
							"uv": {
								"north": {"uv": [4, 56], "uv_size": [1, 17]},
								"east": {"uv": [44, 30], "uv_size": [3, 17]},
								"south": {"uv": [5, 56], "uv_size": [1, 17]},
								"west": {"uv": [47, 30], "uv_size": [3, 17]},
								"up": {"uv": [57, 19], "uv_size": [1, 3]},
								"down": {"uv": [57, 33], "uv_size": [1, -3]}
							}
						}
					]
				}
			]
		}
	]
}