{
	"format_version": "1.12.0",
	"minecraft:geometry": [
		{
			"description": {
				"identifier": "geometry.unknown",
				"texture_width": 16,
				"texture_height": 16,
				"visible_bounds_width": 2,
				"visible_bounds_height": 2.5,
				"visible_bounds_offset": [0, 0.75, 0]
			},
			"bones": [
				{
					"name": "root",
					"pivot": [0, 0, 0],
					"cubes": [
						{
							"origin": [0.0625, 0, -0.325],
							"size": [0.125, 0.25, 0.9],
							"uv": {
								"north": {"uv": [7, 1], "uv_size": [0.5, 0.5]},
								"south": {"uv": [2, 7], "uv_size": [0.5, 0.5]},
								"west": {"uv": [3, 4], "uv_size": [1.5, 0.5]},
								"down": {"uv": [0, 6.5], "uv_size": [0.5, -1.5]}
							}
						},
						{
							"origin": [0.1875, 0, -0.3],
							"size": [0.7, 0.05, 0.825],
							"uv": {
								"north": {"uv": [3, 5], "uv_size": [1.5, 0.5]},
								"south": {"uv": [5, 4], "uv_size": [1.5, 0.5]},
								"up": {"uv": [0, 0], "uv_size": [1.5, 1.5]},
								"down": {"uv": [0, 3.5], "uv_size": [1.5, -1.5]}
							}
						},
						{
							"origin": [0.20769, 0.27517, -0.3],
							"size": [0.125, 0.05, 0.825],
							"pivot": [-0.04231, 0.26517, 0.1125],
							"rotation": [0, 0, 45],
							"uv": {
								"north": {"uv": [5, 8], "uv_size": [0.5, 0.5]},
								"south": {"uv": [8, 5], "uv_size": [0.5, 0.5]},
								"up": {"uv": [6, 1], "uv_size": [0.5, 1.5]}
							}
						},
						{
							"origin": [0.71088, 0, -0.52968],
							"size": [0.75, 0.05, 0.655],
							"pivot": [0.46088, 0, -0.15468],
							"rotation": [0, -37.5, 0],
							"uv": {
								"north": {"uv": [5, 5], "uv_size": [1.5, 0.5]},
								"south": {"uv": [6, 0], "uv_size": [1.5, 0.5]},
								"west": {"uv": [1, 7], "uv_size": [1, 0.5]},
								"up": {"uv": [0, 4], "uv_size": [1.5, 1]},
								"down": {"uv": [4, 1], "uv_size": [1.5, -1]}
							}
						},
						{
							"origin": [-0.00758, 0.16919, -0.325],
							"size": [0.125, 0.1775, 0.9],
							"pivot": [0.05492, 0.29419, 0.1],
							"rotation": [0, 0, -45],
							"uv": {
								"north": {"uv": [4, 8], "uv_size": [0.5, 0.5]},
								"south": {"uv": [8, 4], "uv_size": [0.5, 0.5]},
								"west": {"uv": [4, 3], "uv_size": [1.5, 0.5]}
							}
						},
						{
							"origin": [-0.1875, 0, -0.325],
							"size": [0.25, 0.375, 0.9],
							"uv": {
								"north": {"uv": [6, 6], "uv_size": [0.5, 1]},
								"east": {"uv": [6, 8], "uv_size": [1.7, 0.75]},
								"south": {"uv": [0, 7], "uv_size": [0.5, 1]},
								"up": {"uv": [1, 5], "uv_size": [0.5, 1.5]},
								"down": {"uv": [5, 2.5], "uv_size": [0.5, -1.5]}
							}
						},
						{
							"origin": [-0.15089, 0, 0.575],
							"size": [0.25, 0.25, 0.075],
							"pivot": [-0.08839, 0.1875, 0.1],
							"rotation": [0, 0, -45],
							"uv": {
								"east": {"uv": [7, 4], "uv_size": [0.5, 0.5]},
								"west": {"uv": [5, 7], "uv_size": [0.5, 0.5]},
								"up": {"uv": [7, 5], "uv_size": [0.5, 0.5]},
								"down": {"uv": [6, 7.5], "uv_size": [0.5, -0.5]}
							}
						},
						{
							"origin": [-0.15089, 0, 0.65],
							"size": [0.25, 0.25, 0.175],
							"pivot": [-0.08839, 0.1875, 0.1],
							"rotation": [0, 0, -45],
							"uv": {
								"east": {"uv": [8, 1], "uv_size": [0.5, 0.5]},
								"south": {"uv": [2, 8], "uv_size": [0.5, 0.5]},
								"west": {"uv": [8, 2], "uv_size": [0.5, 0.5]},
								"up": {"uv": [3, 8], "uv_size": [0.5, 0.5]},
								"down": {"uv": [8, 3.5], "uv_size": [0.5, -0.5]}
							}
						},
						{
							"origin": [-0.11125, 0.07625, -0.4],
							"size": [0.2225, 0.2225, 0.075],
							"pivot": [0, 0.1875, -0.325],
							"rotation": [0, 0, -45],
							"uv": {
								"north": {"uv": [7, 6], "uv_size": [0.5, 0.5]},
								"east": {"uv": [7, 7], "uv_size": [0.5, 0.5]},
								"west": {"uv": [0, 8], "uv_size": [0.5, 0.5]},
								"up": {"uv": [8, 0], "uv_size": [0.5, 0.5]},
								"down": {"uv": [1, 8.5], "uv_size": [0.5, -0.5]}
							}
						},
						{
							"origin": [-0.7968, 0, 0.32549],
							"size": [0.7, 0.375, 0.45],
							"pivot": [-0.9218, 0, 0.37549],
							"rotation": [0, 22.5, 0],
							"uv": {
								"south": {"uv": [2, 1], "uv_size": [1.5, 1]},
								"up": {"uv": [2, 2], "uv_size": [1.5, 1]},
								"down": {"uv": [2, 4], "uv_size": [1.5, -1]}
							}
						},
						{
							"origin": [-0.81237, 0, 0.16194],
							"size": [0.375, 0.375, 0.25],
							"pivot": [-1.26237, 0, 0.01194],
							"rotation": [0, -22.5, 0],
							"uv": {
								"south": {"uv": [2, 6], "uv_size": [0.5, 1]},
								"up": {"uv": [7, 2], "uv_size": [0.5, 0.5]},
								"down": {"uv": [3, 7.5], "uv_size": [0.5, -0.5]}
							}
						},
						{
							"origin": [-0.0172, 0, -0.1213],
							"size": [0.2425, 0.375, 0.25],
							"pivot": [-0.5997, 0, -0.2713],
							"rotation": [0, -90, 0],
							"uv": {
								"south": {"uv": [3, 6], "uv_size": [0.5, 1]},
								"up": {"uv": [7, 3], "uv_size": [0.5, 0.5]},
								"down": {"uv": [4, 7.5], "uv_size": [0.5, -0.5]}
							}
						},
						{
							"origin": [-0.58506, 0, -0.78984],
							"size": [0.325, 0.375, 0.9],
							"pivot": [-1.03506, 0, -0.28984],
							"rotation": [0, -45, 0],
							"uv": {
								"east": {"uv": [2, 0], "uv_size": [2, 1]},
								"up": {"uv": [4, 1], "uv_size": [0.5, 2]},
								"down": {"uv": [2, 6], "uv_size": [0.5, -2]}
							}
						},
						{
							"origin": [0.4875, 0, -0.55],
							"size": [0.4, 0.375, 0.175],
							"pivot": [0.0375, 0, -0.775],
							"rotation": [0, -90, 0],
							"uv": {
								"east": {"uv": [6, 3], "uv_size": [0.5, 1]},
								"up": {"uv": [4, 6], "uv_size": [1, 0.5]},
								"down": {"uv": [5, 6.5], "uv_size": [1, -0.5]}
							}
						}
					]
				}
			]
		}
	]
}