{
	"format_version": "1.12.0",
	"minecraft:geometry": [
		{
			"description": {
				"identifier": "geometry.unknown",
				"texture_width": 32,
				"texture_height": 32,
				"visible_bounds_width": 2,
				"visible_bounds_height": 2.5,
				"visible_bounds_offset": [0, 0.75, 0]
			},
			"bones": [
				{
					"name": "claymore",
					"pivot": [0, 0, 0]
				},
				{
					"name": "bone",
					"parent": "claymore",
					"pivot": [0, 0, 0],
					"rotation": [0, 180, 0],
					"cubes": [
						{
							"origin": [-3.5, 2.75, -0.5],
							"size": [7, 5, 2],
							"uv": {
								"north": {"uv": [2, 2], "uv_size": [7, 5]},
								"south": {"uv": [11, 2], "uv_size": [7, 5]},
								"up": {"uv": [2, 0], "uv_size": [7, 2]},
								"down": {"uv": [9, 2], "uv_size": [7, -2]}
							}
						},
						{
							"origin": [-2, 7.75, 0],
							"size": [4, 0.25, 1],
							"uv": {
								"north": {"uv": [1, 15], "uv_size": [4, 1]},
								"south": {"uv": [6, 15], "uv_size": [4, 1]},
								"up": {"uv": [1, 14], "uv_size": [4, 1]}
							}
						},
						{
							"origin": [2, 7.75, 0],
							"size": [1, 1, 1],
							"uv": {
								"north": {"uv": [15, 8], "uv_size": [1, 1]},
								"east": {"uv": [14, 8], "uv_size": [1, 1]},
								"south": {"uv": [17, 8], "uv_size": [1, 1]},
								"west": {"uv": [16, 8], "uv_size": [1, 1]},
								"up": {"uv": [15, 7], "uv_size": [1, 1]}
							}
						},
						{
							"origin": [-3, 7.75, 0],
							"size": [1, 1, 1],
							"uv": {
								"north": {"uv": [7, 8], "uv_size": [1, 1]},
								"east": {"uv": [6, 8], "uv_size": [1, 1]},
								"south": {"uv": [9, 8], "uv_size": [1, 1]},
								"west": {"uv": [8, 8], "uv_size": [1, 1]},
								"up": {"uv": [7, 7], "uv_size": [1, 1]}
							}
						},
						{
							"origin": [3, -0.65, -0.2],
							"size": [0, 4, 1],
							"pivot": [3, 2.6, 0.3],
							"rotation": [-45, 0, 0],
							"uv": {
								"east": {"uv": [0, 16], "uv_size": [1, 4]},
								"west": {"uv": [1, 16], "uv_size": [1, 4]}
							}
						},
						{
							"origin": [3, -0.9, 0.05],
							"size": [0, 4, 1],
							"pivot": [3, 2.6, 0.3],
							"rotation": [45, 0, 0],
							"uv": {
								"east": {"uv": [14, 14], "uv_size": [1, 4]},
								"west": {"uv": [15, 14], "uv_size": [1, 4]}
							}
						},
						{
							"origin": [-3, -0.65, -0.2],
							"size": [0, 4, 1],
							"pivot": [-3, 2.6, 0.3],
							"rotation": [-45, 0, 0],
							"uv": {
								"east": {"uv": [2, 16], "uv_size": [-1, 4]},
								"west": {"uv": [1, 16], "uv_size": [-1, 4]}
							}
						},
						{
							"origin": [-3, -0.9, 0.05],
							"size": [0, 4, 1],
							"pivot": [-3, 2.6, 0.3],
							"rotation": [45, 0, 0],
							"uv": {
								"east": {"uv": [16, 14], "uv_size": [-1, 4]},
								"west": {"uv": [15, 14], "uv_size": [-1, 4]}
							}
						},
						{
							"origin": [-5.11836, 2.75, -1.41865],
							"size": [2, 5, 2],
							"pivot": [-5.61836, 1.75, 0.08135],
							"rotation": [0, -22.5, 0],
							"uv": {
								"north": {"uv": [2, 9], "uv_size": [2, 5]},
								"east": {"uv": [0, 9], "uv_size": [2, 5]},
								"south": {"uv": [6, 9], "uv_size": [2, 5]},
								"up": {"uv": [2, 7], "uv_size": [2, 2]},
								"down": {"uv": [4, 9], "uv_size": [2, -2]}
							}
						},
						{
							"origin": [2.81179, 2.75, -0.95984],
							"size": [2, 5, 2],
							"pivot": [4.31179, 1.75, -0.45984],
							"rotation": [0, 22.5, 0],
							"uv": {
								"north": {"uv": [10, 9], "uv_size": [2, 5]},
								"south": {"uv": [14, 9], "uv_size": [2, 5]},
								"west": {"uv": [12, 9], "uv_size": [2, 5]},
								"up": {"uv": [10, 7], "uv_size": [2, 2]},
								"down": {"uv": [12, 9], "uv_size": [2, -2]}
							}
						}
					]
				}
			]
		}
	]
}