{
	"format_version": "1.12.0",
	"minecraft:geometry": [
		{
			"description": {
				"identifier": "geometry.unknown",
				"texture_width": 32,
				"texture_height": 32,
				"visible_bounds_width": 2,
				"visible_bounds_height": 1.5,
				"visible_bounds_offset": [0, 0.25, 0]
			},
			"bones": [
				{
					"name": "bone",
					"pivot": [0, 0, 0]
				},
				{
					"name": "0",
					"parent": "bone",
					"pivot": [0, 2.2, 0]
				},
				{
					"name": "body",
					"parent": "0",
					"pivot": [0, 0.5, 0],
					"cubes": [
						{
							"origin": [-1, 2.25, -3],
							"size": [2, 0.5, 6],
							"uv": {
								"north": {"uv": [12, 13], "uv_size": [2, 0.5]},
								"east": {"uv": [6, 7], "uv_size": [6, 0.5]},
								"south": {"uv": [14, 2], "uv_size": [2, 0.5]},
								"west": {"uv": [8, 2], "uv_size": [6, 0.5]}
							}
						},
						{
							"origin": [-1, 2.75, -1],
							"size": [2, 0.5, 3.5],
							"uv": {
								"east": {"uv": [11, 0], "uv_size": [3.5, 0.5]},
								"west": {"uv": [11, 1], "uv_size": [3.5, 0.5]},
								"up": {"uv": [2, 0], "uv_size": [2, 3.5]}
							}
						},
						{
							"origin": [-1, 1.58579, 1.81066],
							"size": [2, 0.5, 0.71094],
							"pivot": [0, 1.83579, 3.56066],
							"rotation": [-45, 0, 0],
							"uv": {
								"east": {"uv": [2, 18], "uv_size": [0.75, 0.5]},
								"west": {"uv": [3, 18], "uv_size": [0.75, 0.5]},
								"up": {"uv": [2, 11], "uv_size": [2, 0.75]}
							}
						},
						{
							"origin": [-1, 1.66583, 1.99831],
							"size": [2, 0.5, 1.05078],
							"pivot": [0, 1.91583, 2.5237],
							"rotation": [60.5, 0, 0],
							"uv": {
								"east": {"uv": [17, 11], "uv_size": [1, 0.5]},
								"west": {"uv": [12, 17], "uv_size": [1, 0.5]},
								"down": {"uv": [10, 9], "uv_size": [2, -1]}
							}
						},
						{
							"origin": [-1, 2.08044, -2.94914],
							"size": [2, 0.5, 1.35078],
							"pivot": [0, 2.33044, -2.42375],
							"rotation": [-17.5, 0, 0],
							"uv": {
								"east": {"uv": [15, 10], "uv_size": [1.25, 0.5]},
								"west": {"uv": [15, 11], "uv_size": [1.25, 0.5]},
								"down": {"uv": [9, 1.25], "uv_size": [2, -1.25]}
							}
						},
						{
							"origin": [-1, 2.56723, -2.82811],
							"size": [2, 0.5, 2.04219],
							"pivot": [0, 2.31723, -1.61131],
							"rotation": [14.5, 0, 0],
							"uv": {
								"east": {"uv": [14, 3], "uv_size": [2, 0.5]},
								"west": {"uv": [4, 14], "uv_size": [2, 0.5]},
								"up": {"uv": [2, 4], "uv_size": [2, 2]}
							}
						},
						{
							"origin": [-1, 1.25, -1.75],
							"size": [2, 1, 4.25],
							"uv": {
								"north": {"uv": [9, 10], "uv_size": [2, 1]},
								"east": {"uv": [4, 0], "uv_size": [4.25, 1]},
								"south": {"uv": [0, 11], "uv_size": [2, 1]},
								"west": {"uv": [4, 1], "uv_size": [4.25, 1]},
								"down": {"uv": [0, 4.25], "uv_size": [2, -4.25]}
							}
						},
						{
							"origin": [-0.45, 1.35, -2.75],
							"size": [0.9, 0.6, 0.9],
							"pivot": [0, 1.65, -2.3],
							"rotation": [16, 0, 0],
							"uv": {
								"north": {"uv": [13, 17], "uv_size": [1, 0.5]},
								"east": {"uv": [14, 17], "uv_size": [1, 0.5]},
								"south": {"uv": [15, 17], "uv_size": [1, 0.5]},
								"west": {"uv": [16, 17], "uv_size": [1, 0.5]},
								"up": {"uv": [12, 7], "uv_size": [1, 1]},
								"down": {"uv": [12, 9], "uv_size": [1, -1]}
							}
						},
						{
							"origin": [0.45, 1.45, -2.55],
							"size": [0.2, 0.4, 1],
							"uv": {
								"north": {"uv": [20, 0], "uv_size": [0.25, 0.5]},
								"east": {"uv": [17, 16], "uv_size": [1, 0.5]},
								"west": {"uv": [17, 17], "uv_size": [1, 0.5]},
								"up": {"uv": [18, 16], "uv_size": [0.25, 1]},
								"down": {"uv": [17, 19], "uv_size": [0.25, -1]}
							}
						},
						{
							"origin": [-0.65, 1.45, -2.55],
							"size": [0.2, 0.4, 1],
							"uv": {
								"north": {"uv": [1, 20], "uv_size": [0.25, 0.5]},
								"east": {"uv": [0, 18], "uv_size": [1, 0.5]},
								"west": {"uv": [1, 18], "uv_size": [1, 0.5]},
								"up": {"uv": [18, 17], "uv_size": [0.25, 1]},
								"down": {"uv": [18, 19], "uv_size": [0.25, -1]}
							}
						},
						{
							"origin": [-1.25, 2, -5.25],
							"size": [0.75, 0.5, 5.25],
							"pivot": [0, 0.5, 0],
							"rotation": [0, -67.5, 0],
							"uv": {
								"east": {"uv": [8, 3], "uv_size": [5.25, 0.5]},
								"west": {"uv": [4, 8], "uv_size": [5.25, 0.5]},
								"up": {"uv": [4, 2], "uv_size": [0.75, 5.25]},
								"down": {"uv": [0, 10.25], "uv_size": [0.75, -5.25]}
							}
						},
						{
							"origin": [0.5, 2, -5.25],
							"size": [0.75, 0.5, 5.25],
							"pivot": [0, 0.5, 0],
							"rotation": [0, 67.5, 0],
							"uv": {
								"north": {"uv": [4, 18], "uv_size": [0.75, 0.5]},
								"east": {"uv": [8, 4], "uv_size": [5.25, 0.5]},
								"west": {"uv": [8, 5], "uv_size": [5.25, 0.5]},
								"up": {"uv": [1, 5], "uv_size": [0.75, 5.25]},
								"down": {"uv": [5, 7.25], "uv_size": [0.75, -5.25]}
							}
						},
						{
							"origin": [0.5, 1.55, -6],
							"size": [0.75, 0.95, 0.75],
							"pivot": [0, 0.5, 0],
							"rotation": [0, 67.5, 0],
							"uv": {
								"north": {"uv": [14, 4], "uv_size": [0.75, 1]},
								"east": {"uv": [14, 5], "uv_size": [0.75, 1]},
								"south": {"uv": [6, 14], "uv_size": [0.75, 1]},
								"west": {"uv": [14, 6], "uv_size": [0.75, 1]},
								"up": {"uv": [14, 16], "uv_size": [0.75, 0.75]},
								"down": {"uv": [15, 16.75], "uv_size": [0.75, -0.75]}
							}
						},
						{
							"origin": [-1.25, 1.55, -6],
							"size": [0.75, 0.95, 0.75],
							"pivot": [0, 0.5, 0],
							"rotation": [0, -67.5, 0],
							"uv": {
								"north": {"uv": [7, 14], "uv_size": [0.75, 1]},
								"east": {"uv": [14, 7], "uv_size": [0.75, 1]},
								"south": {"uv": [8, 14], "uv_size": [0.75, 1]},
								"west": {"uv": [14, 8], "uv_size": [0.75, 1]},
								"up": {"uv": [16, 16], "uv_size": [0.75, 0.75]},
								"down": {"uv": [0, 17.75], "uv_size": [0.75, -0.75]}
							}
						},
						{
							"origin": [0.5, 2, 1],
							"size": [0.75, 0.5, 4.25],
							"pivot": [0, 0.5, 0],
							"rotation": [0, -55, 0],
							"uv": {
								"east": {"uv": [8, 6], "uv_size": [4.25, 0.5]},
								"south": {"uv": [5, 18], "uv_size": [0.75, 0.5]},
								"west": {"uv": [4, 9], "uv_size": [4.25, 0.5]},
								"up": {"uv": [2, 6], "uv_size": [0.75, 4.25]},
								"down": {"uv": [6, 6.25], "uv_size": [0.75, -4.25]}
							}
						},
						{
							"origin": [-1.25, 2, 1],
							"size": [0.75, 0.5, 4.25],
							"pivot": [0, 0.5, 0],
							"rotation": [0, 55, 0],
							"uv": {
								"east": {"uv": [9, 9], "uv_size": [4.25, 0.5]},
								"south": {"uv": [6, 18], "uv_size": [0.75, 0.5]},
								"west": {"uv": [4, 10], "uv_size": [4.25, 0.5]},
								"up": {"uv": [3, 6], "uv_size": [0.75, 4.25]},
								"down": {"uv": [7, 6.25], "uv_size": [0.75, -4.25]}
							}
						},
						{
							"origin": [-1.25, 1.55, 5.25],
							"size": [0.75, 0.95, 0.75],
							"pivot": [0, 0.45, 0],
							"rotation": [0, 55, 0],
							"uv": {
								"north": {"uv": [9, 14], "uv_size": [0.75, 1]},
								"east": {"uv": [14, 9], "uv_size": [0.75, 1]},
								"south": {"uv": [10, 14], "uv_size": [0.75, 1]},
								"west": {"uv": [14, 10], "uv_size": [0.75, 1]},
								"up": {"uv": [1, 17], "uv_size": [0.75, 0.75]},
								"down": {"uv": [2, 17.75], "uv_size": [0.75, -0.75]}
							}
						},
						{
							"origin": [0.5, 1.55, 5.25],
							"size": [0.75, 0.95, 0.75],
							"pivot": [0, 0.45, 0],
							"rotation": [0, -55, 0],
							"uv": {
								"north": {"uv": [14, 11], "uv_size": [0.75, 1]},
								"east": {"uv": [12, 14], "uv_size": [0.75, 1]},
								"south": {"uv": [14, 12], "uv_size": [0.75, 1]},
								"west": {"uv": [13, 14], "uv_size": [0.75, 1]},
								"up": {"uv": [3, 17], "uv_size": [0.75, 0.75]},
								"down": {"uv": [4, 17.75], "uv_size": [0.75, -0.75]}
							}
						},
						{
							"origin": [-1.15, 2.5, -5.9],
							"size": [0.55, 0.45, 0.55],
							"pivot": [0, 0.5, 0],
							"rotation": [0, -67.5, 0],
							"uv": {
								"north": {"uv": [0, 19], "uv_size": [0.5, 0.5]},
								"east": {"uv": [19, 0], "uv_size": [0.5, 0.5]},
								"south": {"uv": [1, 19], "uv_size": [0.5, 0.5]},
								"west": {"uv": [19, 1], "uv_size": [0.5, 0.5]},
								"up": {"uv": [2, 19], "uv_size": [0.5, 0.5]}
							}
						},
						{
							"origin": [0.6, 2.5, -5.9],
							"size": [0.55, 0.45, 0.55],
							"pivot": [0, 0.5, 0],
							"rotation": [0, 67.5, 0],
							"uv": {
								"north": {"uv": [19, 2], "uv_size": [0.5, 0.5]},
								"east": {"uv": [3, 19], "uv_size": [0.5, 0.5]},
								"south": {"uv": [19, 3], "uv_size": [0.5, 0.5]},
								"west": {"uv": [4, 19], "uv_size": [0.5, 0.5]},
								"up": {"uv": [19, 4], "uv_size": [0.5, 0.5]}
							}
						},
						{
							"origin": [0.6, 2.5, 5.35],
							"size": [0.55, 0.45, 0.55],
							"pivot": [0, 0.45, 0],
							"rotation": [0, -55, 0],
							"uv": {
								"north": {"uv": [5, 19], "uv_size": [0.5, 0.5]},
								"east": {"uv": [19, 5], "uv_size": [0.5, 0.5]},
								"south": {"uv": [6, 19], "uv_size": [0.5, 0.5]},
								"west": {"uv": [19, 6], "uv_size": [0.5, 0.5]},
								"up": {"uv": [7, 19], "uv_size": [0.5, 0.5]}
							}
						},
						{
							"origin": [-1.15, 2.5, 5.35],
							"size": [0.55, 0.45, 0.55],
							"pivot": [0, 0.45, 0],
							"rotation": [0, 55, 0],
							"uv": {
								"north": {"uv": [19, 7], "uv_size": [0.5, 0.5]},
								"east": {"uv": [8, 19], "uv_size": [0.5, 0.5]},
								"south": {"uv": [19, 8], "uv_size": [0.5, 0.5]},
								"west": {"uv": [9, 19], "uv_size": [0.5, 0.5]},
								"up": {"uv": [19, 9], "uv_size": [0.5, 0.5]}
							}
						},
						{
							"origin": [0.6, 0.05, 5.5],
							"size": [0.55, 1.5, 0.5],
							"pivot": [0, -0.5, 0],
							"rotation": [0, -55, 0],
							"uv": {
								"north": {"uv": [14, 13], "uv_size": [0.5, 1.5]},
								"east": {"uv": [0, 15], "uv_size": [0.5, 1.5]},
								"south": {"uv": [15, 0], "uv_size": [0.5, 1.5]},
								"west": {"uv": [1, 15], "uv_size": [0.5, 1.5]},
								"down": {"uv": [10, 19.5], "uv_size": [0.5, -0.5]}
							}
						},
						{
							"origin": [0.6, 0.05, -5.9],
							"size": [0.55, 1.5, 0.4],
							"pivot": [0, -0.45, 0],
							"rotation": [0, 67.5, 0],
							"uv": {
								"north": {"uv": [2, 15], "uv_size": [0.5, 1.5]},
								"east": {"uv": [3, 15], "uv_size": [0.5, 1.5]},
								"south": {"uv": [4, 15], "uv_size": [0.5, 1.5]},
								"west": {"uv": [15, 4], "uv_size": [0.5, 1.5]},
								"down": {"uv": [19, 10.5], "uv_size": [0.5, -0.5]}
							}
						},
						{
							"origin": [-1.15, 0.05, -5.9],
							"size": [0.55, 1.5, 0.4],
							"pivot": [0, -0.45, 0],
							"rotation": [0, -67.5, 0],
							"uv": {
								"north": {"uv": [5, 15], "uv_size": [0.5, 1.5]},
								"east": {"uv": [6, 15], "uv_size": [0.5, 1.5]},
								"south": {"uv": [15, 6], "uv_size": [0.5, 1.5]},
								"west": {"uv": [7, 15], "uv_size": [0.5, 1.5]},
								"down": {"uv": [11, 19.5], "uv_size": [0.5, -0.5]}
							}
						},
						{
							"origin": [-1.15, 0.05, 5.5],
							"size": [0.55, 1.5, 0.5],
							"pivot": [0, -0.5, 0],
							"rotation": [0, 55, 0],
							"uv": {
								"north": {"uv": [8, 15], "uv_size": [0.5, 1.5]},
								"east": {"uv": [15, 8], "uv_size": [0.5, 1.5]},
								"south": {"uv": [9, 15], "uv_size": [0.5, 1.5]},
								"west": {"uv": [10, 15], "uv_size": [0.5, 1.5]},
								"down": {"uv": [19, 11.5], "uv_size": [0.5, -0.5]}
							}
						}
					]
				},
				{
					"name": "wingFL",
					"parent": "0",
					"pivot": [4.87422, 3, -2.96641],
					"cubes": [
						{
							"origin": [4.77422, 2.9, -3.06641],
							"size": [0.2, 0.7, 0.2],
							"pivot": [4.87422, 2.75, -2.96641],
							"rotation": [0, -32.5, 0],
							"uv": {
								"north": {"uv": [12, 19], "uv_size": [0.25, 0.75]},
								"east": {"uv": [19, 12], "uv_size": [0.25, 0.75]},
								"south": {"uv": [13, 19], "uv_size": [0.25, 0.75]},
								"west": {"uv": [19, 13], "uv_size": [0.25, 0.75]},
								"up": {"uv": [20, 5], "uv_size": [0.25, 0.25]}
							}
						},
						{
							"origin": [4.52422, 3, -3.31641],
							"size": [0.7, 0.45, 0.7],
							"pivot": [4.87422, 2.75, -2.96641],
							"rotation": [0, -32.5, 0],
							"uv": {
								"north": {"uv": [7, 18], "uv_size": [0.75, 0.5]},
								"east": {"uv": [8, 18], "uv_size": [0.75, 0.5]},
								"south": {"uv": [9, 18], "uv_size": [0.75, 0.5]},
								"west": {"uv": [10, 18], "uv_size": [0.75, 0.5]},
								"up": {"uv": [5, 17], "uv_size": [0.75, 0.75]},
								"down": {"uv": [6, 17.75], "uv_size": [0.75, -0.75]}
							}
						},
						{
							"origin": [4.62422, 3.1, -5.81641],
							"size": [0.5, 0.25, 2.5],
							"pivot": [4.87422, 3.225, -2.96641],
							"rotation": [-13.70122, -29.76212, 26.15697],
							"uv": {
								"north": {"uv": [20, 1], "uv_size": [0.5, 0.25]},
								"east": {"uv": [12, 15], "uv_size": [2.5, 0.25]},
								"west": {"uv": [15, 12], "uv_size": [2.5, 0.25]},
								"up": {"uv": [4, 11], "uv_size": [0.5, 2.5]},
								"down": {"uv": [5, 13.5], "uv_size": [0.5, -2.5]}
							}
						},
						{
							"origin": [4.62422, 3.1, -2.61641],
							"size": [0.5, 0.25, 2.5],
							"pivot": [4.87422, 3.225, -2.96641],
							"rotation": [13.70122, -29.76212, -26.15697],
							"uv": {
								"east": {"uv": [15, 13], "uv_size": [2.5, 0.25]},
								"south": {"uv": [2, 20], "uv_size": [0.5, 0.25]},
								"west": {"uv": [15, 14], "uv_size": [2.5, 0.25]},
								"up": {"uv": [6, 11], "uv_size": [0.5, 2.5]},
								"down": {"uv": [7, 13.5], "uv_size": [0.5, -2.5]}
							}
						}
					]
				},
				{
					"name": "wingFR",
					"parent": "0",
					"pivot": [-4.87422, 3, -2.96641],
					"cubes": [
						{
							"origin": [-4.97422, 2.9, -3.06641],
							"size": [0.2, 0.7, 0.2],
							"pivot": [-4.87422, 2.75, -2.96641],
							"rotation": [0, 67.5, 0],
							"uv": {
								"north": {"uv": [14, 19], "uv_size": [0.25, 0.75]},
								"east": {"uv": [19, 14], "uv_size": [0.25, 0.75]},
								"south": {"uv": [15, 19], "uv_size": [0.25, 0.75]},
								"west": {"uv": [19, 15], "uv_size": [0.25, 0.75]},
								"up": {"uv": [6, 20], "uv_size": [0.25, 0.25]}
							}
						},
						{
							"origin": [-5.22422, 3, -3.31641],
							"size": [0.7, 0.45, 0.7],
							"pivot": [-4.87422, 2.75, -2.96641],
							"rotation": [0, 67.5, 0],
							"uv": {
								"north": {"uv": [18, 10], "uv_size": [0.75, 0.5]},
								"east": {"uv": [11, 18], "uv_size": [0.75, 0.5]},
								"south": {"uv": [18, 11], "uv_size": [0.75, 0.5]},
								"west": {"uv": [12, 18], "uv_size": [0.75, 0.5]},
								"up": {"uv": [7, 17], "uv_size": [0.75, 0.75]},
								"down": {"uv": [8, 17.75], "uv_size": [0.75, -0.75]}
							}
						},
						{
							"origin": [-5.12422, 3.1, -5.81641],
							"size": [0.5, 0.25, 2.5],
							"pivot": [-4.87422, 3.225, -2.96641],
							"rotation": [-42.73421, 58.60029, -47.26579],
							"uv": {
								"north": {"uv": [20, 2], "uv_size": [0.5, 0.25]},
								"east": {"uv": [15, 15], "uv_size": [2.5, 0.25]},
								"west": {"uv": [16, 0], "uv_size": [2.5, 0.25]},
								"up": {"uv": [8, 11], "uv_size": [0.5, 2.5]},
								"down": {"uv": [9, 13.5], "uv_size": [0.5, -2.5]}
							}
						},
						{
							"origin": [-5.12422, 3.1, -2.61641],
							"size": [0.5, 0.25, 2.5],
							"pivot": [-4.87422, 3.225, -2.96641],
							"rotation": [42.73421, 58.60029, 47.26579],
							"uv": {
								"east": {"uv": [16, 1], "uv_size": [2.5, 0.25]},
								"south": {"uv": [3, 20], "uv_size": [0.5, 0.25]},
								"west": {"uv": [16, 2], "uv_size": [2.5, 0.25]},
								"up": {"uv": [10, 11], "uv_size": [0.5, 2.5]},
								"down": {"uv": [11, 12.5], "uv_size": [0.5, -2.5]}
							}
						}
					]
				},
				{
					"name": "wingBR",
					"parent": "0",
					"pivot": [-4.10859, 3, 3.93984],
					"cubes": [
						{
							"origin": [-4.20859, 2.9, 3.83984],
							"size": [0.2, 0.7, 0.2],
							"pivot": [-4.10859, 2.75, 3.93984],
							"rotation": [0, -32.5, 0],
							"uv": {
								"north": {"uv": [16, 19], "uv_size": [0.25, 0.75]},
								"east": {"uv": [19, 16], "uv_size": [0.25, 0.75]},
								"south": {"uv": [17, 19], "uv_size": [0.25, 0.75]},
								"west": {"uv": [19, 17], "uv_size": [0.25, 0.75]},
								"up": {"uv": [20, 6], "uv_size": [0.25, 0.25]}
							}
						},
						{
							"origin": [-4.45859, 3, 3.58984],
							"size": [0.7, 0.45, 0.7],
							"pivot": [-4.10859, 2.75, 3.93984],
							"rotation": [0, -32.5, 0],
							"uv": {
								"north": {"uv": [18, 12], "uv_size": [0.75, 0.5]},
								"east": {"uv": [13, 18], "uv_size": [0.75, 0.5]},
								"south": {"uv": [18, 13], "uv_size": [0.75, 0.5]},
								"west": {"uv": [14, 18], "uv_size": [0.75, 0.5]},
								"up": {"uv": [9, 17], "uv_size": [0.75, 0.75]},
								"down": {"uv": [10, 17.75], "uv_size": [0.75, -0.75]}
							}
						},
						{
							"origin": [-4.35859, 3.1, 1.08984],
							"size": [0.5, 0.25, 2.5],
							"pivot": [-4.10859, 3.225, 3.93984],
							"rotation": [13.70122, -29.76212, -26.15697],
							"uv": {
								"north": {"uv": [20, 3], "uv_size": [0.5, 0.25]},
								"east": {"uv": [16, 3], "uv_size": [2.5, 0.25]},
								"west": {"uv": [16, 4], "uv_size": [2.5, 0.25]},
								"up": {"uv": [0, 12], "uv_size": [0.5, 2.5]},
								"down": {"uv": [1, 14.5], "uv_size": [0.5, -2.5]}
							}
						},
						{
							"origin": [-4.35859, 3.1, 4.28984],
							"size": [0.5, 0.25, 2.5],
							"pivot": [-4.10859, 3.225, 3.93984],
							"rotation": [-13.70122, -29.76212, 26.15697],
							"uv": {
								"east": {"uv": [16, 5], "uv_size": [2.5, 0.25]},
								"south": {"uv": [4, 20], "uv_size": [0.5, 0.25]},
								"west": {"uv": [16, 6], "uv_size": [2.5, 0.25]},
								"up": {"uv": [2, 12], "uv_size": [0.5, 2.5]},
								"down": {"uv": [3, 14.5], "uv_size": [0.5, -2.5]}
							}
						}
					]
				},
				{
					"name": "wingBL",
					"parent": "0",
					"pivot": [4.10859, 3, 3.93984],
					"cubes": [
						{
							"origin": [4.00859, 2.9, 3.83984],
							"size": [0.2, 0.7, 0.2],
							"pivot": [4.10859, 2.75, 3.93984],
							"rotation": [0, -37.5, 0],
							"uv": {
								"north": {"uv": [18, 19], "uv_size": [0.25, 0.75]},
								"east": {"uv": [19, 18], "uv_size": [0.25, 0.75]},
								"south": {"uv": [19, 19], "uv_size": [0.25, 0.75]},
								"west": {"uv": [0, 20], "uv_size": [0.25, 0.75]},
								"up": {"uv": [7, 20], "uv_size": [0.25, 0.25]}
							}
						},
						{
							"origin": [3.75859, 3, 3.58984],
							"size": [0.7, 0.45, 0.7],
							"pivot": [4.10859, 2.75, 3.93984],
							"rotation": [0, -37.5, 0],
							"uv": {
								"north": {"uv": [18, 14], "uv_size": [0.75, 0.5]},
								"east": {"uv": [15, 18], "uv_size": [0.75, 0.5]},
								"south": {"uv": [18, 15], "uv_size": [0.75, 0.5]},
								"west": {"uv": [16, 18], "uv_size": [0.75, 0.5]},
								"up": {"uv": [17, 10], "uv_size": [0.75, 0.75]},
								"down": {"uv": [11, 17.75], "uv_size": [0.75, -0.75]}
							}
						},
						{
							"origin": [3.85859, 3.1, 1.08984],
							"size": [0.5, 0.25, 2.5],
							"pivot": [4.10859, 3.225, 3.93984],
							"rotation": [-16.36452, -34.22348, 27.56928],
							"uv": {
								"north": {"uv": [20, 4], "uv_size": [0.5, 0.25]},
								"east": {"uv": [16, 7], "uv_size": [2.5, 0.25]},
								"west": {"uv": [16, 8], "uv_size": [2.5, 0.25]},
								"up": {"uv": [12, 10], "uv_size": [0.5, 2.5]},
								"down": {"uv": [13, 8.5], "uv_size": [0.5, -2.5]}
							}
						},
						{
							"origin": [3.85859, 3.1, 4.28984],
							"size": [0.5, 0.25, 2.5],
							"pivot": [4.10859, 3.225, 3.93984],
							"rotation": [16.36452, -34.22348, -27.56928],
							"uv": {
								"east": {"uv": [16, 9], "uv_size": [2.5, 0.25]},
								"south": {"uv": [5, 20], "uv_size": [0.5, 0.25]},
								"west": {"uv": [11, 16], "uv_size": [2.5, 0.25]},
								"up": {"uv": [13, 10], "uv_size": [0.5, 2.5]},
								"down": {"uv": [11, 15.5], "uv_size": [0.5, -2.5]}
							}
						}
					]
				}
			]
		}
	]
}