{
	"format_version": "1.12.0",
	"minecraft:geometry": [
		{
			"description": {
				"identifier": "geometry.hand_grenade - Converted",
				"texture_width": 16,
				"texture_height": 16,
				"visible_bounds_width": 2,
				"visible_bounds_height": 1.5,
				"visible_bounds_offset": [0, 0.25, 0]
			},
			"bones": [
				{
					"name": "bone",
					"pivot": [0, 24.02167, 0.48829]
				},
				{
					"name": "body",
					"parent": "bone",
					"pivot": [0, 1.62167, -1.16171],
					"rotation": [90, 0, 0],
					"cubes": [
						{
							"origin": [-0.4375, 0.89764, -2.1875],
							"size": [0.875, 0.3, 1.075],
							"uv": {
								"north": {"uv": [7, 9], "uv_size": [0, 0]},
								"east": {"uv": [6, 9], "uv_size": [1, 0]},
								"south": {"uv": [8, 9], "uv_size": [0, 0]},
								"west": {"uv": [7, 9], "uv_size": [1, 0]},
								"up": {"uv": [7, 8], "uv_size": [0, 1]},
								"down": {"uv": [7, 9], "uv_size": [0, -1]}
							}
						},
						{
							"origin": [-0.45, 1.2, -2.25],
							"size": [0.9, 0.85, 1.35],
							"uv": {
								"north": {"uv": [12, 14], "uv_size": [0, 0]},
								"east": {"uv": [11, 14], "uv_size": [1, 0]},
								"south": {"uv": [13, 14], "uv_size": [0, 0]},
								"west": {"uv": [12, 14], "uv_size": [1, 0]},
								"up": {"uv": [12, 13], "uv_size": [0, 1]},
								"down": {"uv": [12, 14], "uv_size": [0, -1]}
							}
						},
						{
							"origin": [-0.45, 1.2, -0.9],
							"size": [0.9, 0.85, 0.3],
							"uv": {
								"north": {"uv": [13, 14], "uv_size": [0, 0]},
								"east": {"uv": [13, 14], "uv_size": [0, 0]},
								"south": {"uv": [13, 14], "uv_size": [0, 0]},
								"west": {"uv": [13, 14], "uv_size": [0, 0]},
								"up": {"uv": [13, 14], "uv_size": [0, 0]},
								"down": {"uv": [13, 14], "uv_size": [0, 0]}
							}
						},
						{
							"origin": [-0.45, 1.2, -0.6],
							"size": [0.9, 0.35, 0.3],
							"uv": {
								"north": {"uv": [12, 15], "uv_size": [0, 0]},
								"east": {"uv": [12, 15], "uv_size": [0, 0]},
								"south": {"uv": [12, 15], "uv_size": [0, 0]},
								"west": {"uv": [12, 15], "uv_size": [0, 0]},
								"up": {"uv": [12, 15], "uv_size": [0, 0]},
								"down": {"uv": [12, 15], "uv_size": [0, 0]}
							}
						},
						{
							"origin": [-0.45, 1.55, -0.6],
							"size": [0.9, 0.3, 0.2],
							"uv": {
								"north": {"uv": [11, 13], "uv_size": [1, 1]},
								"east": {"uv": [11, 13], "uv_size": [1, 1]},
								"south": {"uv": [11, 13], "uv_size": [1, 1]},
								"west": {"uv": [11, 13], "uv_size": [1, 1]},
								"up": {"uv": [12, 14], "uv_size": [-1, -1]},
								"down": {"uv": [12, 14], "uv_size": [-1, -1]}
							}
						},
						{
							"origin": [-0.45, 1.07737, -2.06648],
							"size": [0.9, 0.93906, 0.35078],
							"pivot": [1, 0.67737, -2.46648],
							"rotation": [22.5, 0, 0],
							"uv": {
								"north": {"uv": [12, 14], "uv_size": [0, 0]},
								"east": {"uv": [12, 14], "uv_size": [0, 0]},
								"south": {"uv": [12, 14], "uv_size": [0, 0]},
								"west": {"uv": [12, 14], "uv_size": [0, 0]},
								"up": {"uv": [12, 14], "uv_size": [0, 0]},
								"down": {"uv": [12, 14], "uv_size": [0, 0]}
							}
						},
						{
							"origin": [-0.5, 2.05, -2.75],
							"size": [1, 0.2, 2.2],
							"uv": {
								"north": {"uv": [11, 15], "uv_size": [1, 0]},
								"east": {"uv": [9, 15], "uv_size": [2, 1]},
								"south": {"uv": [14, 15], "uv_size": [1, 0]},
								"west": {"uv": [12, 15], "uv_size": [2, 0]},
								"up": {"uv": [11, 13], "uv_size": [1, 2]},
								"down": {"uv": [12, 15], "uv_size": [1, -2]}
							}
						},
						{
							"origin": [-0.5, 0.61466, -0.54406],
							"size": [1, 1, 0.2],
							"pivot": [1, 1.41466, -2.04406],
							"rotation": [22.5, 0, 0],
							"uv": {
								"north": {"uv": [12, 13], "uv_size": [1, 1]},
								"east": {"uv": [9, 15], "uv_size": [1, 1]},
								"south": {"uv": [12, 14], "uv_size": [1, 1]},
								"west": {"uv": [12, 14], "uv_size": [0, 1]},
								"up": {"uv": [10, 16], "uv_size": [1, -1]},
								"down": {"uv": [12, 14], "uv_size": [1, 0]}
							}
						}
					]
				},
				{
					"name": "bone2",
					"parent": "body",
					"pivot": [0, -0.40781, -27.37809],
					"cubes": [
						{
							"origin": [-0.5375, -1.69764, -2.1875],
							"size": [1.075, 2.59528, 1.075],
							"pivot": [0, -0.4, -1.65],
							"rotation": [0, 0, 45],
							"uv": {
								"north": {"uv": [11, 1], "uv_size": [1, 2]},
								"east": {"uv": [10, 1], "uv_size": [1, 2]},
								"south": {"uv": [13, 1], "uv_size": [1, 2]},
								"west": {"uv": [12, 1], "uv_size": [1, 2]},
								"up": {"uv": [11, 0], "uv_size": [1, 1]},
								"down": {"uv": [12, 1], "uv_size": [1, -1]}
							}
						},
						{
							"origin": [-1.29764, -0.9375, -2.1875],
							"size": [2.59528, 1.075, 1.075],
							"pivot": [0, -0.4, -1.65],
							"rotation": [0, 0, 45],
							"uv": {
								"north": {"uv": [1, 9], "uv_size": [2, 1]},
								"east": {"uv": [0, 9], "uv_size": [1, 1]},
								"south": {"uv": [4, 9], "uv_size": [2, 1]},
								"west": {"uv": [3, 9], "uv_size": [1, 1]},
								"up": {"uv": [1, 8], "uv_size": [2, 1]},
								"down": {"uv": [3, 9], "uv_size": [2, -1]}
							}
						}
					]
				},
				{
					"name": "bone3",
					"parent": "body",
					"pivot": [0, -0.40781, -27.37809],
					"cubes": [
						{
							"origin": [-0.5375, -1.69764, -2.1875],
							"size": [1.075, 2.59528, 1.075],
							"uv": {
								"north": {"uv": [1, 11], "uv_size": [1, 2]},
								"east": {"uv": [0, 11], "uv_size": [1, 2]},
								"south": {"uv": [3, 11], "uv_size": [1, 2]},
								"west": {"uv": [2, 11], "uv_size": [1, 2]},
								"up": {"uv": [1, 10], "uv_size": [1, 1]},
								"down": {"uv": [2, 11], "uv_size": [1, -1]}
							}
						},
						{
							"origin": [-0.5375, -1.69764, -2.1875],
							"size": [1.075, 2.59528, 1.075],
							"pivot": [0, -0.4, -1.65],
							"rotation": [45, 0, 0],
							"uv": {
								"north": {"uv": [8, 10], "uv_size": [1, 2]},
								"east": {"uv": [7, 10], "uv_size": [1, 2]},
								"south": {"uv": [10, 10], "uv_size": [1, 2]},
								"west": {"uv": [9, 10], "uv_size": [1, 2]},
								"up": {"uv": [8, 9], "uv_size": [1, 1]},
								"down": {"uv": [9, 10], "uv_size": [1, -1]}
							}
						},
						{
							"origin": [-0.5375, -0.9375, -2.94764],
							"size": [1.075, 1.075, 2.59528],
							"pivot": [0, -0.4, -1.65],
							"rotation": [45, 0, 0],
							"uv": {
								"north": {"uv": [7, 3], "uv_size": [1, 1]},
								"east": {"uv": [5, 3], "uv_size": [2, 1]},
								"south": {"uv": [10, 3], "uv_size": [1, 1]},
								"west": {"uv": [8, 3], "uv_size": [2, 1]},
								"up": {"uv": [7, 1], "uv_size": [1, 2]},
								"down": {"uv": [8, 3], "uv_size": [1, -2]}
							}
						}
					]
				},
				{
					"name": "bone175",
					"parent": "body",
					"pivot": [0, -0.40781, -27.37809],
					"cubes": [
						{
							"origin": [-1.29764, -0.9375, -2.1875],
							"size": [2.59528, 1.075, 1.075],
							"uv": {
								"north": {"uv": [8, 8], "uv_size": [2, 1]},
								"east": {"uv": [7, 8], "uv_size": [1, 1]},
								"south": {"uv": [11, 8], "uv_size": [2, 1]},
								"west": {"uv": [10, 8], "uv_size": [1, 1]},
								"up": {"uv": [8, 7], "uv_size": [2, 1]},
								"down": {"uv": [10, 8], "uv_size": [2, -1]}
							}
						},
						{
							"origin": [-1.29764, -0.9375, -2.1875],
							"size": [2.59528, 1.075, 1.075],
							"pivot": [0, -0.4, -1.65],
							"rotation": [0, 45, 0],
							"uv": {
								"north": {"uv": [6, 6], "uv_size": [2, 1]},
								"east": {"uv": [5, 6], "uv_size": [1, 1]},
								"south": {"uv": [9, 6], "uv_size": [2, 1]},
								"west": {"uv": [8, 6], "uv_size": [1, 1]},
								"up": {"uv": [6, 5], "uv_size": [2, 1]},
								"down": {"uv": [8, 6], "uv_size": [2, -1]}
							}
						},
						{
							"origin": [-0.5375, -0.9375, -2.94764],
							"size": [1.075, 1.075, 2.59528],
							"uv": {
								"north": {"uv": [2, 6], "uv_size": [1, 1]},
								"east": {"uv": [0, 6], "uv_size": [2, 1]},
								"south": {"uv": [5, 6], "uv_size": [1, 1]},
								"west": {"uv": [3, 6], "uv_size": [2, 1]},
								"up": {"uv": [2, 4], "uv_size": [1, 2]},
								"down": {"uv": [3, 6], "uv_size": [1, -2]}
							}
						},
						{
							"origin": [-0.5375, -0.9375, -2.94764],
							"size": [1.075, 1.075, 2.59528],
							"pivot": [0, -0.4, -1.65],
							"rotation": [0, 45, 0],
							"uv": {
								"north": {"uv": [2, 2], "uv_size": [1, 1]},
								"east": {"uv": [0, 2], "uv_size": [2, 1]},
								"south": {"uv": [5, 2], "uv_size": [1, 1]},
								"west": {"uv": [3, 2], "uv_size": [2, 1]},
								"up": {"uv": [2, 0], "uv_size": [1, 2]},
								"down": {"uv": [3, 2], "uv_size": [1, -2]}
							}
						}
					]
				}
			]
		}
	]
}