{
	"format_version": "1.12.0",
	"minecraft:geometry": [
		{
			"description": {
				"identifier": "geometry.rpg",
				"texture_width": 64,
				"texture_height": 64,
				"visible_bounds_width": 91,
				"visible_bounds_height": 10,
				"visible_bounds_offset": [0, 1, 0]
			},
			"bones": [
				{
					"name": "bone",
					"pivot": [0, 0, -0.11791]
				},
				{
					"name": "flare",
					"parent": "bone",
					"pivot": [0, -0.67, 0],
					"cubes": [
						{
							"origin": [-11.725, -0.65, -0.525],
							"size": [11.2, 0, 1.05],
							"uv": {
								"up": {"uv": [9, 64], "uv_size": [-9, -1]},
								"down": {"uv": [9, 64], "uv_size": [-9, -1]}
							}
						},
						{
							"origin": [-17.325, -0.65, -0.525],
							"size": [16.8, 0, 1.05],
							"pivot": [0, -0.335, 0],
							"rotation": [0, 90, 0],
							"uv": {
								"up": {"uv": [9, 64], "uv_size": [-9, -1]},
								"down": {"uv": [9, 64], "uv_size": [-9, -1]}
							}
						},
						{
							"origin": [-11.725, -0.65, -0.525],
							"size": [11.2, 0, 1.05],
							"pivot": [0, -0.335, 0],
							"rotation": [0, 180, 0],
							"uv": {
								"up": {"uv": [9, 64], "uv_size": [-9, -1]},
								"down": {"uv": [9, 64], "uv_size": [-9, -1]}
							}
						},
						{
							"origin": [-11.2, 9.815, -0.7],
							"size": [22.4, 0, 1.4],
							"pivot": [0, 9.815, 0],
							"rotation": [135, 0, 90],
							"uv": {
								"up": {"uv": [9, 64], "uv_size": [-9, -1]},
								"down": {"uv": [9, 64], "uv_size": [-9, -1]}
							}
						},
						{
							"origin": [-11.2, 9.815, -0.7],
							"size": [22.4, 0, 1.4],
							"pivot": [0, 9.815, 0],
							"rotation": [-135, 0, 90],
							"uv": {
								"up": {"uv": [9, 64], "uv_size": [-9, -1]},
								"down": {"uv": [9, 64], "uv_size": [-9, -1]}
							}
						},
						{
							"origin": [-17.325, -0.65, -0.525],
							"size": [16.8, 0, 1.05],
							"pivot": [0, -0.335, 0],
							"rotation": [0, -90, 0],
							"uv": {
								"up": {"uv": [9, 64], "uv_size": [-9, -1]},
								"down": {"uv": [9, 64], "uv_size": [-9, -1]}
							}
						},
						{
							"origin": [-1.925, -0.65, -1.925],
							"size": [3.85, 0, 3.85],
							"pivot": [0, -0.65, 0],
							"rotation": [0, -45, 0],
							"uv": {
								"north": {"uv": [0, 63], "uv_size": [1, 1]},
								"east": {"uv": [0, 63], "uv_size": [1, 1]},
								"south": {"uv": [0, 63], "uv_size": [1, 1]},
								"west": {"uv": [0, 63], "uv_size": [1, 1]},
								"up": {"uv": [1, 64], "uv_size": [-1, -1]},
								"down": {"uv": [1, 64], "uv_size": [-1, -1]}
							}
						},
						{
							"origin": [-1.75, 0.575, -1.75],
							"size": [3.5, 0, 3.5],
							"pivot": [0, 0.575, 0],
							"rotation": [90, -45, 0],
							"uv": {
								"north": {"uv": [0, 63], "uv_size": [1, 1]},
								"east": {"uv": [0, 63], "uv_size": [1, 1]},
								"south": {"uv": [0, 63], "uv_size": [1, 1]},
								"west": {"uv": [0, 63], "uv_size": [1, 1]},
								"up": {"uv": [1, 64], "uv_size": [-1, -1]},
								"down": {"uv": [1, 64], "uv_size": [-1, -1]}
							}
						},
						{
							"origin": [-1.75, 0.575, -1.75],
							"size": [3.5, 0, 3.5],
							"pivot": [0, 0.575, 0],
							"rotation": [90, 45, 0],
							"uv": {
								"north": {"uv": [0, 63], "uv_size": [1, 1]},
								"east": {"uv": [0, 63], "uv_size": [1, 1]},
								"south": {"uv": [0, 63], "uv_size": [1, 1]},
								"west": {"uv": [0, 63], "uv_size": [1, 1]},
								"up": {"uv": [1, 64], "uv_size": [-1, -1]},
								"down": {"uv": [1, 64], "uv_size": [-1, -1]}
							}
						}
					]
				},
				{
					"name": "body",
					"parent": "bone",
					"pivot": [0, -51.91, 0],
					"rotation": [90, 0, 0]
				},
				{
					"name": "octagon",
					"parent": "body",
					"pivot": [0, 0, 6.94239],
					"cubes": [
						{
							"origin": [-0.26841, -52.648, 26.53721],
							"size": [0.53682, 1.296, 21.24],
							"pivot": [0, -52, 20.23721],
							"rotation": [0, 0, 45],
							"uv": {
								"north": {"uv": [7, 2], "uv_size": [0.5, 0.5]},
								"south": {"uv": [7, 3], "uv_size": [0.5, 0.5]},
								"up": {"uv": [0, 0], "uv_size": [0.5, 10.5]},
								"down": {"uv": [0.5, 10.5], "uv_size": [0.5, -10.5]}
							}
						},
						{
							"origin": [-0.26841, -52.648, 49.57721],
							"size": [0.53682, 1.296, 1.8],
							"uv": {
								"north": {"uv": [5.5, 7.5], "uv_size": [0.5, 0.5]},
								"south": {"uv": [7.5, 5.5], "uv_size": [0.5, 0.5]},
								"up": {"uv": [6.5, 3.5], "uv_size": [0.5, 1]},
								"down": {"uv": [4, 7.5], "uv_size": [0.5, -1]}
							}
						},
						{
							"origin": [-0.648, -52.26841, 49.57721],
							"size": [1.296, 0.53682, 1.8],
							"uv": {
								"north": {"uv": [5, 7.5], "uv_size": [0.5, 0.5]},
								"east": {"uv": [6, 6], "uv_size": [1, 0.5]},
								"south": {"uv": [7.5, 5], "uv_size": [0.5, 0.5]},
								"west": {"uv": [6.5, 2.5], "uv_size": [1, 0.5]}
							}
						},
						{
							"origin": [-0.648, -52.26841, 49.57721],
							"size": [1.296, 0.53682, 1.8],
							"pivot": [0, -52, 43.27721],
							"rotation": [0, 0, 45],
							"uv": {
								"north": {"uv": [4.5, 7.5], "uv_size": [0.5, 0.5]},
								"east": {"uv": [5, 6], "uv_size": [1, 0.5]},
								"south": {"uv": [7.5, 4.5], "uv_size": [0.5, 0.5]},
								"west": {"uv": [6, 5.5], "uv_size": [1, 0.5]}
							}
						},
						{
							"origin": [-0.26841, -52.648, 49.57721],
							"size": [0.53682, 1.296, 1.8],
							"pivot": [0, -52, 43.27721],
							"rotation": [0, 0, 45],
							"uv": {
								"north": {"uv": [4, 7.5], "uv_size": [0.5, 0.5]},
								"south": {"uv": [7.5, 4], "uv_size": [0.5, 0.5]},
								"up": {"uv": [4.5, 6], "uv_size": [0.5, 1]},
								"down": {"uv": [6, 5.5], "uv_size": [0.5, -1]}
							}
						},
						{
							"origin": [-0.26841, -52.648, 26.53721],
							"size": [0.53682, 1.296, 21.24],
							"uv": {
								"up": {"uv": [1, 2], "uv_size": [0.5, 10.5]},
								"down": {"uv": [1.5, 12.5], "uv_size": [0.5, -10.5]}
							}
						},
						{
							"origin": [-0.648, -52.26841, 26.53721],
							"size": [1.296, 0.53682, 21.24],
							"pivot": [0, -52, 20.23721],
							"rotation": [0, 0, 45],
							"uv": {
								"north": {"uv": [3.5, 7], "uv_size": [0.5, 0.5]},
								"east": {"uv": [1, 0], "uv_size": [10.5, 0.5]},
								"south": {"uv": [7, 3.5], "uv_size": [0.5, 0.5]},
								"west": {"uv": [1, 0.5], "uv_size": [10.5, 0.5]}
							}
						},
						{
							"origin": [-0.648, -52.26841, 26.53721],
							"size": [1.296, 0.53682, 21.24],
							"uv": {
								"east": {"uv": [1, 1], "uv_size": [10.5, 0.5]},
								"west": {"uv": [1, 1.5], "uv_size": [10.5, 0.5]}
							}
						},
						{
							"origin": [-0.18, -52.18, 23.32905],
							"size": [0.36, 0.36, 2.16],
							"uv": {
								"north": {"uv": [7, 5.5], "uv_size": [0.5, 0.5]},
								"east": {"uv": [5, 3], "uv_size": [1, 0.5]},
								"west": {"uv": [5, 3.5], "uv_size": [1, 0.5]},
								"up": {"uv": [3.5, 5], "uv_size": [0.5, 1]},
								"down": {"uv": [5, 5.5], "uv_size": [0.5, -1]}
							}
						},
						{
							"origin": [-0.18, -53.62, 30.16905],
							"size": [0.36, 3.24, 0.72],
							"uv": {
								"north": {"uv": [2, 2], "uv_size": [0.5, 1.5]},
								"east": {"uv": [2.5, 2], "uv_size": [0.5, 1.5]},
								"south": {"uv": [3, 2], "uv_size": [0.5, 1.5]},
								"west": {"uv": [2, 3.5], "uv_size": [0.5, 1.5]},
								"up": {"uv": [7, 6], "uv_size": [0.5, 0.5]},
								"down": {"uv": [7, 7], "uv_size": [0.5, -0.5]}
							}
						},
						{
							"origin": [-0.18, -52.9, 48.16905],
							"size": [0.36, 1.8, 1.44],
							"pivot": [0, -52, 48.88905],
							"rotation": [0, 0, -90],
							"uv": {
								"north": {"uv": [6.5, 6.5], "uv_size": [0.5, 1]},
								"east": {"uv": [2, 7], "uv_size": [0.5, 1]},
								"south": {"uv": [2.5, 7], "uv_size": [0.5, 1]},
								"west": {"uv": [3, 7], "uv_size": [0.5, 1]},
								"up": {"uv": [6.5, 7.5], "uv_size": [0.5, 0.5]},
								"down": {"uv": [7.5, 7], "uv_size": [0.5, -0.5]}
							}
						},
						{
							"origin": [-0.18, -52.9, 48.16905],
							"size": [0.36, 1.8, 1.44],
							"uv": {
								"north": {"uv": [6.5, 4.5], "uv_size": [0.5, 1]},
								"east": {"uv": [5, 6.5], "uv_size": [0.5, 1]},
								"south": {"uv": [5.5, 6.5], "uv_size": [0.5, 1]},
								"west": {"uv": [6, 6.5], "uv_size": [0.5, 1]},
								"up": {"uv": [6, 7.5], "uv_size": [0.5, 0.5]},
								"down": {"uv": [7.5, 6.5], "uv_size": [0.5, -0.5]}
							}
						},
						{
							"origin": [-0.18, -53.62, 30.16905],
							"size": [0.36, 3.24, 0.72],
							"pivot": [0, -52, 30.52905],
							"rotation": [0, 0, -90],
							"uv": {
								"north": {"uv": [3.5, 2], "uv_size": [0.5, 1.5]},
								"east": {"uv": [2.5, 3.5], "uv_size": [0.5, 1.5]},
								"south": {"uv": [3, 3.5], "uv_size": [0.5, 1.5]},
								"west": {"uv": [3.5, 3.5], "uv_size": [0.5, 1.5]},
								"up": {"uv": [7, 7], "uv_size": [0.5, 0.5]},
								"down": {"uv": [7.5, 2.5], "uv_size": [0.5, -0.5]}
							}
						},
						{
							"origin": [-0.49609, -52.26841, 24.80089],
							"size": [0.576, 0.53682, 1.8],
							"pivot": [-0.20809, -52, 25.70089],
							"rotation": [0, -10, 0],
							"uv": {
								"north": {"uv": [7, 4], "uv_size": [0.5, 0.5]},
								"east": {"uv": [4, 2], "uv_size": [1, 0.5]},
								"up": {"uv": [4, 2.5], "uv_size": [0.5, 1]},
								"down": {"uv": [4, 4.5], "uv_size": [0.5, -1]}
							}
						},
						{
							"origin": [-0.49293, -52.26841, 47.67739],
							"size": [0.576, 0.53682, 1.8],
							"pivot": [0, -52, 48.61353],
							"rotation": [0, 10, 90],
							"uv": {
								"east": {"uv": [6, 3], "uv_size": [1, 0.5]},
								"south": {"uv": [7.5, 3.5], "uv_size": [0.5, 0.5]},
								"up": {"uv": [3.5, 6], "uv_size": [0.5, 1]},
								"down": {"uv": [6, 4.5], "uv_size": [0.5, -1]}
							}
						},
						{
							"origin": [-0.08307, -52.26841, 47.67739],
							"size": [0.576, 0.53682, 1.8],
							"pivot": [0, -52, 48.61353],
							"rotation": [0, -10, 90],
							"uv": {
								"south": {"uv": [3.5, 7.5], "uv_size": [0.5, 0.5]},
								"west": {"uv": [6, 2], "uv_size": [1, 0.5]},
								"up": {"uv": [2.5, 6], "uv_size": [0.5, 1]},
								"down": {"uv": [3, 7], "uv_size": [0.5, -1]}
							}
						},
						{
							"origin": [-0.07991, -52.26841, 47.71353],
							"size": [0.576, 0.53682, 1.8],
							"pivot": [0.20809, -52, 48.61353],
							"rotation": [0, -10, 0],
							"uv": {
								"south": {"uv": [7.5, 3], "uv_size": [0.5, 0.5]},
								"west": {"uv": [4.5, 5.5], "uv_size": [1, 0.5]},
								"up": {"uv": [5.5, 5], "uv_size": [0.5, 1]},
								"down": {"uv": [2, 7], "uv_size": [0.5, -1]}
							}
						},
						{
							"origin": [-0.49609, -52.26841, 47.71353],
							"size": [0.576, 0.53682, 1.8],
							"pivot": [-0.20809, -52, 48.61353],
							"rotation": [0, 10, 0],
							"uv": {
								"east": {"uv": [5.5, 2.5], "uv_size": [1, 0.5]},
								"south": {"uv": [7.5, 2.5], "uv_size": [0.5, 0.5]},
								"up": {"uv": [4, 5.5], "uv_size": [0.5, 1]},
								"down": {"uv": [5.5, 5], "uv_size": [0.5, -1]}
							}
						},
						{
							"origin": [-0.07991, -52.26841, 24.80089],
							"size": [0.576, 0.53682, 1.8],
							"pivot": [0.20809, -52, 25.70089],
							"rotation": [0, 10, 0],
							"uv": {
								"north": {"uv": [4.5, 7], "uv_size": [0.5, 0.5]},
								"west": {"uv": [4.5, 2.5], "uv_size": [1, 0.5]},
								"up": {"uv": [4.5, 3], "uv_size": [0.5, 1]},
								"down": {"uv": [4, 5.5], "uv_size": [0.5, -1]}
							}
						},
						{
							"origin": [-0.49293, -52.26841, 24.83703],
							"size": [0.576, 0.53682, 1.8],
							"pivot": [0, -52, 25.70089],
							"rotation": [0, -10, 90],
							"uv": {
								"north": {"uv": [7, 5], "uv_size": [0.5, 0.5]},
								"east": {"uv": [5, 2], "uv_size": [1, 0.5]},
								"up": {"uv": [2.5, 5], "uv_size": [0.5, 1]},
								"down": {"uv": [3, 6], "uv_size": [0.5, -1]}
							}
						},
						{
							"origin": [-0.08307, -52.26841, 24.83703],
							"size": [0.576, 0.53682, 1.8],
							"pivot": [0, -52, 25.70089],
							"rotation": [0, 10, 90],
							"uv": {
								"north": {"uv": [7, 4.5], "uv_size": [0.5, 0.5]},
								"west": {"uv": [4.5, 4], "uv_size": [1, 0.5]},
								"up": {"uv": [4.5, 4.5], "uv_size": [0.5, 1]},
								"down": {"uv": [2, 6], "uv_size": [0.5, -1]}
							}
						}
					]
				}
			]
		}
	]
}