{
	"format_version": "1.12.0",
	"minecraft:geometry": [
		{
			"description": {
				"identifier": "geometry.rpg",
				"texture_width": 64,
				"texture_height": 64,
				"visible_bounds_width": 91,
				"visible_bounds_height": 10,
				"visible_bounds_offset": [0, 1, 0]
			},
			"bones": [
				{
					"name": "bone",
					"pivot": [0, 0, -0.11791]
				},
				{
					"name": "flare",
					"parent": "bone",
					"pivot": [0, -0.67, 0],
					"cubes": [
						{
							"origin": [-23.45, -0.63, -1.05],
							"size": [22.4, 0, 2.1],
							"uv": {
								"up": {"uv": [9, 64], "uv_size": [-9, -1]},
								"down": {"uv": [9, 64], "uv_size": [-9, -1]}
							}
						},
						{
							"origin": [-34.65, -0.63, -1.05],
							"size": [33.6, 0, 2.1],
							"pivot": [0, 0, 0],
							"rotation": [0, 90, 0],
							"uv": {
								"up": {"uv": [9, 64], "uv_size": [-9, -1]},
								"down": {"uv": [9, 64], "uv_size": [-9, -1]}
							}
						},
						{
							"origin": [-23.45, -0.63, -1.05],
							"size": [22.4, 0, 2.1],
							"pivot": [0, 0, 0],
							"rotation": [0, 180, 0],
							"uv": {
								"up": {"uv": [9, 64], "uv_size": [-9, -1]},
								"down": {"uv": [9, 64], "uv_size": [-9, -1]}
							}
						},
						{
							"origin": [-22.4, 20.3, -1.4],
							"size": [44.8, 0, 2.8],
							"pivot": [0, 20.3, 0],
							"rotation": [135, 0, 90],
							"uv": {
								"up": {"uv": [9, 64], "uv_size": [-9, -1]},
								"down": {"uv": [9, 64], "uv_size": [-9, -1]}
							}
						},
						{
							"origin": [-22.4, 20.3, -1.4],
							"size": [44.8, 0, 2.8],
							"pivot": [0, 20.3, 0],
							"rotation": [-135, 0, 90],
							"uv": {
								"up": {"uv": [9, 64], "uv_size": [-9, -1]},
								"down": {"uv": [9, 64], "uv_size": [-9, -1]}
							}
						},
						{
							"origin": [-34.65, -0.63, -1.05],
							"size": [33.6, 0, 2.1],
							"pivot": [0, 0, 0],
							"rotation": [0, -90, 0],
							"uv": {
								"up": {"uv": [9, 64], "uv_size": [-9, -1]},
								"down": {"uv": [9, 64], "uv_size": [-9, -1]}
							}
						},
						{
							"origin": [-3.85, -0.63, -3.85],
							"size": [7.7, 0, 7.7],
							"pivot": [0, -0.63, 0],
							"rotation": [0, -45, 0],
							"uv": {
								"north": {"uv": [0, 63], "uv_size": [1, 1]},
								"east": {"uv": [0, 63], "uv_size": [1, 1]},
								"south": {"uv": [0, 63], "uv_size": [1, 1]},
								"west": {"uv": [0, 63], "uv_size": [1, 1]},
								"up": {"uv": [1, 64], "uv_size": [-1, -1]},
								"down": {"uv": [1, 64], "uv_size": [-1, -1]}
							}
						},
						{
							"origin": [-3.5, 1.82, -3.5],
							"size": [7, 0, 7],
							"pivot": [0, 1.82, 0],
							"rotation": [90, -45, 0],
							"uv": {
								"north": {"uv": [0, 63], "uv_size": [1, 1]},
								"east": {"uv": [0, 63], "uv_size": [1, 1]},
								"south": {"uv": [0, 63], "uv_size": [1, 1]},
								"west": {"uv": [0, 63], "uv_size": [1, 1]},
								"up": {"uv": [1, 64], "uv_size": [-1, -1]},
								"down": {"uv": [1, 64], "uv_size": [-1, -1]}
							}
						},
						{
							"origin": [-3.5, 1.82, -3.5],
							"size": [7, 0, 7],
							"pivot": [0, 1.82, 0],
							"rotation": [90, 45, 0],
							"uv": {
								"north": {"uv": [0, 63], "uv_size": [1, 1]},
								"east": {"uv": [0, 63], "uv_size": [1, 1]},
								"south": {"uv": [0, 63], "uv_size": [1, 1]},
								"west": {"uv": [0, 63], "uv_size": [1, 1]},
								"up": {"uv": [1, 64], "uv_size": [-1, -1]},
								"down": {"uv": [1, 64], "uv_size": [-1, -1]}
							}
						}
					]
				},
				{
					"name": "body",
					"parent": "bone",
					"pivot": [0, -51.91, 0],
					"rotation": [90, 0, 0]
				},
				{
					"name": "wing",
					"parent": "body",
					"pivot": [-0.08407, -52.04737, 35.50871]
				},
				{
					"name": "wing1",
					"parent": "wing",
					"pivot": [0, -52.02791, 39.28283],
					"cubes": [
						{
							"origin": [-1.31305, -53.29159, 31.96951],
							"size": [0.8375, 2.23735, 7.82981],
							"pivot": [-0.8943, -52.02791, 29.24692],
							"rotation": [0, 0, -90],
							"uv": {
								"north": {"uv": [9, 37], "uv_size": [1, 2]},
								"east": {"uv": [24, 0], "uv_size": [8, 2]},
								"south": {"uv": [37, 9], "uv_size": [1, 2]},
								"west": {"uv": [24, 2], "uv_size": [8, 2]},
								"up": {"uv": [32, 16], "uv_size": [1, 8]},
								"down": {"uv": [24, 40], "uv_size": [1, -8]}
							}
						}
					]
				},
				{
					"name": "wing2",
					"parent": "wing",
					"pivot": [0, -52.02791, 39.28283],
					"rotation": [0, 0, -45],
					"cubes": [
						{
							"origin": [-1.31305, -53.29159, 31.96951],
							"size": [0.8375, 2.23735, 7.82981],
							"pivot": [-0.8943, -52.02791, 29.24692],
							"rotation": [0, 0, -90],
							"uv": {
								"north": {"uv": [10, 37], "uv_size": [1, 2]},
								"east": {"uv": [24, 4], "uv_size": [8, 2]},
								"south": {"uv": [11, 37], "uv_size": [1, 2]},
								"west": {"uv": [24, 6], "uv_size": [8, 2]},
								"up": {"uv": [32, 24], "uv_size": [1, 8]},
								"down": {"uv": [25, 40], "uv_size": [1, -8]}
							}
						}
					]
				},
				{
					"name": "wing3",
					"parent": "wing",
					"pivot": [0, -52.02791, 39.28283],
					"rotation": [0, 0, -90],
					"cubes": [
						{
							"origin": [-1.31305, -53.29159, 31.96951],
							"size": [0.8375, 2.23735, 7.82981],
							"pivot": [-0.8943, -52.02791, 29.24692],
							"rotation": [0, 0, -90],
							"uv": {
								"north": {"uv": [37, 11], "uv_size": [1, 2]},
								"east": {"uv": [24, 8], "uv_size": [8, 2]},
								"south": {"uv": [12, 37], "uv_size": [1, 2]},
								"west": {"uv": [24, 10], "uv_size": [8, 2]},
								"up": {"uv": [26, 32], "uv_size": [1, 8]},
								"down": {"uv": [27, 40], "uv_size": [1, -8]}
							}
						}
					]
				},
				{
					"name": "wing4",
					"parent": "wing",
					"pivot": [0, -52.02791, 39.28283],
					"rotation": [0, 0, -135],
					"cubes": [
						{
							"origin": [-1.31305, -53.29159, 31.96951],
							"size": [0.8375, 2.23735, 7.82981],
							"pivot": [-0.8943, -52.02791, 29.24692],
							"rotation": [0, 0, -90],
							"uv": {
								"north": {"uv": [13, 37], "uv_size": [1, 2]},
								"east": {"uv": [24, 12], "uv_size": [8, 2]},
								"south": {"uv": [37, 13], "uv_size": [1, 2]},
								"west": {"uv": [24, 14], "uv_size": [8, 2]},
								"up": {"uv": [28, 32], "uv_size": [1, 8]},
								"down": {"uv": [29, 40], "uv_size": [1, -8]}
							}
						}
					]
				},
				{
					"name": "wing5",
					"parent": "wing",
					"pivot": [0, -52.02791, 39.28283],
					"rotation": [0, 0, -180],
					"cubes": [
						{
							"origin": [-1.31305, -53.29159, 31.96951],
							"size": [0.8375, 2.23735, 7.82981],
							"pivot": [-0.8943, -52.02791, 29.24692],
							"rotation": [0, 0, -90],
							"uv": {
								"north": {"uv": [14, 37], "uv_size": [1, 2]},
								"east": {"uv": [24, 16], "uv_size": [8, 2]},
								"south": {"uv": [37, 15], "uv_size": [1, 2]},
								"west": {"uv": [24, 18], "uv_size": [8, 2]},
								"up": {"uv": [30, 32], "uv_size": [1, 8]},
								"down": {"uv": [31, 40], "uv_size": [1, -8]}
							}
						}
					]
				},
				{
					"name": "wing6",
					"parent": "wing",
					"pivot": [0, -52.02791, 39.28283],
					"rotation": [0, 0, 135],
					"cubes": [
						{
							"origin": [-1.31305, -53.29159, 31.96951],
							"size": [0.8375, 2.23735, 7.82981],
							"pivot": [-0.8943, -52.02791, 29.24692],
							"rotation": [0, 0, -90],
							"uv": {
								"north": {"uv": [37, 17], "uv_size": [1, 2]},
								"east": {"uv": [24, 20], "uv_size": [8, 2]},
								"south": {"uv": [37, 19], "uv_size": [1, 2]},
								"west": {"uv": [24, 22], "uv_size": [8, 2]},
								"up": {"uv": [32, 32], "uv_size": [1, 8]},
								"down": {"uv": [0, 41], "uv_size": [1, -8]}
							}
						}
					]
				},
				{
					"name": "wing7",
					"parent": "wing",
					"pivot": [0, -52.02791, 39.28283],
					"rotation": [0, 0, 90],
					"cubes": [
						{
							"origin": [-1.31305, -53.29159, 31.96951],
							"size": [0.8375, 2.23735, 7.82981],
							"pivot": [-0.8943, -52.02791, 29.24692],
							"rotation": [0, 0, -90],
							"uv": {
								"north": {"uv": [37, 21], "uv_size": [1, 2]},
								"east": {"uv": [24, 24], "uv_size": [8, 2]},
								"south": {"uv": [37, 23], "uv_size": [1, 2]},
								"west": {"uv": [24, 26], "uv_size": [8, 2]},
								"up": {"uv": [1, 33], "uv_size": [1, 8]},
								"down": {"uv": [2, 41], "uv_size": [1, -8]}
							}
						}
					]
				},
				{
					"name": "wing8",
					"parent": "wing",
					"pivot": [0, -52.02791, 39.28283],
					"rotation": [0, 0, 45],
					"cubes": [
						{
							"origin": [-1.31305, -53.29159, 31.96951],
							"size": [0.8375, 2.23735, 7.82981],
							"pivot": [-0.8943, -52.02791, 29.24692],
							"rotation": [0, 0, -90],
							"uv": {
								"north": {"uv": [37, 25], "uv_size": [1, 2]},
								"east": {"uv": [24, 28], "uv_size": [8, 2]},
								"south": {"uv": [37, 27], "uv_size": [1, 2]},
								"west": {"uv": [24, 30], "uv_size": [8, 2]},
								"up": {"uv": [3, 33], "uv_size": [1, 8]},
								"down": {"uv": [4, 41], "uv_size": [1, -8]}
							}
						}
					]
				},
				{
					"name": "wing9",
					"parent": "wing",
					"pivot": [0, -52.02791, 50.03283],
					"cubes": [
						{
							"origin": [-1.31305, -53.29159, 45.71951],
							"size": [0.8375, 2.23735, 4.82981],
							"pivot": [-0.8943, -52.02791, 39.99692],
							"rotation": [0, 0, -90],
							"uv": {
								"north": {"uv": [37, 29], "uv_size": [1, 2]},
								"east": {"uv": [32, 0], "uv_size": [5, 2]},
								"south": {"uv": [37, 31], "uv_size": [1, 2]},
								"west": {"uv": [32, 2], "uv_size": [5, 2]},
								"up": {"uv": [15, 33], "uv_size": [1, 5]},
								"down": {"uv": [33, 33], "uv_size": [1, -5]}
							}
						}
					]
				},
				{
					"name": "wing10",
					"parent": "wing",
					"pivot": [0, -52.02791, 50.03283],
					"rotation": [0, 0, -180],
					"cubes": [
						{
							"origin": [-1.31305, -53.29159, 45.71951],
							"size": [0.8375, 2.23735, 4.82981],
							"pivot": [-0.8943, -52.02791, 39.99692],
							"rotation": [0, 0, -90],
							"uv": {
								"north": {"uv": [37, 33], "uv_size": [1, 2]},
								"east": {"uv": [32, 4], "uv_size": [5, 2]},
								"south": {"uv": [35, 37], "uv_size": [1, 2]},
								"west": {"uv": [32, 6], "uv_size": [5, 2]},
								"up": {"uv": [33, 33], "uv_size": [1, 5]},
								"down": {"uv": [34, 33], "uv_size": [1, -5]}
							}
						}
					]
				},
				{
					"name": "wing11",
					"parent": "wing",
					"pivot": [0, -52.02791, 50.03283],
					"rotation": [0, 0, -90],
					"cubes": [
						{
							"origin": [-1.31305, -53.29159, 45.71951],
							"size": [0.8375, 2.23735, 4.82981],
							"pivot": [-0.8943, -52.02791, 39.99692],
							"rotation": [0, 0, -90],
							"uv": {
								"north": {"uv": [37, 35], "uv_size": [1, 2]},
								"east": {"uv": [32, 8], "uv_size": [5, 2]},
								"south": {"uv": [36, 37], "uv_size": [1, 2]},
								"west": {"uv": [32, 10], "uv_size": [5, 2]},
								"up": {"uv": [34, 33], "uv_size": [1, 5]},
								"down": {"uv": [35, 21], "uv_size": [1, -5]}
							}
						}
					]
				},
				{
					"name": "wing12",
					"parent": "wing",
					"pivot": [0, -52.02791, 50.03283],
					"rotation": [0, 0, 90],
					"cubes": [
						{
							"origin": [-1.31305, -53.29159, 45.71951],
							"size": [0.8375, 2.23735, 4.82981],
							"pivot": [-0.8943, -52.02791, 39.99692],
							"rotation": [0, 0, -90],
							"uv": {
								"north": {"uv": [37, 37], "uv_size": [1, 2]},
								"east": {"uv": [32, 12], "uv_size": [5, 2]},
								"south": {"uv": [38, 0], "uv_size": [1, 2]},
								"west": {"uv": [32, 14], "uv_size": [5, 2]},
								"up": {"uv": [35, 21], "uv_size": [1, 5]},
								"down": {"uv": [35, 31], "uv_size": [1, -5]}
							}
						}
					]
				},
				{
					"name": "bone5",
					"parent": "body",
					"pivot": [-0.08407, -52.04737, 29.55871],
					"cubes": [
						{
							"origin": [-0.77375, -53.89714, 18.75451],
							"size": [1.5475, 3.7372, 33.06981],
							"pivot": [0, -52.02791, 8.85492],
							"rotation": [0, 0, 90],
							"uv": {
								"north": {"uv": [5, 33], "uv_size": [2, 4]},
								"south": {"uv": [7, 33], "uv_size": [2, 4]},
								"up": {"uv": [0, 0], "uv_size": [2, 33]},
								"down": {"uv": [2, 33], "uv_size": [2, -33]}
							}
						},
						{
							"origin": [-0.77436, -53.8965, 18.75451],
							"size": [1.5475, 3.7372, 33.06981],
							"pivot": [-0.00061, -52.02791, 26.41442],
							"rotation": [0, 0, 45],
							"uv": {
								"north": {"uv": [9, 33], "uv_size": [2, 4]},
								"south": {"uv": [11, 33], "uv_size": [2, 4]},
								"up": {"uv": [4, 0], "uv_size": [2, 33]},
								"down": {"uv": [6, 33], "uv_size": [2, -33]}
							}
						},
						{
							"origin": [-0.77436, -53.8965, 18.75451],
							"size": [1.5475, 3.7372, 33.06981],
							"uv": {
								"north": {"uv": [13, 33], "uv_size": [2, 4]},
								"south": {"uv": [33, 16], "uv_size": [2, 4]},
								"up": {"uv": [8, 0], "uv_size": [2, 33]},
								"down": {"uv": [10, 33], "uv_size": [2, -33]}
							}
						},
						{
							"origin": [-0.77436, -53.8965, 18.75451],
							"size": [1.5475, 3.7372, 33.06981],
							"pivot": [-0.00061, -52.02791, 26.41442],
							"rotation": [0, 0, -45],
							"uv": {
								"north": {"uv": [33, 20], "uv_size": [2, 4]},
								"south": {"uv": [33, 24], "uv_size": [2, 4]},
								"up": {"uv": [12, 0], "uv_size": [2, 33]},
								"down": {"uv": [14, 33], "uv_size": [2, -33]}
							}
						}
					]
				},
				{
					"name": "bone2",
					"parent": "body",
					"pivot": [-0.00061, -52.02791, 18.75451],
					"cubes": [
						{
							"origin": [-0.69644, -53.71021, 16.00451],
							"size": [1.39275, 3.36348, 2.75],
							"pivot": [-0.00006, -52.02791, 9.84488],
							"rotation": [0, 0, 90],
							"uv": {
								"north": {"uv": [35, 31], "uv_size": [1, 3]},
								"south": {"uv": [35, 34], "uv_size": [1, 3]},
								"up": {"uv": [36, 16], "uv_size": [1, 3]},
								"down": {"uv": [36, 22], "uv_size": [1, -3]}
							}
						},
						{
							"origin": [-0.69698, -53.70964, 16.00451],
							"size": [1.39275, 3.36348, 2.75],
							"pivot": [-0.00061, -52.02791, 25.64843],
							"rotation": [0, 0, 45],
							"uv": {
								"north": {"uv": [36, 22], "uv_size": [1, 3]},
								"south": {"uv": [36, 25], "uv_size": [1, 3]},
								"up": {"uv": [36, 28], "uv_size": [1, 3]},
								"down": {"uv": [36, 34], "uv_size": [1, -3]}
							}
						},
						{
							"origin": [-0.69698, -53.70964, 16.00451],
							"size": [1.39275, 3.36348, 2.75],
							"uv": {
								"north": {"uv": [36, 34], "uv_size": [1, 3]},
								"south": {"uv": [37, 0], "uv_size": [1, 3]},
								"up": {"uv": [37, 3], "uv_size": [1, 3]},
								"down": {"uv": [5, 40], "uv_size": [1, -3]}
							}
						},
						{
							"origin": [-0.69698, -53.70964, 16.00451],
							"size": [1.39275, 3.36348, 2.75],
							"pivot": [-0.00061, -52.02791, 25.64843],
							"rotation": [0, 0, -45],
							"uv": {
								"north": {"uv": [6, 37], "uv_size": [1, 3]},
								"south": {"uv": [37, 6], "uv_size": [1, 3]},
								"up": {"uv": [7, 37], "uv_size": [1, 3]},
								"down": {"uv": [8, 40], "uv_size": [1, -3]}
							}
						}
					]
				},
				{
					"name": "bone3",
					"parent": "body",
					"pivot": [-0.00061, -52.02791, 16.00451],
					"cubes": [
						{
							"origin": [-0.48769, -53.20552, 15.50451],
							"size": [0.97492, 2.35444, 36.6],
							"pivot": [-0.00023, -52.02791, 11.69277],
							"rotation": [0, 0, 90],
							"uv": {
								"north": {"uv": [38, 2], "uv_size": [1, 2]},
								"south": {"uv": [38, 4], "uv_size": [1, 2]},
								"up": {"uv": [16, 0], "uv_size": [1, 38]},
								"down": {"uv": [17, 38], "uv_size": [1, -38]}
							}
						},
						{
							"origin": [-0.48807, -53.20512, 15.50451],
							"size": [0.97492, 2.35444, 36.6],
							"pivot": [-0.00061, -52.02791, 22.75525],
							"rotation": [0, 0, 45],
							"uv": {
								"north": {"uv": [38, 6], "uv_size": [1, 2]},
								"south": {"uv": [38, 8], "uv_size": [1, 2]},
								"up": {"uv": [18, 0], "uv_size": [1, 38]},
								"down": {"uv": [19, 38], "uv_size": [1, -38]}
							}
						},
						{
							"origin": [-0.48807, -53.20512, 15.50451],
							"size": [0.97492, 2.35444, 36.6],
							"uv": {
								"north": {"uv": [38, 10], "uv_size": [1, 2]},
								"south": {"uv": [38, 12], "uv_size": [1, 2]},
								"up": {"uv": [20, 0], "uv_size": [1, 38]},
								"down": {"uv": [21, 38], "uv_size": [1, -38]}
							}
						},
						{
							"origin": [-0.48807, -53.20512, 15.50451],
							"size": [0.97492, 2.35444, 36.6],
							"pivot": [-0.00061, -52.02791, 22.75525],
							"rotation": [0, 0, -45],
							"uv": {
								"north": {"uv": [38, 14], "uv_size": [1, 2]},
								"south": {"uv": [15, 38], "uv_size": [1, 2]},
								"up": {"uv": [22, 0], "uv_size": [1, 38]},
								"down": {"uv": [23, 38], "uv_size": [1, -38]}
							}
						}
					]
				}
			]
		}
	]
}