{
	"format_version": "1.12.0",
	"minecraft:geometry": [
		{
			"description": {
				"identifier": "geometry.unknown",
				"texture_width": 128,
				"texture_height": 128,
				"visible_bounds_width": 8,
				"visible_bounds_height": 4,
				"visible_bounds_offset": [0, 1, 0]
			},
			"bones": [
				{
					"name": "camera",
					"pivot": [4.87141, 13.66276, 12.67702]
				},
				{
					"name": "root",
					"pivot": [0, -1, -2]
				},
				{
					"name": "bone",
					"parent": "root",
					"pivot": [8, 10, -8]
				},
				{
					"name": "shen",
					"parent": "bone",
					"pivot": [0, 0, 0]
				},
				{
					"name": "0",
					"parent": "shen",
					"pivot": [0, 0, 0]
				},
				{
					"name": "roll",
					"parent": "0",
					"pivot": [0, 0, 0]
				},
				{
					"name": "javelin",
					"parent": "roll",
					"pivot": [0, 0, 0]
				},
				{
					"name": "tong",
					"parent": "javelin",
					"pivot": [-4.5, 9.16871, -2.48078],
					"rotation": [-13, 0, 0]
				},
				{
					"name": "bone11",
					"parent": "tong",
					"pivot": [-4.4743, 9.00614, 5.76922],
					"rotation": [0, 0, 22.5],
					"cubes": [
						{
							"origin": [-5.71095, 6.02057, -9.99162],
							"size": [2.4733, 5.97115, 35.52168],
							"pivot": [-4.4743, 9.00614, 9.93718],
							"rotation": [0, 0, 45],
							"uv": {
								"north": {"uv": [11, 53], "uv_size": [2.5, 6]},
								"south": {"uv": [53, 21], "uv_size": [2.5, 6]},
								"up": {"uv": [0, 0], "uv_size": [2.5, 35.5]},
								"down": {"uv": [3, 35.5], "uv_size": [2.5, -35.5]}
							}
						},
						{
							"origin": [-5.71095, 6.02057, -9.99162],
							"size": [2.4733, 5.97115, 35.52168],
							"pivot": [-4.4743, 9.00614, 9.93718],
							"rotation": [0, 0, 90],
							"uv": {
								"north": {"uv": [53, 27], "uv_size": [2.5, 6]},
								"south": {"uv": [37, 53], "uv_size": [2.5, 6]},
								"up": {"uv": [6, 0], "uv_size": [2.5, 35.5]},
								"down": {"uv": [9, 35.5], "uv_size": [2.5, -35.5]}
							}
						},
						{
							"origin": [-5.71095, 6.02057, -9.99162],
							"size": [2.4733, 5.97115, 35.52168],
							"pivot": [-4.4743, 9.00614, 9.93718],
							"rotation": [0, 0, 135],
							"uv": {
								"north": {"uv": [40, 53], "uv_size": [2.5, 6]},
								"south": {"uv": [43, 53], "uv_size": [2.5, 6]},
								"up": {"uv": [12, 0], "uv_size": [2.5, 35.5]},
								"down": {"uv": [15, 35.5], "uv_size": [2.5, -35.5]}
							}
						},
						{
							"origin": [-5.71095, 6.02057, -9.99162],
							"size": [2.4733, 5.97115, 35.52168],
							"pivot": [-4.4743, 9.00614, 9.93718],
							"rotation": [0, 0, -180],
							"uv": {
								"north": {"uv": [46, 53], "uv_size": [2.5, 6]},
								"south": {"uv": [14, 54], "uv_size": [2.5, 6]},
								"up": {"uv": [18, 0], "uv_size": [2.5, 35.5]},
								"down": {"uv": [21, 35.5], "uv_size": [2.5, -35.5]}
							}
						}
					]
				},
				{
					"name": "bone19",
					"parent": "tong",
					"pivot": [-4.4743, 9.00614, 25.53006],
					"rotation": [0, 0, 22.5],
					"cubes": [
						{
							"origin": [-6.51477, 4.07994, 25.53006],
							"size": [4.08094, 9.8524, 3],
							"pivot": [-4.4743, 9.00614, -0.19819],
							"rotation": [0, 0, 45],
							"uv": {
								"north": {"uv": [34, 0], "uv_size": [4, 10]},
								"east": {"uv": [37, 43], "uv_size": [3, 10]},
								"south": {"uv": [34, 10], "uv_size": [4, 10]},
								"west": {"uv": [40, 43], "uv_size": [3, 10]},
								"up": {"uv": [62, 37], "uv_size": [4, 3]},
								"down": {"uv": [52, 65], "uv_size": [4, -3]}
							}
						},
						{
							"origin": [-6.51477, 4.07994, 25.53006],
							"size": [4.08094, 9.8524, 3],
							"pivot": [-4.4743, 9.00614, -0.19819],
							"rotation": [0, 0, 90],
							"uv": {
								"north": {"uv": [34, 20], "uv_size": [4, 10]},
								"east": {"uv": [43, 43], "uv_size": [3, 10]},
								"south": {"uv": [34, 30], "uv_size": [4, 10]},
								"west": {"uv": [44, 18], "uv_size": [3, 10]},
								"up": {"uv": [56, 62], "uv_size": [4, 3]},
								"down": {"uv": [63, 15], "uv_size": [4, -3]}
							}
						},
						{
							"origin": [-6.51477, 4.07994, 25.53006],
							"size": [4.08094, 9.8524, 3],
							"pivot": [-4.4743, 9.00614, -0.19819],
							"rotation": [0, 0, 135],
							"uv": {
								"north": {"uv": [0, 36], "uv_size": [4, 10]},
								"east": {"uv": [22, 44], "uv_size": [3, 10]},
								"south": {"uv": [4, 36], "uv_size": [4, 10]},
								"west": {"uv": [25, 44], "uv_size": [3, 10]},
								"up": {"uv": [63, 15], "uv_size": [4, 3]},
								"down": {"uv": [47, 67], "uv_size": [4, -3]}
							}
						},
						{
							"origin": [-6.51477, 4.07994, 25.53006],
							"size": [4.08094, 9.8524, 3],
							"pivot": [-4.4743, 9.00614, -0.19819],
							"rotation": [0, 0, -180],
							"uv": {
								"north": {"uv": [8, 36], "uv_size": [4, 10]},
								"east": {"uv": [28, 44], "uv_size": [3, 10]},
								"south": {"uv": [12, 36], "uv_size": [4, 10]},
								"west": {"uv": [44, 28], "uv_size": [3, 10]},
								"up": {"uv": [64, 59], "uv_size": [4, 3]},
								"down": {"uv": [64, 65], "uv_size": [4, -3]}
							}
						}
					]
				},
				{
					"name": "bone13",
					"parent": "tong",
					"pivot": [-4.4743, 9.00614, -9.99162],
					"rotation": [0, 0, 22.5],
					"cubes": [
						{
							"origin": [-5.74805, 5.931, -9.99162],
							"size": [2.5475, 6.15028, 1.25],
							"pivot": [-4.4743, 9.00614, 10.53505],
							"rotation": [0, 0, 45],
							"uv": {
								"north": {"uv": [54, 14], "uv_size": [2.5, 6]},
								"east": {"uv": [1, 67], "uv_size": [1.5, 6]},
								"south": {"uv": [17, 54], "uv_size": [2.5, 6]},
								"west": {"uv": [3, 67], "uv_size": [1.5, 6]},
								"up": {"uv": [73, 74], "uv_size": [2.5, 1.5]},
								"down": {"uv": [75, 3.5], "uv_size": [2.5, -1.5]}
							}
						},
						{
							"origin": [-5.74805, 5.931, -9.99162],
							"size": [2.5475, 6.15028, 1.25],
							"pivot": [-4.4743, 9.00614, 10.53505],
							"rotation": [0, 0, 90],
							"uv": {
								"north": {"uv": [20, 54], "uv_size": [2.5, 6]},
								"east": {"uv": [67, 6], "uv_size": [1.5, 6]},
								"south": {"uv": [23, 54], "uv_size": [2.5, 6]},
								"west": {"uv": [67, 12], "uv_size": [1.5, 6]},
								"up": {"uv": [75, 6], "uv_size": [2.5, 1.5]},
								"down": {"uv": [75, 9.5], "uv_size": [2.5, -1.5]}
							}
						},
						{
							"origin": [-5.74805, 5.931, -9.99162],
							"size": [2.5475, 6.15028, 1.25],
							"pivot": [-4.4743, 9.00614, 10.53505],
							"rotation": [0, 0, 135],
							"uv": {
								"north": {"uv": [26, 54], "uv_size": [2.5, 6]},
								"east": {"uv": [67, 18], "uv_size": [1.5, 6]},
								"south": {"uv": [29, 54], "uv_size": [2.5, 6]},
								"west": {"uv": [21, 67], "uv_size": [1.5, 6]},
								"up": {"uv": [75, 11], "uv_size": [2.5, 1.5]},
								"down": {"uv": [75, 14.5], "uv_size": [2.5, -1.5]}
							}
						},
						{
							"origin": [-5.74805, 5.931, -9.99162],
							"size": [2.5475, 6.15028, 1.25],
							"pivot": [-4.4743, 9.00614, 10.53505],
							"rotation": [0, 0, -180],
							"uv": {
								"north": {"uv": [54, 42], "uv_size": [2.5, 6]},
								"east": {"uv": [23, 67], "uv_size": [1.5, 6]},
								"south": {"uv": [54, 48], "uv_size": [2.5, 6]},
								"west": {"uv": [67, 24], "uv_size": [1.5, 6]},
								"up": {"uv": [21, 75], "uv_size": [2.5, 1.5]},
								"down": {"uv": [24, 76.5], "uv_size": [2.5, -1.5]}
							}
						},
						{
							"origin": [-5.74805, 5.631, -9.99162],
							"size": [2.5475, 0.65028, 1.25],
							"pivot": [-4.4743, 9.00614, -9.36662],
							"rotation": [0, 0, 157.5],
							"uv": {
								"north": {"uv": [79, 68], "uv_size": [2.5, 0.5]},
								"east": {"uv": [80, 59], "uv_size": [1.5, 0.5]},
								"south": {"uv": [79, 69], "uv_size": [2.5, 0.5]},
								"west": {"uv": [80, 62], "uv_size": [1.5, 0.5]},
								"up": {"uv": [15, 76], "uv_size": [2.5, 1.5]},
								"down": {"uv": [76, 19.5], "uv_size": [2.5, -1.5]}
							}
						},
						{
							"origin": [-6.49805, 5.731, -5.74162],
							"size": [2.7975, 1.30028, 7],
							"pivot": [-4.4743, 9.00614, -9.36662],
							"rotation": [0, 0, 67.5],
							"uv": {
								"north": {"uv": [74, 16], "uv_size": [3, 1.5]},
								"east": {"uv": [65, 35], "uv_size": [7, 1.5]},
								"south": {"uv": [74, 25], "uv_size": [3, 1.5]},
								"west": {"uv": [40, 65], "uv_size": [7, 1.5]},
								"up": {"uv": [47, 24], "uv_size": [3, 7]},
								"down": {"uv": [47, 38], "uv_size": [3, -7]}
							}
						},
						{
							"origin": [-6.74805, 4.631, -5.74162],
							"size": [3.2975, 1.1, 7],
							"pivot": [-4.4743, 9.00614, -9.36662],
							"rotation": [0, 0, 67.5],
							"uv": {
								"north": {"uv": [50, 42], "uv_size": [3.5, 1]},
								"east": {"uv": [68, 41], "uv_size": [7, 1]},
								"south": {"uv": [75, 15], "uv_size": [3.5, 1]},
								"west": {"uv": [69, 29], "uv_size": [7, 1]},
								"up": {"uv": [46, 5], "uv_size": [3.5, 7]},
								"down": {"uv": [10, 53], "uv_size": [3.5, -7]}
							}
						},
						{
							"origin": [-8.856, 8.52788, -6.49162],
							"size": [0.7975, 0.85, 0.75],
							"pivot": [-8.45725, 8.95288, -6.11662],
							"rotation": [0, 0, 67.5],
							"uv": {
								"north": {"uv": [15, 80], "uv_size": [1, 1]},
								"east": {"uv": [16, 80], "uv_size": [1, 1]},
								"south": {"uv": [80, 16], "uv_size": [1, 1]},
								"west": {"uv": [80, 17], "uv_size": [1, 1]},
								"up": {"uv": [80, 18], "uv_size": [1, 1]},
								"down": {"uv": [80, 20], "uv_size": [1, -1]}
							}
						},
						{
							"origin": [-8.72602, 8.58172, -7.33126],
							"size": [0.7975, 0.85, 1.25],
							"pivot": [-8.32727, 9.00672, -6.45626],
							"rotation": [-45, 0, 67.5],
							"uv": {
								"north": {"uv": [80, 21], "uv_size": [1, 1]},
								"east": {"uv": [79, 4], "uv_size": [1.5, 1]},
								"south": {"uv": [80, 22], "uv_size": [1, 1]},
								"west": {"uv": [79, 5], "uv_size": [1.5, 1]},
								"up": {"uv": [9, 79], "uv_size": [1, 1.5]},
								"down": {"uv": [10, 80.5], "uv_size": [1, -1.5]}
							}
						},
						{
							"origin": [-8.08559, 8.84699, -7.8255],
							"size": [0.7975, 0.85, 1.25],
							"pivot": [-7.68684, 9.27199, -6.9505],
							"rotation": [-90, 0, 67.5],
							"uv": {
								"north": {"uv": [80, 23], "uv_size": [1, 1]},
								"east": {"uv": [13, 79], "uv_size": [1.5, 1]},
								"south": {"uv": [80, 24], "uv_size": [1, 1]},
								"west": {"uv": [15, 79], "uv_size": [1.5, 1]},
								"up": {"uv": [79, 18], "uv_size": [1, 1.5]},
								"down": {"uv": [19, 80.5], "uv_size": [1, -1.5]}
							}
						},
						{
							"origin": [-7.14298, 12.38392, -9.59162],
							"size": [0.4, 0.75, 0.4],
							"pivot": [-5.96798, 12.60892, -9.39162],
							"rotation": [0, 0, 157.5],
							"uv": {
								"north": {"uv": [81, 77], "uv_size": [0.5, 1]},
								"east": {"uv": [81, 78], "uv_size": [0.5, 1]},
								"south": {"uv": [81, 79], "uv_size": [0.5, 1]},
								"west": {"uv": [81, 80], "uv_size": [0.5, 1]},
								"up": {"uv": [63, 82], "uv_size": [0.5, 0.5]},
								"down": {"uv": [82, 63.5], "uv_size": [0.5, -0.5]}
							}
						},
						{
							"origin": [-6.33198, 10.52454, -9.59162],
							"size": [0.4, 2.35, 0.4],
							"pivot": [-5.15698, 12.34954, -9.39162],
							"rotation": [0, 0, 67.5],
							"uv": {
								"north": {"uv": [50, 79], "uv_size": [0.5, 2.5]},
								"east": {"uv": [56, 79], "uv_size": [0.5, 2.5]},
								"south": {"uv": [60, 79], "uv_size": [0.5, 2.5]},
								"west": {"uv": [61, 79], "uv_size": [0.5, 2.5]},
								"up": {"uv": [65, 82], "uv_size": [0.5, 0.5]},
								"down": {"uv": [82, 65.5], "uv_size": [0.5, -0.5]}
							}
						},
						{
							"origin": [-5.19298, 12.38392, -9.59162],
							"size": [0.4, 0.75, 0.4],
							"pivot": [-5.96798, 12.60892, -9.39162],
							"rotation": [0, 0, 157.5],
							"uv": {
								"north": {"uv": [81, 81], "uv_size": [0.5, 1]},
								"east": {"uv": [0, 82], "uv_size": [0.5, 1]},
								"south": {"uv": [82, 0], "uv_size": [0.5, 1]},
								"west": {"uv": [1, 82], "uv_size": [0.5, 1]},
								"up": {"uv": [64, 82], "uv_size": [0.5, 0.5]},
								"down": {"uv": [82, 64.5], "uv_size": [0.5, -0.5]}
							}
						},
						{
							"origin": [-6.33198, 10.52454, 22.36151],
							"size": [0.4, 2.35, 0.4],
							"pivot": [-5.15698, 12.34954, 22.56151],
							"rotation": [0, 0, 67.5],
							"uv": {
								"north": {"uv": [67, 79], "uv_size": [0.5, 2.5]},
								"east": {"uv": [68, 79], "uv_size": [0.5, 2.5]},
								"south": {"uv": [74, 79], "uv_size": [0.5, 2.5]},
								"west": {"uv": [75, 79], "uv_size": [0.5, 2.5]},
								"up": {"uv": [68, 82], "uv_size": [0.5, 0.5]},
								"down": {"uv": [82, 68.5], "uv_size": [0.5, -0.5]}
							}
						},
						{
							"origin": [-5.19298, 12.38392, 22.36151],
							"size": [0.4, 0.75, 0.4],
							"pivot": [-5.96798, 12.60892, 22.56151],
							"rotation": [0, 0, 157.5],
							"uv": {
								"north": {"uv": [82, 3], "uv_size": [0.5, 1]},
								"east": {"uv": [4, 82], "uv_size": [0.5, 1]},
								"south": {"uv": [82, 4], "uv_size": [0.5, 1]},
								"west": {"uv": [5, 82], "uv_size": [0.5, 1]},
								"up": {"uv": [67, 82], "uv_size": [0.5, 0.5]},
								"down": {"uv": [82, 67.5], "uv_size": [0.5, -0.5]}
							}
						},
						{
							"origin": [-7.14298, 12.38392, 22.36151],
							"size": [0.4, 0.75, 0.4],
							"pivot": [-5.96798, 12.60892, 22.56151],
							"rotation": [0, 0, 157.5],
							"uv": {
								"north": {"uv": [82, 1], "uv_size": [0.5, 1]},
								"east": {"uv": [2, 82], "uv_size": [0.5, 1]},
								"south": {"uv": [82, 2], "uv_size": [0.5, 1]},
								"west": {"uv": [3, 82], "uv_size": [0.5, 1]},
								"up": {"uv": [66, 82], "uv_size": [0.5, 0.5]},
								"down": {"uv": [82, 66.5], "uv_size": [0.5, -0.5]}
							}
						},
						{
							"origin": [-5.74805, 5.631, 21.96151],
							"size": [2.5475, 0.65028, 1.25],
							"pivot": [-4.4743, 9.00614, 22.58651],
							"rotation": [0, 0, 157.5],
							"uv": {
								"north": {"uv": [79, 70], "uv_size": [2.5, 0.5]},
								"east": {"uv": [80, 71], "uv_size": [1.5, 0.5]},
								"south": {"uv": [71, 79], "uv_size": [2.5, 0.5]},
								"west": {"uv": [72, 80], "uv_size": [1.5, 0.5]},
								"up": {"uv": [76, 27], "uv_size": [2.5, 1.5]},
								"down": {"uv": [31, 77.5], "uv_size": [2.5, -1.5]}
							}
						}
					]
				},
				{
					"name": "bone14",
					"parent": "tong",
					"pivot": [-4.4743, 9.00614, -0.74162],
					"rotation": [0, 0, 22.5],
					"cubes": [
						{
							"origin": [-5.74805, 5.931, -0.24162],
							"size": [2.5475, 6.15028, 0.65],
							"pivot": [-4.4743, 9.00614, 19.78505],
							"rotation": [0, 0, 45],
							"uv": {
								"north": {"uv": [54, 54], "uv_size": [2.5, 6]},
								"east": {"uv": [20, 76], "uv_size": [0.5, 6]},
								"south": {"uv": [55, 0], "uv_size": [2.5, 6]},
								"west": {"uv": [76, 47], "uv_size": [0.5, 6]},
								"up": {"uv": [79, 57], "uv_size": [2.5, 0.5]},
								"down": {"uv": [79, 58.5], "uv_size": [2.5, -0.5]}
							}
						},
						{
							"origin": [-5.74805, 5.931, -0.24162],
							"size": [2.5475, 6.15028, 0.65],
							"pivot": [-4.4743, 9.00614, 19.78505],
							"rotation": [0, 0, 90],
							"uv": {
								"north": {"uv": [56, 6], "uv_size": [2.5, 6]},
								"east": {"uv": [58, 76], "uv_size": [0.5, 6]},
								"south": {"uv": [56, 20], "uv_size": [2.5, 6]},
								"west": {"uv": [59, 76], "uv_size": [0.5, 6]},
								"up": {"uv": [79, 60], "uv_size": [2.5, 0.5]},
								"down": {"uv": [79, 61.5], "uv_size": [2.5, -0.5]}
							}
						},
						{
							"origin": [-5.74805, 5.931, -0.24162],
							"size": [2.5475, 6.15028, 0.65],
							"pivot": [-4.4743, 9.00614, 19.78505],
							"rotation": [0, 0, 135],
							"uv": {
								"north": {"uv": [56, 26], "uv_size": [2.5, 6]},
								"east": {"uv": [62, 76], "uv_size": [0.5, 6]},
								"south": {"uv": [56, 32], "uv_size": [2.5, 6]},
								"west": {"uv": [63, 76], "uv_size": [0.5, 6]},
								"up": {"uv": [79, 64], "uv_size": [2.5, 0.5]},
								"down": {"uv": [79, 65.5], "uv_size": [2.5, -0.5]}
							}
						},
						{
							"origin": [-5.74805, 5.931, -0.24162],
							"size": [2.5475, 6.15028, 0.65],
							"pivot": [-4.4743, 9.00614, 19.78505],
							"rotation": [0, 0, -180],
							"uv": {
								"north": {"uv": [57, 12], "uv_size": [2.5, 6]},
								"east": {"uv": [64, 76], "uv_size": [0.5, 6]},
								"south": {"uv": [57, 42], "uv_size": [2.5, 6]},
								"west": {"uv": [65, 76], "uv_size": [0.5, 6]},
								"up": {"uv": [79, 66], "uv_size": [2.5, 0.5]},
								"down": {"uv": [79, 67.5], "uv_size": [2.5, -0.5]}
							}
						}
					]
				},
				{
					"name": "bone15",
					"parent": "tong",
					"pivot": [-4.4743, 9.00614, 7.00838],
					"rotation": [0, 0, 22.5],
					"cubes": [
						{
							"origin": [-5.74805, 5.931, 7.90838],
							"size": [2.5475, 6.15028, 1],
							"pivot": [-4.4743, 9.00614, 27.53505],
							"rotation": [0, 0, 45],
							"uv": {
								"north": {"uv": [57, 48], "uv_size": [2.5, 6]},
								"east": {"uv": [20, 70], "uv_size": [1, 6]},
								"south": {"uv": [57, 54], "uv_size": [2.5, 6]},
								"west": {"uv": [9, 71], "uv_size": [1, 6]},
								"up": {"uv": [76, 53], "uv_size": [2.5, 1]},
								"down": {"uv": [76, 65], "uv_size": [2.5, -1]}
							}
						},
						{
							"origin": [-5.74805, 5.931, 7.90838],
							"size": [2.5475, 6.15028, 1],
							"pivot": [-4.4743, 9.00614, 27.53505],
							"rotation": [0, 0, 90],
							"uv": {
								"north": {"uv": [58, 0], "uv_size": [2.5, 6]},
								"east": {"uv": [10, 71], "uv_size": [1, 6]},
								"south": {"uv": [32, 58], "uv_size": [2.5, 6]},
								"west": {"uv": [13, 71], "uv_size": [1, 6]},
								"up": {"uv": [0, 77], "uv_size": [2.5, 1]},
								"down": {"uv": [3, 78], "uv_size": [2.5, -1]}
							}
						},
						{
							"origin": [-5.74805, 5.931, 7.90838],
							"size": [2.5475, 6.15028, 1],
							"pivot": [-4.4743, 9.00614, 27.53505],
							"rotation": [0, 0, 135],
							"uv": {
								"north": {"uv": [49, 58], "uv_size": [2.5, 6]},
								"east": {"uv": [14, 71], "uv_size": [1, 6]},
								"south": {"uv": [0, 59], "uv_size": [2.5, 6]},
								"west": {"uv": [71, 15], "uv_size": [1, 6]},
								"up": {"uv": [77, 16], "uv_size": [2.5, 1]},
								"down": {"uv": [77, 18], "uv_size": [2.5, -1]}
							}
						},
						{
							"origin": [-5.74805, 5.931, 7.90838],
							"size": [2.5475, 6.15028, 1],
							"pivot": [-4.4743, 9.00614, 27.53505],
							"rotation": [0, 0, -180],
							"uv": {
								"north": {"uv": [3, 59], "uv_size": [2.5, 6]},
								"east": {"uv": [48, 71], "uv_size": [1, 6]},
								"south": {"uv": [6, 59], "uv_size": [2.5, 6]},
								"west": {"uv": [49, 71], "uv_size": [1, 6]},
								"up": {"uv": [21, 77], "uv_size": [2.5, 1]},
								"down": {"uv": [77, 22], "uv_size": [2.5, -1]}
							}
						}
					]
				},
				{
					"name": "bone16",
					"parent": "tong",
					"pivot": [-4.4743, 9.00614, 13.75838],
					"rotation": [0, 0, 22.5],
					"cubes": [
						{
							"origin": [-5.74805, 5.931, 14.00838],
							"size": [2.5475, 6.15028, 1],
							"pivot": [-4.4743, 9.00614, 34.28505],
							"rotation": [0, 0, 45],
							"uv": {
								"north": {"uv": [59, 6], "uv_size": [2.5, 6]},
								"east": {"uv": [50, 71], "uv_size": [1, 6]},
								"south": {"uv": [11, 59], "uv_size": [2.5, 6]},
								"west": {"uv": [51, 71], "uv_size": [1, 6]},
								"up": {"uv": [77, 22], "uv_size": [2.5, 1]},
								"down": {"uv": [77, 24], "uv_size": [2.5, -1]}
							}
						},
						{
							"origin": [-5.74805, 5.931, 14.00838],
							"size": [2.5475, 6.15028, 1],
							"pivot": [-4.4743, 9.00614, 34.28505],
							"rotation": [0, 0, 90],
							"uv": {
								"north": {"uv": [59, 18], "uv_size": [2.5, 6]},
								"east": {"uv": [52, 71], "uv_size": [1, 6]},
								"south": {"uv": [59, 24], "uv_size": [2.5, 6]},
								"west": {"uv": [53, 71], "uv_size": [1, 6]},
								"up": {"uv": [24, 77], "uv_size": [2.5, 1]},
								"down": {"uv": [77, 25], "uv_size": [2.5, -1]}
							}
						},
						{
							"origin": [-5.74805, 5.931, 14.00838],
							"size": [2.5475, 6.15028, 1],
							"pivot": [-4.4743, 9.00614, 34.28505],
							"rotation": [0, 0, 135],
							"uv": {
								"north": {"uv": [59, 30], "uv_size": [2.5, 6]},
								"east": {"uv": [54, 71], "uv_size": [1, 6]},
								"south": {"uv": [35, 59], "uv_size": [2.5, 6]},
								"west": {"uv": [55, 71], "uv_size": [1, 6]},
								"up": {"uv": [77, 25], "uv_size": [2.5, 1]},
								"down": {"uv": [77, 27], "uv_size": [2.5, -1]}
							}
						},
						{
							"origin": [-5.36537, 9.75712, 6.75838],
							"size": [2.5475, 1.40028, 9.25],
							"pivot": [-4.09162, 8.08226, 11.38338],
							"rotation": [0, 0, 157.5],
							"uv": {
								"north": {"uv": [76, 32], "uv_size": [2.5, 1.5]},
								"east": {"uv": [60, 42], "uv_size": [9.5, 1.5]},
								"south": {"uv": [76, 34], "uv_size": [2.5, 1.5]},
								"west": {"uv": [60, 44], "uv_size": [9.5, 1.5]},
								"up": {"uv": [31, 44], "uv_size": [2.5, 9.5]},
								"down": {"uv": [46, 52.5], "uv_size": [2.5, -9.5]}
							}
						},
						{
							"origin": [-5.06016, 10.49393, 6.75838],
							"size": [0.6475, 1.40028, 9.25],
							"pivot": [-3.78641, 8.81908, 11.38338],
							"rotation": [0, 0, 157.5],
							"uv": {
								"north": {"uv": [80, 74], "uv_size": [0.5, 1.5]},
								"east": {"uv": [60, 46], "uv_size": [9.5, 1.5]},
								"south": {"uv": [78, 80], "uv_size": [0.5, 1.5]},
								"west": {"uv": [60, 48], "uv_size": [9.5, 1.5]},
								"up": {"uv": [29, 73], "uv_size": [0.5, 9.5]},
								"down": {"uv": [30, 82.5], "uv_size": [0.5, -9.5]}
							}
						},
						{
							"origin": [-2.85544, 10.33019, 6.75838],
							"size": [0.6475, 1.40028, 9.25],
							"pivot": [-4.1817, 8.65533, 11.38338],
							"rotation": [0, 0, 157.5],
							"uv": {
								"north": {"uv": [79, 80], "uv_size": [0.5, 1.5]},
								"east": {"uv": [60, 50], "uv_size": [9.5, 1.5]},
								"south": {"uv": [80, 80], "uv_size": [0.5, 1.5]},
								"west": {"uv": [60, 52], "uv_size": [9.5, 1.5]},
								"up": {"uv": [42, 73], "uv_size": [0.5, 9.5]},
								"down": {"uv": [43, 82.5], "uv_size": [0.5, -9.5]}
							}
						},
						{
							"origin": [-3.61537, 10.25712, 6.75838],
							"size": [0.7975, 0.90028, 9.25],
							"pivot": [-4.09162, 8.08226, 11.38338],
							"rotation": [0, 0, 112.5],
							"uv": {
								"north": {"uv": [80, 30], "uv_size": [1, 1]},
								"east": {"uv": [66, 5], "uv_size": [9.5, 1]},
								"south": {"uv": [80, 31], "uv_size": [1, 1]},
								"west": {"uv": [21, 66], "uv_size": [9.5, 1]},
								"up": {"uv": [8, 65], "uv_size": [1, 9.5]},
								"down": {"uv": [31, 75.5], "uv_size": [1, -9.5]}
							}
						},
						{
							"origin": [-1.99855, 9.58742, 6.75838],
							"size": [0.7975, 0.90028, 9.25],
							"pivot": [-2.4748, 7.41257, 11.38338],
							"rotation": [0, 0, -157.5],
							"uv": {
								"north": {"uv": [80, 32], "uv_size": [1, 1]},
								"east": {"uv": [66, 37], "uv_size": [9.5, 1]},
								"south": {"uv": [80, 33], "uv_size": [1, 1]},
								"west": {"uv": [66, 38], "uv_size": [9.5, 1]},
								"up": {"uv": [66, 65], "uv_size": [1, 9.5]},
								"down": {"uv": [0, 76.5], "uv_size": [1, -9.5]}
							}
						},
						{
							"origin": [-4.99805, 5.081, 14.00838],
							"size": [1.0475, 1.35, 1],
							"pivot": [-4.4743, 9.00614, 14.50838],
							"rotation": [0, 0, 67.5],
							"uv": {
								"north": {"uv": [21, 79], "uv_size": [1, 1.5]},
								"east": {"uv": [22, 79], "uv_size": [1, 1.5]},
								"south": {"uv": [23, 79], "uv_size": [1, 1.5]},
								"west": {"uv": [24, 79], "uv_size": [1, 1.5]},
								"up": {"uv": [80, 25], "uv_size": [1, 1]},
								"down": {"uv": [80, 27], "uv_size": [1, -1]}
							}
						},
						{
							"origin": [-5.04805, 5.031, 14.25838],
							"size": [4.3475, 0.65, 0.5],
							"pivot": [-4.4743, 9.00614, 14.50838],
							"rotation": [0, 0, 67.5],
							"uv": {
								"north": {"uv": [78, 11], "uv_size": [4.5, 0.5]},
								"east": {"uv": [69, 82], "uv_size": [0.5, 0.5]},
								"south": {"uv": [78, 12], "uv_size": [4.5, 0.5]},
								"west": {"uv": [82, 69], "uv_size": [0.5, 0.5]},
								"up": {"uv": [78, 13], "uv_size": [4.5, 0.5]},
								"down": {"uv": [78, 14.5], "uv_size": [4.5, -0.5]}
							}
						},
						{
							"origin": [-5.04805, 5.031, 8.15838],
							"size": [4.3475, 0.65, 0.5],
							"pivot": [-4.4743, 9.00614, 14.50838],
							"rotation": [0, 0, 67.5],
							"uv": {
								"north": {"uv": [21, 78], "uv_size": [4.5, 0.5]},
								"east": {"uv": [70, 82], "uv_size": [0.5, 0.5]},
								"south": {"uv": [78, 41], "uv_size": [4.5, 0.5]},
								"west": {"uv": [82, 70], "uv_size": [0.5, 0.5]},
								"up": {"uv": [78, 42], "uv_size": [4.5, 0.5]},
								"down": {"uv": [78, 46.5], "uv_size": [4.5, -0.5]}
							}
						},
						{
							"origin": [-5.8426, 6.94921, 2.38213],
							"size": [6.5975, 0.65, 0.5],
							"pivot": [-5.26885, 10.92435, 8.73213],
							"rotation": [0, -90, 67.5],
							"uv": {
								"north": {"uv": [75, 43], "uv_size": [6.5, 0.5]},
								"east": {"uv": [71, 82], "uv_size": [0.5, 0.5]},
								"south": {"uv": [76, 10], "uv_size": [6.5, 0.5]},
								"west": {"uv": [82, 71], "uv_size": [0.5, 0.5]},
								"up": {"uv": [76, 20], "uv_size": [6.5, 0.5]},
								"down": {"uv": [76, 29.5], "uv_size": [6.5, -0.5]}
							}
						},
						{
							"origin": [-4.99805, 5.081, 7.90838],
							"size": [1.0475, 1.35, 1],
							"pivot": [-4.4743, 9.00614, 14.50838],
							"rotation": [0, 0, 67.5],
							"uv": {
								"north": {"uv": [25, 79], "uv_size": [1, 1.5]},
								"east": {"uv": [79, 27], "uv_size": [1, 1.5]},
								"south": {"uv": [79, 32], "uv_size": [1, 1.5]},
								"west": {"uv": [34, 79], "uv_size": [1, 1.5]},
								"up": {"uv": [80, 27], "uv_size": [1, 1]},
								"down": {"uv": [80, 29], "uv_size": [1, -1]}
							}
						},
						{
							"origin": [-5.74805, 5.931, 14.00838],
							"size": [2.5475, 6.15028, 1],
							"pivot": [-4.4743, 9.00614, 34.28505],
							"rotation": [0, 0, -180],
							"uv": {
								"north": {"uv": [59, 36], "uv_size": [2.5, 6]},
								"east": {"uv": [56, 71], "uv_size": [1, 6]},
								"south": {"uv": [38, 59], "uv_size": [2.5, 6]},
								"west": {"uv": [57, 71], "uv_size": [1, 6]},
								"up": {"uv": [77, 30], "uv_size": [2.5, 1]},
								"down": {"uv": [77, 32], "uv_size": [2.5, -1]}
							}
						}
					]
				},
				{
					"name": "bone17",
					"parent": "tong",
					"pivot": [-4.4743, 9.00614, 21.95838],
					"rotation": [0, 0, 22.5],
					"cubes": [
						{
							"origin": [-5.74805, 5.931, 21.95838],
							"size": [2.5475, 6.15028, 1.25],
							"pivot": [-4.4743, 9.00614, 42.48505],
							"rotation": [0, 0, 45],
							"uv": {
								"north": {"uv": [41, 59], "uv_size": [2.5, 6]},
								"east": {"uv": [25, 67], "uv_size": [1.5, 6]},
								"south": {"uv": [44, 59], "uv_size": [2.5, 6]},
								"west": {"uv": [27, 67], "uv_size": [1.5, 6]},
								"up": {"uv": [39, 75], "uv_size": [2.5, 1.5]},
								"down": {"uv": [75, 42.5], "uv_size": [2.5, -1.5]}
							}
						},
						{
							"origin": [-5.74805, 5.931, 21.95838],
							"size": [2.5475, 6.15028, 1.25],
							"pivot": [-4.4743, 9.00614, 42.48505],
							"rotation": [0, 0, 90],
							"uv": {
								"north": {"uv": [60, 12], "uv_size": [2.5, 6]},
								"east": {"uv": [29, 67], "uv_size": [1.5, 6]},
								"south": {"uv": [14, 60], "uv_size": [2.5, 6]},
								"west": {"uv": [34, 67], "uv_size": [1.5, 6]},
								"up": {"uv": [75, 59], "uv_size": [2.5, 1.5]},
								"down": {"uv": [75, 62.5], "uv_size": [2.5, -1.5]}
							}
						},
						{
							"origin": [-5.74805, 5.931, 21.95838],
							"size": [2.5475, 6.15028, 1.25],
							"pivot": [-4.4743, 9.00614, 42.48505],
							"rotation": [0, 0, 135],
							"uv": {
								"north": {"uv": [17, 60], "uv_size": [2.5, 6]},
								"east": {"uv": [36, 67], "uv_size": [1.5, 6]},
								"south": {"uv": [20, 60], "uv_size": [2.5, 6]},
								"west": {"uv": [38, 67], "uv_size": [1.5, 6]},
								"up": {"uv": [75, 65], "uv_size": [2.5, 1.5]},
								"down": {"uv": [75, 68.5], "uv_size": [2.5, -1.5]}
							}
						},
						{
							"origin": [-5.74805, 5.931, 21.95838],
							"size": [2.5475, 6.15028, 1.25],
							"pivot": [-4.4743, 9.00614, 42.48505],
							"rotation": [0, 0, -180],
							"uv": {
								"north": {"uv": [23, 60], "uv_size": [2.5, 6]},
								"east": {"uv": [40, 67], "uv_size": [1.5, 6]},
								"south": {"uv": [26, 60], "uv_size": [2.5, 6]},
								"west": {"uv": [42, 67], "uv_size": [1.5, 6]},
								"up": {"uv": [76, 0], "uv_size": [2.5, 1.5]},
								"down": {"uv": [76, 5.5], "uv_size": [2.5, -1.5]}
							}
						}
					]
				},
				{
					"name": "bone12",
					"parent": "tong",
					"pivot": [-4.4743, 9.00614, -9.99162],
					"rotation": [0, 0, 22.5],
					"cubes": [
						{
							"origin": [-5.7713, 5.87487, -10.49162],
							"size": [2.594, 6.26254, 0.5],
							"pivot": [-4.4743, 9.00614, 10.90971],
							"rotation": [0, 0, 45],
							"uv": {
								"north": {"uv": [50, 24], "uv_size": [2.5, 6.5]},
								"east": {"uv": [70, 74], "uv_size": [0.5, 6.5]},
								"south": {"uv": [50, 31], "uv_size": [2.5, 6.5]},
								"west": {"uv": [8, 75], "uv_size": [0.5, 6.5]},
								"up": {"uv": [44, 79], "uv_size": [2.5, 0.5]},
								"down": {"uv": [47, 79.5], "uv_size": [2.5, -0.5]}
							}
						},
						{
							"origin": [-5.7713, 5.87487, -10.49162],
							"size": [2.594, 6.26254, 0.5],
							"pivot": [-4.4743, 9.00614, 10.90971],
							"rotation": [0, 0, 90],
							"uv": {
								"north": {"uv": [51, 14], "uv_size": [2.5, 6.5]},
								"east": {"uv": [27, 75], "uv_size": [0.5, 6.5]},
								"south": {"uv": [34, 51], "uv_size": [2.5, 6.5]},
								"west": {"uv": [28, 75], "uv_size": [0.5, 6.5]},
								"up": {"uv": [79, 48], "uv_size": [2.5, 0.5]},
								"down": {"uv": [79, 49.5], "uv_size": [2.5, -0.5]}
							}
						},
						{
							"origin": [-5.7713, 5.87487, -10.49162],
							"size": [2.594, 6.26254, 0.5],
							"pivot": [-4.4743, 9.00614, 10.90971],
							"rotation": [0, 0, 135],
							"uv": {
								"north": {"uv": [49, 51], "uv_size": [2.5, 6.5]},
								"east": {"uv": [66, 75], "uv_size": [0.5, 6.5]},
								"south": {"uv": [0, 52], "uv_size": [2.5, 6.5]},
								"west": {"uv": [11, 76], "uv_size": [0.5, 6.5]},
								"up": {"uv": [79, 50], "uv_size": [2.5, 0.5]},
								"down": {"uv": [79, 51.5], "uv_size": [2.5, -0.5]}
							}
						},
						{
							"origin": [-5.7713, 5.87487, -10.49162],
							"size": [2.594, 6.26254, 0.5],
							"pivot": [-4.4743, 9.00614, 10.90971],
							"rotation": [0, 0, -180],
							"uv": {
								"north": {"uv": [3, 52], "uv_size": [2.5, 6.5]},
								"east": {"uv": [12, 76], "uv_size": [0.5, 6.5]},
								"south": {"uv": [6, 52], "uv_size": [2.5, 6.5]},
								"west": {"uv": [18, 76], "uv_size": [0.5, 6.5]},
								"up": {"uv": [53, 79], "uv_size": [2.5, 0.5]},
								"down": {"uv": [79, 53.5], "uv_size": [2.5, -0.5]}
							}
						}
					]
				},
				{
					"name": "bone18",
					"parent": "tong",
					"pivot": [-4.4743, 9.00614, -9.67162],
					"rotation": [0, 0, 22.5],
					"cubes": [
						{
							"origin": [-6.60138, 3.87086, -13.49162],
							"size": [4.25415, 10.27057, 3],
							"pivot": [-4.4743, 9.00614, 24.60656],
							"rotation": [0, 0, 45],
							"uv": {
								"north": {"uv": [24, 0], "uv_size": [4.5, 10.5]},
								"east": {"uv": [38, 21], "uv_size": [3, 10.5]},
								"south": {"uv": [24, 11], "uv_size": [4.5, 10.5]},
								"west": {"uv": [38, 32], "uv_size": [3, 10.5]},
								"up": {"uv": [61, 3], "uv_size": [4.5, 3]},
								"down": {"uv": [62, 9], "uv_size": [4.5, -3]}
							}
						},
						{
							"origin": [-6.60138, 3.87086, -13.49162],
							"size": [4.25415, 10.27057, 3],
							"pivot": [-4.4743, 9.00614, 24.60656],
							"rotation": [0, 0, 90],
							"uv": {
								"north": {"uv": [24, 22], "uv_size": [4.5, 10.5]},
								"east": {"uv": [34, 40], "uv_size": [3, 10.5]},
								"south": {"uv": [29, 0], "uv_size": [4.5, 10.5]},
								"west": {"uv": [41, 21], "uv_size": [3, 10.5]},
								"up": {"uv": [62, 9], "uv_size": [4.5, 3]},
								"down": {"uv": [62, 21], "uv_size": [4.5, -3]}
							}
						},
						{
							"origin": [-6.60138, 3.87086, -13.49162],
							"size": [4.25415, 10.27057, 3],
							"pivot": [-4.4743, 9.00614, 24.60656],
							"rotation": [0, 0, 135],
							"uv": {
								"north": {"uv": [29, 11], "uv_size": [4.5, 10.5]},
								"east": {"uv": [41, 32], "uv_size": [3, 10.5]},
								"south": {"uv": [29, 22], "uv_size": [4.5, 10.5]},
								"west": {"uv": [43, 7], "uv_size": [3, 10.5]},
								"up": {"uv": [62, 21], "uv_size": [4.5, 3]},
								"down": {"uv": [62, 27], "uv_size": [4.5, -3]}
							}
						},
						{
							"origin": [-6.60138, 3.87086, -13.49162],
							"size": [4.25415, 10.27057, 3],
							"pivot": [-4.4743, 9.00614, 24.60656],
							"rotation": [0, 0, -180],
							"uv": {
								"north": {"uv": [24, 33], "uv_size": [4.5, 10.5]},
								"east": {"uv": [16, 43], "uv_size": [3, 10.5]},
								"south": {"uv": [29, 33], "uv_size": [4.5, 10.5]},
								"west": {"uv": [19, 43], "uv_size": [3, 10.5]},
								"up": {"uv": [62, 27], "uv_size": [4.5, 3]},
								"down": {"uv": [62, 33], "uv_size": [4.5, -3]}
							}
						}
					]
				},
				{
					"name": "clu",
					"parent": "javelin",
					"pivot": [0, 0, 0]
				},
				{
					"name": "bone3",
					"parent": "clu",
					"pivot": [1.8, 5.2, 41.2],
					"cubes": [
						{
							"origin": [1.96238, 6.92541, 1.12845],
							"size": [0.49607, 1.19764, 0.5],
							"pivot": [2.21042, 7.52423, 1.12845],
							"rotation": [0, 0, 45],
							"uv": {
								"north": {"uv": [0, 81], "uv_size": [0.5, 1]},
								"east": {"uv": [81, 0], "uv_size": [0.5, 1]},
								"south": {"uv": [1, 81], "uv_size": [0.5, 1]},
								"west": {"uv": [81, 1], "uv_size": [0.5, 1]},
								"up": {"uv": [82, 5], "uv_size": [0.5, 0.5]},
								"down": {"uv": [6, 82.5], "uv_size": [0.5, -0.5]}
							}
						},
						{
							"origin": [1.96238, 6.92541, 1.12845],
							"size": [0.49607, 1.19764, 0.5],
							"pivot": [2.21042, 7.52423, 1.12845],
							"rotation": [0, 0, 90],
							"uv": {
								"north": {"uv": [81, 2], "uv_size": [0.5, 1]},
								"east": {"uv": [3, 81], "uv_size": [0.5, 1]},
								"south": {"uv": [81, 3], "uv_size": [0.5, 1]},
								"west": {"uv": [81, 4], "uv_size": [0.5, 1]},
								"up": {"uv": [82, 6], "uv_size": [0.5, 0.5]},
								"down": {"uv": [7, 82.5], "uv_size": [0.5, -0.5]}
							}
						},
						{
							"origin": [1.96238, 6.92541, 1.12845],
							"size": [0.49607, 1.19764, 0.5],
							"pivot": [2.21042, 7.52423, 1.12845],
							"rotation": [0, 0, 135],
							"uv": {
								"north": {"uv": [81, 5], "uv_size": [0.5, 1]},
								"east": {"uv": [6, 81], "uv_size": [0.5, 1]},
								"south": {"uv": [7, 81], "uv_size": [0.5, 1]},
								"west": {"uv": [9, 81], "uv_size": [0.5, 1]},
								"up": {"uv": [82, 7], "uv_size": [0.5, 0.5]},
								"down": {"uv": [8, 82.5], "uv_size": [0.5, -0.5]}
							}
						},
						{
							"origin": [1.96238, 6.92541, 1.12845],
							"size": [0.49607, 1.19764, 0.5],
							"pivot": [2.21042, 7.52423, 1.12845],
							"rotation": [0, 0, -180],
							"uv": {
								"north": {"uv": [10, 81], "uv_size": [0.5, 1]},
								"east": {"uv": [13, 81], "uv_size": [0.5, 1]},
								"south": {"uv": [14, 81], "uv_size": [0.5, 1]},
								"west": {"uv": [15, 81], "uv_size": [0.5, 1]},
								"up": {"uv": [82, 8], "uv_size": [0.5, 0.5]},
								"down": {"uv": [9, 82.5], "uv_size": [0.5, -0.5]}
							}
						}
					]
				},
				{
					"name": "bone7",
					"parent": "clu",
					"pivot": [2.78946, 7.75118, -4.37155],
					"cubes": [
						{
							"origin": [2.54143, 7.15236, -4.52155],
							"size": [0.49607, 1.19764, 0.3],
							"pivot": [2.78946, 7.75118, -4.72155],
							"rotation": [0, 0, 45],
							"uv": {
								"north": {"uv": [25, 81], "uv_size": [0.5, 1]},
								"east": {"uv": [81, 25], "uv_size": [0.5, 1]},
								"south": {"uv": [81, 26], "uv_size": [0.5, 1]},
								"west": {"uv": [81, 27], "uv_size": [0.5, 1]},
								"up": {"uv": [55, 82], "uv_size": [0.5, 0.5]},
								"down": {"uv": [82, 55.5], "uv_size": [0.5, -0.5]}
							}
						},
						{
							"origin": [2.54143, 7.15236, -4.52155],
							"size": [0.49607, 1.19764, 0.3],
							"pivot": [2.78946, 7.75118, -4.72155],
							"rotation": [0, 0, 90],
							"uv": {
								"north": {"uv": [81, 28], "uv_size": [0.5, 1]},
								"east": {"uv": [81, 30], "uv_size": [0.5, 1]},
								"south": {"uv": [81, 31], "uv_size": [0.5, 1]},
								"west": {"uv": [81, 32], "uv_size": [0.5, 1]},
								"up": {"uv": [56, 82], "uv_size": [0.5, 0.5]},
								"down": {"uv": [82, 56.5], "uv_size": [0.5, -0.5]}
							}
						},
						{
							"origin": [2.54143, 7.15236, -4.52155],
							"size": [0.49607, 1.19764, 0.3],
							"pivot": [2.78946, 7.75118, -4.72155],
							"rotation": [0, 0, 135],
							"uv": {
								"north": {"uv": [81, 33], "uv_size": [0.5, 1]},
								"east": {"uv": [34, 81], "uv_size": [0.5, 1]},
								"south": {"uv": [35, 81], "uv_size": [0.5, 1]},
								"west": {"uv": [36, 81], "uv_size": [0.5, 1]},
								"up": {"uv": [57, 82], "uv_size": [0.5, 0.5]},
								"down": {"uv": [82, 57.5], "uv_size": [0.5, -0.5]}
							}
						},
						{
							"origin": [2.54143, 7.15236, -4.52155],
							"size": [0.49607, 1.19764, 0.3],
							"pivot": [2.78946, 7.75118, -4.72155],
							"rotation": [0, 0, -180],
							"uv": {
								"north": {"uv": [37, 81], "uv_size": [0.5, 1]},
								"east": {"uv": [38, 81], "uv_size": [0.5, 1]},
								"south": {"uv": [81, 39], "uv_size": [0.5, 1]},
								"west": {"uv": [81, 40], "uv_size": [0.5, 1]},
								"up": {"uv": [58, 82], "uv_size": [0.5, 0.5]},
								"down": {"uv": [82, 58.5], "uv_size": [0.5, -0.5]}
							}
						}
					]
				},
				{
					"name": "bone10",
					"parent": "clu",
					"pivot": [2.90225, 4.66, -4.8102],
					"rotation": [-90, 0, 0],
					"cubes": [
						{
							"origin": [2.61701, 3.97136, -6.4002],
							"size": [0.57048, 1.37729, 3.43],
							"pivot": [2.90225, 4.66, -6.8802],
							"rotation": [0, 0, 45],
							"uv": {
								"north": {"uv": [39, 80], "uv_size": [0.5, 1.5]},
								"east": {"uv": [71, 3], "uv_size": [3.5, 1.5]},
								"south": {"uv": [40, 80], "uv_size": [0.5, 1.5]},
								"west": {"uv": [72, 0], "uv_size": [3.5, 1.5]},
								"up": {"uv": [41, 77], "uv_size": [0.5, 3.5]},
								"down": {"uv": [57, 80.5], "uv_size": [0.5, -3.5]}
							}
						},
						{
							"origin": [2.61701, 3.97136, -6.4002],
							"size": [0.57048, 1.37729, 3.43],
							"pivot": [2.90225, 4.66, -6.8802],
							"rotation": [0, 0, 90],
							"uv": {
								"north": {"uv": [44, 80], "uv_size": [0.5, 1.5]},
								"east": {"uv": [72, 19], "uv_size": [3.5, 1.5]},
								"south": {"uv": [45, 80], "uv_size": [0.5, 1.5]},
								"west": {"uv": [21, 73], "uv_size": [3.5, 1.5]},
								"up": {"uv": [17, 78], "uv_size": [0.5, 3.5]},
								"down": {"uv": [26, 81.5], "uv_size": [0.5, -3.5]}
							}
						},
						{
							"origin": [2.61701, 3.97136, -6.4002],
							"size": [0.57048, 1.37729, 3.43],
							"pivot": [2.90225, 4.66, -6.8802],
							"rotation": [0, 0, 135],
							"uv": {
								"north": {"uv": [46, 80], "uv_size": [0.5, 1.5]},
								"east": {"uv": [73, 21], "uv_size": [3.5, 1.5]},
								"south": {"uv": [47, 80], "uv_size": [0.5, 1.5]},
								"west": {"uv": [73, 23], "uv_size": [3.5, 1.5]},
								"up": {"uv": [31, 78], "uv_size": [0.5, 3.5]},
								"down": {"uv": [32, 81.5], "uv_size": [0.5, -3.5]}
							}
						},
						{
							"origin": [2.61701, 3.97136, -6.4002],
							"size": [0.57048, 1.37729, 3.43],
							"pivot": [2.90225, 4.66, -6.8802],
							"rotation": [0, 0, -180],
							"uv": {
								"north": {"uv": [48, 80], "uv_size": [0.5, 1.5]},
								"east": {"uv": [25, 73], "uv_size": [3.5, 1.5]},
								"south": {"uv": [49, 80], "uv_size": [0.5, 1.5]},
								"west": {"uv": [73, 30], "uv_size": [3.5, 1.5]},
								"up": {"uv": [33, 78], "uv_size": [0.5, 3.5]},
								"down": {"uv": [51, 81.5], "uv_size": [0.5, -3.5]}
							}
						}
					]
				},
				{
					"name": "bone9",
					"parent": "clu",
					"pivot": [-3.85, 0, 33],
					"cubes": [
						{
							"origin": [-2.35857, 2.70236, -4.52155],
							"size": [0.49607, 1.19764, 0.3],
							"pivot": [-2.11054, 3.30118, -4.72155],
							"rotation": [0, 0, 45],
							"uv": {
								"north": {"uv": [41, 81], "uv_size": [0.5, 1]},
								"east": {"uv": [52, 81], "uv_size": [0.5, 1]},
								"south": {"uv": [53, 81], "uv_size": [0.5, 1]},
								"west": {"uv": [54, 81], "uv_size": [0.5, 1]},
								"up": {"uv": [59, 82], "uv_size": [0.5, 0.5]},
								"down": {"uv": [82, 59.5], "uv_size": [0.5, -0.5]}
							}
						},
						{
							"origin": [-2.35857, 2.70236, -4.52155],
							"size": [0.49607, 1.19764, 0.3],
							"pivot": [-2.11054, 3.30118, -4.72155],
							"rotation": [0, 0, 90],
							"uv": {
								"north": {"uv": [55, 81], "uv_size": [0.5, 1]},
								"east": {"uv": [57, 81], "uv_size": [0.5, 1]},
								"south": {"uv": [81, 63], "uv_size": [0.5, 1]},
								"west": {"uv": [70, 81], "uv_size": [0.5, 1]},
								"up": {"uv": [60, 82], "uv_size": [0.5, 0.5]},
								"down": {"uv": [82, 60.5], "uv_size": [0.5, -0.5]}
							}
						},
						{
							"origin": [-2.35857, 2.70236, -4.52155],
							"size": [0.49607, 1.19764, 0.3],
							"pivot": [-2.11054, 3.30118, -4.72155],
							"rotation": [0, 0, 135],
							"uv": {
								"north": {"uv": [72, 81], "uv_size": [0.5, 1]},
								"east": {"uv": [81, 72], "uv_size": [0.5, 1]},
								"south": {"uv": [73, 81], "uv_size": [0.5, 1]},
								"west": {"uv": [81, 73], "uv_size": [0.5, 1]},
								"up": {"uv": [61, 82], "uv_size": [0.5, 0.5]},
								"down": {"uv": [82, 61.5], "uv_size": [0.5, -0.5]}
							}
						},
						{
							"origin": [-2.35857, 2.70236, -4.52155],
							"size": [0.49607, 1.19764, 0.3],
							"pivot": [-2.11054, 3.30118, -4.72155],
							"rotation": [0, 0, -180],
							"uv": {
								"north": {"uv": [81, 74], "uv_size": [0.5, 1]},
								"east": {"uv": [81, 75], "uv_size": [0.5, 1]},
								"south": {"uv": [76, 81], "uv_size": [0.5, 1]},
								"west": {"uv": [77, 81], "uv_size": [0.5, 1]},
								"up": {"uv": [62, 82], "uv_size": [0.5, 0.5]},
								"down": {"uv": [82, 62.5], "uv_size": [0.5, -0.5]}
							}
						}
					]
				},
				{
					"name": "bone8",
					"parent": "clu",
					"pivot": [0.25287, 4.60628, -4.22155],
					"rotation": [0, 0, 22.5],
					"cubes": [
						{
							"origin": [-0.45869, 2.88839, -5.72155],
							"size": [1.42313, 3.43579, 1.5],
							"pivot": [0.25287, 4.60628, -5.65595],
							"rotation": [0, 0, 45],
							"uv": {
								"north": {"uv": [71, 21], "uv_size": [1.5, 3.5]},
								"east": {"uv": [71, 54], "uv_size": [1.5, 3.5]},
								"south": {"uv": [71, 69], "uv_size": [1.5, 3.5]},
								"west": {"uv": [15, 72], "uv_size": [1.5, 3.5]},
								"up": {"uv": [76, 77], "uv_size": [1.5, 1.5]},
								"down": {"uv": [0, 79.5], "uv_size": [1.5, -1.5]}
							}
						},
						{
							"origin": [-0.45869, 2.88839, -5.72155],
							"size": [1.42313, 3.43579, 1.5],
							"pivot": [0.25287, 4.60628, -5.65595],
							"rotation": [0, 0, 90],
							"uv": {
								"north": {"uv": [72, 15], "uv_size": [1.5, 3.5]},
								"east": {"uv": [17, 72], "uv_size": [1.5, 3.5]},
								"south": {"uv": [32, 72], "uv_size": [1.5, 3.5]},
								"west": {"uv": [72, 33], "uv_size": [1.5, 3.5]},
								"up": {"uv": [2, 78], "uv_size": [1.5, 1.5]},
								"down": {"uv": [78, 3.5], "uv_size": [1.5, -1.5]}
							}
						},
						{
							"origin": [-0.45869, 2.88839, -5.72155],
							"size": [1.42313, 3.43579, 1.5],
							"pivot": [0.25287, 4.60628, -5.65595],
							"rotation": [0, 0, 135],
							"uv": {
								"north": {"uv": [72, 60], "uv_size": [1.5, 3.5]},
								"east": {"uv": [62, 72], "uv_size": [1.5, 3.5]},
								"south": {"uv": [64, 72], "uv_size": [1.5, 3.5]},
								"west": {"uv": [72, 65], "uv_size": [1.5, 3.5]},
								"up": {"uv": [4, 78], "uv_size": [1.5, 1.5]},
								"down": {"uv": [6, 79.5], "uv_size": [1.5, -1.5]}
							}
						},
						{
							"origin": [-0.45869, 2.88839, -5.72155],
							"size": [1.42313, 3.43579, 1.5],
							"pivot": [0.25287, 4.60628, -5.65595],
							"rotation": [0, 0, -180],
							"uv": {
								"north": {"uv": [1, 73], "uv_size": [1.5, 3.5]},
								"east": {"uv": [3, 73], "uv_size": [1.5, 3.5]},
								"south": {"uv": [5, 73], "uv_size": [1.5, 3.5]},
								"west": {"uv": [73, 6], "uv_size": [1.5, 3.5]},
								"up": {"uv": [78, 6], "uv_size": [1.5, 1.5]},
								"down": {"uv": [78, 9.5], "uv_size": [1.5, -1.5]}
							}
						}
					]
				},
				{
					"name": "bone4",
					"parent": "clu",
					"pivot": [1.59479, 4.03789, 60.98578],
					"cubes": [
						{
							"origin": [1.83837, 6.626, 1.62845],
							"size": [0.74411, 0.44646, 0.2],
							"pivot": [2.21042, 7.52423, 0.87845],
							"rotation": [0, 0, -180],
							"uv": {
								"north": {"uv": [82, 9], "uv_size": [0.5, 0.5]},
								"east": {"uv": [10, 82], "uv_size": [0.5, 0.5]},
								"south": {"uv": [13, 82], "uv_size": [0.5, 0.5]},
								"west": {"uv": [14, 82], "uv_size": [0.5, 0.5]},
								"up": {"uv": [15, 82], "uv_size": [0.5, 0.5]},
								"down": {"uv": [82, 15.5], "uv_size": [0.5, -0.5]}
							}
						},
						{
							"origin": [1.83837, 6.626, 1.62845],
							"size": [0.74411, 0.44646, 0.2],
							"pivot": [2.21042, 7.52423, 0.87845],
							"rotation": [0, 0, 135],
							"uv": {
								"north": {"uv": [16, 82], "uv_size": [0.5, 0.5]},
								"east": {"uv": [82, 16], "uv_size": [0.5, 0.5]},
								"south": {"uv": [17, 82], "uv_size": [0.5, 0.5]},
								"west": {"uv": [82, 17], "uv_size": [0.5, 0.5]},
								"up": {"uv": [82, 18], "uv_size": [0.5, 0.5]},
								"down": {"uv": [19, 82.5], "uv_size": [0.5, -0.5]}
							}
						},
						{
							"origin": [1.83837, 6.626, 1.62845],
							"size": [0.74411, 0.44646, 0.2],
							"pivot": [2.21042, 7.52423, 0.87845],
							"rotation": [0, 0, 90],
							"uv": {
								"north": {"uv": [82, 19], "uv_size": [0.5, 0.5]},
								"east": {"uv": [20, 82], "uv_size": [0.5, 0.5]},
								"south": {"uv": [21, 82], "uv_size": [0.5, 0.5]},
								"west": {"uv": [82, 21], "uv_size": [0.5, 0.5]},
								"up": {"uv": [22, 82], "uv_size": [0.5, 0.5]},
								"down": {"uv": [82, 22.5], "uv_size": [0.5, -0.5]}
							}
						},
						{
							"origin": [1.83837, 6.626, 1.62845],
							"size": [0.74411, 0.44646, 0.2],
							"pivot": [2.21042, 7.52423, 0.87845],
							"rotation": [0, 0, 45],
							"uv": {
								"north": {"uv": [23, 82], "uv_size": [0.5, 0.5]},
								"east": {"uv": [82, 23], "uv_size": [0.5, 0.5]},
								"south": {"uv": [24, 82], "uv_size": [0.5, 0.5]},
								"west": {"uv": [82, 24], "uv_size": [0.5, 0.5]},
								"up": {"uv": [25, 82], "uv_size": [0.5, 0.5]},
								"down": {"uv": [82, 25.5], "uv_size": [0.5, -0.5]}
							}
						},
						{
							"origin": [1.83837, 6.626, 1.62845],
							"size": [0.74411, 0.44646, 0.2],
							"uv": {
								"north": {"uv": [26, 82], "uv_size": [0.5, 0.5]},
								"east": {"uv": [82, 26], "uv_size": [0.5, 0.5]},
								"south": {"uv": [27, 82], "uv_size": [0.5, 0.5]},
								"west": {"uv": [82, 27], "uv_size": [0.5, 0.5]},
								"up": {"uv": [28, 82], "uv_size": [0.5, 0.5]},
								"down": {"uv": [82, 28.5], "uv_size": [0.5, -0.5]}
							}
						},
						{
							"origin": [1.83837, 6.626, 1.62845],
							"size": [0.74411, 0.44646, 0.2],
							"pivot": [2.21042, 7.52423, 0.87845],
							"rotation": [0, 0, -45],
							"uv": {
								"north": {"uv": [82, 30], "uv_size": [0.5, 0.5]},
								"east": {"uv": [31, 82], "uv_size": [0.5, 0.5]},
								"south": {"uv": [82, 31], "uv_size": [0.5, 0.5]},
								"west": {"uv": [32, 82], "uv_size": [0.5, 0.5]},
								"up": {"uv": [82, 32], "uv_size": [0.5, 0.5]},
								"down": {"uv": [33, 82.5], "uv_size": [0.5, -0.5]}
							}
						},
						{
							"origin": [1.83837, 6.626, 1.62845],
							"size": [0.74411, 0.44646, 0.2],
							"pivot": [2.21042, 7.52423, 0.87845],
							"rotation": [0, 0, -90],
							"uv": {
								"north": {"uv": [82, 33], "uv_size": [0.5, 0.5]},
								"east": {"uv": [34, 82], "uv_size": [0.5, 0.5]},
								"south": {"uv": [82, 34], "uv_size": [0.5, 0.5]},
								"west": {"uv": [35, 82], "uv_size": [0.5, 0.5]},
								"up": {"uv": [82, 35], "uv_size": [0.5, 0.5]},
								"down": {"uv": [36, 82.5], "uv_size": [0.5, -0.5]}
							}
						},
						{
							"origin": [1.83837, 6.626, 1.62845],
							"size": [0.74411, 0.44646, 0.2],
							"pivot": [2.21042, 7.52423, 0.87845],
							"rotation": [0, 0, -135],
							"uv": {
								"north": {"uv": [82, 36], "uv_size": [0.5, 0.5]},
								"east": {"uv": [37, 82], "uv_size": [0.5, 0.5]},
								"south": {"uv": [82, 37], "uv_size": [0.5, 0.5]},
								"west": {"uv": [38, 82], "uv_size": [0.5, 0.5]},
								"up": {"uv": [82, 38], "uv_size": [0.5, 0.5]},
								"down": {"uv": [39, 82.5], "uv_size": [0.5, -0.5]}
							}
						}
					]
				},
				{
					"name": "bone2",
					"parent": "clu",
					"pivot": [0, 0, 0],
					"cubes": [
						{
							"origin": [-2.31595, 0, -2],
							"size": [5, 2.1, 4],
							"pivot": [0, 3.48001, -1.5375],
							"rotation": [0, 90, 0],
							"uv": {
								"north": {"uv": [51, 65], "uv_size": [5, 2]},
								"east": {"uv": [50, 67], "uv_size": [4, 2]},
								"south": {"uv": [56, 65], "uv_size": [5, 2]},
								"west": {"uv": [54, 67], "uv_size": [4, 2]},
								"up": {"uv": [49, 43], "uv_size": [5, 4]},
								"down": {"uv": [49, 51], "uv_size": [5, -4]}
							}
						},
						{
							"origin": [-2.56595, 2.1, -2.5],
							"size": [5.25, 7, 4.75],
							"pivot": [0, 3.48001, -1.5375],
							"rotation": [0, 90, 0],
							"uv": {
								"north": {"uv": [16, 36], "uv_size": [5.5, 7]},
								"east": {"uv": [38, 7], "uv_size": [5, 7]},
								"south": {"uv": [38, 0], "uv_size": [5.5, 7]},
								"west": {"uv": [38, 14], "uv_size": [5, 7]},
								"up": {"uv": [44, 0], "uv_size": [5.5, 5]},
								"down": {"uv": [44, 43], "uv_size": [5.5, -5]}
							}
						},
						{
							"origin": [-2.71595, 7.85, 0.5],
							"size": [1.9, 2, 7.25],
							"pivot": [0, 2.98001, -1.5375],
							"rotation": [0, 90, 0],
							"uv": {
								"north": {"uv": [74, 27], "uv_size": [2, 2]},
								"east": {"uv": [50, 38], "uv_size": [7.5, 2]},
								"south": {"uv": [74, 33], "uv_size": [2, 2]},
								"west": {"uv": [50, 40], "uv_size": [7.5, 2]},
								"up": {"uv": [22, 36], "uv_size": [2, 7.5]},
								"down": {"uv": [14, 53.5], "uv_size": [2, -7.5]}
							}
						},
						{
							"origin": [-1.46595, 7.1, 0.5],
							"size": [1.65, 0.75, 7.25],
							"pivot": [0, 2.98001, -1.5375],
							"rotation": [0, 90, 0],
							"uv": {
								"north": {"uv": [71, 78], "uv_size": [1.5, 1]},
								"east": {"uv": [67, 2], "uv_size": [7.5, 1]},
								"south": {"uv": [78, 77], "uv_size": [1.5, 1]},
								"west": {"uv": [67, 32], "uv_size": [7.5, 1]},
								"up": {"uv": [9, 63], "uv_size": [1.5, 7.5]},
								"down": {"uv": [32, 71.5], "uv_size": [1.5, -7.5]}
							}
						},
						{
							"origin": [4.7125, 7.78595, -2.80117],
							"size": [4.15, 1.7, 5.5],
							"pivot": [5.6625, 8.48595, -0.92617],
							"rotation": [90, 55, 90],
							"uv": {
								"north": {"uv": [70, 49], "uv_size": [4, 1.5]},
								"east": {"uv": [67, 30], "uv_size": [5.5, 1.5]},
								"south": {"uv": [70, 51], "uv_size": [4, 1.5]},
								"west": {"uv": [44, 67], "uv_size": [5.5, 1.5]},
								"up": {"uv": [46, 12], "uv_size": [4, 5.5]},
								"down": {"uv": [47, 23.5], "uv_size": [4, -5.5]}
							}
						},
						{
							"origin": [4.7125, 6.63293, -3.10338],
							"size": [2.35, 0.7, 5.5],
							"pivot": [5.6625, 7.33293, -1.22838],
							"rotation": [90, 65, 90],
							"uv": {
								"north": {"uv": [38, 79], "uv_size": [2.5, 0.5]},
								"east": {"uv": [76, 36], "uv_size": [5.5, 0.5]},
								"south": {"uv": [79, 38], "uv_size": [2.5, 0.5]},
								"west": {"uv": [76, 37], "uv_size": [5.5, 0.5]},
								"up": {"uv": [29, 60], "uv_size": [2.5, 5.5]},
								"down": {"uv": [61, 64.5], "uv_size": [2.5, -5.5]}
							}
						},
						{
							"origin": [4.7125, 5.51966, -4.99604],
							"size": [4.65, 2, 5.5],
							"pivot": [5.6625, 6.51966, -3.12104],
							"rotation": [90, 0, 90],
							"uv": {
								"north": {"uv": [66, 56], "uv_size": [4.5, 2]},
								"east": {"uv": [65, 33], "uv_size": [5.5, 2]},
								"south": {"uv": [67, 0], "uv_size": [4.5, 2]},
								"west": {"uv": [34, 65], "uv_size": [5.5, 2]},
								"up": {"uv": [0, 46], "uv_size": [4.5, 5.5]},
								"down": {"uv": [5, 51.5], "uv_size": [4.5, -5.5]}
							}
						},
						{
							"origin": [8.0125, 7.06966, -16.54604],
							"size": [1.85, 0.45, 4.85],
							"pivot": [5.6625, 6.51966, -3.12104],
							"rotation": [90, 0, 90],
							"uv": {
								"north": {"uv": [6, 80], "uv_size": [2, 0.5]},
								"east": {"uv": [76, 39], "uv_size": [5, 0.5]},
								"south": {"uv": [80, 6], "uv_size": [2, 0.5]},
								"west": {"uv": [76, 40], "uv_size": [5, 0.5]},
								"up": {"uv": [11, 65], "uv_size": [2, 5]},
								"down": {"uv": [13, 71], "uv_size": [2, -5]}
							}
						},
						{
							"origin": [7.0125, 3.31966, -16.79604],
							"size": [1, 4.2, 5.1],
							"pivot": [5.6625, 6.51966, -3.12104],
							"rotation": [90, 0, 90],
							"uv": {
								"north": {"uv": [47, 74], "uv_size": [1, 4]},
								"east": {"uv": [50, 0], "uv_size": [5, 4]},
								"south": {"uv": [74, 59], "uv_size": [1, 4]},
								"west": {"uv": [50, 4], "uv_size": [5, 4]},
								"up": {"uv": [19, 72], "uv_size": [1, 5]},
								"down": {"uv": [7, 78], "uv_size": [1, -5]}
							}
						},
						{
							"origin": [-5.9625, 2.94191, -2.32596],
							"size": [1, 4, 3.1],
							"pivot": [-5.4625, 5.04191, -2.07596],
							"rotation": [90, 10, 90],
							"uv": {
								"north": {"uv": [68, 74], "uv_size": [1, 4]},
								"east": {"uv": [53, 33], "uv_size": [3, 4]},
								"south": {"uv": [69, 74], "uv_size": [1, 4]},
								"west": {"uv": [62, 33], "uv_size": [3, 4]},
								"up": {"uv": [37, 40], "uv_size": [1, 3]},
								"down": {"uv": [43, 21], "uv_size": [1, -3]}
							}
						},
						{
							"origin": [-7.0625, 2.56966, -4.47104],
							"size": [1, 4.2, 1.6],
							"pivot": [-5.5625, 4.66966, -2.02104],
							"rotation": [90, 0, 90],
							"uv": {
								"north": {"uv": [60, 74], "uv_size": [1, 4]},
								"east": {"uv": [70, 60], "uv_size": [1.5, 4]},
								"south": {"uv": [61, 74], "uv_size": [1, 4]},
								"west": {"uv": [71, 6], "uv_size": [1.5, 4]},
								"up": {"uv": [78, 78], "uv_size": [1, 1.5]},
								"down": {"uv": [79, 1.5], "uv_size": [1, -1.5]}
							}
						},
						{
							"origin": [-6.22302, 1.74626, -4.47104],
							"size": [1, 4.2, 2.7],
							"pivot": [-4.72302, 3.84626, -2.02104],
							"rotation": [90, 0, 112.5],
							"uv": {
								"north": {"uv": [74, 65], "uv_size": [1, 4]},
								"east": {"uv": [15, 66], "uv_size": [2.5, 4]},
								"south": {"uv": [67, 74], "uv_size": [1, 4]},
								"west": {"uv": [18, 66], "uv_size": [2.5, 4]},
								"up": {"uv": [76, 74], "uv_size": [1, 2.5]},
								"down": {"uv": [75, 78.5], "uv_size": [1, -2.5]}
							}
						},
						{
							"origin": [-9.0125, 2.91966, -1.32104],
							"size": [1.85, 0.25, 2.25],
							"pivot": [-8.1875, 3.34466, -1.59604],
							"rotation": [-180, 0, 90],
							"uv": {
								"north": {"uv": [80, 7], "uv_size": [2, 0.5]},
								"east": {"uv": [80, 8], "uv_size": [2, 0.5]},
								"south": {"uv": [80, 9], "uv_size": [2, 0.5]},
								"west": {"uv": [13, 80], "uv_size": [2, 0.5]},
								"up": {"uv": [74, 51], "uv_size": [2, 2]},
								"down": {"uv": [58, 76], "uv_size": [2, -2]}
							}
						},
						{
							"origin": [2.09297, 9.09922, 1.12376],
							"size": [1, 1, 6],
							"pivot": [3.6625, 9.41953, 1.49876],
							"rotation": [-90, 0, -90],
							"uv": {
								"north": {"uv": [80, 0], "uv_size": [1, 1]},
								"east": {"uv": [70, 47], "uv_size": [6, 1]},
								"south": {"uv": [1, 80], "uv_size": [1, 1]},
								"west": {"uv": [70, 48], "uv_size": [6, 1]},
								"up": {"uv": [11, 70], "uv_size": [1, 6]},
								"down": {"uv": [12, 76], "uv_size": [1, -6]}
							}
						},
						{
							"origin": [2.09297, 9.09922, -2.67624],
							"size": [1, 1, 1.7],
							"pivot": [3.6625, 9.41953, 1.49876],
							"rotation": [-90, 0, -90],
							"uv": {
								"north": {"uv": [3, 80], "uv_size": [1, 1]},
								"east": {"uv": [78, 62], "uv_size": [1.5, 1]},
								"south": {"uv": [80, 3], "uv_size": [1, 1]},
								"west": {"uv": [67, 78], "uv_size": [1.5, 1]},
								"up": {"uv": [78, 67], "uv_size": [1, 1.5]},
								"down": {"uv": [69, 79.5], "uv_size": [1, -1.5]}
							}
						},
						{
							"origin": [5.37329, 8.85, -5.41445],
							"size": [1.41421, 0.70711, 9.8],
							"pivot": [6.2875, 9.35, 1.38555],
							"rotation": [-90, 45, -90],
							"uv": {
								"north": {"uv": [52, 80], "uv_size": [1.5, 0.5]},
								"east": {"uv": [73, 44], "uv_size": [10, 0.5]},
								"south": {"uv": [54, 80], "uv_size": [1.5, 0.5]},
								"west": {"uv": [73, 45], "uv_size": [10, 0.5]},
								"up": {"uv": [52, 51], "uv_size": [1.5, 10]},
								"down": {"uv": [9, 63], "uv_size": [1.5, -10]}
							}
						},
						{
							"origin": [-2.71595, 7.85, -2.05],
							"size": [1.15, 2, 2.55],
							"pivot": [0, 2.98001, -1.5375],
							"rotation": [0, 90, 0],
							"uv": {
								"north": {"uv": [71, 33], "uv_size": [1, 2]},
								"east": {"uv": [39, 73], "uv_size": [2.5, 2]},
								"south": {"uv": [19, 77], "uv_size": [1, 2]},
								"west": {"uv": [73, 39], "uv_size": [2.5, 2]},
								"up": {"uv": [73, 76], "uv_size": [1, 2.5]},
								"down": {"uv": [74, 78.5], "uv_size": [1, -2.5]}
							}
						},
						{
							"origin": [-1.56595, 9.1, -2.05],
							"size": [2.5, 0.25, 2.55],
							"pivot": [0, 2.98001, -1.5375],
							"rotation": [0, 90, 0],
							"uv": {
								"north": {"uv": [79, 15], "uv_size": [2.5, 0.5]},
								"east": {"uv": [79, 34], "uv_size": [2.5, 0.5]},
								"south": {"uv": [35, 79], "uv_size": [2.5, 0.5]},
								"west": {"uv": [79, 35], "uv_size": [2.5, 0.5]},
								"up": {"uv": [5, 70], "uv_size": [2.5, 2.5]},
								"down": {"uv": [70, 46.5], "uv_size": [2.5, -2.5]}
							}
						},
						{
							"origin": [-5.96595, 8.1, -2.5],
							"size": [6.9, 1.75, 0.45],
							"pivot": [0, 2.98001, -1.5375],
							"rotation": [0, 90, 0],
							"uv": {
								"north": {"uv": [54, 60], "uv_size": [7, 2]},
								"east": {"uv": [80, 1], "uv_size": [0.5, 2]},
								"south": {"uv": [60, 54], "uv_size": [7, 2]},
								"west": {"uv": [2, 80], "uv_size": [0.5, 2]},
								"up": {"uv": [74, 63], "uv_size": [7, 0.5]},
								"down": {"uv": [74, 73.5], "uv_size": [7, -0.5]}
							}
						},
						{
							"origin": [0.93405, 9.1, -2.5],
							"size": [2.05, 0.75, 5],
							"pivot": [0, 2.98001, -1.5375],
							"rotation": [0, 90, 0],
							"uv": {
								"north": {"uv": [35, 58], "uv_size": [2, 1]},
								"east": {"uv": [73, 46], "uv_size": [5, 1]},
								"south": {"uv": [52, 61], "uv_size": [2, 1]},
								"west": {"uv": [73, 54], "uv_size": [5, 1]},
								"up": {"uv": [47, 59], "uv_size": [2, 5]},
								"down": {"uv": [6, 70], "uv_size": [2, -5]}
							}
						},
						{
							"origin": [-0.81595, 7.1, 2.25],
							"size": [3.8, 2, 0.25],
							"pivot": [0, 2.98001, -1.5375],
							"rotation": [0, 90, 0],
							"uv": {
								"north": {"uv": [67, 54], "uv_size": [4, 2]},
								"east": {"uv": [4, 80], "uv_size": [0.5, 2]},
								"south": {"uv": [58, 67], "uv_size": [4, 2]},
								"west": {"uv": [5, 80], "uv_size": [0.5, 2]},
								"up": {"uv": [78, 55], "uv_size": [4, 0.5]},
								"down": {"uv": [78, 56.5], "uv_size": [4, -0.5]}
							}
						},
						{
							"origin": [-0.81595, 9.1, 0.5],
							"size": [1.75, 0.75, 2],
							"pivot": [0, 2.98001, -1.5375],
							"rotation": [0, 90, 0],
							"uv": {
								"north": {"uv": [66, 39], "uv_size": [2, 1]},
								"east": {"uv": [66, 58], "uv_size": [2, 1]},
								"south": {"uv": [74, 18], "uv_size": [2, 1]},
								"west": {"uv": [15, 78], "uv_size": [2, 1]},
								"up": {"uv": [74, 35], "uv_size": [2, 2]},
								"down": {"uv": [74, 51], "uv_size": [2, -2]}
							}
						},
						{
							"origin": [-3.0875, 7.17236, 1.88987],
							"size": [4.5, 1.35, 0.25],
							"pivot": [-0.8375, 8.04736, 2.01487],
							"rotation": [90, 67.5, 90],
							"uv": {
								"north": {"uv": [15, 70], "uv_size": [4.5, 1.5]},
								"east": {"uv": [69, 80], "uv_size": [0.5, 1.5]},
								"south": {"uv": [70, 42], "uv_size": [4.5, 1.5]},
								"west": {"uv": [71, 80], "uv_size": [0.5, 1.5]},
								"up": {"uv": [77, 52], "uv_size": [4.5, 0.5]},
								"down": {"uv": [77, 76.5], "uv_size": [4.5, -0.5]}
							}
						},
						{
							"origin": [-2.66595, 6.65, -0.2],
							"size": [0.1, 1.75, 1.75],
							"pivot": [0, 3.48001, -1.5375],
							"rotation": [0, 90, 0],
							"uv": {
								"north": {"uv": [79, 71], "uv_size": [0.5, 2]},
								"east": {"uv": [44, 5], "uv_size": [2, 2]},
								"south": {"uv": [79, 74], "uv_size": [0.5, 2]},
								"west": {"uv": [57, 18], "uv_size": [2, 2]},
								"up": {"uv": [76, 79], "uv_size": [0.5, 2]},
								"down": {"uv": [77, 81], "uv_size": [0.5, -2]}
							}
						},
						{
							"origin": [-2.31595, 2.1, -4.75],
							"size": [5.25, 3, 2],
							"pivot": [0.25, 3.48001, -1.5375],
							"rotation": [0, 90, 0],
							"uv": {
								"north": {"uv": [50, 8], "uv_size": [5.5, 3]},
								"east": {"uv": [51, 21], "uv_size": [2, 3]},
								"south": {"uv": [50, 11], "uv_size": [5.5, 3]},
								"west": {"uv": [32, 54], "uv_size": [2, 3]},
								"up": {"uv": [62, 40], "uv_size": [5.5, 2]},
								"down": {"uv": [0, 67], "uv_size": [5.5, -2]}
							}
						},
						{
							"origin": [-2.31595, 5.38921, -3.50961],
							"size": [5.25, 1.1, 2.4],
							"pivot": [0.25, 3.48001, -1.5375],
							"rotation": [0, 90, -30],
							"uv": {
								"north": {"uv": [70, 53], "uv_size": [5.5, 1]},
								"east": {"uv": [53, 37], "uv_size": [2.5, 1]},
								"south": {"uv": [70, 64], "uv_size": [5.5, 1]},
								"west": {"uv": [76, 38], "uv_size": [2.5, 1]},
								"up": {"uv": [60, 56], "uv_size": [5.5, 2.5]},
								"down": {"uv": [61, 2.5], "uv_size": [5.5, -2.5]}
							}
						},
						{
							"origin": [-1.68981, 5.9416, -3.30961],
							"size": [4.95, 1, 2],
							"pivot": [0.25, 3.48001, -1.5375],
							"rotation": [-90, 80, -120],
							"uv": {
								"north": {"uv": [71, 10], "uv_size": [5, 1]},
								"east": {"uv": [54, 20], "uv_size": [2, 1]},
								"south": {"uv": [34, 73], "uv_size": [5, 1]},
								"west": {"uv": [32, 57], "uv_size": [2, 1]},
								"up": {"uv": [61, 65], "uv_size": [5, 2]},
								"down": {"uv": [66, 5], "uv_size": [5, -2]}
							}
						},
						{
							"origin": [3.85343, 3.56503, -2.2],
							"size": [1.7, 1.4, 4.4],
							"pivot": [0, 3.48001, -1.5375],
							"rotation": [90, 22.5, 90],
							"uv": {
								"north": {"uv": [9, 77], "uv_size": [1.5, 1.5]},
								"east": {"uv": [48, 69], "uv_size": [4.5, 1.5]},
								"south": {"uv": [13, 77], "uv_size": [1.5, 1.5]},
								"west": {"uv": [53, 69], "uv_size": [4.5, 1.5]},
								"up": {"uv": [58, 69], "uv_size": [1.5, 4.5]},
								"down": {"uv": [60, 73.5], "uv_size": [1.5, -4.5]}
							}
						},
						{
							"origin": [2.28001, 0.46407, -2.2],
							"size": [1.7, 0.8, 4.4],
							"pivot": [0, 3.48001, -1.5375],
							"rotation": [90, 0, 90],
							"uv": {
								"north": {"uv": [78, 59], "uv_size": [1.5, 1]},
								"east": {"uv": [73, 55], "uv_size": [4.5, 1]},
								"south": {"uv": [60, 78], "uv_size": [1.5, 1]},
								"west": {"uv": [73, 56], "uv_size": [4.5, 1]},
								"up": {"uv": [67, 69], "uv_size": [1.5, 4.5]},
								"down": {"uv": [69, 73.5], "uv_size": [1.5, -4.5]}
							}
						},
						{
							"origin": [0.04742, -0.50187, -2.2],
							"size": [0.9, 0.8, 4.4],
							"pivot": [0, 3.48001, -1.5375],
							"rotation": [90, 45, 90],
							"uv": {
								"north": {"uv": [9, 52], "uv_size": [1, 1]},
								"east": {"uv": [73, 57], "uv_size": [4.5, 1]},
								"south": {"uv": [60, 59], "uv_size": [1, 1]},
								"west": {"uv": [73, 58], "uv_size": [4.5, 1]},
								"up": {"uv": [73, 69], "uv_size": [1, 4.5]},
								"down": {"uv": [71, 77.5], "uv_size": [1, -4.5]}
							}
						},
						{
							"origin": [2.91986, 1.26407, -2.2],
							"size": [1.06016, 0.63594, 4.4],
							"pivot": [0, 3.48001, -1.5375],
							"rotation": [90, 0, 90],
							"uv": {
								"north": {"uv": [80, 72], "uv_size": [1, 0.5]},
								"east": {"uv": [77, 47], "uv_size": [4.5, 0.5]},
								"south": {"uv": [80, 77], "uv_size": [1, 0.5]},
								"west": {"uv": [48, 77], "uv_size": [4.5, 0.5]},
								"up": {"uv": [72, 73], "uv_size": [1, 4.5]},
								"down": {"uv": [74, 15.5], "uv_size": [1, -4.5]}
							}
						},
						{
							"origin": [3.09799, 2.85653, -1.25],
							"size": [1.2, 1.25, 2.5],
							"pivot": [0, 3.48001, -1.5375],
							"rotation": [90, 45, 90],
							"uv": {
								"north": {"uv": [52, 78], "uv_size": [1, 1.5]},
								"east": {"uv": [74, 69], "uv_size": [2.5, 1.5]},
								"south": {"uv": [78, 57], "uv_size": [1, 1.5]},
								"west": {"uv": [74, 71], "uv_size": [2.5, 1.5]},
								"up": {"uv": [60, 62], "uv_size": [1, 2.5]},
								"down": {"uv": [5, 69.5], "uv_size": [1, -2.5]}
							}
						}
					]
				},
				{
					"name": "bone5",
					"parent": "bone2",
					"pivot": [7.87837, 3.25147, -1.92619],
					"cubes": [
						{
							"origin": [0.43405, 2.35, 2],
							"size": [1.45, 1.75, 5],
							"pivot": [0, 3.48001, -1.7875],
							"rotation": [0, 90, 0],
							"uv": {
								"north": {"uv": [39, 77], "uv_size": [1.5, 1.5]},
								"east": {"uv": [67, 65], "uv_size": [5, 1.5]},
								"south": {"uv": [77, 48], "uv_size": [1.5, 1.5]},
								"west": {"uv": [67, 67], "uv_size": [5, 1.5]},
								"up": {"uv": [62, 67], "uv_size": [1.5, 5]},
								"down": {"uv": [64, 72], "uv_size": [1.5, -5]}
							}
						},
						{
							"origin": [5.28212, 2.35, -6.11132],
							"size": [1.3, 1.75, 5.2],
							"pivot": [6.53212, 3.225, -2.91132],
							"rotation": [0, 105, 0],
							"uv": {
								"north": {"uv": [77, 50], "uv_size": [1.5, 1.5]},
								"east": {"uv": [68, 39], "uv_size": [5, 1.5]},
								"south": {"uv": [53, 77], "uv_size": [1.5, 1.5]},
								"west": {"uv": [68, 58], "uv_size": [5, 1.5]},
								"up": {"uv": [68, 60], "uv_size": [1.5, 5]},
								"down": {"uv": [69, 11], "uv_size": [1.5, -5]}
							}
						},
						{
							"origin": [0.93405, -1.9, 4],
							"size": [1, 4.25, 1],
							"pivot": [0, 3.48001, -1.7875],
							"rotation": [0, 90, 0],
							"uv": {
								"north": {"uv": [34, 74], "uv_size": [1, 4.5]},
								"east": {"uv": [35, 74], "uv_size": [1, 4.5]},
								"south": {"uv": [36, 74], "uv_size": [1, 4.5]},
								"west": {"uv": [37, 74], "uv_size": [1, 4.5]},
								"up": {"uv": [34, 64], "uv_size": [1, 1]},
								"down": {"uv": [51, 65], "uv_size": [1, -1]}
							}
						},
						{
							"origin": [1.03405, -1.4, 3],
							"size": [0.8, 0.1, 1],
							"pivot": [0, 3.48001, -1.7875],
							"rotation": [0, 90, 0],
							"uv": {
								"north": {"uv": [16, 81], "uv_size": [1, 0.5]},
								"east": {"uv": [81, 16], "uv_size": [1, 0.5]},
								"south": {"uv": [81, 17], "uv_size": [1, 0.5]},
								"west": {"uv": [81, 18], "uv_size": [1, 0.5]},
								"up": {"uv": [13, 65], "uv_size": [1, 1]},
								"down": {"uv": [73, 60], "uv_size": [1, -1]}
							}
						},
						{
							"origin": [4.0693, -1.06109, -4.72155],
							"size": [0.8, 0.1, 2],
							"pivot": [4.4693, -1.01109, -3.22155],
							"rotation": [0, 90, 45],
							"uv": {
								"north": {"uv": [19, 81], "uv_size": [1, 0.5]},
								"east": {"uv": [79, 78], "uv_size": [2, 0.5]},
								"south": {"uv": [81, 19], "uv_size": [1, 0.5]},
								"west": {"uv": [79, 79], "uv_size": [2, 0.5]},
								"up": {"uv": [55, 6], "uv_size": [1, 2]},
								"down": {"uv": [56, 14], "uv_size": [1, -2]}
							}
						},
						{
							"origin": [7.82837, 2.87647, -2.30119],
							"size": [0.1, 0.75, 0.75],
							"pivot": [7.87837, 3.25147, -1.92619],
							"rotation": [-135, 75, 180],
							"uv": {
								"north": {"uv": [82, 39], "uv_size": [0.5, 0.5]},
								"east": {"uv": [40, 82], "uv_size": [0.5, 0.5]},
								"south": {"uv": [82, 40], "uv_size": [0.5, 0.5]},
								"west": {"uv": [41, 82], "uv_size": [0.5, 0.5]},
								"up": {"uv": [82, 43], "uv_size": [0.5, 0.5]},
								"down": {"uv": [44, 82.5], "uv_size": [0.5, -0.5]}
							}
						},
						{
							"origin": [7.62837, 3.87647, -3.50119],
							"size": [0.3, 0.95, 0.85],
							"pivot": [7.87837, 3.25147, -1.92619],
							"rotation": [-135, 75, 180],
							"uv": {
								"north": {"uv": [21, 81], "uv_size": [0.5, 1]},
								"east": {"uv": [75, 4], "uv_size": [1, 1]},
								"south": {"uv": [81, 21], "uv_size": [0.5, 1]},
								"west": {"uv": [75, 32], "uv_size": [1, 1]},
								"up": {"uv": [22, 81], "uv_size": [0.5, 1]},
								"down": {"uv": [81, 23], "uv_size": [0.5, -1]}
							}
						},
						{
							"origin": [7.82837, 5.17647, -4.60119],
							"size": [0.1, 0.75, 0.75],
							"pivot": [7.87837, 3.25147, -1.92619],
							"rotation": [-135, 75, 180],
							"uv": {
								"north": {"uv": [45, 82], "uv_size": [0.5, 0.5]},
								"east": {"uv": [46, 82], "uv_size": [0.5, 0.5]},
								"south": {"uv": [47, 82], "uv_size": [0.5, 0.5]},
								"west": {"uv": [82, 47], "uv_size": [0.5, 0.5]},
								"up": {"uv": [48, 82], "uv_size": [0.5, 0.5]},
								"down": {"uv": [82, 48.5], "uv_size": [0.5, -0.5]}
							}
						}
					]
				},
				{
					"name": "bone6",
					"parent": "bone2",
					"pivot": [8.71041, 3.25147, -1.92619],
					"cubes": [
						{
							"origin": [-1.05202, 2.35, 2],
							"size": [1.45, 1.75, 5],
							"pivot": [0.83203, 3.48001, -1.7875],
							"rotation": [0, -90, 0],
							"uv": {
								"north": {"uv": [55, 77], "uv_size": [1.5, 1.5]},
								"east": {"uv": [69, 11], "uv_size": [5, 1.5]},
								"south": {"uv": [77, 69], "uv_size": [1.5, 1.5]},
								"west": {"uv": [69, 13], "uv_size": [5, 1.5]},
								"up": {"uv": [69, 15], "uv_size": [1.5, 5]},
								"down": {"uv": [69, 25], "uv_size": [1.5, -5]}
							}
						},
						{
							"origin": [-5.75009, 2.35, -6.11132],
							"size": [1.3, 1.75, 5.2],
							"pivot": [-5.70009, 3.225, -2.91132],
							"rotation": [0, -105, 0],
							"uv": {
								"north": {"uv": [77, 71], "uv_size": [1.5, 1.5]},
								"east": {"uv": [69, 25], "uv_size": [5, 1.5]},
								"south": {"uv": [77, 74], "uv_size": [1.5, 1.5]},
								"west": {"uv": [69, 27], "uv_size": [5, 1.5]},
								"up": {"uv": [44, 69], "uv_size": [1.5, 5]},
								"down": {"uv": [46, 74], "uv_size": [1.5, -5]}
							}
						},
						{
							"origin": [-1.10202, -1.9, 4],
							"size": [1, 4.25, 1],
							"pivot": [0.83203, 3.48001, -1.7875],
							"rotation": [0, -90, 0],
							"uv": {
								"north": {"uv": [38, 74], "uv_size": [1, 4.5]},
								"east": {"uv": [44, 74], "uv_size": [1, 4.5]},
								"south": {"uv": [45, 74], "uv_size": [1, 4.5]},
								"west": {"uv": [46, 74], "uv_size": [1, 4.5]},
								"up": {"uv": [6, 77], "uv_size": [1, 1]},
								"down": {"uv": [0, 81], "uv_size": [1, -1]}
							}
						},
						{
							"origin": [-1.00202, -1.4, 2.75],
							"size": [0.8, 0.1, 1.25],
							"pivot": [0.83203, 3.48001, -1.7875],
							"rotation": [0, -90, 0],
							"uv": {
								"north": {"uv": [23, 81], "uv_size": [1, 0.5]},
								"east": {"uv": [35, 80], "uv_size": [1.5, 0.5]},
								"south": {"uv": [81, 23], "uv_size": [1, 0.5]},
								"west": {"uv": [37, 80], "uv_size": [1.5, 0.5]},
								"up": {"uv": [78, 60], "uv_size": [1, 1.5]},
								"down": {"uv": [78, 66.5], "uv_size": [1, -1.5]}
							}
						},
						{
							"origin": [-3.66266, -1.21246, -6.72155],
							"size": [0.8, 0.1, 4],
							"pivot": [-3.26266, -1.16246, -3.22155],
							"rotation": [0, -90, -22.5],
							"uv": {
								"north": {"uv": [24, 81], "uv_size": [1, 0.5]},
								"east": {"uv": [47, 78], "uv_size": [4, 0.5]},
								"south": {"uv": [81, 24], "uv_size": [1, 0.5]},
								"west": {"uv": [78, 54], "uv_size": [4, 0.5]},
								"up": {"uv": [50, 14], "uv_size": [1, 4]},
								"down": {"uv": [58, 42], "uv_size": [1, -4]}
							}
						},
						{
							"origin": [-7.09634, 4.12647, -3.55119],
							"size": [0.1, 0.75, 0.75],
							"pivot": [-7.04634, 3.25147, -1.92619],
							"rotation": [-135, -75, -180],
							"uv": {
								"north": {"uv": [49, 82], "uv_size": [0.5, 0.5]},
								"east": {"uv": [82, 49], "uv_size": [0.5, 0.5]},
								"south": {"uv": [50, 82], "uv_size": [0.5, 0.5]},
								"west": {"uv": [82, 50], "uv_size": [0.5, 0.5]},
								"up": {"uv": [51, 82], "uv_size": [0.5, 0.5]},
								"down": {"uv": [82, 51.5], "uv_size": [0.5, -0.5]}
							}
						},
						{
							"origin": [-7.09634, 5.17647, -4.60119],
							"size": [0.1, 0.75, 0.75],
							"pivot": [-7.04634, 3.25147, -1.92619],
							"rotation": [-135, -75, -180],
							"uv": {
								"north": {"uv": [52, 82], "uv_size": [0.5, 0.5]},
								"east": {"uv": [82, 52], "uv_size": [0.5, 0.5]},
								"south": {"uv": [53, 82], "uv_size": [0.5, 0.5]},
								"west": {"uv": [82, 53], "uv_size": [0.5, 0.5]},
								"up": {"uv": [54, 82], "uv_size": [0.5, 0.5]},
								"down": {"uv": [82, 54.5], "uv_size": [0.5, -0.5]}
							}
						}
					]
				}
			]
		}
	]
}