{
	"format_version": "1.12.0",
	"minecraft:geometry": [
		{
			"description": {
				"identifier": "geometry.unknown",
				"texture_width": 128,
				"texture_height": 128,
				"visible_bounds_width": 2,
				"visible_bounds_height": 3.5,
				"visible_bounds_offset": [0, 1.25, 0]
			},
			"bones": [
				{
					"name": "root",
					"pivot": [0, 0, 0]
				},
				{
					"name": "turret",
					"parent": "root",
					"pivot": [0, 10.5, 0]
				},
				{
					"name": "barrel",
					"parent": "turret",
					"pivot": [0, 22.25, 0],
					"cubes": [
						{
							"origin": [-1.20365, 24.14206, -6.2005],
							"size": [2.40729, 0.89592, 0.37851],
							"uv": {
								"north": {"uv": [49, 66], "uv_size": [2, 1]},
								"up": {"uv": [66, 50], "uv_size": [2, 1]},
								"down": {"uv": [51, 67], "uv_size": [2, -1]}
							}
						},
						{
							"origin": [-2.20365, 18.49206, -6.4005],
							"size": [4.40729, 1.29592, 0.57851],
							"uv": {
								"north": {"uv": [65, 19], "uv_size": [4, 1]},
								"up": {"uv": [65, 26], "uv_size": [4, 1]}
							}
						},
						{
							"origin": [1.49635, 19.09206, -6.4005],
							"size": [1.20729, 0.54592, 0.57851],
							"pivot": [1.25, 19.29002, -6.01124],
							"rotation": [0, 0, -45],
							"uv": {
								"north": {"uv": [69, 0], "uv_size": [1, 1]},
								"up": {"uv": [1, 69], "uv_size": [1, 1]}
							}
						},
						{
							"origin": [-2.70365, 19.09206, -6.4005],
							"size": [1.20729, 0.54592, 0.57851],
							"pivot": [-1.25, 19.29002, -6.01124],
							"rotation": [0, 0, 45],
							"uv": {
								"north": {"uv": [69, 1], "uv_size": [1, 1]},
								"up": {"uv": [2, 69], "uv_size": [1, 1]}
							}
						},
						{
							"origin": [-0.76658, 25.52927, -6.2005],
							"size": [0.25, 0.24592, 0.37851],
							"pivot": [0.02977, 24.57723, -6.01124],
							"rotation": [0, 0, -45],
							"uv": {
								"north": {"uv": [68, 40], "uv_size": [1, 1]},
								"up": {"uv": [41, 68], "uv_size": [1, 1]}
							}
						},
						{
							"origin": [-1.52846, 24.46725, -6.2005],
							"size": [0.542, 0.24592, 0.37851],
							"pivot": [-1.25746, 24.5902, -6.01124],
							"rotation": [0, 0, -90],
							"uv": {
								"north": {"uv": [68, 42], "uv_size": [1, 1]},
								"up": {"uv": [43, 68], "uv_size": [1, 1]}
							}
						},
						{
							"origin": [-1.33009, 24.19444, -6.2005],
							"size": [0.25, 0.24592, 0.37851],
							"pivot": [-1.20509, 24.3174, -6.01124],
							"rotation": [0, 0, -135],
							"uv": {
								"north": {"uv": [68, 41], "uv_size": [1, 1]},
								"up": {"uv": [42, 68], "uv_size": [1, 1]}
							}
						},
						{
							"origin": [0.51658, 25.52927, -6.2005],
							"size": [0.25, 0.24592, 0.37851],
							"pivot": [-0.02977, 24.57723, -6.01124],
							"rotation": [0, 0, 45],
							"uv": {
								"north": {"uv": [68, 45], "uv_size": [1, 1]},
								"up": {"uv": [46, 68], "uv_size": [1, 1]}
							}
						},
						{
							"origin": [0.98646, 24.46725, -6.2005],
							"size": [0.542, 0.24592, 0.37851],
							"pivot": [1.25746, 24.5902, -6.01124],
							"rotation": [0, 0, 90],
							"uv": {
								"north": {"uv": [68, 44], "uv_size": [1, 1]},
								"up": {"uv": [45, 68], "uv_size": [1, 1]}
							}
						},
						{
							"origin": [1.08009, 24.19444, -6.2005],
							"size": [0.25, 0.24592, 0.37851],
							"pivot": [1.20509, 24.3174, -6.01124],
							"rotation": [0, 0, 135],
							"uv": {
								"north": {"uv": [68, 43], "uv_size": [1, 1]},
								"up": {"uv": [44, 68], "uv_size": [1, 1]}
							}
						},
						{
							"origin": [-2.5, 18.75, -4],
							"size": [5, 7, 8],
							"uv": {
								"east": {"uv": [27, 0], "uv_size": [8, 7]},
								"south": {"uv": [0, 46], "uv_size": [5, 7]},
								"west": {"uv": [0, 28], "uv_size": [8, 7]}
							}
						},
						{
							"origin": [-2, 19.75, -6.1],
							"size": [4, 5.6, 0.1],
							"uv": {
								"north": {"uv": [48, 16], "uv_size": [4, 6]},
								"east": {"uv": [60, 28], "uv_size": [1, 6]},
								"west": {"uv": [40, 60], "uv_size": [1, 6]},
								"up": {"uv": [64, 54], "uv_size": [4, 1]},
								"down": {"uv": [65, 10], "uv_size": [4, -1]}
							}
						},
						{
							"origin": [-1.75, 20.78491, 8.20284],
							"size": [3.5, 2.25, 1.5],
							"pivot": [0, 24.28491, 5.70284],
							"rotation": [-67.5, 0, 0],
							"uv": {
								"east": {"uv": [66, 35], "uv_size": [1, 2]},
								"south": {"uv": [57, 3], "uv_size": [4, 2]},
								"west": {"uv": [66, 37], "uv_size": [1, 2]}
							}
						},
						{
							"origin": [0.25736, 20.54289, -6],
							"size": [0.5, 1, 10],
							"pivot": [-1.74264, 18.04289, 0],
							"rotation": [0, 0, 45],
							"uv": {
								"south": {"uv": [67, 2], "uv_size": [1, 1]},
								"west": {"uv": [54, 54], "uv_size": [10, 1]}
							}
						},
						{
							"origin": [1.0825, 15.45789, -6],
							"size": [0.71, 3.585, 10],
							"pivot": [1.2925, 18.54289, 0],
							"rotation": [0, 0, 90],
							"uv": {
								"south": {"uv": [37, 63], "uv_size": [1, 4]},
								"west": {"uv": [47, 46], "uv_size": [10, 4]}
							}
						},
						{
							"origin": [-0.75736, 20.54289, -6],
							"size": [0.5, 1, 10],
							"pivot": [1.74264, 18.04289, 0],
							"rotation": [0, 0, -45],
							"uv": {
								"east": {"uv": [13, 55], "uv_size": [10, 1]},
								"south": {"uv": [67, 3], "uv_size": [1, 1]}
							}
						},
						{
							"origin": [-0.75736, 22.54289, 4],
							"size": [0.5, 1, 2.5],
							"pivot": [1.74264, 20.04289, 8],
							"rotation": [0, 0, -45],
							"uv": {
								"east": {"uv": [40, 66], "uv_size": [2, 1]},
								"south": {"uv": [67, 16], "uv_size": [1, 1]}
							}
						},
						{
							"origin": [1.0825, 17.45789, 4],
							"size": [0.71, 3.585, 2.5],
							"pivot": [1.2925, 20.54289, 8],
							"rotation": [0, 0, 90],
							"uv": {
								"south": {"uv": [22, 64], "uv_size": [1, 4]},
								"west": {"uv": [31, 57], "uv_size": [2, 4]}
							}
						},
						{
							"origin": [0.25736, 22.54289, 4],
							"size": [0.5, 1, 2.5],
							"pivot": [-1.74264, 20.04289, 8],
							"rotation": [0, 0, 45],
							"uv": {
								"south": {"uv": [67, 15], "uv_size": [1, 1]},
								"west": {"uv": [66, 39], "uv_size": [2, 1]}
							}
						},
						{
							"origin": [-1.58078, 26.9692, -4],
							"size": [0.5, 1, 10.5],
							"pivot": [0, 26.01444, 0],
							"rotation": [0, 0, 135],
							"uv": {
								"north": {"uv": [67, 5], "uv_size": [1, 1]},
								"east": {"uv": [52, 20], "uv_size": [11, 1]},
								"south": {"uv": [67, 6], "uv_size": [1, 1]}
							}
						},
						{
							"origin": [-0.26733, 24.22194, -4],
							"size": [0.71, 3.585, 10.5],
							"pivot": [0, 26.01444, 0],
							"rotation": [0, 0, -90],
							"uv": {
								"south": {"uv": [38, 63], "uv_size": [1, 4]},
								"west": {"uv": [36, 45], "uv_size": [11, 4]}
							}
						},
						{
							"origin": [-0.355, 25.02501, 0.37391],
							"size": [0.71, 2.685, 2.25],
							"pivot": [0, 26.36751, 2.87391],
							"rotation": [0, 10, -90],
							"uv": {
								"west": {"uv": [60, 0], "uv_size": [2, 3]},
								"up": {"uv": [45, 66], "uv_size": [1, 2]},
								"down": {"uv": [66, 47], "uv_size": [1, -2]}
							}
						},
						{
							"origin": [-0.355, 25.02501, 2.12391],
							"size": [0.71, 2.685, 2.25],
							"pivot": [0, 26.36751, 4.62391],
							"rotation": [0, 10, -90],
							"uv": {
								"west": {"uv": [60, 5], "uv_size": [2, 3]},
								"up": {"uv": [46, 66], "uv_size": [1, 2]},
								"down": {"uv": [47, 68], "uv_size": [1, -2]}
							}
						},
						{
							"origin": [-0.355, 25.02501, 3.87391],
							"size": [0.71, 2.685, 2.25],
							"pivot": [0, 26.36751, 6.37391],
							"rotation": [0, 10, -90],
							"uv": {
								"west": {"uv": [18, 60], "uv_size": [2, 3]},
								"up": {"uv": [66, 47], "uv_size": [1, 2]},
								"down": {"uv": [48, 68], "uv_size": [1, -2]}
							}
						},
						{
							"origin": [-0.26733, 20.81149, -5.14552],
							"size": [0.71, 3.585, 2],
							"pivot": [0, 22.60399, -12.14552],
							"rotation": [0, 22.5, -90],
							"uv": {
								"west": {"uv": [57, 46], "uv_size": [2, 4]},
								"up": {"uv": [66, 40], "uv_size": [1, 2]},
								"down": {"uv": [42, 68], "uv_size": [1, -2]}
							}
						},
						{
							"origin": [-0.355, 22.53934, -5.78803],
							"size": [0.71, 5, 2],
							"pivot": [0, 25.03934, -4.78803],
							"rotation": [0, 22.5, -90],
							"uv": {
								"west": {"uv": [44, 53], "uv_size": [2, 5]},
								"up": {"uv": [66, 55], "uv_size": [1, 2]},
								"down": {"uv": [66, 59], "uv_size": [1, -2]}
							}
						},
						{
							"origin": [-0.605, 24.66641, -3.2209],
							"size": [1.21, 3.335, 2.75],
							"pivot": [0, 26.33391, -1.8459],
							"rotation": [0, -22.5, -90],
							"uv": {
								"north": {"uv": [11, 66], "uv_size": [1, 3]},
								"west": {"uv": [57, 0], "uv_size": [3, 3]},
								"up": {"uv": [12, 66], "uv_size": [1, 3]},
								"down": {"uv": [13, 69], "uv_size": [1, -3]}
							}
						},
						{
							"origin": [0.395, 24.66641, -3.4709],
							"size": [0.21, 3.335, 0.25],
							"pivot": [0, 26.33391, -1.8459],
							"rotation": [0, -22.5, -90],
							"uv": {
								"north": {"uv": [15, 66], "uv_size": [1, 3]},
								"east": {"uv": [16, 66], "uv_size": [1, 3]},
								"west": {"uv": [66, 16], "uv_size": [1, 3]},
								"up": {"uv": [68, 52], "uv_size": [1, 1]},
								"down": {"uv": [68, 54], "uv_size": [1, -1]}
							}
						},
						{
							"origin": [-1.6675, 24.2083, -3.81514],
							"size": [0.21, 1.085, 0.25],
							"pivot": [-1.5625, 25.8758, -4.06514],
							"rotation": [22.5, 0, 180],
							"uv": {
								"north": {"uv": [68, 54], "uv_size": [1, 1]},
								"east": {"uv": [68, 55], "uv_size": [1, 1]},
								"west": {"uv": [68, 56], "uv_size": [1, 1]},
								"up": {"uv": [68, 57], "uv_size": [1, 1]}
							}
						},
						{
							"origin": [1.4575, 24.2083, -3.81514],
							"size": [0.21, 1.085, 0.25],
							"pivot": [1.5625, 25.8758, -4.06514],
							"rotation": [22.5, 0, 180],
							"uv": {
								"north": {"uv": [68, 58], "uv_size": [1, 1]},
								"east": {"uv": [59, 68], "uv_size": [1, 1]},
								"west": {"uv": [68, 59], "uv_size": [1, 1]},
								"up": {"uv": [60, 68], "uv_size": [1, 1]}
							}
						},
						{
							"origin": [1.08078, 26.9692, -4],
							"size": [0.5, 1, 10.5],
							"pivot": [0, 26.01444, 0],
							"rotation": [0, 0, -135],
							"uv": {
								"north": {"uv": [67, 4], "uv_size": [1, 1]},
								"south": {"uv": [5, 67], "uv_size": [1, 1]},
								"west": {"uv": [17, 50], "uv_size": [11, 1]}
							}
						},
						{
							"origin": [-2.5, 20.75, 4],
							"size": [5, 5, 2.5],
							"uv": {
								"east": {"uv": [40, 53], "uv_size": [2, 5]},
								"south": {"uv": [29, 46], "uv_size": [5, 5]},
								"west": {"uv": [42, 53], "uv_size": [2, 5]},
								"down": {"uv": [54, 54], "uv_size": [5, -2]}
							}
						},
						{
							"origin": [1.5, 18.45, 4],
							"size": [0.6, 0.6, 0.05],
							"pivot": [1.25, 19.8, 5],
							"rotation": [0, 0, 45],
							"uv": {
								"east": {"uv": [67, 24], "uv_size": [1, 1]},
								"south": {"uv": [67, 31], "uv_size": [1, 1]},
								"west": {"uv": [67, 32], "uv_size": [1, 1]},
								"up": {"uv": [67, 33], "uv_size": [1, 1]},
								"down": {"uv": [67, 35], "uv_size": [1, -1]}
							}
						},
						{
							"origin": [-0.10355, 18.46863, 4],
							"size": [0.4, 0.4, 0.05],
							"uv": {
								"east": {"uv": [67, 35], "uv_size": [1, 1]},
								"south": {"uv": [36, 67], "uv_size": [1, 1]},
								"west": {"uv": [67, 36], "uv_size": [1, 1]},
								"up": {"uv": [37, 67], "uv_size": [1, 1]},
								"down": {"uv": [67, 38], "uv_size": [1, -1]}
							}
						},
						{
							"origin": [-0.85355, 18.46863, 4],
							"size": [0.4, 0.4, 0.05],
							"uv": {
								"east": {"uv": [38, 67], "uv_size": [1, 1]},
								"south": {"uv": [67, 38], "uv_size": [1, 1]},
								"west": {"uv": [39, 67], "uv_size": [1, 1]},
								"up": {"uv": [40, 67], "uv_size": [1, 1]},
								"down": {"uv": [67, 41], "uv_size": [1, -1]}
							}
						},
						{
							"origin": [-0.75355, 18.56863, 3.95],
							"size": [0.2, 0.2, 0.5],
							"pivot": [-0.65355, 18.66863, 3.95],
							"rotation": [-22.5, 0, 0],
							"uv": {
								"east": {"uv": [41, 67], "uv_size": [1, 1]},
								"south": {"uv": [67, 41], "uv_size": [1, 1]},
								"west": {"uv": [43, 67], "uv_size": [1, 1]},
								"up": {"uv": [44, 67], "uv_size": [1, 1]},
								"down": {"uv": [67, 46], "uv_size": [1, -1]}
							}
						},
						{
							"origin": [-0.00355, 18.56863, 3.95],
							"size": [0.2, 0.2, 0.5],
							"uv": {
								"east": {"uv": [67, 46], "uv_size": [1, 1]},
								"south": {"uv": [67, 47], "uv_size": [1, 1]},
								"west": {"uv": [67, 48], "uv_size": [1, 1]},
								"up": {"uv": [49, 67], "uv_size": [1, 1]},
								"down": {"uv": [50, 68], "uv_size": [1, -1]}
							}
						}
					]
				},
				{
					"name": "bone6",
					"parent": "barrel",
					"pivot": [0, 22.25, -6],
					"rotation": [0, 90, 0],
					"cubes": [
						{
							"origin": [0.41663, 21.60697, -5.73686],
							"size": [0.27921, 0.59198, 0.425],
							"pivot": [0.125, 22.24999, -5.62436],
							"rotation": [-90, -22.5, 90],
							"uv": {
								"north": {"uv": [66, 61], "uv_size": [1, 1]},
								"east": {"uv": [66, 62], "uv_size": [1, 1]},
								"west": {"uv": [66, 63], "uv_size": [1, 1]}
							}
						},
						{
							"origin": [0.21335, 21.81026, -5.73686],
							"size": [0.27921, 0.59198, 0.425],
							"pivot": [0.125, 22.24999, -5.62436],
							"rotation": [-90, -67.5, 90],
							"uv": {
								"north": {"uv": [66, 64], "uv_size": [1, 1]},
								"east": {"uv": [66, 65], "uv_size": [1, 1]},
								"west": {"uv": [66, 66], "uv_size": [1, 1]}
							}
						},
						{
							"origin": [0.41663, 22.30103, -5.73686],
							"size": [0.27921, 0.59198, 0.425],
							"pivot": [0.125, 22.24999, -5.62436],
							"rotation": [90, -22.5, -90],
							"uv": {
								"north": {"uv": [68, 7], "uv_size": [1, 1]},
								"east": {"uv": [8, 68], "uv_size": [1, 1]},
								"west": {"uv": [68, 8], "uv_size": [1, 1]}
							}
						},
						{
							"origin": [0.21334, 22.09774, -5.73686],
							"size": [0.27921, 0.59198, 0.425],
							"pivot": [0.125, 22.24999, -5.62436],
							"rotation": [90, -67.5, -90],
							"uv": {
								"north": {"uv": [5, 68], "uv_size": [1, 1]},
								"east": {"uv": [68, 5], "uv_size": [1, 1]},
								"west": {"uv": [68, 6], "uv_size": [1, 1]}
							}
						},
						{
							"origin": [0.41663, 21.60697, -6.48811],
							"size": [0.27921, 0.59198, 0.425],
							"pivot": [0.125, 22.24999, -6.37561],
							"rotation": [90, 22.5, -90],
							"uv": {
								"north": {"uv": [18, 68], "uv_size": [1, 1]},
								"east": {"uv": [68, 18], "uv_size": [1, 1]},
								"west": {"uv": [19, 68], "uv_size": [1, 1]}
							}
						},
						{
							"origin": [0.21334, 22.09774, -6.48811],
							"size": [0.27921, 0.59198, 0.425],
							"pivot": [0.125, 22.24999, -6.37561],
							"rotation": [-89.99999, 67.5, 90.00001],
							"uv": {
								"north": {"uv": [68, 16], "uv_size": [1, 1]},
								"east": {"uv": [17, 68], "uv_size": [1, 1]},
								"west": {"uv": [68, 17], "uv_size": [1, 1]}
							}
						},
						{
							"origin": [0.21335, 21.81026, -6.48811],
							"size": [0.27921, 0.59198, 0.425],
							"pivot": [0.125, 22.24999, -6.37561],
							"rotation": [90, 67.5, -90],
							"uv": {
								"north": {"uv": [68, 13], "uv_size": [1, 1]},
								"east": {"uv": [68, 14], "uv_size": [1, 1]},
								"west": {"uv": [68, 15], "uv_size": [1, 1]}
							}
						},
						{
							"origin": [0.41663, 22.30103, -6.48811],
							"size": [0.27921, 0.59198, 0.425],
							"pivot": [0.125, 22.24999, -6.37561],
							"rotation": [-90, 22.5, 90],
							"uv": {
								"north": {"uv": [68, 10], "uv_size": [1, 1]},
								"east": {"uv": [68, 11], "uv_size": [1, 1]},
								"west": {"uv": [68, 12], "uv_size": [1, 1]}
							}
						}
					]
				},
				{
					"name": "bone9",
					"parent": "barrel",
					"pivot": [0, 22.25, -6],
					"rotation": [0, 90, 0],
					"cubes": [
						{
							"origin": [-2.59198, 20.82079, -8.175],
							"size": [1.18396, 2.85842, 0.2],
							"pivot": [-2, 22.25, -6],
							"rotation": [-90, -22.5, 90],
							"uv": {
								"north": {"uv": [66, 13], "uv_size": [1, 3]}
							}
						},
						{
							"origin": [-2.59197, 20.82077, -8.175],
							"size": [1.18396, 2.85842, 0.2],
							"pivot": [-2, 22.25, -6],
							"rotation": [-90, -67.5, 90],
							"uv": {
								"north": {"uv": [14, 66], "uv_size": [1, 3]}
							}
						},
						{
							"origin": [-3.42921, 21.65802, -8.175],
							"size": [2.85842, 1.18396, 0.2],
							"pivot": [-2, 22.25, -6],
							"rotation": [-90, -67.5, 90],
							"uv": {
								"north": {"uv": [65, 53], "uv_size": [3, 1]}
							}
						},
						{
							"origin": [-3.42923, 21.65803, -8.175],
							"size": [2.85842, 1.18396, 0.2],
							"pivot": [-2, 22.25, -6],
							"rotation": [-90, -22.5, 90],
							"uv": {
								"north": {"uv": [65, 52], "uv_size": [3, 1]}
							}
						}
					]
				},
				{
					"name": "bone12",
					"parent": "barrel",
					"pivot": [0.6, 24.59, -6.19775],
					"rotation": [0, 90, 0],
					"cubes": [
						{
							"origin": [0.61725, 24.66871, -7.60691],
							"size": [0.25, 0.25, 0.046],
							"pivot": [0.61725, 24.91871, -7.58391],
							"rotation": [-90, -45, 90],
							"uv": {
								"north": {"uv": [68, 60], "uv_size": [1, 1]},
								"east": {"uv": [61, 68], "uv_size": [1, 1]},
								"west": {"uv": [68, 61], "uv_size": [1, 1]},
								"up": {"uv": [62, 68], "uv_size": [1, 1]},
								"down": {"uv": [68, 63], "uv_size": [1, -1]}
							}
						},
						{
							"origin": [0.61725, 24.66871, -7.10691],
							"size": [0.25, 0.25, 0.046],
							"pivot": [0.61725, 24.91871, -7.08391],
							"rotation": [-90, -45, 90],
							"uv": {
								"north": {"uv": [63, 68], "uv_size": [1, 1]},
								"east": {"uv": [68, 63], "uv_size": [1, 1]},
								"west": {"uv": [68, 64], "uv_size": [1, 1]},
								"up": {"uv": [68, 65], "uv_size": [1, 1]},
								"down": {"uv": [66, 69], "uv_size": [1, -1]}
							}
						},
						{
							"origin": [0.49225, 23.86871, -7.23191],
							"size": [0.3, 0.8, 0.046],
							"pivot": [0.61725, 24.39371, -7.20891],
							"rotation": [-90, 0, 90],
							"uv": {
								"north": {"uv": [68, 66], "uv_size": [1, 1]},
								"east": {"uv": [67, 68], "uv_size": [1, 1]},
								"west": {"uv": [68, 67], "uv_size": [1, 1]},
								"up": {"uv": [68, 68], "uv_size": [1, 1]},
								"down": {"uv": [0, 70], "uv_size": [1, -1]}
							}
						},
						{
							"origin": [0.00384, 24.26128, -6.698],
							"size": [0.27231, 0.65744, 0.046],
							"pivot": [0.14, 24.59, -6.19775],
							"rotation": [-90, -22.5, 90],
							"uv": {
								"north": {"uv": [68, 46], "uv_size": [1, 1]},
								"up": {"uv": [47, 68], "uv_size": [1, 1]},
								"down": {"uv": [68, 48], "uv_size": [1, -1]}
							}
						},
						{
							"origin": [0.00385, 24.26128, -6.698],
							"size": [0.27231, 0.65744, 0.046],
							"pivot": [0.14, 24.59, -6.19775],
							"rotation": [-90, -67.5, 90],
							"uv": {
								"north": {"uv": [48, 68], "uv_size": [1, 1]},
								"up": {"uv": [68, 48], "uv_size": [1, 1]},
								"down": {"uv": [49, 69], "uv_size": [1, -1]}
							}
						},
						{
							"origin": [-0.18872, 24.45384, -6.698],
							"size": [0.65744, 0.27231, 0.046],
							"pivot": [0.14, 24.59, -6.19775],
							"rotation": [-90, -67.5, 90],
							"uv": {
								"north": {"uv": [68, 49], "uv_size": [1, 1]},
								"east": {"uv": [50, 68], "uv_size": [1, 1]},
								"west": {"uv": [68, 50], "uv_size": [1, 1]}
							}
						},
						{
							"origin": [-0.18872, 24.45385, -6.698],
							"size": [0.65744, 0.27231, 0.046],
							"pivot": [0.14, 24.59, -6.19775],
							"rotation": [-90, -22.5, 90],
							"uv": {
								"north": {"uv": [51, 68], "uv_size": [1, 1]},
								"east": {"uv": [68, 51], "uv_size": [1, 1]},
								"west": {"uv": [52, 68], "uv_size": [1, 1]}
							}
						}
					]
				},
				{
					"name": "bone10",
					"parent": "barrel",
					"pivot": [0, 22.25, -6],
					"rotation": [0, 90, 0],
					"cubes": [
						{
							"origin": [-1.18367, 21.66749, -6.30275],
							"size": [0.17285, 1.3142, 0.361],
							"pivot": [0.02775, 23.22993, -5.99725],
							"rotation": [-90, -67.5, 90],
							"uv": {
								"north": {"uv": [51, 67], "uv_size": [1, 1]},
								"east": {"uv": [67, 51], "uv_size": [1, 1]},
								"west": {"uv": [52, 67], "uv_size": [1, 1]}
							}
						},
						{
							"origin": [-0.65335, 22.19785, -6.30275],
							"size": [0.17285, 1.3142, 0.361],
							"pivot": [0.02775, 23.22993, -5.99725],
							"rotation": [-90, -22.5, 90],
							"uv": {
								"north": {"uv": [67, 55], "uv_size": [1, 1]},
								"east": {"uv": [67, 56], "uv_size": [1, 1]},
								"west": {"uv": [67, 57], "uv_size": [1, 1]}
							}
						},
						{
							"origin": [-0.65335, 22.9478, -6.30275],
							"size": [0.17285, 1.3142, 0.361],
							"pivot": [0.02775, 23.22993, -5.99725],
							"rotation": [-90, 22.5, 90],
							"uv": {
								"north": {"uv": [67, 60], "uv_size": [1, 1]},
								"east": {"uv": [67, 61], "uv_size": [1, 1]},
								"west": {"uv": [67, 62], "uv_size": [1, 1]}
							}
						},
						{
							"origin": [-1.18368, 23.47816, -6.30275],
							"size": [0.17285, 1.3142, 0.361],
							"pivot": [0.02775, 23.22993, -5.99725],
							"rotation": [-90, 67.5, 90],
							"uv": {
								"north": {"uv": [67, 58], "uv_size": [1, 1]},
								"east": {"uv": [59, 67], "uv_size": [1, 1]},
								"west": {"uv": [67, 59], "uv_size": [1, 1]}
							}
						},
						{
							"origin": [-1.18367, 19.70768, -6.30275],
							"size": [0.17285, 1.3142, 0.361],
							"pivot": [0.02775, 21.27012, -5.99725],
							"rotation": [90, 67.5, -90],
							"uv": {
								"north": {"uv": [68, 3], "uv_size": [1, 1]},
								"east": {"uv": [4, 68], "uv_size": [1, 1]},
								"west": {"uv": [68, 4], "uv_size": [1, 1]}
							}
						},
						{
							"origin": [-0.65335, 20.23803, -6.30275],
							"size": [0.17285, 1.3142, 0.361],
							"pivot": [0.02775, 21.27012, -5.99725],
							"rotation": [90, 22.5, -90],
							"uv": {
								"north": {"uv": [68, 0], "uv_size": [1, 1]},
								"east": {"uv": [68, 1], "uv_size": [1, 1]},
								"west": {"uv": [68, 2], "uv_size": [1, 1]}
							}
						},
						{
							"origin": [-0.65335, 20.98799, -6.30275],
							"size": [0.17285, 1.3142, 0.361],
							"pivot": [0.02775, 21.27012, -5.99725],
							"rotation": [90, -22.5, -90],
							"uv": {
								"north": {"uv": [66, 67], "uv_size": [1, 1]},
								"east": {"uv": [67, 66], "uv_size": [1, 1]},
								"west": {"uv": [67, 67], "uv_size": [1, 1]}
							}
						},
						{
							"origin": [-1.18368, 21.51835, -6.30275],
							"size": [0.17285, 1.3142, 0.361],
							"pivot": [0.02775, 21.27012, -5.99725],
							"rotation": [89.99999, -67.5, -89.99999],
							"uv": {
								"north": {"uv": [67, 63], "uv_size": [1, 1]},
								"east": {"uv": [67, 64], "uv_size": [1, 1]},
								"west": {"uv": [67, 65], "uv_size": [1, 1]}
							}
						}
					]
				},
				{
					"name": "bone11",
					"parent": "barrel",
					"pivot": [0, 22.25, -6],
					"rotation": [0, 90, 0],
					"cubes": [
						{
							"origin": [-1.65439, 22.00208, -6.2755],
							"size": [0.65729, 0.49592, 0.37851],
							"pivot": [0.13925, 22.25003, -6.01125],
							"rotation": [-90, 0, 90],
							"uv": {
								"north": {"uv": [20, 68], "uv_size": [1, 1]},
								"east": {"uv": [68, 20], "uv_size": [1, 1]},
								"west": {"uv": [21, 68], "uv_size": [1, 1]},
								"up": {"uv": [68, 21], "uv_size": [1, 1]},
								"down": {"uv": [22, 69], "uv_size": [1, -1]}
							}
						},
						{
							"origin": [-1.65439, 22.00208, -6.2755],
							"size": [0.65729, 0.49592, 0.37851],
							"pivot": [0.13925, 22.25003, -6.01125],
							"rotation": [-90, 45, 90],
							"uv": {
								"north": {"uv": [68, 22], "uv_size": [1, 1]},
								"east": {"uv": [23, 68], "uv_size": [1, 1]},
								"west": {"uv": [68, 23], "uv_size": [1, 1]},
								"up": {"uv": [24, 68], "uv_size": [1, 1]},
								"down": {"uv": [68, 25], "uv_size": [1, -1]}
							}
						},
						{
							"origin": [-1.65439, 22.00208, -6.2755],
							"size": [0.65729, 0.49592, 0.37851],
							"pivot": [0.13925, 22.25003, -6.01125],
							"rotation": [90, 45, -90],
							"uv": {
								"north": {"uv": [28, 68], "uv_size": [1, 1]},
								"east": {"uv": [68, 28], "uv_size": [1, 1]},
								"west": {"uv": [29, 68], "uv_size": [1, 1]},
								"up": {"uv": [68, 29], "uv_size": [1, 1]},
								"down": {"uv": [30, 69], "uv_size": [1, -1]}
							}
						},
						{
							"origin": [-1.65439, 22.00208, -6.2755],
							"size": [0.65729, 0.49592, 0.37851],
							"pivot": [0.13925, 22.25003, -6.01125],
							"rotation": [0, 90, 180],
							"uv": {
								"north": {"uv": [25, 68], "uv_size": [1, 1]},
								"east": {"uv": [68, 25], "uv_size": [1, 1]},
								"west": {"uv": [26, 68], "uv_size": [1, 1]},
								"up": {"uv": [27, 68], "uv_size": [1, 1]},
								"down": {"uv": [68, 28], "uv_size": [1, -1]}
							}
						},
						{
							"origin": [-1.65439, 22.00208, -6.2755],
							"size": [0.65729, 0.49592, 0.37851],
							"pivot": [0.13925, 22.25003, -6.01125],
							"rotation": [90, -45, -90],
							"uv": {
								"north": {"uv": [33, 68], "uv_size": [1, 1]},
								"east": {"uv": [68, 33], "uv_size": [1, 1]},
								"west": {"uv": [34, 68], "uv_size": [1, 1]},
								"up": {"uv": [68, 34], "uv_size": [1, 1]},
								"down": {"uv": [35, 69], "uv_size": [1, -1]}
							}
						},
						{
							"origin": [-1.65439, 22.00208, -6.2755],
							"size": [0.65729, 0.49592, 0.37851],
							"pivot": [0.13925, 22.25003, -6.01125],
							"rotation": [90, 0, -90],
							"uv": {
								"north": {"uv": [68, 30], "uv_size": [1, 1]},
								"east": {"uv": [31, 68], "uv_size": [1, 1]},
								"west": {"uv": [68, 31], "uv_size": [1, 1]},
								"up": {"uv": [32, 68], "uv_size": [1, 1]},
								"down": {"uv": [68, 33], "uv_size": [1, -1]}
							}
						},
						{
							"origin": [-1.65439, 22.00208, -6.2755],
							"size": [0.65729, 0.49592, 0.37851],
							"pivot": [0.13925, 22.25003, -6.01125],
							"rotation": [-90, -45, 90],
							"uv": {
								"north": {"uv": [38, 68], "uv_size": [1, 1]},
								"east": {"uv": [68, 38], "uv_size": [1, 1]},
								"west": {"uv": [39, 68], "uv_size": [1, 1]},
								"up": {"uv": [68, 39], "uv_size": [1, 1]},
								"down": {"uv": [40, 69], "uv_size": [1, -1]}
							}
						},
						{
							"origin": [-1.65439, 22.00208, -6.2755],
							"size": [0.65729, 0.49592, 0.37851],
							"pivot": [0.13925, 22.25003, -6.01125],
							"rotation": [0, -90, 0],
							"uv": {
								"north": {"uv": [68, 35], "uv_size": [1, 1]},
								"east": {"uv": [36, 68], "uv_size": [1, 1]},
								"west": {"uv": [68, 36], "uv_size": [1, 1]},
								"up": {"uv": [37, 68], "uv_size": [1, 1]},
								"down": {"uv": [68, 38], "uv_size": [1, -1]}
							}
						}
					]
				},
				{
					"name": "pan6",
					"parent": "barrel",
					"pivot": [0, 22.75, 0],
					"cubes": [
						{
							"origin": [-0.73998, 20.46348, -2.84375],
							"size": [1.47995, 3.57303, 5.6875],
							"pivot": [0, 22.25, 0],
							"rotation": [-90, -22.5, 90],
							"uv": {
								"north": {"uv": [8, 63], "uv_size": [1, 4]},
								"south": {"uv": [18, 63], "uv_size": [1, 4]},
								"up": {"uv": [14, 60], "uv_size": [1, 6]},
								"down": {"uv": [15, 66], "uv_size": [1, -6]}
							}
						},
						{
							"origin": [-1.78654, 21.51004, -2.84375],
							"size": [3.57303, 1.47995, 5.6875],
							"pivot": [0, 22.25, 0],
							"rotation": [-90, -22.5, 90],
							"uv": {
								"north": {"uv": [62, 40], "uv_size": [4, 1]},
								"east": {"uv": [59, 27], "uv_size": [6, 1]},
								"south": {"uv": [63, 20], "uv_size": [4, 1]},
								"west": {"uv": [59, 48], "uv_size": [6, 1]}
							}
						},
						{
							"origin": [-1.78652, 21.51002, -2.84375],
							"size": [3.57303, 1.47995, 5.6875],
							"pivot": [0, 22.25, 0],
							"rotation": [-90, -67.5, 90],
							"uv": {
								"north": {"uv": [21, 63], "uv_size": [4, 1]},
								"east": {"uv": [59, 49], "uv_size": [6, 1]},
								"south": {"uv": [26, 63], "uv_size": [4, 1]},
								"west": {"uv": [59, 52], "uv_size": [6, 1]}
							}
						},
						{
							"origin": [-0.73996, 20.46346, -2.84375],
							"size": [1.47995, 3.57303, 5.6875],
							"pivot": [0, 22.25, 0],
							"rotation": [-90, -67.5, 90],
							"uv": {
								"north": {"uv": [19, 63], "uv_size": [1, 4]},
								"south": {"uv": [36, 63], "uv_size": [1, 4]},
								"up": {"uv": [16, 60], "uv_size": [1, 6]},
								"down": {"uv": [17, 66], "uv_size": [1, -6]}
							}
						}
					]
				},
				{
					"name": "bone7",
					"parent": "barrel",
					"pivot": [0, 20.86444, 6.15],
					"cubes": [
						{
							"origin": [-1.58078, 26.9692, 6.5],
							"size": [0.5, 1, 0.5],
							"pivot": [0, 26.01444, 6.75],
							"rotation": [0, 0, 135],
							"uv": {
								"east": {"uv": [8, 67], "uv_size": [1, 1]},
								"south": {"uv": [67, 10], "uv_size": [1, 1]},
								"west": {"uv": [67, 11], "uv_size": [1, 1]}
							}
						},
						{
							"origin": [-0.26733, 24.22194, 6.5],
							"size": [0.71, 3.585, 0.5],
							"pivot": [0, 26.01444, 6.75],
							"rotation": [0, 0, -90],
							"uv": {
								"east": {"uv": [39, 63], "uv_size": [1, 4]},
								"south": {"uv": [4, 64], "uv_size": [1, 4]},
								"west": {"uv": [21, 64], "uv_size": [1, 4]}
							}
						},
						{
							"origin": [1.08078, 26.9692, 6.5],
							"size": [0.5, 1, 0.5],
							"pivot": [0, 26.01444, 6.75],
							"rotation": [0, 0, -135],
							"uv": {
								"east": {"uv": [67, 12], "uv_size": [1, 1]},
								"south": {"uv": [67, 13], "uv_size": [1, 1]},
								"west": {"uv": [67, 14], "uv_size": [1, 1]}
							}
						},
						{
							"origin": [2, 24.75, 6.5],
							"size": [0.5, 5, 0.5],
							"pivot": [2.25, 25.25, 6.75],
							"rotation": [0, 0, -180],
							"uv": {
								"east": {"uv": [47, 61], "uv_size": [1, 5]},
								"south": {"uv": [48, 61], "uv_size": [1, 5]},
								"west": {"uv": [49, 61], "uv_size": [1, 5]}
							}
						},
						{
							"origin": [-2.5, 24.75, 6.5],
							"size": [0.5, 5, 0.5],
							"pivot": [-2.25, 25.25, 6.75],
							"rotation": [0, 0, 180],
							"uv": {
								"east": {"uv": [50, 61], "uv_size": [1, 5]},
								"south": {"uv": [51, 61], "uv_size": [1, 5]},
								"west": {"uv": [52, 61], "uv_size": [1, 5]}
							}
						},
						{
							"origin": [-1.58078, 21.44031, 6.5],
							"size": [0.5, 1, 0.5],
							"pivot": [0, 20.48556, 6.75],
							"rotation": [0, 0, -45],
							"uv": {
								"east": {"uv": [67, 17], "uv_size": [1, 1]},
								"south": {"uv": [18, 67], "uv_size": [1, 1]},
								"west": {"uv": [67, 18], "uv_size": [1, 1]}
							}
						},
						{
							"origin": [-0.26733, 18.69306, 6.5],
							"size": [0.71, 3.585, 0.5],
							"pivot": [0, 20.48556, 6.75],
							"rotation": [0, 0, 90],
							"uv": {
								"east": {"uv": [23, 64], "uv_size": [1, 4]},
								"south": {"uv": [24, 64], "uv_size": [1, 4]},
								"west": {"uv": [26, 64], "uv_size": [1, 4]}
							}
						},
						{
							"origin": [1.08078, 21.44031, 6.5],
							"size": [0.5, 1, 0.5],
							"pivot": [0, 20.48556, 6.75],
							"rotation": [0, 0, 45],
							"uv": {
								"east": {"uv": [19, 67], "uv_size": [1, 1]},
								"south": {"uv": [67, 20], "uv_size": [1, 1]},
								"west": {"uv": [67, 23], "uv_size": [1, 1]}
							}
						}
					]
				},
				{
					"name": "bone8",
					"parent": "barrel",
					"pivot": [0, 19.86444, -5.65],
					"cubes": [
						{
							"origin": [-1.58117, 26.2192, -6],
							"size": [0.5, 1, 2],
							"pivot": [-0.00039, 25.26444, -6.25],
							"rotation": [0, 0, 135],
							"uv": {
								"east": {"uv": [66, 42], "uv_size": [2, 1]},
								"west": {"uv": [43, 66], "uv_size": [2, 1]}
							}
						},
						{
							"origin": [0.23267, 23.72194, -6],
							"size": [0.46, 3.585, 2],
							"pivot": [0.25, 25.26444, -6.25],
							"rotation": [0, 0, -90],
							"uv": {
								"east": {"uv": [57, 55], "uv_size": [2, 4]},
								"west": {"uv": [58, 5], "uv_size": [2, 4]}
							}
						},
						{
							"origin": [1.08117, 26.2192, -6],
							"size": [0.5, 1, 2],
							"pivot": [0.00039, 25.26444, -6.25],
							"rotation": [0, 0, -135],
							"uv": {
								"east": {"uv": [66, 43], "uv_size": [2, 1]},
								"west": {"uv": [66, 44], "uv_size": [2, 1]}
							}
						},
						{
							"origin": [-6.99961, 23.5, -6],
							"size": [5, 6.25, 2],
							"pivot": [-2.24961, 24.25, -6.25],
							"rotation": [0, 0, 180],
							"uv": {
								"east": {"uv": [29, 52], "uv_size": [2, 6]},
								"west": {"uv": [46, 52], "uv_size": [2, 6]}
							}
						},
						{
							"origin": [-1.58117, 26.2192, -6.5],
							"size": [0.5, 1, 0.5],
							"pivot": [-0.00039, 25.26444, -6],
							"rotation": [0, 0, 135],
							"uv": {
								"north": {"uv": [7, 69], "uv_size": [1, 1]},
								"east": {"uv": [69, 7], "uv_size": [1, 1]},
								"west": {"uv": [8, 69], "uv_size": [1, 1]}
							}
						},
						{
							"origin": [0.23267, 23.72194, -6.5],
							"size": [0.46, 3.585, 0.5],
							"pivot": [0.25, 25.26444, -6],
							"rotation": [0, 0, -90],
							"uv": {
								"north": {"uv": [65, 61], "uv_size": [1, 4]},
								"east": {"uv": [64, 65], "uv_size": [1, 4]},
								"west": {"uv": [65, 65], "uv_size": [1, 4]}
							}
						},
						{
							"origin": [1.08117, 26.2192, -6.5],
							"size": [0.5, 1, 0.5],
							"pivot": [0.00039, 25.26444, -6],
							"rotation": [0, 0, -135],
							"uv": {
								"north": {"uv": [69, 5], "uv_size": [1, 1]},
								"east": {"uv": [6, 69], "uv_size": [1, 1]},
								"west": {"uv": [69, 6], "uv_size": [1, 1]}
							}
						},
						{
							"origin": [1.99961, 23.5, -6.5],
							"size": [0.5, 6.25, 0.5],
							"pivot": [2.24961, 24.25, -6],
							"rotation": [0, 0, -180],
							"uv": {
								"north": {"uv": [44, 60], "uv_size": [1, 6]},
								"east": {"uv": [45, 60], "uv_size": [1, 6]},
								"west": {"uv": [46, 60], "uv_size": [1, 6]}
							}
						},
						{
							"origin": [-2.49961, 23.5, -6.5],
							"size": [0.5, 6.25, 0.5],
							"pivot": [-2.24961, 24.25, -6],
							"rotation": [0, 0, 180],
							"uv": {
								"north": {"uv": [41, 60], "uv_size": [1, 6]},
								"east": {"uv": [42, 60], "uv_size": [1, 6]},
								"west": {"uv": [43, 60], "uv_size": [1, 6]}
							}
						},
						{
							"origin": [-1.58039, 19.44031, -6.5],
							"size": [0.5, 1, 0.5],
							"pivot": [0.00039, 18.48556, -6],
							"rotation": [0, 0, -45],
							"uv": {
								"north": {"uv": [4, 69], "uv_size": [1, 1]},
								"east": {"uv": [69, 4], "uv_size": [1, 1]},
								"west": {"uv": [5, 69], "uv_size": [1, 1]}
							}
						},
						{
							"origin": [0.23267, 16.44306, -6.5],
							"size": [0.46, 3.585, 0.5],
							"pivot": [0.25, 18.48556, -6],
							"rotation": [0, 0, 90],
							"uv": {
								"north": {"uv": [56, 65], "uv_size": [1, 4]},
								"east": {"uv": [57, 65], "uv_size": [1, 4]},
								"west": {"uv": [58, 65], "uv_size": [1, 4]}
							}
						},
						{
							"origin": [1.08039, 19.44031, -6.5],
							"size": [0.5, 1, 0.5],
							"pivot": [-0.00039, 18.48556, -6],
							"rotation": [0, 0, 45],
							"uv": {
								"north": {"uv": [69, 2], "uv_size": [1, 1]},
								"east": {"uv": [3, 69], "uv_size": [1, 1]},
								"west": {"uv": [69, 3], "uv_size": [1, 1]}
							}
						}
					]
				},
				{
					"name": "bone5",
					"parent": "turret",
					"pivot": [0, 10.5, 0]
				},
				{
					"name": "bone2",
					"parent": "bone5",
					"pivot": [0, 10.5, 0],
					"cubes": [
						{
							"origin": [-4, 12.75, -3],
							"size": [8, 2, 6],
							"pivot": [0, 13.23406, 0],
							"rotation": [0, -90, 0],
							"uv": {
								"north": {"uv": [18, 43], "uv_size": [8, 2]},
								"south": {"uv": [49, 4], "uv_size": [8, 2]},
								"up": {"uv": [18, 37], "uv_size": [8, 6]}
							}
						},
						{
							"origin": [-5, 13, -2.75],
							"size": [10, 1.5, 5.5],
							"uv": {
								"north": {"uv": [37, 22], "uv_size": [10, 2]},
								"east": {"uv": [52, 15], "uv_size": [6, 2]},
								"south": {"uv": [38, 10], "uv_size": [10, 2]},
								"west": {"uv": [17, 52], "uv_size": [6, 2]},
								"up": {"uv": [26, 24], "uv_size": [10, 6]}
							}
						},
						{
							"origin": [1.75, 11.2403, -7.13019],
							"size": [2.25, 0.75, 6],
							"pivot": [0, 10.47436, -4.13019],
							"rotation": [90, -22.5, -90],
							"uv": {
								"north": {"uv": [66, 7], "uv_size": [2, 1]},
								"south": {"uv": [66, 8], "uv_size": [2, 1]},
								"up": {"uv": [9, 50], "uv_size": [2, 6]}
							}
						},
						{
							"origin": [1.75, 11.2403, 1.13019],
							"size": [2.25, 0.75, 6],
							"pivot": [0, 10.47436, 4.13019],
							"rotation": [-90, 22.5, -90],
							"uv": {
								"north": {"uv": [66, 21], "uv_size": [2, 1]},
								"south": {"uv": [66, 22], "uv_size": [2, 1]},
								"up": {"uv": [11, 50], "uv_size": [2, 6]}
							}
						}
					]
				},
				{
					"name": "pan5",
					"parent": "bone2",
					"pivot": [0, 22.75, 0],
					"cubes": [
						{
							"origin": [-0.59198, 20.82079, -4.875],
							"size": [1.18396, 2.85842, 9.75],
							"pivot": [0, 22.25, 0],
							"rotation": [-90, -22.5, 90],
							"uv": {
								"north": {"uv": [1, 66], "uv_size": [1, 3]},
								"south": {"uv": [2, 66], "uv_size": [1, 3]},
								"up": {"uv": [36, 53], "uv_size": [1, 10]},
								"down": {"uv": [37, 63], "uv_size": [1, -10]}
							}
						},
						{
							"origin": [-1.42923, 21.65803, -4.875],
							"size": [2.85842, 1.18396, 9.75],
							"pivot": [0, 22.25, 0],
							"rotation": [-90, -22.5, 90],
							"uv": {
								"north": {"uv": [5, 38], "uv_size": [3, 1]},
								"east": {"uv": [27, 12], "uv_size": [10, 1]},
								"south": {"uv": [46, 4], "uv_size": [3, 1]},
								"west": {"uv": [37, 34], "uv_size": [10, 1]}
							}
						},
						{
							"origin": [-1.42921, 21.65802, -4.875],
							"size": [2.85842, 1.18396, 9.75],
							"pivot": [0, 22.25, 0],
							"rotation": [-90, -67.5, 90],
							"uv": {
								"north": {"uv": [65, 27], "uv_size": [3, 1]},
								"east": {"uv": [52, 21], "uv_size": [10, 1]},
								"south": {"uv": [65, 49], "uv_size": [3, 1]},
								"west": {"uv": [13, 54], "uv_size": [10, 1]}
							}
						},
						{
							"origin": [-0.59197, 20.82077, -4.875],
							"size": [1.18396, 2.85842, 9.75],
							"pivot": [0, 22.25, 0],
							"rotation": [-90, -67.5, 90],
							"uv": {
								"north": {"uv": [66, 4], "uv_size": [1, 3]},
								"south": {"uv": [9, 66], "uv_size": [1, 3]},
								"up": {"uv": [38, 53], "uv_size": [1, 10]},
								"down": {"uv": [39, 63], "uv_size": [1, -10]}
							}
						}
					]
				},
				{
					"name": "bone3",
					"parent": "bone2",
					"pivot": [4.53002, 22.47613, 1.375],
					"cubes": [
						{
							"origin": [3, 17.5, -2],
							"size": [1.5, 2.5, 1],
							"uv": {
								"north": {"uv": [34, 46], "uv_size": [2, 3]},
								"east": {"uv": [13, 34], "uv_size": [1, 3]},
								"south": {"uv": [55, 58], "uv_size": [2, 3]},
								"west": {"uv": [28, 55], "uv_size": [1, 3]}
							}
						},
						{
							"origin": [3, 24.83839, -1.65273],
							"size": [1.5, 1.65, 0.9],
							"pivot": [0, 25.58839, -1.02773],
							"rotation": [-45, 0, 0],
							"uv": {
								"north": {"uv": [62, 46], "uv_size": [2, 2]},
								"east": {"uv": [17, 48], "uv_size": [1, 2]},
								"west": {"uv": [33, 51], "uv_size": [1, 2]}
							}
						},
						{
							"origin": [3, 24.81642, 0.3497],
							"size": [1.5, 1.65, 0.9],
							"pivot": [0, 25.64142, 0.9747],
							"rotation": [-135, 0, 0],
							"uv": {
								"north": {"uv": [60, 62], "uv_size": [2, 2]},
								"east": {"uv": [64, 46], "uv_size": [1, 2]},
								"west": {"uv": [17, 66], "uv_size": [1, 2]}
							}
						},
						{
							"origin": [3, 22.21673, -3.63327],
							"size": [1.5, 1.67, 1.2],
							"pivot": [0, 23.04173, -0.00827],
							"rotation": [-90, 0, 0],
							"uv": {
								"north": {"uv": [62, 62], "uv_size": [2, 2]},
								"east": {"uv": [20, 66], "uv_size": [1, 2]},
								"west": {"uv": [66, 23], "uv_size": [1, 2]}
							}
						},
						{
							"origin": [4.16008, 23.45199, -0.89827],
							"size": [0.5, 2.17, 1.8],
							"pivot": [4.41008, 24.53699, 0.00173],
							"rotation": [-90, 0, -10],
							"uv": {
								"west": {"uv": [6, 63], "uv_size": [2, 2]},
								"up": {"uv": [33, 66], "uv_size": [1, 2]},
								"down": {"uv": [66, 35], "uv_size": [1, -2]}
							}
						},
						{
							"origin": [4.31257, 21.70907, -0.89827],
							"size": [0.5, 2.17, 3.05],
							"pivot": [4.56257, 22.79407, 0.00173],
							"rotation": [-90, 0, 0],
							"uv": {
								"west": {"uv": [59, 46], "uv_size": [3, 2]},
								"up": {"uv": [10, 66], "uv_size": [1, 3]},
								"down": {"uv": [66, 13], "uv_size": [1, -3]}
							}
						},
						{
							"origin": [3.55745, 18.65751, -1.52327],
							"size": [0.25, 2.17, 0.55],
							"pivot": [3.55745, 19.74251, 0.00173],
							"rotation": [-90, 0, 45],
							"uv": {
								"west": {"uv": [34, 66], "uv_size": [1, 2]},
								"up": {"uv": [67, 0], "uv_size": [1, 1]},
								"down": {"uv": [67, 2], "uv_size": [1, -1]}
							}
						},
						{
							"origin": [3, 17.5, 1],
							"size": [1.5, 2.5, 1],
							"uv": {
								"north": {"uv": [20, 59], "uv_size": [2, 3]},
								"east": {"uv": [0, 66], "uv_size": [1, 3]},
								"south": {"uv": [22, 59], "uv_size": [2, 3]},
								"west": {"uv": [66, 0], "uv_size": [1, 3]}
							}
						},
						{
							"origin": [3, 20, -2],
							"size": [1.5, 5.5, 4],
							"uv": {
								"north": {"uv": [31, 51], "uv_size": [2, 6]},
								"east": {"uv": [48, 10], "uv_size": [4, 6]},
								"south": {"uv": [23, 52], "uv_size": [2, 6]},
								"west": {"uv": [13, 48], "uv_size": [4, 6]}
							}
						},
						{
							"origin": [3, 14.5, -2],
							"size": [1.5, 3, 4],
							"uv": {
								"north": {"uv": [24, 59], "uv_size": [2, 3]},
								"east": {"uv": [52, 17], "uv_size": [4, 3]},
								"south": {"uv": [26, 59], "uv_size": [2, 3]},
								"west": {"uv": [25, 52], "uv_size": [4, 3]}
							}
						},
						{
							"origin": [3.25, 14.5, -2.1],
							"size": [1, 10.75, 4.2],
							"uv": {
								"north": {"uv": [4, 53], "uv_size": [1, 11]},
								"east": {"uv": [5, 39], "uv_size": [4, 11]},
								"south": {"uv": [35, 53], "uv_size": [1, 11]},
								"west": {"uv": [9, 39], "uv_size": [4, 11]},
								"up": {"uv": [5, 63], "uv_size": [1, 4]}
							}
						},
						{
							"origin": [4.06817, 19.0859, -1],
							"size": [0.25, 1, 2],
							"pivot": [4.19317, 19.5859, 0],
							"rotation": [0, 0, 22.5],
							"uv": {
								"west": {"uv": [66, 25], "uv_size": [2, 1]}
							}
						},
						{
							"origin": [4.06817, 17.4141, -1],
							"size": [0.25, 1, 2],
							"pivot": [4.19317, 17.9141, 0],
							"rotation": [0, 0, -22.5],
							"uv": {
								"west": {"uv": [66, 28], "uv_size": [2, 1]}
							}
						},
						{
							"origin": [3.18183, 19.0859, -1],
							"size": [0.25, 1, 2],
							"pivot": [3.30683, 19.5859, 0],
							"rotation": [0, 0, -22.5],
							"uv": {
								"east": {"uv": [66, 29], "uv_size": [2, 1]}
							}
						},
						{
							"origin": [3.18183, 17.4141, -1],
							"size": [0.25, 1, 2],
							"pivot": [3.30683, 17.9141, 0],
							"rotation": [0, 0, 22.5],
							"uv": {
								"east": {"uv": [66, 30], "uv_size": [2, 1]}
							}
						},
						{
							"origin": [2.75, 13.25, 0],
							"size": [2, 3, 3],
							"pivot": [4.5, 16.25, 0],
							"rotation": [-45, 0, 0],
							"uv": {
								"north": {"uv": [28, 59], "uv_size": [2, 3]},
								"east": {"uv": [56, 17], "uv_size": [3, 3]},
								"west": {"uv": [20, 56], "uv_size": [3, 3]},
								"up": {"uv": [33, 59], "uv_size": [2, 3]}
							}
						},
						{
							"origin": [4.5, 14.5, -1.5],
							"size": [0.15, 5.75, 0.25],
							"uv": {
								"north": {"uv": [13, 28], "uv_size": [1, 6]},
								"south": {"uv": [30, 58], "uv_size": [1, 6]},
								"west": {"uv": [3, 59], "uv_size": [1, 6]}
							}
						},
						{
							"origin": [5.26537, 20.05003, -1.5],
							"size": [0.15, 0.5, 0.25],
							"pivot": [4.53002, 18.22613, -1.375],
							"rotation": [0, 0, -22.5],
							"uv": {
								"north": {"uv": [63, 61], "uv_size": [1, 1]},
								"south": {"uv": [64, 25], "uv_size": [1, 1]},
								"west": {"uv": [66, 51], "uv_size": [1, 1]}
							}
						},
						{
							"origin": [4.5, 14.5, 1.25],
							"size": [0.15, 5.75, 0.25],
							"uv": {
								"north": {"uv": [59, 55], "uv_size": [1, 6]},
								"south": {"uv": [57, 59], "uv_size": [1, 6]},
								"west": {"uv": [58, 59], "uv_size": [1, 6]}
							}
						},
						{
							"origin": [5.26537, 20.05003, 1.25],
							"size": [0.15, 0.5, 0.25],
							"pivot": [4.53002, 18.22613, 1.375],
							"rotation": [0, 0, -22.5],
							"uv": {
								"north": {"uv": [59, 66], "uv_size": [1, 1]},
								"south": {"uv": [66, 59], "uv_size": [1, 1]},
								"west": {"uv": [66, 60], "uv_size": [1, 1]}
							}
						}
					]
				},
				{
					"name": "bone4",
					"parent": "bone2",
					"pivot": [-4.53002, 22.47613, 1.375],
					"cubes": [
						{
							"origin": [-4.5, 17.5, -2],
							"size": [1.5, 2.5, 1],
							"uv": {
								"north": {"uv": [36, 46], "uv_size": [-2, 3]},
								"east": {"uv": [29, 55], "uv_size": [-1, 3]},
								"south": {"uv": [57, 58], "uv_size": [-2, 3]},
								"west": {"uv": [14, 34], "uv_size": [-1, 3]}
							}
						},
						{
							"origin": [-4.5, 24.83839, -1.65273],
							"size": [1.5, 1.65, 0.9],
							"pivot": [0, 25.58839, -1.02773],
							"rotation": [-45, 0, 0],
							"uv": {
								"north": {"uv": [64, 46], "uv_size": [-2, 2]},
								"east": {"uv": [34, 51], "uv_size": [-1, 2]},
								"west": {"uv": [18, 48], "uv_size": [-1, 2]}
							}
						},
						{
							"origin": [-4.5, 24.81642, 0.3497],
							"size": [1.5, 1.65, 0.9],
							"pivot": [0, 25.64142, 0.9747],
							"rotation": [-135, 0, 0],
							"uv": {
								"north": {"uv": [62, 62], "uv_size": [-2, 2]},
								"east": {"uv": [18, 66], "uv_size": [-1, 2]},
								"west": {"uv": [65, 46], "uv_size": [-1, 2]}
							}
						},
						{
							"origin": [-4.5, 22.21673, -3.63327],
							"size": [1.5, 1.67, 1.2],
							"pivot": [0, 23.04173, -0.00827],
							"rotation": [-90, 0, 0],
							"uv": {
								"north": {"uv": [64, 62], "uv_size": [-2, 2]},
								"east": {"uv": [67, 23], "uv_size": [-1, 2]},
								"west": {"uv": [21, 66], "uv_size": [-1, 2]}
							}
						},
						{
							"origin": [-4.66008, 23.45199, -0.89827],
							"size": [0.5, 2.17, 1.8],
							"pivot": [-4.41008, 24.53699, 0.00173],
							"rotation": [-90, 0, 10],
							"uv": {
								"east": {"uv": [8, 63], "uv_size": [-2, 2]},
								"up": {"uv": [34, 66], "uv_size": [-1, 2]},
								"down": {"uv": [67, 35], "uv_size": [-1, -2]}
							}
						},
						{
							"origin": [-4.81257, 21.70907, -0.89827],
							"size": [0.5, 2.17, 3.05],
							"pivot": [-4.56257, 22.79407, 0.00173],
							"rotation": [-90, 0, 0],
							"uv": {
								"east": {"uv": [62, 46], "uv_size": [-3, 2]},
								"up": {"uv": [11, 66], "uv_size": [-1, 3]},
								"down": {"uv": [67, 13], "uv_size": [-1, -3]}
							}
						},
						{
							"origin": [-3.80745, 18.65751, -1.52327],
							"size": [0.25, 2.17, 0.55],
							"pivot": [-3.55745, 19.74251, 0.00173],
							"rotation": [-90, 0, -45],
							"uv": {
								"east": {"uv": [35, 66], "uv_size": [-1, 2]},
								"up": {"uv": [68, 0], "uv_size": [-1, 1]},
								"down": {"uv": [68, 2], "uv_size": [-1, -1]}
							}
						},
						{
							"origin": [-4.5, 17.5, 1],
							"size": [1.5, 2.5, 1],
							"uv": {
								"north": {"uv": [22, 59], "uv_size": [-2, 3]},
								"east": {"uv": [67, 0], "uv_size": [-1, 3]},
								"south": {"uv": [24, 59], "uv_size": [-2, 3]},
								"west": {"uv": [1, 66], "uv_size": [-1, 3]}
							}
						},
						{
							"origin": [-4.5, 20, -2],
							"size": [1.5, 5.5, 4],
							"uv": {
								"north": {"uv": [33, 51], "uv_size": [-2, 6]},
								"east": {"uv": [17, 48], "uv_size": [-4, 6]},
								"south": {"uv": [25, 52], "uv_size": [-2, 6]},
								"west": {"uv": [52, 10], "uv_size": [-4, 6]}
							}
						},
						{
							"origin": [-4.5, 14.5, -2],
							"size": [1.5, 3, 4],
							"uv": {
								"north": {"uv": [26, 59], "uv_size": [-2, 3]},
								"east": {"uv": [29, 52], "uv_size": [-4, 3]},
								"south": {"uv": [28, 59], "uv_size": [-2, 3]},
								"west": {"uv": [56, 17], "uv_size": [-4, 3]}
							}
						},
						{
							"origin": [-4.25, 14.5, -2.1],
							"size": [1, 10.75, 4.2],
							"uv": {
								"north": {"uv": [5, 53], "uv_size": [-1, 11]},
								"east": {"uv": [13, 39], "uv_size": [-4, 11]},
								"south": {"uv": [36, 53], "uv_size": [-1, 11]},
								"west": {"uv": [9, 39], "uv_size": [-4, 11]},
								"up": {"uv": [6, 63], "uv_size": [-1, 4]}
							}
						},
						{
							"origin": [-4.31817, 19.0859, -1],
							"size": [0.25, 1, 2],
							"pivot": [-4.19317, 19.5859, 0],
							"rotation": [0, 0, -22.5],
							"uv": {
								"east": {"uv": [68, 25], "uv_size": [-2, 1]}
							}
						},
						{
							"origin": [-4.31817, 17.4141, -1],
							"size": [0.25, 1, 2],
							"pivot": [-4.19317, 17.9141, 0],
							"rotation": [0, 0, 22.5],
							"uv": {
								"east": {"uv": [68, 28], "uv_size": [-2, 1]}
							}
						},
						{
							"origin": [-3.43183, 19.0859, -1],
							"size": [0.25, 1, 2],
							"pivot": [-3.30683, 19.5859, 0],
							"rotation": [0, 0, 22.5],
							"uv": {
								"west": {"uv": [68, 29], "uv_size": [-2, 1]}
							}
						},
						{
							"origin": [-3.43183, 17.4141, -1],
							"size": [0.25, 1, 2],
							"pivot": [-3.30683, 17.9141, 0],
							"rotation": [0, 0, -22.5],
							"uv": {
								"west": {"uv": [68, 30], "uv_size": [-2, 1]}
							}
						},
						{
							"origin": [-4.75, 13.25, 0],
							"size": [2, 3, 3],
							"pivot": [-4.5, 16.25, 0],
							"rotation": [-45, 0, 0],
							"uv": {
								"north": {"uv": [30, 59], "uv_size": [-2, 3]},
								"east": {"uv": [23, 56], "uv_size": [-3, 3]},
								"west": {"uv": [59, 17], "uv_size": [-3, 3]},
								"up": {"uv": [35, 59], "uv_size": [-2, 3]}
							}
						},
						{
							"origin": [-4.65, 14.5, -1.5],
							"size": [0.15, 5.75, 0.25],
							"uv": {
								"north": {"uv": [14, 28], "uv_size": [-1, 6]},
								"east": {"uv": [4, 59], "uv_size": [-1, 6]},
								"south": {"uv": [31, 58], "uv_size": [-1, 6]}
							}
						},
						{
							"origin": [-5.41537, 20.05003, -1.5],
							"size": [0.15, 0.5, 0.25],
							"pivot": [-4.53002, 18.22613, -1.375],
							"rotation": [0, 0, 22.5],
							"uv": {
								"north": {"uv": [64, 61], "uv_size": [-1, 1]},
								"east": {"uv": [67, 51], "uv_size": [-1, 1]},
								"south": {"uv": [65, 25], "uv_size": [-1, 1]}
							}
						},
						{
							"origin": [-4.65, 14.5, 1.25],
							"size": [0.15, 5.75, 0.25],
							"uv": {
								"north": {"uv": [60, 55], "uv_size": [-1, 6]},
								"east": {"uv": [59, 59], "uv_size": [-1, 6]},
								"south": {"uv": [58, 59], "uv_size": [-1, 6]}
							}
						},
						{
							"origin": [-5.41537, 20.05003, 1.25],
							"size": [0.15, 0.5, 0.25],
							"pivot": [-4.53002, 18.22613, 1.375],
							"rotation": [0, 0, 22.5],
							"uv": {
								"north": {"uv": [60, 66], "uv_size": [-1, 1]},
								"east": {"uv": [67, 60], "uv_size": [-1, 1]},
								"south": {"uv": [67, 59], "uv_size": [-1, 1]}
							}
						}
					]
				},
				{
					"name": "pan4",
					"parent": "bone5",
					"pivot": [0, 13, 0],
					"rotation": [0, -22.5, 0],
					"cubes": [
						{
							"origin": [-2.36794, 6.78313, -0.49998],
							"size": [4.73584, 11.43369, 1.4],
							"pivot": [0, 12.5, 0.00002],
							"rotation": [-90, -22.5, 0],
							"uv": {
								"north": {"uv": [26, 35], "uv_size": [5, 11]},
								"south": {"uv": [31, 35], "uv_size": [5, 11]},
								"up": {"uv": [61, 34], "uv_size": [5, 1]},
								"down": {"uv": [61, 36], "uv_size": [5, -1]}
							}
						},
						{
							"origin": [-5.71693, 10.13212, -0.49998],
							"size": [11.43369, 4.73584, 1.4],
							"pivot": [0, 12.5, 0.00002],
							"rotation": [-90, -22.5, 0],
							"uv": {
								"north": {"uv": [35, 0], "uv_size": [11, 5]},
								"east": {"uv": [13, 61], "uv_size": [1, 5]},
								"south": {"uv": [36, 24], "uv_size": [11, 5]},
								"west": {"uv": [31, 61], "uv_size": [1, 5]}
							}
						},
						{
							"origin": [-5.71687, 10.13206, -0.49998],
							"size": [11.43369, 4.73584, 1.4],
							"pivot": [0, 12.5, 0.00002],
							"rotation": [-90, -67.5, 0],
							"uv": {
								"north": {"uv": [36, 35], "uv_size": [11, 5]},
								"east": {"uv": [32, 61], "uv_size": [1, 5]},
								"south": {"uv": [37, 12], "uv_size": [11, 5]},
								"west": {"uv": [61, 36], "uv_size": [1, 5]}
							}
						},
						{
							"origin": [-2.36788, 6.78307, -0.49998],
							"size": [4.73584, 11.43369, 1.4],
							"pivot": [0, 12.5, 0.00002],
							"rotation": [-90, -67.5, 0],
							"uv": {
								"south": {"uv": [13, 37], "uv_size": [5, 11]},
								"up": {"uv": [61, 41], "uv_size": [5, 1]},
								"down": {"uv": [61, 43], "uv_size": [5, -1]}
							}
						},
						{
							"origin": [-2.36802, 15.94335, -3.98001],
							"size": [4.73584, 1.25, 1],
							"pivot": [0, 13.08839, -0.00005],
							"rotation": [-135, -67.5, 0],
							"uv": {
								"north": {"uv": [61, 43], "uv_size": [5, 1]},
								"east": {"uv": [47, 28], "uv_size": [1, 1]},
								"west": {"uv": [46, 49], "uv_size": [1, 1]}
							}
						},
						{
							"origin": [-2.36782, 8.98343, -3.98001],
							"size": [4.73584, 1.25, 1],
							"pivot": [0, 13.08839, -0.00005],
							"rotation": [-45, -67.5, 0],
							"uv": {
								"north": {"uv": [61, 44], "uv_size": [5, 1]},
								"east": {"uv": [28, 50], "uv_size": [1, 1]},
								"west": {"uv": [57, 5], "uv_size": [1, 1]}
							}
						},
						{
							"origin": [-4.10274, 12.21511, -4.68856],
							"size": [4.73584, 2.25, 1],
							"pivot": [-1.73482, 13.34011, -4.18856],
							"rotation": [50, -22.5, -180],
							"uv": {
								"north": {"uv": [53, 8], "uv_size": [5, 2]},
								"east": {"uv": [66, 31], "uv_size": [1, 2]},
								"west": {"uv": [32, 66], "uv_size": [1, 2]}
							}
						},
						{
							"origin": [-2.36236, 8.48483, -3.96709],
							"size": [4.73584, 2.25, 1],
							"pivot": [0.00546, 12.58979, 0.01287],
							"rotation": [130, -22.5, -180],
							"uv": {
								"north": {"uv": [53, 6], "uv_size": [5, 2]},
								"east": {"uv": [25, 66], "uv_size": [1, 2]},
								"west": {"uv": [31, 66], "uv_size": [1, 2]}
							}
						}
					]
				},
				{
					"name": "base",
					"parent": "root",
					"pivot": [0, 0, 0]
				},
				{
					"name": "pan",
					"parent": "base",
					"pivot": [0, 11, 0],
					"rotation": [0, -22.5, 0],
					"cubes": [
						{
							"origin": [-2.36794, 4.78313, -1.09998],
							"size": [4.73584, 11.43369, 1.1],
							"pivot": [0, 10.5, 0.00002],
							"rotation": [-90, -22.5, 0],
							"uv": {
								"north": {"uv": [8, 28], "uv_size": [5, 11]},
								"up": {"uv": [61, 4], "uv_size": [5, 1]},
								"down": {"uv": [5, 62], "uv_size": [5, -1]}
							}
						},
						{
							"origin": [-5.71693, 8.13212, -1.09998],
							"size": [11.43369, 4.73584, 1.1],
							"pivot": [0, 10.5, 0.00002],
							"rotation": [-90, -22.5, 0],
							"uv": {
								"north": {"uv": [27, 7], "uv_size": [11, 5]},
								"east": {"uv": [53, 60], "uv_size": [1, 5]},
								"west": {"uv": [54, 60], "uv_size": [1, 5]}
							}
						},
						{
							"origin": [-5.71687, 8.13206, -1.09998],
							"size": [11.43369, 4.73584, 1.1],
							"pivot": [0, 10.5, 0.00002],
							"rotation": [-90, -67.5, 0],
							"uv": {
								"north": {"uv": [26, 30], "uv_size": [11, 5]},
								"east": {"uv": [0, 61], "uv_size": [1, 5]},
								"west": {"uv": [1, 61], "uv_size": [1, 5]}
							}
						},
						{
							"origin": [-2.36788, 4.78307, -1.09998],
							"size": [4.73584, 11.43369, 1.1],
							"pivot": [0, 10.5, 0.00002],
							"rotation": [-90, -67.5, 0],
							"uv": {
								"north": {"uv": [0, 35], "uv_size": [5, 11]},
								"up": {"uv": [61, 28], "uv_size": [5, 1]},
								"down": {"uv": [61, 30], "uv_size": [5, -1]}
							}
						}
					]
				},
				{
					"name": "bone14",
					"parent": "base",
					"pivot": [0, 6.85458, 0],
					"cubes": [
						{
							"origin": [-5.85, 8.6, -5.85],
							"size": [11.7, 1.9, 11.7],
							"uv": {
								"north": {"uv": [47, 26], "uv_size": [12, 2]},
								"east": {"uv": [48, 28], "uv_size": [12, 2]},
								"south": {"uv": [48, 30], "uv_size": [12, 2]},
								"west": {"uv": [48, 32], "uv_size": [12, 2]},
								"up": {"uv": [14, 13], "uv_size": [12, 12]},
								"down": {"uv": [14, 37], "uv_size": [12, -12]}
							}
						},
						{
							"origin": [2.7, 11.06314, -0.85478],
							"size": [0.9, 1.125, 3.825],
							"pivot": [0, 6.85458, 0],
							"rotation": [102.5, 0, 0],
							"uv": {
								"east": {"uv": [62, 2], "uv_size": [4, 1]},
								"west": {"uv": [5, 62], "uv_size": [4, 1]},
								"up": {"uv": [9, 62], "uv_size": [1, 4]}
							}
						},
						{
							"origin": [-3.6, 11.06314, -0.85478],
							"size": [0.9, 1.125, 3.825],
							"pivot": [0, 6.85458, 0],
							"rotation": [102.5, 0, 0],
							"uv": {
								"east": {"uv": [62, 5], "uv_size": [4, 1]},
								"west": {"uv": [62, 6], "uv_size": [4, 1]},
								"up": {"uv": [20, 62], "uv_size": [1, 4]}
							}
						},
						{
							"origin": [2.7, 11.06314, -0.85478],
							"size": [0.9, 1.125, 3.825],
							"pivot": [0, 6.85458, 0],
							"rotation": [0, 90, -102.5],
							"uv": {
								"east": {"uv": [62, 36], "uv_size": [4, 1]},
								"west": {"uv": [62, 37], "uv_size": [4, 1]},
								"up": {"uv": [34, 62], "uv_size": [1, 4]}
							}
						},
						{
							"origin": [-3.6, 11.06314, -0.85478],
							"size": [0.9, 1.125, 3.825],
							"pivot": [0, 6.85458, 0],
							"rotation": [0, 90, -102.5],
							"uv": {
								"east": {"uv": [62, 38], "uv_size": [4, 1]},
								"west": {"uv": [62, 39], "uv_size": [4, 1]},
								"up": {"uv": [59, 62], "uv_size": [1, 4]}
							}
						},
						{
							"origin": [2.7, 11.06314, -2.97022],
							"size": [0.9, 1.125, 3.825],
							"pivot": [0, 6.85458, 0],
							"rotation": [0, 90, 102.5],
							"uv": {
								"east": {"uv": [62, 7], "uv_size": [4, 1]},
								"west": {"uv": [21, 62], "uv_size": [4, 1]},
								"up": {"uv": [25, 62], "uv_size": [1, 4]}
							}
						},
						{
							"origin": [-3.6, 11.06314, -2.97022],
							"size": [0.9, 1.125, 3.825],
							"pivot": [0, 6.85458, 0],
							"rotation": [0, 90, 102.5],
							"uv": {
								"east": {"uv": [62, 21], "uv_size": [4, 1]},
								"west": {"uv": [26, 62], "uv_size": [4, 1]},
								"up": {"uv": [33, 62], "uv_size": [1, 4]}
							}
						},
						{
							"origin": [2.7, 11.06314, -2.97022],
							"size": [0.9, 1.125, 3.825],
							"pivot": [0, 6.85458, 0],
							"rotation": [-102.5, 0, 0],
							"uv": {
								"east": {"uv": [61, 45], "uv_size": [4, 1]},
								"west": {"uv": [59, 61], "uv_size": [4, 1]},
								"up": {"uv": [55, 61], "uv_size": [1, 4]}
							}
						},
						{
							"origin": [-3.6, 11.06314, -2.97022],
							"size": [0.9, 1.125, 3.825],
							"pivot": [0, 6.85458, 0],
							"rotation": [-102.5, 0, 0],
							"uv": {
								"east": {"uv": [62, 0], "uv_size": [4, 1]},
								"west": {"uv": [62, 1], "uv_size": [4, 1]},
								"up": {"uv": [56, 61], "uv_size": [1, 4]}
							}
						}
					]
				},
				{
					"name": "bone15",
					"parent": "base",
					"pivot": [0, 4.77114, 0],
					"cubes": [
						{
							"origin": [-5.4, 5.03167, 2.11719],
							"size": [1.8, 0.9, 6.175],
							"pivot": [0, 5.48167, 5.37969],
							"rotation": [-82.5, 0, 0],
							"uv": {
								"east": {"uv": [59, 53], "uv_size": [6, 1]},
								"west": {"uv": [60, 8], "uv_size": [6, 1]},
								"up": {"uv": [48, 52], "uv_size": [2, 6]}
							}
						},
						{
							"origin": [-3.6, 5.03167, 7.46719],
							"size": [7.2, 0.9, 0.825],
							"pivot": [0, 5.48167, 5.37969],
							"rotation": [-82.5, 0, 0],
							"uv": {
								"north": {"uv": [58, 15], "uv_size": [7, 1]},
								"up": {"uv": [58, 16], "uv_size": [7, 1]}
							}
						},
						{
							"origin": [3.6, 5.03167, 2.11719],
							"size": [1.8, 0.9, 6.175],
							"pivot": [0, 5.48167, 5.37969],
							"rotation": [-82.5, 0, 0],
							"uv": {
								"east": {"uv": [47, 60], "uv_size": [6, 1]},
								"west": {"uv": [60, 50], "uv_size": [6, 1]},
								"up": {"uv": [50, 52], "uv_size": [2, 6]}
							}
						},
						{
							"origin": [-5.4, 5.03167, -8.29219],
							"size": [1.8, 0.9, 6.175],
							"pivot": [0, 5.48167, -5.37969],
							"rotation": [82.5, 0, 0],
							"uv": {
								"east": {"uv": [59, 17], "uv_size": [6, 1]},
								"west": {"uv": [59, 18], "uv_size": [6, 1]},
								"up": {"uv": [7, 50], "uv_size": [2, 6]}
							}
						},
						{
							"origin": [-3.6, 5.03167, -8.29219],
							"size": [7.2, 0.9, 0.825],
							"pivot": [0, 5.48167, -5.37969],
							"rotation": [82.5, 0, 0],
							"uv": {
								"south": {"uv": [18, 45], "uv_size": [7, 1]},
								"up": {"uv": [58, 9], "uv_size": [7, 1]}
							}
						},
						{
							"origin": [3.6, 5.03167, -8.29219],
							"size": [1.8, 0.9, 6.175],
							"pivot": [0, 5.48167, -5.37969],
							"rotation": [82.5, 0, 0],
							"uv": {
								"east": {"uv": [58, 25], "uv_size": [6, 1]},
								"west": {"uv": [14, 59], "uv_size": [6, 1]},
								"up": {"uv": [5, 50], "uv_size": [2, 6]}
							}
						}
					]
				},
				{
					"name": "bone16",
					"parent": "base",
					"pivot": [0, 4.77114, 0],
					"rotation": [0, -90, 0],
					"cubes": [
						{
							"origin": [-5.4, 5.03167, 2.11719],
							"size": [1.8, 0.9, 6.175],
							"pivot": [0, 5.48167, 5.37969],
							"rotation": [-82.5, 0, 0],
							"uv": {
								"east": {"uv": [60, 51], "uv_size": [6, 1]},
								"west": {"uv": [60, 55], "uv_size": [6, 1]},
								"up": {"uv": [52, 52], "uv_size": [2, 6]}
							}
						},
						{
							"origin": [-3.6, 5.03167, 7.46719],
							"size": [7.2, 0.9, 0.825],
							"pivot": [0, 5.48167, 5.37969],
							"rotation": [-82.5, 0, 0],
							"uv": {
								"north": {"uv": [58, 22], "uv_size": [7, 1]},
								"up": {"uv": [23, 58], "uv_size": [7, 1]}
							}
						},
						{
							"origin": [3.6, 5.03167, 2.11719],
							"size": [1.8, 0.9, 6.175],
							"pivot": [0, 5.48167, 5.37969],
							"rotation": [-82.5, 0, 0],
							"uv": {
								"east": {"uv": [60, 56], "uv_size": [6, 1]},
								"west": {"uv": [60, 57], "uv_size": [6, 1]},
								"up": {"uv": [0, 53], "uv_size": [2, 6]}
							}
						},
						{
							"origin": [-5.4, 5.03167, -8.29219],
							"size": [1.8, 0.9, 6.175],
							"pivot": [0, 5.48167, -5.37969],
							"rotation": [82.5, 0, 0],
							"uv": {
								"east": {"uv": [60, 58], "uv_size": [6, 1]},
								"west": {"uv": [60, 59], "uv_size": [6, 1]},
								"up": {"uv": [2, 53], "uv_size": [2, 6]}
							}
						},
						{
							"origin": [-3.6, 5.03167, -8.29219],
							"size": [7.2, 0.9, 0.825],
							"pivot": [0, 5.48167, -5.37969],
							"rotation": [82.5, 0, 0],
							"uv": {
								"south": {"uv": [58, 23], "uv_size": [7, 1]},
								"up": {"uv": [58, 24], "uv_size": [7, 1]}
							}
						},
						{
							"origin": [3.6, 5.03167, -8.29219],
							"size": [1.8, 0.9, 6.175],
							"pivot": [0, 5.48167, -5.37969],
							"rotation": [82.5, 0, 0],
							"uv": {
								"east": {"uv": [60, 60], "uv_size": [6, 1]},
								"west": {"uv": [61, 3], "uv_size": [6, 1]},
								"up": {"uv": [33, 53], "uv_size": [2, 6]}
							}
						}
					]
				},
				{
					"name": "bone",
					"parent": "base",
					"pivot": [0, 0, 0],
					"cubes": [
						{
							"origin": [-6.3, 1.35, -6.3],
							"size": [12.6, 1.35, 12.6],
							"uv": {
								"north": {"uv": [52, 11], "uv_size": [13, 1]},
								"east": {"uv": [52, 12], "uv_size": [13, 1]},
								"south": {"uv": [52, 13], "uv_size": [13, 1]},
								"west": {"uv": [52, 14], "uv_size": [13, 1]},
								"up": {"uv": [14, 0], "uv_size": [13, 13]}
							}
						},
						{
							"origin": [-6.75, 0, -6.75],
							"size": [13.5, 1.35, 13.5],
							"uv": {
								"north": {"uv": [46, 50], "uv_size": [14, 1]},
								"east": {"uv": [17, 51], "uv_size": [14, 1]},
								"south": {"uv": [46, 51], "uv_size": [14, 1]},
								"west": {"uv": [52, 10], "uv_size": [14, 1]},
								"up": {"uv": [0, 0], "uv_size": [14, 14]},
								"down": {"uv": [0, 28], "uv_size": [14, -14]}
							}
						},
						{
							"origin": [-5.4, 3.375, -5.4],
							"size": [10.8, 5.4, 10.8],
							"uv": {
								"north": {"uv": [37, 17], "uv_size": [11, 5]},
								"east": {"uv": [37, 29], "uv_size": [11, 5]},
								"south": {"uv": [38, 5], "uv_size": [11, 5]},
								"west": {"uv": [36, 40], "uv_size": [11, 5]},
								"up": {"uv": [26, 13], "uv_size": [11, 11]}
							}
						},
						{
							"origin": [4.5, 0, -7.2],
							"size": [2.7, 1.8, 2.7],
							"uv": {
								"north": {"uv": [35, 5], "uv_size": [3, 2]},
								"east": {"uv": [58, 34], "uv_size": [3, 2]},
								"south": {"uv": [58, 36], "uv_size": [3, 2]},
								"west": {"uv": [58, 38], "uv_size": [3, 2]},
								"up": {"uv": [5, 35], "uv_size": [3, 3]},
								"down": {"uv": [25, 58], "uv_size": [3, -3]}
							}
						},
						{
							"origin": [-7.2, 0, -7.2],
							"size": [2.7, 1.8, 2.7],
							"uv": {
								"north": {"uv": [40, 58], "uv_size": [3, 2]},
								"east": {"uv": [58, 40], "uv_size": [3, 2]},
								"south": {"uv": [58, 42], "uv_size": [3, 2]},
								"west": {"uv": [43, 58], "uv_size": [3, 2]},
								"up": {"uv": [54, 55], "uv_size": [3, 3]},
								"down": {"uv": [5, 59], "uv_size": [3, -3]}
							}
						},
						{
							"origin": [4.5, 0, 4.5],
							"size": [2.7, 1.8, 2.7],
							"uv": {
								"north": {"uv": [0, 59], "uv_size": [3, 2]},
								"east": {"uv": [5, 59], "uv_size": [3, 2]},
								"south": {"uv": [8, 59], "uv_size": [3, 2]},
								"west": {"uv": [11, 59], "uv_size": [3, 2]},
								"up": {"uv": [14, 56], "uv_size": [3, 3]},
								"down": {"uv": [17, 59], "uv_size": [3, -3]}
							}
						},
						{
							"origin": [-7.2, 0, 4.5],
							"size": [2.7, 1.8, 2.7],
							"uv": {
								"north": {"uv": [58, 44], "uv_size": [3, 2]},
								"east": {"uv": [46, 58], "uv_size": [3, 2]},
								"south": {"uv": [49, 58], "uv_size": [3, 2]},
								"west": {"uv": [52, 58], "uv_size": [3, 2]},
								"up": {"uv": [8, 56], "uv_size": [3, 3]},
								"down": {"uv": [11, 59], "uv_size": [3, -3]}
							}
						}
					]
				},
				{
					"name": "turret2",
					"pivot": [0, 10.5, 0]
				},
				{
					"name": "barrel2",
					"parent": "turret2",
					"pivot": [0, 22.25, 0]
				},
				{
					"name": "laser",
					"parent": "barrel2",
					"pivot": [0, 22.2505, 0],
					"cubes": [
						{
							"origin": [-0.3, 21.95024, -1.6],
							"size": [0.6, 0.6, 1.6],
							"uv": {
								"north": {"uv": [69, 68], "uv_size": [1, 1]},
								"east": {"uv": [69, 68], "uv_size": [1, 1]},
								"south": {"uv": [69, 68], "uv_size": [1, 1]},
								"west": {"uv": [69, 68], "uv_size": [1, 1]},
								"up": {"uv": [70, 69], "uv_size": [-1, -1]},
								"down": {"uv": [70, 69], "uv_size": [-1, -1]}
							}
						},
						{
							"origin": [-0.45, 21.80014, -1.6],
							"size": [0.9, 0, 1.6],
							"uv": {
								"up": {"uv": [71, 69], "uv_size": [-1, -1]}
							}
						},
						{
							"origin": [-0.4503, 21.80044, -1.6],
							"size": [0.9, 0, 1.6],
							"pivot": [0, 22.25044, -1.2],
							"rotation": [0, 0, 90],
							"uv": {
								"up": {"uv": [71, 69], "uv_size": [-1, -1]}
							}
						},
						{
							"origin": [-0.45, 21.80014, -1.6],
							"size": [0.9, 0, 1.6],
							"pivot": [0, 22.25044, -1.2],
							"rotation": [0, 0, -180],
							"uv": {
								"up": {"uv": [71, 69], "uv_size": [-1, -1]}
							}
						},
						{
							"origin": [-0.4503, 21.80044, -1.6],
							"size": [0.9, 0, 1.6],
							"pivot": [0, 22.25044, -1.2],
							"rotation": [0, 0, -90],
							"uv": {
								"up": {"uv": [71, 69], "uv_size": [-1, -1]}
							}
						},
						{
							"origin": [-0.4003, 21.80104, -0.85],
							"size": [0.9, 0, 0.9],
							"pivot": [0.05, 22.25104, -0.45],
							"rotation": [90, 0, -90],
							"uv": {
								"up": {"uv": [71, 69], "uv_size": [-1, -1]}
							}
						},
						{
							"origin": [-0.45, 22.25074, -2.05],
							"size": [0.9, 0, 0.9],
							"pivot": [0, 22.25074, -1.6],
							"rotation": [-90, 0, -90],
							"uv": {
								"up": {"uv": [71, 69], "uv_size": [-1, -1]}
							}
						}
					]
				}
			]
		}
	]
}