{
	"format_version": "1.12.0",
	"minecraft:geometry": [
		{
			"description": {
				"identifier": "geometry.unknown",
				"texture_width": 32,
				"texture_height": 32,
				"visible_bounds_width": 5,
				"visible_bounds_height": 3,
				"visible_bounds_offset": [0, 0.5, 0]
			},
			"bones": [
				{
					"name": "bone",
					"pivot": [0, -1, 0],
					"rotation": [-30.91335, -29.04218, 20.6412]
				},
				{
					"name": "bone15",
					"parent": "bone",
					"pivot": [-0.07128, -1.75862, -38],
					"rotation": [-90, 0, -112.5]
				},
				{
					"name": "bone14",
					"parent": "bone15",
					"pivot": [-0.07128, -1.75862, -38],
					"rotation": [0, -22.5, 0],
					"cubes": [
						{
							"origin": [2.67206, -3.56662, -38.19],
							"size": [0.38, 3.616, 0.38],
							"pivot": [2.86206, -1.75862, -38],
							"rotation": [0, -45, 0],
							"uv": {
								"north": {"uv": [15, 14], "uv_size": [1, 2]},
								"east": {"uv": [16, 8], "uv_size": [1, 2]},
								"south": {"uv": [10, 16], "uv_size": [1, 2]},
								"west": {"uv": [16, 10], "uv_size": [1, 2]},
								"down": {"uv": [18, 21], "uv_size": [1, -1]}
							}
						},
						{
							"origin": [-1.72794, -3.56662, -35.89],
							"size": [0.38, 3.616, 0.38],
							"pivot": [-1.53794, -1.75862, -35.7],
							"rotation": [0, -45, 0],
							"uv": {
								"north": {"uv": [11, 16], "uv_size": [1, 2]},
								"east": {"uv": [12, 16], "uv_size": [1, 2]},
								"south": {"uv": [16, 12], "uv_size": [1, 2]},
								"west": {"uv": [13, 16], "uv_size": [1, 2]},
								"down": {"uv": [20, 19], "uv_size": [1, -1]}
							}
						},
						{
							"origin": [-1.72794, -3.56662, -40.49],
							"size": [0.38, 3.616, 0.38],
							"pivot": [-1.53794, -1.75862, -40.3],
							"rotation": [0, 45, 0],
							"uv": {
								"north": {"uv": [14, 16], "uv_size": [1, 2]},
								"east": {"uv": [16, 14], "uv_size": [1, 2]},
								"south": {"uv": [15, 16], "uv_size": [1, 2]},
								"west": {"uv": [16, 16], "uv_size": [1, 2]},
								"down": {"uv": [19, 21], "uv_size": [1, -1]}
							}
						}
					]
				},
				{
					"name": "bone1",
					"parent": "bone15",
					"pivot": [0, 0.56612, -38]
				},
				{
					"name": "bone2",
					"parent": "bone1",
					"pivot": [0, 0.56612, -38],
					"rotation": [-24.22775, 180, 0],
					"cubes": [
						{
							"origin": [0.51455, -0.8017, -40.9732],
							"size": [0.86558, 4.55856, 0.9101],
							"inflate": -0.05465,
							"pivot": [1.32548, -0.74705, -40.91815],
							"rotation": [0, 0, -9.64685],
							"uv": {
								"north": {"uv": [10, 10], "uv_size": [1, 2]},
								"south": {"uv": [0, 11], "uv_size": [1, 2]}
							}
						},
						{
							"origin": [-1.39083, -0.92843, -40.9732],
							"size": [0.86558, 4.55856, 0.9101],
							"inflate": -0.05465,
							"pivot": [-0.5799, -0.87378, -40.91815],
							"rotation": [0, 0, 9.64685],
							"uv": {
								"north": {"uv": [1, 11], "uv_size": [1, 2]},
								"south": {"uv": [2, 11], "uv_size": [1, 2]}
							}
						},
						{
							"origin": [-0.63015, -0.92403, -40.9692],
							"size": [1.2603, 4.61358, 0.90211],
							"inflate": -0.05025,
							"uv": {
								"north": {"uv": [3, 11], "uv_size": [1, 2]},
								"south": {"uv": [4, 11], "uv_size": [1, 2]}
							}
						},
						{
							"origin": [0.19438, 3.58464, -40.9736],
							"size": [0.44018, 2.05585, 0.90738],
							"inflate": -0.05465,
							"pivot": [0.5799, 3.6393, -40.91877],
							"rotation": [0, 0, -9.64685],
							"uv": {
								"north": {"uv": [4, 17], "uv_size": [1, 1]},
								"south": {"uv": [5, 17], "uv_size": [1, 1]}
							}
						},
						{
							"origin": [-0.63923, 3.5292, -40.9736],
							"size": [0.44018, 2.05585, 0.90738],
							"inflate": -0.05465,
							"pivot": [-0.25371, 3.58385, -40.91877],
							"rotation": [0, 0, 9.64685],
							"uv": {
								"north": {"uv": [2, 17], "uv_size": [1, 1]},
								"south": {"uv": [3, 17], "uv_size": [1, 1]}
							}
						},
						{
							"origin": [-0.30396, 3.5336, -40.96938],
							"size": [0.60792, 2.07498, 0.9021],
							"inflate": -0.05025,
							"uv": {
								"north": {"uv": [0, 17], "uv_size": [1, 1]},
								"south": {"uv": [1, 17], "uv_size": [1, 1]}
							}
						}
					]
				},
				{
					"name": "bone3",
					"parent": "bone1",
					"pivot": [0, 0.56612, -38],
					"rotation": [155.77225, 45, 180],
					"cubes": [
						{
							"origin": [0.51455, -0.8017, -40.9732],
							"size": [0.86558, 4.55856, 0.9101],
							"inflate": -0.05465,
							"pivot": [1.32548, -0.74705, -40.91815],
							"rotation": [0, 0, -9.64685],
							"uv": {
								"north": {"uv": [5, 11], "uv_size": [1, 2]},
								"south": {"uv": [6, 11], "uv_size": [1, 2]}
							}
						},
						{
							"origin": [-1.39083, -0.92843, -40.9732],
							"size": [0.86558, 4.55856, 0.9101],
							"inflate": -0.05465,
							"pivot": [-0.5799, -0.87378, -40.91815],
							"rotation": [0, 0, 9.64685],
							"uv": {
								"north": {"uv": [7, 11], "uv_size": [1, 2]},
								"south": {"uv": [8, 11], "uv_size": [1, 2]}
							}
						},
						{
							"origin": [-0.63015, -0.92403, -40.9692],
							"size": [1.2603, 4.61358, 0.90211],
							"inflate": -0.05025,
							"uv": {
								"north": {"uv": [9, 11], "uv_size": [1, 2]},
								"south": {"uv": [11, 10], "uv_size": [1, 2]}
							}
						},
						{
							"origin": [0.19438, 3.58464, -40.9736],
							"size": [0.44018, 2.05585, 0.90738],
							"inflate": -0.05465,
							"pivot": [0.5799, 3.6393, -40.91877],
							"rotation": [0, 0, -9.64685],
							"uv": {
								"north": {"uv": [6, 17], "uv_size": [1, 1]},
								"south": {"uv": [7, 17], "uv_size": [1, 1]}
							}
						},
						{
							"origin": [-0.63923, 3.5292, -40.9736],
							"size": [0.44018, 2.05585, 0.90738],
							"inflate": -0.05465,
							"pivot": [-0.25371, 3.58385, -40.91877],
							"rotation": [0, 0, 9.64685],
							"uv": {
								"north": {"uv": [8, 17], "uv_size": [1, 1]},
								"south": {"uv": [17, 8], "uv_size": [1, 1]}
							}
						},
						{
							"origin": [-0.30396, 3.5336, -40.96938],
							"size": [0.60792, 2.07498, 0.9021],
							"inflate": -0.05025,
							"uv": {
								"north": {"uv": [9, 17], "uv_size": [1, 1]},
								"south": {"uv": [17, 9], "uv_size": [1, 1]}
							}
						}
					]
				},
				{
					"name": "bone4",
					"parent": "bone1",
					"pivot": [0, 0.56612, -38],
					"rotation": [0, 90, 24.22775],
					"cubes": [
						{
							"origin": [0.51455, -0.8017, -40.9732],
							"size": [0.86558, 4.55856, 0.9101],
							"inflate": -0.05465,
							"pivot": [1.32548, -0.74705, -40.91815],
							"rotation": [0, 0, -9.64685],
							"uv": {
								"north": {"uv": [10, 12], "uv_size": [1, 2]},
								"south": {"uv": [12, 10], "uv_size": [1, 2]}
							}
						},
						{
							"origin": [-1.39083, -0.92843, -40.9732],
							"size": [0.86558, 4.55856, 0.9101],
							"inflate": -0.05465,
							"pivot": [-0.5799, -0.87378, -40.91815],
							"rotation": [0, 0, 9.64685],
							"uv": {
								"north": {"uv": [11, 12], "uv_size": [1, 2]},
								"south": {"uv": [12, 12], "uv_size": [1, 2]}
							}
						},
						{
							"origin": [-0.63015, -0.92403, -40.9692],
							"size": [1.2603, 4.61358, 0.90211],
							"inflate": -0.05025,
							"uv": {
								"north": {"uv": [0, 13], "uv_size": [1, 2]},
								"south": {"uv": [1, 13], "uv_size": [1, 2]}
							}
						},
						{
							"origin": [0.19438, 3.58464, -40.9736],
							"size": [0.44018, 2.05585, 0.90738],
							"inflate": -0.05465,
							"pivot": [0.5799, 3.6393, -40.91877],
							"rotation": [0, 0, -9.64685],
							"uv": {
								"north": {"uv": [17, 10], "uv_size": [1, 1]},
								"south": {"uv": [17, 11], "uv_size": [1, 1]}
							}
						},
						{
							"origin": [-0.63923, 3.5292, -40.9736],
							"size": [0.44018, 2.05585, 0.90738],
							"inflate": -0.05465,
							"pivot": [-0.25371, 3.58385, -40.91877],
							"rotation": [0, 0, 9.64685],
							"uv": {
								"north": {"uv": [17, 12], "uv_size": [1, 1]},
								"south": {"uv": [17, 13], "uv_size": [1, 1]}
							}
						},
						{
							"origin": [-0.30396, 3.5336, -40.96938],
							"size": [0.60792, 2.07498, 0.9021],
							"inflate": -0.05025,
							"uv": {
								"north": {"uv": [17, 14], "uv_size": [1, 1]},
								"south": {"uv": [17, 15], "uv_size": [1, 1]}
							}
						}
					]
				},
				{
					"name": "bone5",
					"parent": "bone1",
					"pivot": [0, 0.56612, -38],
					"rotation": [-24.22775, 45, 0],
					"cubes": [
						{
							"origin": [0.51455, -0.8017, -40.9732],
							"size": [0.86558, 4.55856, 0.9101],
							"inflate": -0.05465,
							"pivot": [1.32548, -0.74705, -40.91815],
							"rotation": [0, 0, -9.64685],
							"uv": {
								"north": {"uv": [2, 13], "uv_size": [1, 2]},
								"south": {"uv": [3, 13], "uv_size": [1, 2]}
							}
						},
						{
							"origin": [-1.39083, -0.92843, -40.9732],
							"size": [0.86558, 4.55856, 0.9101],
							"inflate": -0.05465,
							"pivot": [-0.5799, -0.87378, -40.91815],
							"rotation": [0, 0, 9.64685],
							"uv": {
								"north": {"uv": [4, 13], "uv_size": [1, 2]},
								"south": {"uv": [5, 13], "uv_size": [1, 2]}
							}
						},
						{
							"origin": [-0.63015, -0.92403, -40.9692],
							"size": [1.2603, 4.61358, 0.90211],
							"inflate": -0.05025,
							"uv": {
								"north": {"uv": [6, 13], "uv_size": [1, 2]},
								"south": {"uv": [7, 13], "uv_size": [1, 2]}
							}
						},
						{
							"origin": [0.19438, 3.58464, -40.9736],
							"size": [0.44018, 2.05585, 0.90738],
							"inflate": -0.05465,
							"pivot": [0.5799, 3.6393, -40.91877],
							"rotation": [0, 0, -9.64685],
							"uv": {
								"north": {"uv": [17, 16], "uv_size": [1, 1]},
								"south": {"uv": [17, 17], "uv_size": [1, 1]}
							}
						},
						{
							"origin": [-0.63923, 3.5292, -40.9736],
							"size": [0.44018, 2.05585, 0.90738],
							"inflate": -0.05465,
							"pivot": [-0.25371, 3.58385, -40.91877],
							"rotation": [0, 0, 9.64685],
							"uv": {
								"north": {"uv": [0, 18], "uv_size": [1, 1]},
								"south": {"uv": [1, 18], "uv_size": [1, 1]}
							}
						},
						{
							"origin": [-0.30396, 3.5336, -40.96938],
							"size": [0.60792, 2.07498, 0.9021],
							"inflate": -0.05025,
							"uv": {
								"north": {"uv": [2, 18], "uv_size": [1, 1]},
								"south": {"uv": [3, 18], "uv_size": [1, 1]}
							}
						}
					]
				},
				{
					"name": "bone6",
					"parent": "bone1",
					"pivot": [0, 0.56612, -38],
					"rotation": [-24.22775, 0, 0],
					"cubes": [
						{
							"origin": [0.51455, -0.8017, -40.9732],
							"size": [0.86558, 4.55856, 0.9101],
							"inflate": -0.05465,
							"pivot": [1.32548, -0.74705, -40.91815],
							"rotation": [0, 0, -9.64685],
							"uv": {
								"north": {"uv": [8, 13], "uv_size": [1, 2]},
								"south": {"uv": [9, 13], "uv_size": [1, 2]}
							}
						},
						{
							"origin": [-1.39083, -0.92843, -40.9732],
							"size": [0.86558, 4.55856, 0.9101],
							"inflate": -0.05465,
							"pivot": [-0.5799, -0.87378, -40.91815],
							"rotation": [0, 0, 9.64685],
							"uv": {
								"north": {"uv": [13, 10], "uv_size": [1, 2]},
								"south": {"uv": [13, 12], "uv_size": [1, 2]}
							}
						},
						{
							"origin": [-0.63015, -0.92403, -40.9692],
							"size": [1.2603, 4.61358, 0.90211],
							"inflate": -0.05025,
							"uv": {
								"north": {"uv": [10, 14], "uv_size": [1, 2]},
								"south": {"uv": [14, 10], "uv_size": [1, 2]}
							}
						},
						{
							"origin": [0.19438, 3.58464, -40.9736],
							"size": [0.44018, 2.05585, 0.90738],
							"inflate": -0.05465,
							"pivot": [0.5799, 3.6393, -40.91877],
							"rotation": [0, 0, -9.64685],
							"uv": {
								"north": {"uv": [4, 18], "uv_size": [1, 1]},
								"south": {"uv": [5, 18], "uv_size": [1, 1]}
							}
						},
						{
							"origin": [-0.63923, 3.5292, -40.9736],
							"size": [0.44018, 2.05585, 0.90738],
							"inflate": -0.05465,
							"pivot": [-0.25371, 3.58385, -40.91877],
							"rotation": [0, 0, 9.64685],
							"uv": {
								"north": {"uv": [6, 18], "uv_size": [1, 1]},
								"south": {"uv": [7, 18], "uv_size": [1, 1]}
							}
						},
						{
							"origin": [-0.30396, 3.5336, -40.96938],
							"size": [0.60792, 2.07498, 0.9021],
							"inflate": -0.05025,
							"uv": {
								"north": {"uv": [8, 18], "uv_size": [1, 1]},
								"south": {"uv": [18, 8], "uv_size": [1, 1]}
							}
						}
					]
				},
				{
					"name": "bone7",
					"parent": "bone1",
					"pivot": [0, 0.56612, -38],
					"rotation": [-24.22775, -45, 0],
					"cubes": [
						{
							"origin": [0.51455, -0.8017, -40.9732],
							"size": [0.86558, 4.55856, 0.9101],
							"inflate": -0.05465,
							"pivot": [1.32548, -0.74705, -40.91815],
							"rotation": [0, 0, -9.64685],
							"uv": {
								"north": {"uv": [11, 14], "uv_size": [1, 2]},
								"south": {"uv": [12, 14], "uv_size": [1, 2]}
							}
						},
						{
							"origin": [-1.39083, -0.92843, -40.9732],
							"size": [0.86558, 4.55856, 0.9101],
							"inflate": -0.05465,
							"pivot": [-0.5799, -0.87378, -40.91815],
							"rotation": [0, 0, 9.64685],
							"uv": {
								"north": {"uv": [14, 12], "uv_size": [1, 2]},
								"south": {"uv": [13, 14], "uv_size": [1, 2]}
							}
						},
						{
							"origin": [-0.63015, -0.92403, -40.9692],
							"size": [1.2603, 4.61358, 0.90211],
							"inflate": -0.05025,
							"uv": {
								"north": {"uv": [14, 14], "uv_size": [1, 2]},
								"south": {"uv": [0, 15], "uv_size": [1, 2]}
							}
						},
						{
							"origin": [0.19438, 3.58464, -40.9736],
							"size": [0.44018, 2.05585, 0.90738],
							"inflate": -0.05465,
							"pivot": [0.5799, 3.6393, -40.91877],
							"rotation": [0, 0, -9.64685],
							"uv": {
								"north": {"uv": [9, 18], "uv_size": [1, 1]},
								"south": {"uv": [18, 9], "uv_size": [1, 1]}
							}
						},
						{
							"origin": [-0.63923, 3.5292, -40.9736],
							"size": [0.44018, 2.05585, 0.90738],
							"inflate": -0.05465,
							"pivot": [-0.25371, 3.58385, -40.91877],
							"rotation": [0, 0, 9.64685],
							"uv": {
								"north": {"uv": [10, 18], "uv_size": [1, 1]},
								"south": {"uv": [18, 10], "uv_size": [1, 1]}
							}
						},
						{
							"origin": [-0.30396, 3.5336, -40.96938],
							"size": [0.60792, 2.07498, 0.9021],
							"inflate": -0.05025,
							"uv": {
								"north": {"uv": [11, 18], "uv_size": [1, 1]},
								"south": {"uv": [18, 11], "uv_size": [1, 1]}
							}
						}
					]
				},
				{
					"name": "bone8",
					"parent": "bone1",
					"pivot": [0, 0.56612, -38],
					"rotation": [0, -90, -24.22775],
					"cubes": [
						{
							"origin": [0.51455, -0.8017, -40.9732],
							"size": [0.86558, 4.55856, 0.9101],
							"inflate": -0.05465,
							"pivot": [1.32548, -0.74705, -40.91815],
							"rotation": [0, 0, -9.64685],
							"uv": {
								"north": {"uv": [1, 15], "uv_size": [1, 2]},
								"south": {"uv": [2, 15], "uv_size": [1, 2]}
							}
						},
						{
							"origin": [-1.39083, -0.92843, -40.9732],
							"size": [0.86558, 4.55856, 0.9101],
							"inflate": -0.05465,
							"pivot": [-0.5799, -0.87378, -40.91815],
							"rotation": [0, 0, 9.64685],
							"uv": {
								"north": {"uv": [3, 15], "uv_size": [1, 2]},
								"south": {"uv": [4, 15], "uv_size": [1, 2]}
							}
						},
						{
							"origin": [-0.63015, -0.92403, -40.9692],
							"size": [1.2603, 4.61358, 0.90211],
							"inflate": -0.05025,
							"uv": {
								"north": {"uv": [5, 15], "uv_size": [1, 2]},
								"south": {"uv": [6, 15], "uv_size": [1, 2]}
							}
						},
						{
							"origin": [0.19438, 3.58464, -40.9736],
							"size": [0.44018, 2.05585, 0.90738],
							"inflate": -0.05465,
							"pivot": [0.5799, 3.6393, -40.91877],
							"rotation": [0, 0, -9.64685],
							"uv": {
								"north": {"uv": [12, 18], "uv_size": [1, 1]},
								"south": {"uv": [18, 12], "uv_size": [1, 1]}
							}
						},
						{
							"origin": [-0.63923, 3.5292, -40.9736],
							"size": [0.44018, 2.05585, 0.90738],
							"inflate": -0.05465,
							"pivot": [-0.25371, 3.58385, -40.91877],
							"rotation": [0, 0, 9.64685],
							"uv": {
								"north": {"uv": [13, 18], "uv_size": [1, 1]},
								"south": {"uv": [18, 13], "uv_size": [1, 1]}
							}
						},
						{
							"origin": [-0.30396, 3.5336, -40.96938],
							"size": [0.60792, 2.07498, 0.9021],
							"inflate": -0.05025,
							"uv": {
								"north": {"uv": [14, 18], "uv_size": [1, 1]},
								"south": {"uv": [18, 14], "uv_size": [1, 1]}
							}
						}
					]
				},
				{
					"name": "bone9",
					"parent": "bone1",
					"pivot": [0, 0.56612, -38],
					"rotation": [155.77225, -45, -180],
					"cubes": [
						{
							"origin": [0.51455, -0.8017, -40.9732],
							"size": [0.86558, 4.55856, 0.9101],
							"inflate": -0.05465,
							"pivot": [1.32548, -0.74705, -40.91815],
							"rotation": [0, 0, -9.64685],
							"uv": {
								"north": {"uv": [7, 15], "uv_size": [1, 2]},
								"south": {"uv": [8, 15], "uv_size": [1, 2]}
							}
						},
						{
							"origin": [-1.39083, -0.92843, -40.9732],
							"size": [0.86558, 4.55856, 0.9101],
							"inflate": -0.05465,
							"pivot": [-0.5799, -0.87378, -40.91815],
							"rotation": [0, 0, 9.64685],
							"uv": {
								"north": {"uv": [15, 8], "uv_size": [1, 2]},
								"south": {"uv": [9, 15], "uv_size": [1, 2]}
							}
						},
						{
							"origin": [-0.63015, -0.92403, -40.9692],
							"size": [1.2603, 4.61358, 0.90211],
							"inflate": -0.05025,
							"uv": {
								"north": {"uv": [15, 10], "uv_size": [1, 2]},
								"south": {"uv": [15, 12], "uv_size": [1, 2]}
							}
						},
						{
							"origin": [0.19438, 3.58464, -40.9736],
							"size": [0.44018, 2.05585, 0.90738],
							"inflate": -0.05465,
							"pivot": [0.5799, 3.6393, -40.91877],
							"rotation": [0, 0, -9.64685],
							"uv": {
								"north": {"uv": [15, 18], "uv_size": [1, 1]},
								"south": {"uv": [18, 15], "uv_size": [1, 1]}
							}
						},
						{
							"origin": [-0.63923, 3.5292, -40.9736],
							"size": [0.44018, 2.05585, 0.90738],
							"inflate": -0.05465,
							"pivot": [-0.25371, 3.58385, -40.91877],
							"rotation": [0, 0, 9.64685],
							"uv": {
								"north": {"uv": [16, 18], "uv_size": [1, 1]},
								"south": {"uv": [18, 16], "uv_size": [1, 1]}
							}
						},
						{
							"origin": [-0.30396, 3.5336, -40.96938],
							"size": [0.60792, 2.07498, 0.9021],
							"inflate": -0.05025,
							"uv": {
								"north": {"uv": [17, 18], "uv_size": [1, 1]},
								"south": {"uv": [18, 17], "uv_size": [1, 1]}
							}
						}
					]
				},
				{
					"name": "bone10",
					"parent": "bone15",
					"pivot": [0, 0.54612, -38],
					"rotation": [0, 0, -90],
					"cubes": [
						{
							"origin": [-0.49674, -2.72594, -39.35199],
							"size": [0.556, 1.316, 2.70399],
							"pivot": [-1.6, 0.53806, -38],
							"rotation": [180, 0, 0],
							"uv": {
								"east": {"uv": [18, 18], "uv_size": [1, 1]},
								"west": {"uv": [0, 19], "uv_size": [1, 1]},
								"up": {"uv": [1, 19], "uv_size": [1, 1]},
								"down": {"uv": [2, 20], "uv_size": [1, -1]}
							}
						},
						{
							"origin": [-0.49674, -2.72594, -39.35199],
							"size": [0.556, 1.316, 2.70399],
							"pivot": [-1.6, 0.53806, -38],
							"rotation": [-135, 0, 0],
							"uv": {
								"east": {"uv": [3, 19], "uv_size": [1, 1]},
								"west": {"uv": [4, 19], "uv_size": [1, 1]},
								"up": {"uv": [5, 19], "uv_size": [1, 1]},
								"down": {"uv": [6, 20], "uv_size": [1, -1]}
							}
						},
						{
							"origin": [-0.49674, -2.72594, -39.35199],
							"size": [0.556, 1.316, 2.70399],
							"pivot": [-1.6, 0.53806, -38],
							"rotation": [-45, 0, 0],
							"uv": {
								"east": {"uv": [19, 9], "uv_size": [1, 1]},
								"west": {"uv": [10, 19], "uv_size": [1, 1]},
								"up": {"uv": [19, 10], "uv_size": [1, 1]},
								"down": {"uv": [11, 20], "uv_size": [1, -1]}
							}
						},
						{
							"origin": [-0.49674, -2.72594, -39.35199],
							"size": [0.556, 1.316, 2.70399],
							"pivot": [-1.6, 0.53806, -38],
							"rotation": [-90, 0, 0],
							"uv": {
								"east": {"uv": [7, 19], "uv_size": [1, 1]},
								"west": {"uv": [8, 19], "uv_size": [1, 1]},
								"up": {"uv": [19, 8], "uv_size": [1, 1]},
								"down": {"uv": [9, 20], "uv_size": [1, -1]}
							}
						},
						{
							"origin": [-0.49674, -2.72594, -39.35199],
							"size": [0.556, 1.316, 2.70399],
							"pivot": [-1.6, 0.53806, -38],
							"rotation": [45, 0, 0],
							"uv": {
								"east": {"uv": [19, 13], "uv_size": [1, 1]},
								"west": {"uv": [14, 19], "uv_size": [1, 1]},
								"up": {"uv": [19, 14], "uv_size": [1, 1]},
								"down": {"uv": [15, 20], "uv_size": [1, -1]}
							}
						},
						{
							"origin": [-0.49674, -2.72594, -39.35199],
							"size": [0.556, 1.316, 2.70399],
							"uv": {
								"east": {"uv": [19, 11], "uv_size": [1, 1]},
								"west": {"uv": [12, 19], "uv_size": [1, 1]},
								"up": {"uv": [19, 12], "uv_size": [1, 1]},
								"down": {"uv": [13, 20], "uv_size": [1, -1]}
							}
						},
						{
							"origin": [-0.49674, -2.72594, -39.35199],
							"size": [0.556, 1.316, 2.70399],
							"pivot": [-1.6, 0.53806, -38],
							"rotation": [135, 0, 0],
							"uv": {
								"east": {"uv": [19, 17], "uv_size": [1, 1]},
								"west": {"uv": [18, 19], "uv_size": [1, 1]},
								"up": {"uv": [19, 18], "uv_size": [1, 1]},
								"down": {"uv": [19, 20], "uv_size": [1, -1]}
							}
						},
						{
							"origin": [-0.49674, -2.72594, -39.35199],
							"size": [0.556, 1.316, 2.70399],
							"pivot": [-1.6, 0.53806, -38],
							"rotation": [90, 0, 0],
							"uv": {
								"east": {"uv": [19, 15], "uv_size": [1, 1]},
								"west": {"uv": [16, 19], "uv_size": [1, 1]},
								"up": {"uv": [19, 16], "uv_size": [1, 1]},
								"down": {"uv": [17, 20], "uv_size": [1, -1]}
							}
						}
					]
				},
				{
					"name": "bone16",
					"parent": "bone15",
					"pivot": [0.00806, 0.60538, -38],
					"rotation": [0, 0, -90],
					"cubes": [
						{
							"origin": [0.00806, -1.45094, -38.85176],
							"size": [1, 1.32908, 1.70351],
							"pivot": [-1.03728, 0.60538, -38],
							"rotation": [180, 0, 0],
							"uv": {
								"east": {"uv": [20, 19], "uv_size": [1, 1]},
								"up": {"uv": [20, 20], "uv_size": [1, 1]},
								"down": {"uv": [0, 22], "uv_size": [1, -1]}
							}
						},
						{
							"origin": [0.00806, -1.45094, -38.85176],
							"size": [1, 1.32908, 1.70351],
							"pivot": [-1.03728, 0.60538, -38],
							"rotation": [-135, 0, 0],
							"uv": {
								"east": {"uv": [21, 0], "uv_size": [1, 1]},
								"up": {"uv": [1, 21], "uv_size": [1, 1]},
								"down": {"uv": [21, 2], "uv_size": [1, -1]}
							}
						},
						{
							"origin": [0.00806, -1.45094, -38.85176],
							"size": [1, 1.32908, 1.70351],
							"pivot": [-1.03728, 0.60538, -38],
							"rotation": [-45, 0, 0],
							"uv": {
								"east": {"uv": [2, 21], "uv_size": [1, 1]},
								"up": {"uv": [21, 2], "uv_size": [1, 1]},
								"down": {"uv": [3, 22], "uv_size": [1, -1]}
							}
						},
						{
							"origin": [0.00806, -1.45094, -38.85176],
							"size": [1, 1.32908, 1.70351],
							"pivot": [-1.03728, 0.60538, -38],
							"rotation": [-90, 0, 0],
							"uv": {
								"east": {"uv": [21, 3], "uv_size": [1, 1]},
								"up": {"uv": [4, 21], "uv_size": [1, 1]},
								"down": {"uv": [21, 5], "uv_size": [1, -1]}
							}
						},
						{
							"origin": [0.00806, -1.45094, -38.85176],
							"size": [1, 1.32908, 1.70351],
							"pivot": [-1.03728, 0.60538, -38],
							"rotation": [45, 0, 0],
							"uv": {
								"east": {"uv": [5, 21], "uv_size": [1, 1]},
								"up": {"uv": [21, 5], "uv_size": [1, 1]},
								"down": {"uv": [6, 22], "uv_size": [1, -1]}
							}
						},
						{
							"origin": [0.00806, -1.45094, -38.85176],
							"size": [1, 1.32908, 1.70351],
							"uv": {
								"east": {"uv": [21, 6], "uv_size": [1, 1]},
								"up": {"uv": [7, 21], "uv_size": [1, 1]},
								"down": {"uv": [21, 8], "uv_size": [1, -1]}
							}
						},
						{
							"origin": [0.00806, -1.45094, -38.85176],
							"size": [1, 1.32908, 1.70351],
							"pivot": [-1.03728, 0.60538, -38],
							"rotation": [135, 0, 0],
							"uv": {
								"east": {"uv": [8, 21], "uv_size": [1, 1]},
								"up": {"uv": [21, 8], "uv_size": [1, 1]},
								"down": {"uv": [9, 22], "uv_size": [1, -1]}
							}
						},
						{
							"origin": [0.00806, -1.45094, -38.85176],
							"size": [1, 1.32908, 1.70351],
							"pivot": [-1.03728, 0.60538, -38],
							"rotation": [90, 0, 0],
							"uv": {
								"east": {"uv": [21, 9], "uv_size": [1, 1]},
								"up": {"uv": [10, 21], "uv_size": [1, 1]},
								"down": {"uv": [21, 11], "uv_size": [1, -1]}
							}
						}
					]
				},
				{
					"name": "bone11",
					"parent": "bone15",
					"pivot": [0, 6.81612, -38],
					"rotation": [0, 0, -90],
					"cubes": [
						{
							"origin": [-6.0164, 6.19052, -38.25913],
							"size": [9.0728, 1.2512, 0.51826],
							"uv": {
								"east": {"uv": [0, 20], "uv_size": [1, 1]},
								"west": {"uv": [1, 20], "uv_size": [1, 1]},
								"up": {"uv": [0, 8], "uv_size": [5, 1]},
								"down": {"uv": [5, 9], "uv_size": [5, -1]}
							}
						},
						{
							"origin": [-6.0164, 6.19052, -38.25913],
							"size": [9.0728, 1.2512, 0.51826],
							"pivot": [0, 6.81612, -38],
							"rotation": [45, 0, 0],
							"uv": {
								"east": {"uv": [2, 20], "uv_size": [1, 1]},
								"west": {"uv": [3, 20], "uv_size": [1, 1]},
								"up": {"uv": [0, 9], "uv_size": [5, 1]},
								"down": {"uv": [5, 10], "uv_size": [5, -1]}
							}
						},
						{
							"origin": [-6.0164, 6.19052, -38.25913],
							"size": [9.0728, 1.2512, 0.51826],
							"pivot": [0, 6.81612, -38],
							"rotation": [90, 0, 0],
							"uv": {
								"east": {"uv": [6, 20], "uv_size": [1, 1]},
								"west": {"uv": [7, 20], "uv_size": [1, 1]},
								"up": {"uv": [10, 8], "uv_size": [5, 1]},
								"down": {"uv": [10, 10], "uv_size": [5, -1]}
							}
						},
						{
							"origin": [-6.0164, 6.19052, -38.25913],
							"size": [9.0728, 1.2512, 0.51826],
							"pivot": [0, 6.81612, -38],
							"rotation": [135, 0, 0],
							"uv": {
								"east": {"uv": [4, 20], "uv_size": [1, 1]},
								"west": {"uv": [5, 20], "uv_size": [1, 1]},
								"up": {"uv": [0, 10], "uv_size": [5, 1]},
								"down": {"uv": [5, 11], "uv_size": [5, -1]}
							}
						}
					]
				},
				{
					"name": "bone13",
					"parent": "bone15",
					"pivot": [0, 7.39684, -38],
					"rotation": [0, 0, -90],
					"cubes": [
						{
							"origin": [2.47568, 6.8901, -38.2099],
							"size": [41, 1.01347, 0.41979],
							"uv": {
								"west": {"uv": [16, 20], "uv_size": [1, 1]},
								"up": {"uv": [0, 0], "uv_size": [21, 1]},
								"down": {"uv": [0, 2], "uv_size": [21, -1]}
							}
						},
						{
							"origin": [2.47568, 6.8901, -38.2099],
							"size": [41, 1.01347, 0.41979],
							"pivot": [0, 7.39684, -38],
							"rotation": [45, 0, 0],
							"uv": {
								"west": {"uv": [20, 16], "uv_size": [1, 1]},
								"up": {"uv": [0, 2], "uv_size": [21, 1]},
								"down": {"uv": [0, 4], "uv_size": [21, -1]}
							}
						},
						{
							"origin": [2.47568, 6.8901, -38.2099],
							"size": [41, 1.01347, 0.41979],
							"pivot": [0, 7.39684, -38],
							"rotation": [90, 0, 0],
							"uv": {
								"west": {"uv": [17, 20], "uv_size": [1, 1]},
								"up": {"uv": [0, 4], "uv_size": [21, 1]},
								"down": {"uv": [0, 6], "uv_size": [21, -1]}
							}
						},
						{
							"origin": [2.47568, 6.8901, -38.2099],
							"size": [41, 1.01347, 0.41979],
							"pivot": [0, 7.39684, -38],
							"rotation": [135, 0, 0],
							"uv": {
								"west": {"uv": [20, 17], "uv_size": [1, 1]},
								"up": {"uv": [0, 6], "uv_size": [21, 1]},
								"down": {"uv": [0, 8], "uv_size": [21, -1]}
							}
						}
					]
				},
				{
					"name": "bone12",
					"parent": "bone15",
					"pivot": [0, 6.80484, -38],
					"rotation": [0, 0, -90],
					"cubes": [
						{
							"origin": [0.06768, 6.05412, -38.31096],
							"size": [0.4, 1.50144, 0.62192],
							"uv": {
								"east": {"uv": [8, 20], "uv_size": [1, 1]},
								"west": {"uv": [20, 8], "uv_size": [1, 1]},
								"up": {"uv": [9, 20], "uv_size": [1, 1]},
								"down": {"uv": [20, 10], "uv_size": [1, -1]}
							}
						},
						{
							"origin": [0.06768, 6.05412, -38.31096],
							"size": [0.4, 1.50144, 0.62192],
							"pivot": [0, 6.80484, -38],
							"rotation": [45, 0, 0],
							"uv": {
								"east": {"uv": [10, 20], "uv_size": [1, 1]},
								"west": {"uv": [20, 10], "uv_size": [1, 1]},
								"up": {"uv": [11, 20], "uv_size": [1, 1]},
								"down": {"uv": [20, 12], "uv_size": [1, -1]}
							}
						},
						{
							"origin": [0.06768, 6.05412, -38.31096],
							"size": [0.4, 1.50144, 0.62192],
							"pivot": [0, 6.80484, -38],
							"rotation": [90, 0, 0],
							"uv": {
								"east": {"uv": [12, 20], "uv_size": [1, 1]},
								"west": {"uv": [20, 12], "uv_size": [1, 1]},
								"up": {"uv": [13, 20], "uv_size": [1, 1]},
								"down": {"uv": [20, 14], "uv_size": [1, -1]}
							}
						},
						{
							"origin": [0.06768, 6.05412, -38.31096],
							"size": [0.4, 1.50144, 0.62192],
							"pivot": [0, 6.80484, -38],
							"rotation": [135, 0, 0],
							"uv": {
								"east": {"uv": [14, 20], "uv_size": [1, 1]},
								"west": {"uv": [20, 14], "uv_size": [1, 1]},
								"up": {"uv": [15, 20], "uv_size": [1, 1]},
								"down": {"uv": [20, 16], "uv_size": [1, -1]}
							}
						}
					]
				},
				{
					"name": "Lefthand",
					"parent": "bone",
					"pivot": [-0.02562, -1.69984, -10.17369],
					"rotation": [-78.7128, -62.43386, -156.99397],
					"cubes": [
						{
							"origin": [-2.02562, -2.69984, -12.17369],
							"size": [4, 12, 4],
							"uv": {
								"north": {"uv": [10.5, 12.25], "uv_size": [-1.25, -1]},
								"east": {"uv": [10.5, 12.25], "uv_size": [-1.25, -1]},
								"south": {"uv": [10.5, 12.25], "uv_size": [-1.25, -1]},
								"west": {"uv": [1.5, 7.25], "uv_size": [-1.25, -1]},
								"up": {"uv": [9.25, 11.25], "uv_size": [1.25, 1]},
								"down": {"uv": [9.25, 11.25], "uv_size": [1.25, 1]}
							}
						}
					]
				},
				{
					"name": "Righthand",
					"parent": "bone",
					"pivot": [-1.16248, -2.07076, 2.91014],
					"rotation": [-84.20154, 23.24966, -151.44156],
					"cubes": [
						{
							"origin": [-3.16248, -3.07076, 0.91014],
							"size": [4, 12, 4],
							"uv": {
								"north": {"uv": [11.5, 16], "uv_size": [-0.5, -1.5]},
								"east": {"uv": [5.5, 7], "uv_size": [-1.5, -1.5]},
								"south": {"uv": [11.5, 16], "uv_size": [-0.5, -1.5]},
								"west": {"uv": [11.5, 16], "uv_size": [-0.5, -1.5]},
								"up": {"uv": [11, 14.5], "uv_size": [0.5, 1.5]},
								"down": {"uv": [11, 14.5], "uv_size": [0.5, 1.5]}
							}
						}
					]
				},
				{
					"name": "camera",
					"pivot": [3.17141, 5.16276, 9.77702]
				}
			]
		}
	]
}