{
	"format_version": "1.12.0",
	"minecraft:geometry": [
		{
			"description": {
				"identifier": "geometry.unknown",
				"texture_width": 16,
				"texture_height": 16,
				"visible_bounds_width": 2,
				"visible_bounds_height": 1.5,
				"visible_bounds_offset": [0, 0.25, 0]
			},
			"bones": [
				{
					"name": "bone",
					"pivot": [0, 0, 0],
					"cubes": [
						{
							"origin": [-2.5, 0, -2.5],
							"size": [5, 2, 6],
							"uv": {
								"north": {"uv": [10, 0], "uv_size": [5, 2]},
								"east": {"uv": [0, 9], "uv_size": [6, 2]},
								"south": {"uv": [10, 2], "uv_size": [5, 2]},
								"west": {"uv": [6, 9], "uv_size": [6, 2]},
								"up": {"uv": [0, 0], "uv_size": [5, 6]},
								"down": {"uv": [5, 6], "uv_size": [5, -6]}
							}
						},
						{
							"origin": [-0.375, 2.24211, -3.25967],
							"size": [0.75, 0.01, 2.5],
							"uv": {
								"up": {"uv": [10, 12], "uv_size": [1, 2.5]}
							}
						},
						{
							"origin": [-0.375, 2.24211, -3.25967],
							"size": [0.75, 0.01, 2.5],
							"pivot": [0, 2.24711, -2.00967],
							"rotation": [0, 90, 0],
							"uv": {
								"up": {"uv": [11, 12], "uv_size": [1, 2.5]}
							}
						},
						{
							"origin": [-2.5, 0, -3.5],
							"size": [5, 0.25, 1],
							"uv": {
								"east": {"uv": [9, 13], "uv_size": [1, 0.5]},
								"west": {"uv": [12, 13], "uv_size": [1, 0.5]},
								"up": {"uv": [10, 8], "uv_size": [5, 1]},
								"down": {"uv": [0, 12], "uv_size": [5, -1]}
							}
						},
						{
							"origin": [-2.5, 0.31694, -3.76517],
							"size": [5, 0.25, 0.5],
							"pivot": [0, 0.44194, -3.76517],
							"rotation": [-45, 0, 0],
							"uv": {
								"east": {"uv": [3, 14], "uv_size": [0.5, 0.5]},
								"west": {"uv": [4, 14], "uv_size": [0.5, 0.5]},
								"up": {"uv": [5, 11], "uv_size": [5, 0.5]},
								"down": {"uv": [10, 11.5], "uv_size": [5, -0.5]}
							}
						},
						{
							"origin": [-2.5, 2.02872, -3.41161],
							"size": [5, 0.25, 0.5],
							"pivot": [0, 2.15372, -3.41161],
							"rotation": [-135, 0, 0],
							"uv": {
								"east": {"uv": [5, 14], "uv_size": [0.5, 0.5]},
								"west": {"uv": [6, 14], "uv_size": [0.5, 0.5]},
								"up": {"uv": [0, 12], "uv_size": [5, 0.5]},
								"down": {"uv": [5, 12.5], "uv_size": [5, -0.5]}
							}
						},
						{
							"origin": [-2.5, 0.72855, -4.76355],
							"size": [5, 0.25, 1.535],
							"pivot": [0, 0.85355, -3.72855],
							"rotation": [-90, 0, 0],
							"uv": {
								"east": {"uv": [5, 13], "uv_size": [1.5, 0.5]},
								"west": {"uv": [7, 13], "uv_size": [1.5, 0.5]},
								"up": {"uv": [10, 4], "uv_size": [5, 1.5]},
								"down": {"uv": [10, 7.5], "uv_size": [5, -1.5]}
							}
						},
						{
							"origin": [-2.5, 1.99211, -5.25],
							"size": [5, 0.25, 2.75],
							"pivot": [0, 2.11711, -3],
							"rotation": [180, 0, 0],
							"uv": {
								"east": {"uv": [12, 12], "uv_size": [3, 0.5]},
								"west": {"uv": [0, 13], "uv_size": [3, 0.5]},
								"up": {"uv": [0, 6], "uv_size": [5, 3]},
								"down": {"uv": [5, 9], "uv_size": [5, -3]}
							}
						},
						{
							"origin": [1.01777, 1.98711, -2.51777],
							"size": [0.75, 0.255, 0.75],
							"pivot": [0, 2.11711, -0.75],
							"rotation": [180, 45, 0],
							"uv": {
								"north": {"uv": [13, 13], "uv_size": [1, 0.5]},
								"west": {"uv": [0, 14], "uv_size": [1, 0.5]},
								"down": {"uv": [3, 14], "uv_size": [1, -1]}
							}
						},
						{
							"origin": [-1.76777, 1.98711, -2.51777],
							"size": [0.75, 0.255, 0.75],
							"pivot": [0, 2.11711, -0.75],
							"rotation": [180, -45, 0],
							"uv": {
								"north": {"uv": [1, 14], "uv_size": [1, 0.5]},
								"east": {"uv": [2, 14], "uv_size": [1, 0.5]},
								"down": {"uv": [4, 14], "uv_size": [1, -1]}
							}
						},
						{
							"origin": [-1.97, 1.99211, -0.96967],
							"size": [3.94, 0.25, 0.54],
							"pivot": [-1.595, 2.11711, -0.59467],
							"rotation": [180, 0, 0],
							"uv": {
								"north": {"uv": [12, 9], "uv_size": [4, 0.5]},
								"east": {"uv": [7, 14], "uv_size": [0.5, 0.5]},
								"down": {"uv": [12, 10.5], "uv_size": [4, -0.5]}
							}
						}
					]
				}
			]
		}
	]
}