{
	"format_version": "1.12.0",
	"minecraft:geometry": [
		{
			"description": {
				"identifier": "geometry.unknown",
				"texture_width": 32,
				"texture_height": 32,
				"visible_bounds_width": 3,
				"visible_bounds_height": 2.5,
				"visible_bounds_offset": [0, 0.75, 0]
			},
			"bones": [
				{
					"name": "ptkm",
					"pivot": [0, 0, 0]
				},
				{
					"name": "body",
					"parent": "ptkm",
					"pivot": [0, 0, 0]
				},
				{
					"name": "zhu",
					"parent": "body",
					"pivot": [0, 0, 0],
					"cubes": [
						{
							"origin": [-1.6704, -0.6919, -1.5],
							"size": [3.3408, 1.3838, 1],
							"pivot": [0, 0, 0],
							"rotation": [-90, 45, 0],
							"uv": {
								"north": {"uv": [12, 15], "uv_size": [3.5, 1.5]},
								"east": {"uv": [19, 21], "uv_size": [1, 1.5]},
								"west": {"uv": [1, 22], "uv_size": [1, 1.5]}
							}
						},
						{
							"origin": [-1.6704, -0.6919, -1.5],
							"size": [3.3408, 1.3838, 1],
							"pivot": [0, 0, 0],
							"rotation": [0, 90, 90],
							"uv": {
								"north": {"uv": [16, 0], "uv_size": [3.5, 1.5]},
								"east": {"uv": [2, 22], "uv_size": [1, 1.5]},
								"west": {"uv": [3, 22], "uv_size": [1, 1.5]}
							}
						},
						{
							"origin": [-1.6704, -0.6919, -1.5],
							"size": [3.3408, 1.3838, 1],
							"pivot": [0, 0, 0],
							"rotation": [90, 45, 180],
							"uv": {
								"north": {"uv": [16, 2], "uv_size": [3.5, 1.5]},
								"east": {"uv": [22, 3], "uv_size": [1, 1.5]},
								"west": {"uv": [4, 22], "uv_size": [1, 1.5]}
							}
						},
						{
							"origin": [-1.6704, -0.6919, -1.5],
							"size": [3.3408, 1.3838, 1],
							"pivot": [0, 0, 0],
							"rotation": [90, 0, -180],
							"uv": {
								"north": {"uv": [16, 4], "uv_size": [3.5, 1.5]},
								"east": {"uv": [5, 22], "uv_size": [1, 1.5]},
								"west": {"uv": [6, 22], "uv_size": [1, 1.5]}
							}
						},
						{
							"origin": [-1.1704, -0.5569, -3.005],
							"size": [2.8408, 1.2488, 1.505],
							"pivot": [0, 0, 0],
							"rotation": [90, 0, -180],
							"uv": {
								"east": {"uv": [16, 8], "uv_size": [1.5, 1]},
								"west": {"uv": [21, 22], "uv_size": [1.5, 1]}
							}
						},
						{
							"origin": [1.1704, 2.605, -0.0569],
							"size": [0.1, 0.25, 0.25],
							"pivot": [1.2204, 2.73, 0.0681],
							"rotation": [135, 0, -180],
							"uv": {
								"north": {"uv": [0, 30], "uv_size": [0.5, 0.5]},
								"east": {"uv": [30, 0], "uv_size": [0.5, 0.5]},
								"south": {"uv": [1, 30], "uv_size": [0.5, 0.5]},
								"up": {"uv": [30, 1], "uv_size": [0.5, 0.5]},
								"down": {"uv": [2, 30.5], "uv_size": [0.5, -0.5]}
							}
						},
						{
							"origin": [0.9204, 2.105, -0.0569],
							"size": [0.35, 0.25, 0.25],
							"pivot": [1.2204, 2.23, 0.0681],
							"rotation": [135, 0, -180],
							"uv": {
								"north": {"uv": [30, 2], "uv_size": [0.5, 0.5]},
								"east": {"uv": [3, 30], "uv_size": [0.5, 0.5]},
								"south": {"uv": [30, 3], "uv_size": [0.5, 0.5]},
								"up": {"uv": [4, 30], "uv_size": [0.5, 0.5]},
								"down": {"uv": [30, 4.5], "uv_size": [0.5, -0.5]}
							}
						},
						{
							"origin": [0.9204, 2.105, -0.5569],
							"size": [0.35, 0.25, 0.25],
							"pivot": [1.2204, 2.23, -0.4319],
							"rotation": [135, 0, -180],
							"uv": {
								"north": {"uv": [5, 30], "uv_size": [0.5, 0.5]},
								"east": {"uv": [30, 5], "uv_size": [0.5, 0.5]},
								"south": {"uv": [6, 30], "uv_size": [0.5, 0.5]},
								"up": {"uv": [30, 6], "uv_size": [0.5, 0.5]},
								"down": {"uv": [7, 30.5], "uv_size": [0.5, -0.5]}
							}
						},
						{
							"origin": [1.0704, 1.905, -1.0569],
							"size": [0.2, 0.2, 0.2],
							"pivot": [1.2204, 1.98, -0.9319],
							"rotation": [135, 0, -180],
							"uv": {
								"north": {"uv": [30, 7], "uv_size": [0.5, 0.5]},
								"east": {"uv": [8, 30], "uv_size": [0.5, 0.5]},
								"south": {"uv": [30, 8], "uv_size": [0.5, 0.5]},
								"up": {"uv": [9, 30], "uv_size": [0.5, 0.5]},
								"down": {"uv": [30, 9.5], "uv_size": [0.5, -0.5]}
							}
						},
						{
							"origin": [-1.1704, -0.5569, -3.245],
							"size": [2.8408, 0.8888, 0.24],
							"pivot": [0, 0, 0],
							"rotation": [90, 0, -180],
							"uv": {
								"east": {"uv": [11, 29], "uv_size": [0.5, 1]},
								"west": {"uv": [12, 29], "uv_size": [0.5, 1]}
							}
						},
						{
							"origin": [-1.6704, -0.6919, -3.5],
							"size": [3.3408, 0.1338, 2],
							"pivot": [0, 0, 0],
							"rotation": [90, 0, -180],
							"uv": {
								"north": {"uv": [21, 11], "uv_size": [3.5, 0.5]},
								"east": {"uv": [27, 3], "uv_size": [2, 0.5]},
								"west": {"uv": [27, 4], "uv_size": [2, 0.5]},
								"up": {"uv": [8, 7], "uv_size": [3.5, 2]}
							}
						},
						{
							"origin": [-1.1704, 2.44986, -0.2477],
							"size": [2.8408, 1.3388, 0.25],
							"pivot": [0, 2.51676, 0.7523],
							"rotation": [75, 0, -180],
							"uv": {
								"north": {"uv": [16, 6], "uv_size": [3, 1.5]},
								"east": {"uv": [22, 27], "uv_size": [0.5, 1.5]},
								"west": {"uv": [23, 27], "uv_size": [0.5, 1.5]}
							}
						},
						{
							"origin": [-1.4704, -0.8619, -3.5],
							"size": [2.9408, 0.17, 0.25],
							"pivot": [0, 0, 0],
							"rotation": [90, 0, -180],
							"uv": {
								"north": {"uv": [9, 22], "uv_size": [3, 0.5]}
							}
						},
						{
							"origin": [-1.6704, -0.6919, -3.5],
							"size": [0.1908, 1.3838, 2],
							"pivot": [0, 0, 0],
							"rotation": [-90, 45, 0],
							"uv": {
								"north": {"uv": [18, 27], "uv_size": [0.5, 1.5]},
								"east": {"uv": [10, 20], "uv_size": [2, 1.5]}
							}
						},
						{
							"origin": [-1.6704, -0.6919, -3.5],
							"size": [0.9908, 1.3838, 2],
							"pivot": [0, 0, 0],
							"rotation": [0, 90, 90],
							"uv": {
								"north": {"uv": [8, 22], "uv_size": [1, 1.5]},
								"east": {"uv": [8, 20], "uv_size": [2, 1.5]}
							}
						},
						{
							"origin": [-1.6704, -0.6919, -3.5],
							"size": [0.1908, 1.3838, 2],
							"pivot": [0, 0, 0],
							"rotation": [90, 45, 180],
							"uv": {
								"north": {"uv": [17, 27], "uv_size": [0.5, 1.5]},
								"east": {"uv": [20, 3], "uv_size": [2, 1.5]}
							}
						},
						{
							"origin": [-1.4796, -0.4919, -3.5],
							"size": [0.38, 0.7838, 0.25],
							"pivot": [0, 0, 0],
							"rotation": [90, 45, 180],
							"uv": {
								"north": {"uv": [9, 29], "uv_size": [0.5, 1]}
							}
						},
						{
							"origin": [1.0996, -0.4919, -3.5],
							"size": [0.38, 0.7838, 0.25],
							"pivot": [0, 0, 0],
							"rotation": [90, -45, -180],
							"uv": {
								"north": {"uv": [29, 9], "uv_size": [0.5, 1]}
							}
						},
						{
							"origin": [-1.6704, -1.0269, -3.5],
							"size": [0.1908, 1.3838, 1.665],
							"pivot": [0, -0.335, 0],
							"rotation": [-90, -45, 0],
							"uv": {
								"north": {"uv": [20, 27], "uv_size": [0.5, 1.5]},
								"east": {"uv": [16, 21], "uv_size": [1.5, 1.5]}
							}
						},
						{
							"origin": [-1.6704, -1.0269, -3.5],
							"size": [0.9808, 1.3838, 1.665],
							"pivot": [0, -0.335, 0],
							"rotation": [0, -90, -90],
							"uv": {
								"north": {"uv": [12, 22], "uv_size": [1, 1.5]},
								"east": {"uv": [14, 21], "uv_size": [1.5, 1.5]}
							}
						},
						{
							"origin": [-1.6704, -0.3219, -3.5],
							"size": [0.3408, 0.6788, 1.665],
							"pivot": [0, -0.335, 0],
							"rotation": [90, -45, 180],
							"uv": {
								"north": {"uv": [29, 28], "uv_size": [0.5, 0.5]},
								"east": {"uv": [27, 10], "uv_size": [1.5, 0.5]}
							}
						},
						{
							"origin": [0.6896, -1.5269, -3.5],
							"size": [0.4808, 0.5, 1.665],
							"pivot": [0, -0.335, 0],
							"rotation": [-90, 0, 0],
							"uv": {
								"north": {"uv": [29, 29], "uv_size": [0.5, 0.5]},
								"west": {"uv": [27, 19], "uv_size": [1.5, 0.5]}
							}
						},
						{
							"origin": [-1.4796, -0.8269, -3.5],
							"size": [0.38, 0.7838, 0.25],
							"pivot": [0, -0.335, 0],
							"rotation": [-90, -45, 0],
							"uv": {
								"north": {"uv": [29, 10], "uv_size": [0.5, 1]}
							}
						},
						{
							"origin": [-1.4704, -1.1969, -3.5],
							"size": [0.7908, 0.17, 0.25],
							"pivot": [0, -0.335, 0],
							"rotation": [-90, 0, 0],
							"uv": {
								"north": {"uv": [10, 29], "uv_size": [1, 0.5]}
							}
						}
					]
				},
				{
					"name": "zhu2",
					"parent": "body",
					"pivot": [0, 3.5005, 0.5],
					"cubes": [
						{
							"origin": [-1.51349, 9.87738, -0.6955],
							"size": [3.02699, 0.29524, 1.391],
							"pivot": [0, 10.025, 0],
							"rotation": [90, 0, 0],
							"uv": {
								"north": {"uv": [16, 23], "uv_size": [3, 0.5]},
								"east": {"uv": [27, 23], "uv_size": [1.5, 0.5]},
								"south": {"uv": [21, 23], "uv_size": [3, 0.5]},
								"west": {"uv": [27, 24], "uv_size": [1.5, 0.5]},
								"up": {"uv": [18, 8], "uv_size": [3, 1.5]},
								"down": {"uv": [18, 11.5], "uv_size": [3, -1.5]}
							}
						},
						{
							"origin": [-1.56349, 10.4705, -0.075],
							"size": [3.12699, 0.15, 0.15],
							"pivot": [0, 10.5455, 0],
							"rotation": [45, 0, 0],
							"uv": {
								"north": {"uv": [2, 24], "uv_size": [3, 0.5]},
								"east": {"uv": [31, 0], "uv_size": [0.5, 0.5]},
								"south": {"uv": [24, 3], "uv_size": [3, 0.5]},
								"west": {"uv": [1, 31], "uv_size": [0.5, 0.5]},
								"up": {"uv": [24, 4], "uv_size": [3, 0.5]},
								"down": {"uv": [24, 8.5], "uv_size": [3, -0.5]}
							}
						},
						{
							"origin": [-1.56349, 9.4205, -0.075],
							"size": [3.12699, 0.15, 0.15],
							"pivot": [0, 9.4955, 0],
							"rotation": [45, 0, 0],
							"uv": {
								"north": {"uv": [24, 9], "uv_size": [3, 0.5]},
								"east": {"uv": [31, 1], "uv_size": [0.5, 0.5]},
								"south": {"uv": [24, 10], "uv_size": [3, 0.5]},
								"west": {"uv": [2, 31], "uv_size": [0.5, 0.5]},
								"up": {"uv": [16, 24], "uv_size": [3, 0.5]},
								"down": {"uv": [24, 19.5], "uv_size": [3, -0.5]}
							}
						},
						{
							"origin": [-1.36349, 11.1705, -0.075],
							"size": [2.72699, 0.15, 0.15],
							"pivot": [0, 11.2455, 0],
							"rotation": [45, -45, 0],
							"uv": {
								"north": {"uv": [25, 22], "uv_size": [2.5, 0.5]},
								"east": {"uv": [31, 2], "uv_size": [0.5, 0.5]},
								"south": {"uv": [2, 26], "uv_size": [2.5, 0.5]},
								"west": {"uv": [3, 31], "uv_size": [0.5, 0.5]},
								"up": {"uv": [26, 5], "uv_size": [2.5, 0.5]},
								"down": {"uv": [9, 26.5], "uv_size": [2.5, -0.5]}
							}
						},
						{
							"origin": [-1.36349, 3.7705, -0.075],
							"size": [2.72699, 0.15, 0.15],
							"pivot": [0, 3.8455, 0],
							"rotation": [45, 0, 0],
							"uv": {
								"north": {"uv": [22, 26], "uv_size": [2.5, 0.5]},
								"east": {"uv": [31, 4], "uv_size": [0.5, 0.5]},
								"south": {"uv": [26, 25], "uv_size": [2.5, 0.5]},
								"west": {"uv": [5, 31], "uv_size": [0.5, 0.5]},
								"up": {"uv": [26, 26], "uv_size": [2.5, 0.5]},
								"down": {"uv": [2, 27.5], "uv_size": [2.5, -0.5]}
							}
						},
						{
							"origin": [-1.36349, 11.1705, -0.075],
							"size": [2.72699, 0.15, 0.15],
							"pivot": [0, 11.2455, 0],
							"rotation": [45, 45, 0],
							"uv": {
								"north": {"uv": [26, 12], "uv_size": [2.5, 0.5]},
								"east": {"uv": [31, 3], "uv_size": [0.5, 0.5]},
								"south": {"uv": [16, 26], "uv_size": [2.5, 0.5]},
								"west": {"uv": [4, 31], "uv_size": [0.5, 0.5]},
								"up": {"uv": [26, 17], "uv_size": [2.5, 0.5]},
								"down": {"uv": [26, 18.5], "uv_size": [2.5, -0.5]}
							}
						},
						{
							"origin": [-1.76349, 9.77738, -0.9455],
							"size": [3.52699, 0.49524, 1.891],
							"pivot": [0, 10.025, 0],
							"rotation": [165, 0, 0],
							"uv": {
								"north": {"uv": [21, 20], "uv_size": [3.5, 0.5]},
								"east": {"uv": [27, 7], "uv_size": [2, 0.5]},
								"south": {"uv": [21, 21], "uv_size": [3.5, 0.5]},
								"west": {"uv": [8, 27], "uv_size": [2, 0.5]},
								"up": {"uv": [12, 7], "uv_size": [3.5, 2]},
								"down": {"uv": [0, 15], "uv_size": [3.5, -2]}
							}
						},
						{
							"origin": [-1.33632, 5.74648, -1.95],
							"size": [2.67264, 1.10704, 7.05],
							"pivot": [0, 6.3, 0],
							"rotation": [90, 45, 0],
							"uv": {
								"east": {"uv": [0, 9], "uv_size": [7, 1]},
								"south": {"uv": [1, 21], "uv_size": [2.5, 1]},
								"west": {"uv": [7, 9], "uv_size": [7, 1]}
							}
						},
						{
							"origin": [-1.33632, 5.74648, -1.95],
							"size": [2.67264, 1.10704, 7.05],
							"pivot": [0, 6.3, 0],
							"rotation": [0, 90, -90],
							"uv": {
								"east": {"uv": [0, 10], "uv_size": [7, 1]},
								"south": {"uv": [4, 21], "uv_size": [2.5, 1]},
								"west": {"uv": [7, 10], "uv_size": [7, 1]}
							}
						},
						{
							"origin": [-1.68632, 5.29648, 3.4],
							"size": [0.77264, 1.80704, 1.65],
							"pivot": [-0.1, 6.3, 0],
							"rotation": [0, 90, -90],
							"uv": {
								"north": {"uv": [7, 21], "uv_size": [1, 2]},
								"east": {"uv": [12, 20], "uv_size": [1.5, 2]},
								"south": {"uv": [18, 21], "uv_size": [1, 2]},
								"up": {"uv": [19, 23], "uv_size": [1, 1.5]},
								"down": {"uv": [1, 25.5], "uv_size": [1, -1.5]}
							}
						},
						{
							"origin": [-2.31132, 5.79648, 3.4],
							"size": [0.75, 1.05704, 1.65],
							"pivot": [0.025, 6.3, 0],
							"rotation": [0, 90, -90],
							"uv": {
								"north": {"uv": [29, 19], "uv_size": [0.5, 1]},
								"east": {"uv": [23, 22], "uv_size": [1.5, 1]},
								"south": {"uv": [20, 29], "uv_size": [0.5, 1]},
								"up": {"uv": [24, 27], "uv_size": [0.5, 1.5]},
								"down": {"uv": [26, 28.5], "uv_size": [0.5, -1.5]}
							}
						},
						{
							"origin": [-1.96132, 5.54648, 3.4],
							"size": [0.4, 1.55704, 0.65],
							"pivot": [0.025, 6.3, 0],
							"rotation": [0, 90, -90],
							"uv": {
								"east": {"uv": [27, 27], "uv_size": [0.5, 1.5]},
								"south": {"uv": [0, 28], "uv_size": [0.5, 1.5]},
								"up": {"uv": [18, 30], "uv_size": [0.5, 0.5]},
								"down": {"uv": [30, 18.5], "uv_size": [0.5, -0.5]}
							}
						},
						{
							"origin": [-2.18632, 5.04648, 3.25],
							"size": [0.55, 2.30704, 0.15],
							"pivot": [-0.1, 6.3, 0],
							"rotation": [0, 90, -90],
							"uv": {
								"north": {"uv": [5, 24], "uv_size": [0.5, 2.5]},
								"east": {"uv": [6, 24], "uv_size": [0.5, 2.5]},
								"south": {"uv": [8, 24], "uv_size": [0.5, 2.5]},
								"west": {"uv": [12, 24], "uv_size": [0.5, 2.5]},
								"up": {"uv": [15, 30], "uv_size": [0.5, 0.5]},
								"down": {"uv": [30, 15.5], "uv_size": [0.5, -0.5]}
							}
						},
						{
							"origin": [-0.075, 6.24648, -1.43868],
							"size": [0.15, 0.30704, 5.8],
							"pivot": [0, 6.4, 1.46132],
							"rotation": [0, 90, -90],
							"uv": {
								"east": {"uv": [20, 5], "uv_size": [6, 0.5]},
								"west": {"uv": [14, 20], "uv_size": [6, 0.5]},
								"up": {"uv": [20, 20], "uv_size": [0.5, 6]},
								"down": {"uv": [0, 27], "uv_size": [0.5, -6]}
							}
						},
						{
							"origin": [-0.075, 11.14406, 0.58996],
							"size": [0.15, 0.30704, 0.55],
							"pivot": [0, 11.29758, 3.48996],
							"rotation": [0, 45, -90],
							"uv": {
								"east": {"uv": [16, 30], "uv_size": [0.5, 0.5]},
								"west": {"uv": [30, 16], "uv_size": [0.5, 0.5]},
								"up": {"uv": [17, 30], "uv_size": [0.5, 0.5]},
								"down": {"uv": [30, 17.5], "uv_size": [0.5, -0.5]}
							}
						},
						{
							"origin": [-1.33632, 5.74648, -1.95],
							"size": [2.67264, 1.10704, 7.05],
							"pivot": [0, 6.3, 0],
							"rotation": [-90, 45, -180],
							"uv": {
								"east": {"uv": [0, 11], "uv_size": [7, 1]},
								"south": {"uv": [21, 8], "uv_size": [2.5, 1]},
								"west": {"uv": [7, 11], "uv_size": [7, 1]}
							}
						},
						{
							"origin": [-1.33632, 5.74648, -1.95],
							"size": [2.67264, 1.10704, 7.05],
							"pivot": [0, 6.3, 0],
							"rotation": [-90, 0, 180],
							"uv": {
								"east": {"uv": [0, 12], "uv_size": [7, 1]},
								"south": {"uv": [21, 9], "uv_size": [2.5, 1]},
								"west": {"uv": [7, 12], "uv_size": [7, 1]}
							}
						},
						{
							"origin": [-1.33628, 5.74648, -2.404],
							"size": [2.6726, 0.99904, 0.454],
							"pivot": [0, 6.3, 0],
							"rotation": [-90, 0, 180],
							"uv": {
								"east": {"uv": [29, 12], "uv_size": [0.5, 1]},
								"west": {"uv": [13, 29], "uv_size": [0.5, 1]}
							}
						},
						{
							"origin": [-1.33628, 6.03448, -2.596],
							"size": [2.6726, 0.71104, 0.192],
							"pivot": [0, 6.3, 0],
							"rotation": [-90, 0, 180],
							"uv": {
								"east": {"uv": [10, 30], "uv_size": [0.5, 0.5]},
								"west": {"uv": [30, 10], "uv_size": [0.5, 0.5]}
							}
						},
						{
							"origin": [-1.33628, 6.09863, -2.88474],
							"size": [2.6726, 0.04604, 0.132],
							"pivot": [0, 6.36415, -0.28874],
							"rotation": [-90, 0, 180],
							"uv": {
								"east": {"uv": [14, 30], "uv_size": [0.5, 0.5]},
								"west": {"uv": [30, 14], "uv_size": [0.5, 0.5]}
							}
						},
						{
							"origin": [-1.33632, 6.74648, -2.8],
							"size": [2.67264, 0.10704, 0.85],
							"pivot": [0, 6.3, 0],
							"rotation": [-90, 0, 180],
							"uv": {
								"north": {"uv": [21, 24], "uv_size": [2.5, 0.5]},
								"east": {"uv": [29, 13], "uv_size": [1, 0.5]},
								"west": {"uv": [14, 29], "uv_size": [1, 0.5]}
							}
						},
						{
							"origin": [-1.33628, 3.30407, -0.19816],
							"size": [2.6726, 1.03604, 0.2],
							"pivot": [0, 4.28659, 0.60184],
							"rotation": [-75, 0, 180],
							"uv": {
								"north": {"uv": [21, 10], "uv_size": [2.5, 1]},
								"east": {"uv": [29, 14], "uv_size": [0.5, 1]},
								"west": {"uv": [15, 29], "uv_size": [0.5, 1]}
							}
						},
						{
							"origin": [-1.17632, 6.85352, -2.8],
							"size": [2.35264, 0.136, 0.2],
							"pivot": [0, 6.3, 0],
							"rotation": [-90, 0, 180],
							"uv": {
								"north": {"uv": [24, 23], "uv_size": [2.5, 0.5]}
							}
						},
						{
							"origin": [-1.33632, 5.74648, -2.8],
							"size": [0.15264, 1.10704, 0.85],
							"pivot": [0, 6.3, 0],
							"rotation": [90, 45, 0],
							"uv": {
								"north": {"uv": [29, 15], "uv_size": [0.5, 1]},
								"east": {"uv": [20, 26], "uv_size": [1, 1]}
							}
						},
						{
							"origin": [-1.33632, 5.74648, -2.8],
							"size": [0.79264, 1.10704, 0.85],
							"pivot": [0, 6.3, 0],
							"rotation": [0, 90, -90],
							"uv": {
								"north": {"uv": [0, 27], "uv_size": [1, 1]},
								"east": {"uv": [5, 27], "uv_size": [1, 1]}
							}
						},
						{
							"origin": [-1.33632, 5.74648, -2.8],
							"size": [0.15264, 1.10704, 0.85],
							"pivot": [0, 6.3, 0],
							"rotation": [-90, 45, -180],
							"uv": {
								"north": {"uv": [16, 29], "uv_size": [0.5, 1]},
								"east": {"uv": [6, 27], "uv_size": [1, 1]}
							}
						},
						{
							"origin": [-1.18368, 6.06648, -2.8],
							"size": [0.304, 0.62704, 0.2],
							"pivot": [0, 6.3, 0],
							"rotation": [-90, 45, -180],
							"uv": {
								"north": {"uv": [11, 30], "uv_size": [0.5, 0.5]}
							}
						},
						{
							"origin": [0.87968, 6.06648, -2.8],
							"size": [0.304, 0.62704, 0.2],
							"pivot": [0, 6.3, 0],
							"rotation": [-90, -45, 180],
							"uv": {
								"north": {"uv": [30, 11], "uv_size": [0.5, 0.5]}
							}
						},
						{
							"origin": [-1.33632, 6.01448, -2.8],
							"size": [0.15264, 1.10704, 0.582],
							"pivot": [0, 6.568, 0],
							"rotation": [90, -45, 0],
							"uv": {
								"north": {"uv": [29, 16], "uv_size": [0.5, 1]},
								"east": {"uv": [17, 29], "uv_size": [0.5, 1]}
							}
						},
						{
							"origin": [1.18368, 6.01448, -2.8],
							"size": [0.15264, 1.10704, 0.582],
							"pivot": [0, 6.568, 0],
							"rotation": [90, 45, 0],
							"uv": {
								"north": {"uv": [18, 29], "uv_size": [0.5, 1]},
								"west": {"uv": [29, 18], "uv_size": [0.5, 1]}
							}
						},
						{
							"origin": [-1.33632, 6.01448, -2.8],
							"size": [0.78464, 1.10704, 0.582],
							"pivot": [0, 6.568, 0],
							"rotation": [0, -90, 90],
							"uv": {
								"north": {"uv": [27, 6], "uv_size": [1, 1]},
								"east": {"uv": [29, 17], "uv_size": [0.5, 1]}
							}
						},
						{
							"origin": [-1.18368, 6.33448, -2.8],
							"size": [0.304, 0.62704, 0.2],
							"pivot": [0, 6.568, 0],
							"rotation": [90, -45, 0],
							"uv": {
								"north": {"uv": [12, 30], "uv_size": [0.5, 0.5]}
							}
						},
						{
							"origin": [-1.17632, 7.12152, -2.8],
							"size": [0.63264, 0.136, 0.2],
							"pivot": [0, 6.568, 0],
							"rotation": [90, 0, 0],
							"uv": {
								"north": {"uv": [30, 12], "uv_size": [0.5, 0.5]}
							}
						},
						{
							"origin": [0.87968, 6.33448, -2.8],
							"size": [0.304, 0.62704, 0.2],
							"pivot": [0, 6.568, 0],
							"rotation": [90, 45, 0],
							"uv": {
								"north": {"uv": [30, 13], "uv_size": [0.5, 0.5]}
							}
						},
						{
							"origin": [0.54368, 7.12152, -2.8],
							"size": [0.63264, 0.136, 0.2],
							"pivot": [0, 6.568, 0],
							"rotation": [90, 0, 0],
							"uv": {
								"north": {"uv": [13, 30], "uv_size": [0.5, 0.5]}
							}
						}
					]
				},
				{
					"name": "bone",
					"parent": "zhu2",
					"pivot": [0, 7.5, 0],
					"cubes": [
						{
							"origin": [-1.56349, 6.85238, 0.6295],
							"size": [3.12699, 1.29524, 0.791],
							"pivot": [0, 7.5, 0],
							"rotation": [0, 90, -90],
							"uv": {
								"north": {"uv": [6, 17], "uv_size": [3, 1.5]},
								"east": {"uv": [10, 23], "uv_size": [1, 1.5]},
								"south": {"uv": [9, 17], "uv_size": [3, 1.5]},
								"west": {"uv": [11, 23], "uv_size": [1, 1.5]}
							}
						},
						{
							"origin": [-1.56349, 6.85238, 0.6295],
							"size": [3.12699, 1.29524, 0.791],
							"pivot": [0, 7.5, 0],
							"rotation": [90, 45, 0],
							"uv": {
								"north": {"uv": [12, 17], "uv_size": [3, 1.5]},
								"east": {"uv": [14, 23], "uv_size": [1, 1.5]},
								"south": {"uv": [15, 17], "uv_size": [3, 1.5]},
								"west": {"uv": [15, 23], "uv_size": [1, 1.5]}
							}
						},
						{
							"origin": [-1.56349, 6.85238, 0.6295],
							"size": [3.12699, 1.29524, 0.791],
							"pivot": [0, 7.5, 0],
							"rotation": [-90, 45, -180],
							"uv": {
								"north": {"uv": [0, 17], "uv_size": [3, 1.5]},
								"east": {"uv": [7, 23], "uv_size": [1, 1.5]},
								"south": {"uv": [3, 17], "uv_size": [3, 1.5]},
								"west": {"uv": [9, 23], "uv_size": [1, 1.5]}
							}
						},
						{
							"origin": [-1.56349, 6.85238, 0.6295],
							"size": [3.12699, 1.29524, 0.791],
							"pivot": [0, 7.5, 0],
							"rotation": [-90, 0, 180],
							"uv": {
								"north": {"uv": [16, 13], "uv_size": [3, 1.5]},
								"east": {"uv": [13, 22], "uv_size": [1, 1.5]},
								"south": {"uv": [16, 15], "uv_size": [3, 1.5]},
								"west": {"uv": [23, 3], "uv_size": [1, 1.5]}
							}
						}
					]
				},
				{
					"name": "mic",
					"parent": "zhu2",
					"pivot": [0, 0, 0]
				},
				{
					"name": "m",
					"parent": "mic",
					"pivot": [1.10556, 8.4705, -1.10556],
					"rotation": [0, -45, 0],
					"cubes": [
						{
							"origin": [1.05556, 6.42288, -2.35556],
							"size": [0.1, 0.09524, 2.5],
							"pivot": [1.10556, 6.4705, -1.10556],
							"rotation": [90, 0, 0],
							"uv": {
								"north": {"uv": [19, 30], "uv_size": [0.5, 0.5]},
								"east": {"uv": [24, 24], "uv_size": [2.5, 0.5]},
								"south": {"uv": [30, 19], "uv_size": [0.5, 0.5]},
								"west": {"uv": [2, 25], "uv_size": [2.5, 0.5]},
								"up": {"uv": [13, 24], "uv_size": [0.5, 2.5]},
								"down": {"uv": [7, 27.5], "uv_size": [0.5, -2.5]}
							}
						},
						{
							"origin": [0.95556, 4.27288, -1.90556],
							"size": [0.3, 0.29524, 1.6],
							"pivot": [1.10556, 4.4205, -1.10556],
							"rotation": [90, 0, 0],
							"uv": {
								"north": {"uv": [20, 30], "uv_size": [0.5, 0.5]},
								"east": {"uv": [28, 0], "uv_size": [1.5, 0.5]},
								"south": {"uv": [30, 20], "uv_size": [0.5, 0.5]},
								"west": {"uv": [28, 1], "uv_size": [1.5, 0.5]},
								"up": {"uv": [2, 28], "uv_size": [0.5, 1.5]},
								"down": {"uv": [3, 29.5], "uv_size": [0.5, -1.5]}
							}
						},
						{
							"origin": [1.00556, 7.99788, -1.48056],
							"size": [0.2, 0.19524, 0.75],
							"pivot": [1.10556, 8.0955, -1.10556],
							"rotation": [90, 0, 0],
							"uv": {
								"north": {"uv": [21, 30], "uv_size": [0.5, 0.5]},
								"east": {"uv": [29, 20], "uv_size": [1, 0.5]},
								"south": {"uv": [30, 21], "uv_size": [0.5, 0.5]},
								"west": {"uv": [21, 29], "uv_size": [1, 0.5]},
								"up": {"uv": [29, 21], "uv_size": [0.5, 1]},
								"down": {"uv": [22, 30], "uv_size": [0.5, -1]}
							}
						}
					]
				},
				{
					"name": "mic2",
					"parent": "zhu2",
					"pivot": [0, 0, 0],
					"rotation": [0, -90, 0]
				},
				{
					"name": "m2",
					"parent": "mic2",
					"pivot": [1.10556, 8.4705, -1.10556],
					"rotation": [0, -45, 0],
					"cubes": [
						{
							"origin": [1.05556, 6.42288, -2.35556],
							"size": [0.1, 0.09524, 2.5],
							"pivot": [1.10556, 6.4705, -1.10556],
							"rotation": [90, 0, 0],
							"uv": {
								"north": {"uv": [22, 30], "uv_size": [0.5, 0.5]},
								"east": {"uv": [9, 25], "uv_size": [2.5, 0.5]},
								"south": {"uv": [30, 22], "uv_size": [0.5, 0.5]},
								"west": {"uv": [25, 11], "uv_size": [2.5, 0.5]},
								"up": {"uv": [14, 25], "uv_size": [0.5, 2.5]},
								"down": {"uv": [15, 27.5], "uv_size": [0.5, -2.5]}
							}
						},
						{
							"origin": [0.95556, 4.27288, -1.90556],
							"size": [0.3, 0.29524, 1.6],
							"pivot": [1.10556, 4.4205, -1.10556],
							"rotation": [90, 0, 0],
							"uv": {
								"north": {"uv": [23, 30], "uv_size": [0.5, 0.5]},
								"east": {"uv": [28, 2], "uv_size": [1.5, 0.5]},
								"south": {"uv": [30, 23], "uv_size": [0.5, 0.5]},
								"west": {"uv": [4, 28], "uv_size": [1.5, 0.5]},
								"up": {"uv": [6, 28], "uv_size": [0.5, 1.5]},
								"down": {"uv": [7, 29.5], "uv_size": [0.5, -1.5]}
							}
						},
						{
							"origin": [1.00556, 7.99788, -1.48056],
							"size": [0.2, 0.19524, 0.75],
							"pivot": [1.10556, 8.0955, -1.10556],
							"rotation": [90, 0, 0],
							"uv": {
								"north": {"uv": [24, 30], "uv_size": [0.5, 0.5]},
								"east": {"uv": [29, 22], "uv_size": [1, 0.5]},
								"south": {"uv": [30, 24], "uv_size": [0.5, 0.5]},
								"west": {"uv": [23, 29], "uv_size": [1, 0.5]},
								"up": {"uv": [29, 23], "uv_size": [0.5, 1]},
								"down": {"uv": [24, 30], "uv_size": [0.5, -1]}
							}
						}
					]
				},
				{
					"name": "mic3",
					"parent": "zhu2",
					"pivot": [0, 0, 0],
					"rotation": [0, 180, 0]
				},
				{
					"name": "m3",
					"parent": "mic3",
					"pivot": [1.10556, 8.4705, -1.10556],
					"rotation": [0, -45, 0],
					"cubes": [
						{
							"origin": [1.05556, 6.42288, -2.35556],
							"size": [0.1, 0.09524, 2.5],
							"pivot": [1.10556, 6.4705, -1.10556],
							"rotation": [90, 0, 0],
							"uv": {
								"north": {"uv": [25, 30], "uv_size": [0.5, 0.5]},
								"east": {"uv": [16, 25], "uv_size": [2.5, 0.5]},
								"south": {"uv": [30, 25], "uv_size": [0.5, 0.5]},
								"west": {"uv": [25, 20], "uv_size": [2.5, 0.5]},
								"up": {"uv": [19, 25], "uv_size": [0.5, 2.5]},
								"down": {"uv": [21, 27.5], "uv_size": [0.5, -2.5]}
							}
						},
						{
							"origin": [0.95556, 4.27288, -1.90556],
							"size": [0.3, 0.29524, 1.6],
							"pivot": [1.10556, 4.4205, -1.10556],
							"rotation": [90, 0, 0],
							"uv": {
								"north": {"uv": [26, 30], "uv_size": [0.5, 0.5]},
								"east": {"uv": [28, 6], "uv_size": [1.5, 0.5]},
								"south": {"uv": [30, 26], "uv_size": [0.5, 0.5]},
								"west": {"uv": [8, 28], "uv_size": [1.5, 0.5]},
								"up": {"uv": [28, 8], "uv_size": [0.5, 1.5]},
								"down": {"uv": [28, 14.5], "uv_size": [0.5, -1.5]}
							}
						},
						{
							"origin": [1.00556, 7.99788, -1.48056],
							"size": [0.2, 0.19524, 0.75],
							"pivot": [1.10556, 8.0955, -1.10556],
							"rotation": [90, 0, 0],
							"uv": {
								"north": {"uv": [27, 30], "uv_size": [0.5, 0.5]},
								"east": {"uv": [29, 24], "uv_size": [1, 0.5]},
								"south": {"uv": [30, 27], "uv_size": [0.5, 0.5]},
								"west": {"uv": [25, 29], "uv_size": [1, 0.5]},
								"up": {"uv": [29, 25], "uv_size": [0.5, 1]},
								"down": {"uv": [26, 30], "uv_size": [0.5, -1]}
							}
						}
					]
				},
				{
					"name": "mic4",
					"parent": "zhu2",
					"pivot": [0, 0, 0],
					"rotation": [0, 90, 0]
				},
				{
					"name": "m4",
					"parent": "mic4",
					"pivot": [1.10556, 8.4705, -1.10556],
					"rotation": [0, -45, 0],
					"cubes": [
						{
							"origin": [1.05556, 6.42288, -2.35556],
							"size": [0.1, 0.09524, 2.5],
							"pivot": [1.10556, 6.4705, -1.10556],
							"rotation": [90, 0, 0],
							"uv": {
								"north": {"uv": [28, 30], "uv_size": [0.5, 0.5]},
								"east": {"uv": [25, 21], "uv_size": [2.5, 0.5]},
								"south": {"uv": [30, 28], "uv_size": [0.5, 0.5]},
								"west": {"uv": [22, 25], "uv_size": [2.5, 0.5]},
								"up": {"uv": [25, 25], "uv_size": [0.5, 2.5]},
								"down": {"uv": [1, 28.5], "uv_size": [0.5, -2.5]}
							}
						},
						{
							"origin": [0.95556, 4.27288, -1.90556],
							"size": [0.3, 0.29524, 1.6],
							"pivot": [1.10556, 4.4205, -1.10556],
							"rotation": [90, 0, 0],
							"uv": {
								"north": {"uv": [29, 30], "uv_size": [0.5, 0.5]},
								"east": {"uv": [28, 11], "uv_size": [1.5, 0.5]},
								"south": {"uv": [30, 29], "uv_size": [0.5, 0.5]},
								"west": {"uv": [14, 28], "uv_size": [1.5, 0.5]},
								"up": {"uv": [28, 15], "uv_size": [0.5, 1.5]},
								"down": {"uv": [19, 29.5], "uv_size": [0.5, -1.5]}
							}
						},
						{
							"origin": [1.00556, 7.99788, -1.48056],
							"size": [0.2, 0.19524, 0.75],
							"pivot": [1.10556, 8.0955, -1.10556],
							"rotation": [90, 0, 0],
							"uv": {
								"north": {"uv": [30, 30], "uv_size": [0.5, 0.5]},
								"east": {"uv": [29, 26], "uv_size": [1, 0.5]},
								"south": {"uv": [0, 31], "uv_size": [0.5, 0.5]},
								"west": {"uv": [27, 29], "uv_size": [1, 0.5]},
								"up": {"uv": [29, 27], "uv_size": [0.5, 1]},
								"down": {"uv": [28, 30], "uv_size": [0.5, -1]}
							}
						}
					]
				},
				{
					"name": "base",
					"parent": "ptkm",
					"pivot": [0, 32.30023, 0]
				},
				{
					"name": "di",
					"parent": "base",
					"pivot": [0, 0, 0],
					"cubes": [
						{
							"origin": [-1.6704, -0.6919, -0.5],
							"size": [3.3408, 1.3838, 0.5],
							"pivot": [0, 0, 0],
							"rotation": [-90, 45, 0],
							"uv": {
								"north": {"uv": [4, 13], "uv_size": [3.5, 1.5]},
								"east": {"uv": [27, 8], "uv_size": [0.5, 1.5]},
								"south": {"uv": [8, 13], "uv_size": [3.5, 1.5]},
								"west": {"uv": [10, 27], "uv_size": [0.5, 1.5]}
							}
						},
						{
							"origin": [-1.6704, -0.6919, -0.5],
							"size": [3.3408, 1.3838, 0.5],
							"pivot": [0, 0, 0],
							"rotation": [0, 90, 90],
							"uv": {
								"north": {"uv": [12, 13], "uv_size": [3.5, 1.5]},
								"east": {"uv": [11, 27], "uv_size": [0.5, 1.5]},
								"south": {"uv": [14, 9], "uv_size": [3.5, 1.5]},
								"west": {"uv": [12, 27], "uv_size": [0.5, 1.5]}
							}
						},
						{
							"origin": [-1.6704, -0.6919, -0.5],
							"size": [3.3408, 1.3838, 0.5],
							"pivot": [0, 0, 0],
							"rotation": [90, 45, 180],
							"uv": {
								"north": {"uv": [14, 11], "uv_size": [3.5, 1.5]},
								"east": {"uv": [13, 27], "uv_size": [0.5, 1.5]},
								"south": {"uv": [0, 15], "uv_size": [3.5, 1.5]},
								"west": {"uv": [27, 13], "uv_size": [0.5, 1.5]}
							}
						},
						{
							"origin": [-1.6704, -0.6919, -0.5],
							"size": [3.3408, 1.3838, 0.5],
							"pivot": [0, 0, 0],
							"rotation": [90, 0, -180],
							"uv": {
								"north": {"uv": [4, 15], "uv_size": [3.5, 1.5]},
								"east": {"uv": [27, 15], "uv_size": [0.5, 1.5]},
								"south": {"uv": [8, 15], "uv_size": [3.5, 1.5]},
								"west": {"uv": [16, 27], "uv_size": [0.5, 1.5]}
							}
						}
					]
				},
				{
					"name": "root",
					"parent": "base",
					"pivot": [0, 0, 0]
				},
				{
					"name": "plate",
					"parent": "root",
					"pivot": [0, 0.25, -1.6704],
					"rotation": [-90, 0, 0],
					"cubes": [
						{
							"origin": [1.7954, -0.6919, -0.25],
							"size": [8, 1.1338, 0.25],
							"pivot": [0.125, 0, 0],
							"rotation": [0, 90, 90],
							"uv": {
								"north": {"uv": [0, 0], "uv_size": [8, 1]},
								"east": {"uv": [28, 20], "uv_size": [0.5, 1]},
								"south": {"uv": [0, 1], "uv_size": [8, 1]},
								"west": {"uv": [21, 28], "uv_size": [0.5, 1]},
								"up": {"uv": [18, 12], "uv_size": [8, 0.5]},
								"down": {"uv": [18, 17.5], "uv_size": [8, -0.5]}
							}
						}
					]
				},
				{
					"name": "root2",
					"parent": "base",
					"pivot": [0, 0, 0],
					"rotation": [0, -45, 0]
				},
				{
					"name": "plate2",
					"parent": "root2",
					"pivot": [0, 0.25, -1.6704],
					"rotation": [-90, 0, 0],
					"cubes": [
						{
							"origin": [1.7954, -0.6919, -0.25],
							"size": [8, 1.1338, 0.25],
							"pivot": [0.125, 0, 0],
							"rotation": [0, 90, 90],
							"uv": {
								"north": {"uv": [0, 2], "uv_size": [8, 1]},
								"east": {"uv": [28, 21], "uv_size": [0.5, 1]},
								"south": {"uv": [0, 3], "uv_size": [8, 1]},
								"west": {"uv": [28, 22], "uv_size": [0.5, 1]},
								"up": {"uv": [18, 18], "uv_size": [8, 0.5]},
								"down": {"uv": [0, 19.5], "uv_size": [8, -0.5]}
							}
						}
					]
				},
				{
					"name": "root3",
					"parent": "base",
					"pivot": [0, 0, 0],
					"rotation": [0, -90, 0]
				},
				{
					"name": "plate3",
					"parent": "root3",
					"pivot": [0, 0.25, -1.6704],
					"rotation": [-90, 0, 0],
					"cubes": [
						{
							"origin": [1.7954, -0.6919, -0.25],
							"size": [8, 1.1338, 0.25],
							"pivot": [0.125, 0, 0],
							"rotation": [0, 90, 90],
							"uv": {
								"north": {"uv": [0, 4], "uv_size": [8, 1]},
								"east": {"uv": [25, 28], "uv_size": [0.5, 1]},
								"south": {"uv": [0, 5], "uv_size": [8, 1]},
								"west": {"uv": [28, 27], "uv_size": [0.5, 1]},
								"up": {"uv": [19, 6], "uv_size": [8, 0.5]},
								"down": {"uv": [19, 7.5], "uv_size": [8, -0.5]}
							}
						}
					]
				},
				{
					"name": "root4",
					"parent": "base",
					"pivot": [0, 0, 0],
					"rotation": [0, -135, 0]
				},
				{
					"name": "plate4",
					"parent": "root4",
					"pivot": [0, 0.25, -1.6704],
					"rotation": [-90, 0, 0],
					"cubes": [
						{
							"origin": [1.7954, -0.6919, -0.25],
							"size": [8, 1.1338, 0.25],
							"pivot": [0.125, 0, 0],
							"rotation": [0, 90, 90],
							"uv": {
								"north": {"uv": [0, 6], "uv_size": [8, 1]},
								"east": {"uv": [28, 28], "uv_size": [0.5, 1]},
								"south": {"uv": [0, 7], "uv_size": [8, 1]},
								"west": {"uv": [1, 29], "uv_size": [0.5, 1]},
								"up": {"uv": [8, 19], "uv_size": [8, 0.5]},
								"down": {"uv": [19, 13.5], "uv_size": [8, -0.5]}
							}
						}
					]
				},
				{
					"name": "root5",
					"parent": "base",
					"pivot": [0, 0, 0],
					"rotation": [0, 180, 0]
				},
				{
					"name": "plate5",
					"parent": "root5",
					"pivot": [0, 0.25, -1.6704],
					"rotation": [-90, 0, 0],
					"cubes": [
						{
							"origin": [1.7954, -0.6919, -0.25],
							"size": [8, 1.1338, 0.25],
							"pivot": [0.125, 0, 0],
							"rotation": [0, 90, 90],
							"uv": {
								"north": {"uv": [0, 8], "uv_size": [8, 1]},
								"east": {"uv": [29, 3], "uv_size": [0.5, 1]},
								"south": {"uv": [8, 0], "uv_size": [8, 1]},
								"west": {"uv": [4, 29], "uv_size": [0.5, 1]},
								"up": {"uv": [19, 14], "uv_size": [8, 0.5]},
								"down": {"uv": [19, 15.5], "uv_size": [8, -0.5]}
							}
						}
					]
				},
				{
					"name": "root6",
					"parent": "base",
					"pivot": [0, 0, 0],
					"rotation": [0, 135, 0]
				},
				{
					"name": "plate6",
					"parent": "root6",
					"pivot": [0, 0.25, -1.6704],
					"rotation": [-90, 0, 0],
					"cubes": [
						{
							"origin": [1.7954, -0.6919, -0.25],
							"size": [8, 1.1338, 0.25],
							"pivot": [0.125, 0, 0],
							"rotation": [0, 90, 90],
							"uv": {
								"north": {"uv": [8, 1], "uv_size": [8, 1]},
								"east": {"uv": [29, 4], "uv_size": [0.5, 1]},
								"south": {"uv": [8, 2], "uv_size": [8, 1]},
								"west": {"uv": [5, 29], "uv_size": [0.5, 1]},
								"up": {"uv": [16, 19], "uv_size": [8, 0.5]},
								"down": {"uv": [19, 16.5], "uv_size": [8, -0.5]}
							}
						}
					]
				},
				{
					"name": "root7",
					"parent": "base",
					"pivot": [0, 0, 0],
					"rotation": [0, 90, 0]
				},
				{
					"name": "plate7",
					"parent": "root7",
					"pivot": [0, 0.25, -1.6704],
					"rotation": [-90, 0, 0],
					"cubes": [
						{
							"origin": [1.7954, -0.6919, -0.25],
							"size": [8, 1.1338, 0.25],
							"pivot": [0.125, 0, 0],
							"rotation": [0, 90, 90],
							"uv": {
								"north": {"uv": [8, 3], "uv_size": [8, 1]},
								"east": {"uv": [29, 5], "uv_size": [0.5, 1]},
								"south": {"uv": [8, 4], "uv_size": [8, 1]},
								"west": {"uv": [29, 7], "uv_size": [0.5, 1]},
								"up": {"uv": [0, 20], "uv_size": [8, 0.5]},
								"down": {"uv": [20, 0.5], "uv_size": [8, -0.5]}
							}
						}
					]
				},
				{
					"name": "root8",
					"parent": "base",
					"pivot": [0, 0, 0],
					"rotation": [0, 45, 0]
				},
				{
					"name": "plate8",
					"parent": "root8",
					"pivot": [0, 0.25, -1.6704],
					"rotation": [-90, 0, 0],
					"cubes": [
						{
							"origin": [1.7954, -0.6919, -0.25],
							"size": [8, 1.1338, 0.25],
							"pivot": [0.125, 0, 0],
							"rotation": [0, 90, 90],
							"uv": {
								"north": {"uv": [8, 5], "uv_size": [8, 1]},
								"east": {"uv": [8, 29], "uv_size": [0.5, 1]},
								"south": {"uv": [8, 6], "uv_size": [8, 1]},
								"west": {"uv": [29, 8], "uv_size": [0.5, 1]},
								"up": {"uv": [20, 1], "uv_size": [8, 0.5]},
								"down": {"uv": [20, 2.5], "uv_size": [8, -0.5]}
							}
						}
					]
				}
			]
		}
	]
}