{
	"format_version": "1.12.0",
	"minecraft:geometry": [
		{
			"description": {
				"identifier": "geometry.rpg",
				"texture_width": 128,
				"texture_height": 128,
				"visible_bounds_width": 91,
				"visible_bounds_height": 9,
				"visible_bounds_offset": [0, 1.5, 0]
			},
			"bones": [
				{
					"name": "bone",
					"pivot": [0, 19.5, 0]
				},
				{
					"name": "flare",
					"parent": "bone",
					"pivot": [0, -0.47857, 0],
					"cubes": [
						{
							"origin": [-16.75, -0.45, -0.75],
							"size": [16, 0, 1.5],
							"uv": {
								"up": {"uv": [18, 128], "uv_size": [-16, -2]},
								"down": {"uv": [18, 128], "uv_size": [-16, -2]}
							}
						},
						{
							"origin": [-24.75, -0.45, -0.75],
							"size": [24, 0, 1.5],
							"pivot": [0, 0, 0],
							"rotation": [0, 90, 0],
							"uv": {
								"up": {"uv": [18, 128], "uv_size": [-16, -2]},
								"down": {"uv": [18, 128], "uv_size": [-16, -2]}
							}
						},
						{
							"origin": [-16.75, -0.45, -0.75],
							"size": [16, 0, 1.5],
							"pivot": [0, 0, 0],
							"rotation": [0, 180, 0],
							"uv": {
								"up": {"uv": [18, 128], "uv_size": [-16, -2]},
								"down": {"uv": [18, 128], "uv_size": [-16, -2]}
							}
						},
						{
							"origin": [-16, 14.5, -1],
							"size": [32, 0, 2],
							"pivot": [0, 14.5, 0],
							"rotation": [135, 0, 90],
							"uv": {
								"up": {"uv": [18, 128], "uv_size": [-16, -2]},
								"down": {"uv": [18, 128], "uv_size": [-16, -2]}
							}
						},
						{
							"origin": [-16, 14.5, -1],
							"size": [32, 0, 2],
							"pivot": [0, 14.5, 0],
							"rotation": [-135, 0, 90],
							"uv": {
								"up": {"uv": [18, 128], "uv_size": [-16, -2]},
								"down": {"uv": [18, 128], "uv_size": [-16, -2]}
							}
						},
						{
							"origin": [-24.75, -0.45, -0.75],
							"size": [24, 0, 1.5],
							"pivot": [0, 0, 0],
							"rotation": [0, -90, 0],
							"uv": {
								"up": {"uv": [18, 128], "uv_size": [-16, -2]},
								"down": {"uv": [18, 128], "uv_size": [-16, -2]}
							}
						},
						{
							"origin": [-2.75, -0.45, -2.75],
							"size": [5.5, 0, 5.5],
							"pivot": [0, -0.45, 0],
							"rotation": [0, -45, 0],
							"uv": {
								"north": {"uv": [0, 126], "uv_size": [2, 2]},
								"east": {"uv": [0, 126], "uv_size": [2, 2]},
								"south": {"uv": [0, 126], "uv_size": [2, 2]},
								"west": {"uv": [0, 126], "uv_size": [2, 2]},
								"up": {"uv": [2, 128], "uv_size": [-2, -2]},
								"down": {"uv": [2, 128], "uv_size": [-2, -2]}
							}
						},
						{
							"origin": [-2.5, 1.3, -2.5],
							"size": [5, 0, 5],
							"pivot": [0, 1.3, 0],
							"rotation": [90, -45, 0],
							"uv": {
								"north": {"uv": [0, 126], "uv_size": [2, 2]},
								"east": {"uv": [0, 126], "uv_size": [2, 2]},
								"south": {"uv": [0, 126], "uv_size": [2, 2]},
								"west": {"uv": [0, 126], "uv_size": [2, 2]},
								"up": {"uv": [2, 128], "uv_size": [-2, -2]},
								"down": {"uv": [2, 128], "uv_size": [-2, -2]}
							}
						},
						{
							"origin": [-2.5, 1.3, -2.5],
							"size": [5, 0, 5],
							"pivot": [0, 1.3, 0],
							"rotation": [90, 45, 0],
							"uv": {
								"north": {"uv": [0, 126], "uv_size": [2, 2]},
								"east": {"uv": [0, 126], "uv_size": [2, 2]},
								"south": {"uv": [0, 126], "uv_size": [2, 2]},
								"west": {"uv": [0, 126], "uv_size": [2, 2]},
								"up": {"uv": [2, 128], "uv_size": [-2, -2]},
								"down": {"uv": [2, 128], "uv_size": [-2, -2]}
							}
						}
					]
				},
				{
					"name": "body",
					"parent": "bone",
					"pivot": [0, -18.5, 0],
					"rotation": [90, 0, 0]
				},
				{
					"name": "wing",
					"parent": "body",
					"pivot": [-0.00215, -18.54737, 15.73332]
				},
				{
					"name": "wing1",
					"parent": "wing",
					"pivot": [0.02684, -18.54066, 17.03474],
					"cubes": [
						{
							"origin": [-0.59835, -18.97641, 9.72598],
							"size": [0.63362, 0.7715, 7.52752],
							"pivot": [-0.28154, -18.54066, 13.61474],
							"rotation": [0, 0, -90],
							"uv": {
								"north": {"uv": [71, 70], "uv_size": [1, 1]},
								"east": {"uv": [71, 70], "uv_size": [1, 1]},
								"south": {"uv": [71, 70], "uv_size": [1, 1]},
								"west": {"uv": [71, 70], "uv_size": [1, 1]},
								"up": {"uv": [72, 71], "uv_size": [-1, -1]},
								"down": {"uv": [72, 71], "uv_size": [-1, -1]}
							}
						}
					]
				},
				{
					"name": "wing2",
					"parent": "wing",
					"pivot": [0.02684, -18.54066, 17.03474],
					"rotation": [0, 0, -45],
					"cubes": [
						{
							"origin": [-0.59835, -18.97641, 9.72598],
							"size": [0.63362, 0.7715, 7.52752],
							"pivot": [-0.28154, -18.54066, 13.61474],
							"rotation": [0, 0, -90],
							"uv": {
								"north": {"uv": [71, 70], "uv_size": [1, 1]},
								"east": {"uv": [71, 70], "uv_size": [1, 1]},
								"south": {"uv": [71, 70], "uv_size": [1, 1]},
								"west": {"uv": [71, 70], "uv_size": [1, 1]},
								"up": {"uv": [72, 71], "uv_size": [-1, -1]},
								"down": {"uv": [72, 71], "uv_size": [-1, -1]}
							}
						}
					]
				},
				{
					"name": "wing3",
					"parent": "wing",
					"pivot": [0.02684, -18.54066, 17.03474],
					"rotation": [0, 0, -90],
					"cubes": [
						{
							"origin": [-0.59835, -18.97641, 9.72598],
							"size": [0.63362, 0.7715, 7.52752],
							"pivot": [-0.28154, -18.54066, 13.61474],
							"rotation": [0, 0, -90],
							"uv": {
								"north": {"uv": [71, 70], "uv_size": [1, 1]},
								"east": {"uv": [71, 70], "uv_size": [1, 1]},
								"south": {"uv": [71, 70], "uv_size": [1, 1]},
								"west": {"uv": [71, 70], "uv_size": [1, 1]},
								"up": {"uv": [72, 71], "uv_size": [-1, -1]},
								"down": {"uv": [72, 71], "uv_size": [-1, -1]}
							}
						}
					]
				},
				{
					"name": "wing4",
					"parent": "wing",
					"pivot": [0.02684, -18.54066, 17.03474],
					"rotation": [0, 0, -135],
					"cubes": [
						{
							"origin": [-0.59835, -18.97641, 9.72598],
							"size": [0.63362, 0.7715, 7.52752],
							"pivot": [-0.28154, -18.54066, 13.61474],
							"rotation": [0, 0, -90],
							"uv": {
								"north": {"uv": [71, 70], "uv_size": [1, 1]},
								"east": {"uv": [71, 70], "uv_size": [1, 1]},
								"south": {"uv": [71, 70], "uv_size": [1, 1]},
								"west": {"uv": [71, 70], "uv_size": [1, 1]},
								"up": {"uv": [72, 71], "uv_size": [-1, -1]},
								"down": {"uv": [72, 71], "uv_size": [-1, -1]}
							}
						}
					]
				},
				{
					"name": "wing5",
					"parent": "wing",
					"pivot": [0.02684, -18.54066, 17.03474],
					"rotation": [0, 0, -180],
					"cubes": [
						{
							"origin": [-0.59835, -18.97641, 9.72598],
							"size": [0.63362, 0.7715, 7.52752],
							"pivot": [-0.28154, -18.54066, 13.61474],
							"rotation": [0, 0, -90],
							"uv": {
								"north": {"uv": [71, 70], "uv_size": [1, 1]},
								"east": {"uv": [71, 70], "uv_size": [1, 1]},
								"south": {"uv": [71, 70], "uv_size": [1, 1]},
								"west": {"uv": [71, 70], "uv_size": [1, 1]},
								"up": {"uv": [72, 71], "uv_size": [-1, -1]},
								"down": {"uv": [72, 71], "uv_size": [-1, -1]}
							}
						}
					]
				},
				{
					"name": "wing6",
					"parent": "wing",
					"pivot": [0.02684, -18.54066, 17.03474],
					"rotation": [0, 0, 135],
					"cubes": [
						{
							"origin": [-0.59835, -18.97641, 9.72598],
							"size": [0.63362, 0.7715, 7.52752],
							"pivot": [-0.28154, -18.54066, 13.61474],
							"rotation": [0, 0, -90],
							"uv": {
								"north": {"uv": [71, 70], "uv_size": [1, 1]},
								"east": {"uv": [71, 70], "uv_size": [1, 1]},
								"south": {"uv": [71, 70], "uv_size": [1, 1]},
								"west": {"uv": [71, 70], "uv_size": [1, 1]},
								"up": {"uv": [72, 71], "uv_size": [-1, -1]},
								"down": {"uv": [72, 71], "uv_size": [-1, -1]}
							}
						}
					]
				},
				{
					"name": "wing7",
					"parent": "wing",
					"pivot": [0.02684, -18.54066, 17.03474],
					"rotation": [0, 0, 90],
					"cubes": [
						{
							"origin": [-0.59835, -18.97641, 9.72598],
							"size": [0.63362, 0.7715, 7.52752],
							"pivot": [-0.28154, -18.54066, 13.61474],
							"rotation": [0, 0, -90],
							"uv": {
								"north": {"uv": [71, 70], "uv_size": [1, 1]},
								"east": {"uv": [71, 70], "uv_size": [1, 1]},
								"south": {"uv": [71, 70], "uv_size": [1, 1]},
								"west": {"uv": [71, 70], "uv_size": [1, 1]},
								"up": {"uv": [72, 71], "uv_size": [-1, -1]},
								"down": {"uv": [72, 71], "uv_size": [-1, -1]}
							}
						}
					]
				},
				{
					"name": "wing8",
					"parent": "wing",
					"pivot": [0.02684, -18.54066, 17.03474],
					"rotation": [0, 0, 45],
					"cubes": [
						{
							"origin": [-0.59835, -18.97641, 9.72598],
							"size": [0.63362, 0.7715, 7.52752],
							"pivot": [-0.28154, -18.54066, 13.61474],
							"rotation": [0, 0, -90],
							"uv": {
								"north": {"uv": [71, 70], "uv_size": [1, 1]},
								"east": {"uv": [71, 70], "uv_size": [1, 1]},
								"south": {"uv": [71, 70], "uv_size": [1, 1]},
								"west": {"uv": [71, 70], "uv_size": [1, 1]},
								"up": {"uv": [72, 71], "uv_size": [-1, -1]},
								"down": {"uv": [72, 71], "uv_size": [-1, -1]}
							}
						}
					]
				},
				{
					"name": "Rockets",
					"parent": "body",
					"pivot": [-0.02798, -34.80525, 32.0169]
				},
				{
					"name": "zhuti",
					"parent": "Rockets",
					"pivot": [-0.02798, -33.12, 17.13053]
				},
				{
					"name": "bone46",
					"parent": "zhuti",
					"pivot": [-0.02798, -33.12, 17.13053],
					"rotation": [-90, 0, 0]
				},
				{
					"name": "bone47",
					"parent": "bone46",
					"pivot": [-0.02798, -33.12, 17.13053],
					"rotation": [-45.80958, 180, 0],
					"cubes": [
						{
							"origin": [-0.03782, -39.38853, 41.27259],
							"size": [1.04117, 1.92768, 1.23064],
							"inflate": -0.33332,
							"pivot": [0.67004, -39.05522, 41.60703],
							"rotation": [0, 0, -16.54154],
							"uv": {
								"north": {"uv": [89, 60], "uv_size": [2, 4]}
							}
						},
						{
							"origin": [-1.13246, -39.49517, 41.27259],
							"size": [1.04117, 1.92768, 1.23064],
							"inflate": -0.33332,
							"pivot": [-0.42461, -39.16185, 41.60703],
							"rotation": [0, 0, 16.54154],
							"uv": {
								"north": {"uv": [47, 94], "uv_size": [2, 4]}
							}
						},
						{
							"origin": [-0.59723, -39.33447, 41.43215],
							"size": [1.08086, 1.66073, 0.91149],
							"inflate": -0.17263,
							"uv": {
								"north": {"uv": [109, 34], "uv_size": [2, 3]}
							}
						}
					]
				},
				{
					"name": "bone48",
					"parent": "bone46",
					"pivot": [-0.02798, -33.12, 17.13053],
					"rotation": [-45.80958, 135, 0],
					"cubes": [
						{
							"origin": [10.26628, -42.43175, 38.31418],
							"size": [1.04117, 1.92768, 1.23064],
							"inflate": -0.33332,
							"pivot": [10.97414, -42.09843, 38.64862],
							"rotation": [0, 0, -16.54154],
							"uv": {
								"north": {"uv": [107, 34], "uv_size": [2, 4]}
							}
						},
						{
							"origin": [9.17164, -42.53838, 38.31418],
							"size": [1.04117, 1.92768, 1.23064],
							"inflate": -0.33332,
							"pivot": [9.87949, -42.20507, 38.64862],
							"rotation": [0, 0, 16.54154],
							"uv": {
								"north": {"uv": [49, 94], "uv_size": [2, 4]}
							}
						},
						{
							"origin": [9.70688, -42.37769, 38.47374],
							"size": [1.08086, 1.66073, 0.91149],
							"inflate": -0.17263,
							"uv": {
								"north": {"uv": [109, 38], "uv_size": [2, 3]}
							}
						}
					]
				},
				{
					"name": "bone49",
					"parent": "bone46",
					"pivot": [-0.02798, -33.12, 17.13053],
					"rotation": [-45.80958, 90, 0],
					"cubes": [
						{
							"origin": [14.55127, -49.80797, 31.14352],
							"size": [1.04117, 1.92768, 1.23064],
							"inflate": -0.33332,
							"pivot": [15.25912, -49.47465, 31.47796],
							"rotation": [0, 0, -16.54154],
							"uv": {
								"north": {"uv": [51, 94], "uv_size": [2, 4]}
							}
						},
						{
							"origin": [13.45663, -49.9146, 31.14352],
							"size": [1.04117, 1.92768, 1.23064],
							"inflate": -0.33332,
							"pivot": [14.16448, -49.58129, 31.47796],
							"rotation": [0, 0, 16.54154],
							"uv": {
								"north": {"uv": [107, 38], "uv_size": [2, 4]}
							}
						},
						{
							"origin": [13.99185, -49.75391, 31.30309],
							"size": [1.08086, 1.66073, 0.91149],
							"inflate": -0.17263,
							"uv": {
								"north": {"uv": [109, 42], "uv_size": [2, 3]}
							}
						}
					]
				},
				{
					"name": "bone50",
					"parent": "bone46",
					"pivot": [-0.02798, -33.12, 17.13053],
					"rotation": [-45.80958, 45, 0],
					"cubes": [
						{
							"origin": [10.30704, -57.19629, 23.96109],
							"size": [1.04117, 1.92768, 1.23064],
							"inflate": -0.33332,
							"pivot": [11.0149, -56.86297, 24.29554],
							"rotation": [0, 0, -16.54154],
							"uv": {
								"north": {"uv": [53, 94], "uv_size": [2, 4]}
							}
						},
						{
							"origin": [9.2124, -57.30292, 23.96109],
							"size": [1.04117, 1.92768, 1.23064],
							"inflate": -0.33332,
							"pivot": [9.92025, -56.9696, 24.29554],
							"rotation": [0, 0, 16.54154],
							"uv": {
								"north": {"uv": [55, 94], "uv_size": [2, 4]}
							}
						},
						{
							"origin": [9.74764, -57.14223, 24.12066],
							"size": [1.08086, 1.66073, 0.91149],
							"inflate": -0.17263,
							"uv": {
								"north": {"uv": [109, 46], "uv_size": [2, 3]}
							}
						}
					]
				},
				{
					"name": "bone51",
					"parent": "bone46",
					"pivot": [-0.02798, -33.12, 17.13053],
					"rotation": [-45.80958, 0, 0],
					"cubes": [
						{
							"origin": [0.01983, -60.26874, 20.97427],
							"size": [1.04117, 1.92768, 1.23064],
							"inflate": -0.33332,
							"pivot": [0.72768, -59.93542, 21.30871],
							"rotation": [0, 0, -16.54154],
							"uv": {
								"north": {"uv": [107, 42], "uv_size": [2, 4]}
							}
						},
						{
							"origin": [-1.07481, -60.37537, 20.97427],
							"size": [1.04117, 1.92768, 1.23064],
							"inflate": -0.33332,
							"pivot": [-0.36696, -60.04205, 21.30871],
							"rotation": [0, 0, 16.54154],
							"uv": {
								"north": {"uv": [57, 94], "uv_size": [2, 4]}
							}
						},
						{
							"origin": [-0.53959, -60.21468, 21.13383],
							"size": [1.08086, 1.66073, 0.91149],
							"inflate": -0.17263,
							"uv": {
								"north": {"uv": [109, 50], "uv_size": [2, 3]}
							}
						}
					]
				},
				{
					"name": "bone52",
					"parent": "bone46",
					"pivot": [-0.02798, -33.12, 17.13053],
					"rotation": [-45.80958, -45, 0],
					"cubes": [
						{
							"origin": [-10.28428, -57.22551, 23.93268],
							"size": [1.04117, 1.92768, 1.23064],
							"inflate": -0.33332,
							"pivot": [-9.57643, -56.89219, 24.26712],
							"rotation": [0, 0, -16.54154],
							"uv": {
								"north": {"uv": [59, 94], "uv_size": [2, 4]}
							}
						},
						{
							"origin": [-11.37891, -57.33215, 23.93268],
							"size": [1.04117, 1.92768, 1.23064],
							"inflate": -0.33332,
							"pivot": [-10.67106, -56.99883, 24.26712],
							"rotation": [0, 0, 16.54154],
							"uv": {
								"north": {"uv": [107, 46], "uv_size": [2, 4]}
							}
						},
						{
							"origin": [-10.84369, -57.17146, 24.09226],
							"size": [1.08086, 1.66073, 0.91149],
							"inflate": -0.17263,
							"uv": {
								"north": {"uv": [109, 54], "uv_size": [2, 3]}
							}
						}
					]
				},
				{
					"name": "bone53",
					"parent": "bone46",
					"pivot": [-0.02798, -33.12, 17.13053],
					"rotation": [-45.80958, -90, 0],
					"cubes": [
						{
							"origin": [-14.56926, -49.8493, 31.10334],
							"size": [1.04117, 1.92768, 1.23064],
							"inflate": -0.33332,
							"pivot": [-13.86141, -49.51598, 31.43778],
							"rotation": [0, 0, -16.54154],
							"uv": {
								"north": {"uv": [61, 94], "uv_size": [2, 4]}
							}
						},
						{
							"origin": [-15.6639, -49.95593, 31.10334],
							"size": [1.04117, 1.92768, 1.23064],
							"inflate": -0.33332,
							"pivot": [-14.95605, -49.62261, 31.43778],
							"rotation": [0, 0, 16.54154],
							"uv": {
								"north": {"uv": [63, 94], "uv_size": [2, 4]}
							}
						},
						{
							"origin": [-15.12867, -49.79524, 31.26291],
							"size": [1.08086, 1.66073, 0.91149],
							"inflate": -0.17263,
							"uv": {
								"north": {"uv": [109, 58], "uv_size": [2, 3]}
							}
						}
					]
				},
				{
					"name": "bone54",
					"parent": "bone46",
					"pivot": [-0.02798, -33.12, 17.13053],
					"rotation": [-45.80958, -135, 0],
					"cubes": [
						{
							"origin": [-10.32504, -42.46098, 38.28576],
							"size": [1.04117, 1.92768, 1.23064],
							"inflate": -0.33332,
							"pivot": [-9.61719, -42.12766, 38.62021],
							"rotation": [0, 0, -16.54154],
							"uv": {
								"north": {"uv": [107, 50], "uv_size": [2, 4]}
							}
						},
						{
							"origin": [-11.41967, -42.56761, 38.28576],
							"size": [1.04117, 1.92768, 1.23064],
							"inflate": -0.33332,
							"pivot": [-10.71182, -42.23429, 38.62021],
							"rotation": [0, 0, 16.54154],
							"uv": {
								"north": {"uv": [65, 94], "uv_size": [2, 4]}
							}
						},
						{
							"origin": [-10.88445, -42.40692, 38.44533],
							"size": [1.08086, 1.66073, 0.91149],
							"inflate": -0.17263,
							"uv": {
								"north": {"uv": [109, 62], "uv_size": [2, 3]}
							}
						}
					]
				},
				{
					"name": "bone1",
					"parent": "zhuti",
					"pivot": [-0.02798, -32.16503, 7.2999],
					"rotation": [-90, 0, 0]
				},
				{
					"name": "bone40",
					"parent": "bone1",
					"pivot": [-0.02798, -32.16503, 7.2999],
					"rotation": [-0.77963, -45, 0],
					"cubes": [
						{
							"origin": [-9.37718, -53.57426, -4.41117],
							"size": [1.00553, 9.87702, 1.23836],
							"inflate": -0.47762,
							"pivot": [-8.84928, -53.09664, -3.93242],
							"rotation": [0, 0, -0.32292],
							"uv": {
								"north": {"uv": [75, 34], "uv_size": [2, 18]}
							}
						},
						{
							"origin": [-10.88114, -53.57455, -4.41117],
							"size": [1.00553, 9.87702, 1.23836],
							"inflate": -0.47762,
							"pivot": [-10.35324, -53.09692, -3.93242],
							"rotation": [0, 0, 0.32292],
							"uv": {
								"north": {"uv": [75, 52], "uv_size": [2, 18]}
							}
						},
						{
							"origin": [-10.7063, -53.44999, -4.28773],
							"size": [2.15979, 9.62805, 0.99149],
							"inflate": -0.35306,
							"uv": {
								"north": {"uv": [47, 34], "uv_size": [4, 17]}
							}
						}
					]
				},
				{
					"name": "bone35",
					"parent": "bone1",
					"pivot": [-0.02798, -32.16503, 7.2999],
					"rotation": [-0.77963, 180, 0],
					"cubes": [
						{
							"origin": [0.19186, -53.258, 18.83024],
							"size": [1.00553, 9.87702, 1.23836],
							"inflate": -0.47762,
							"pivot": [0.71977, -52.78038, 19.30898],
							"rotation": [0, 0, -0.32292],
							"uv": {
								"north": {"uv": [77, 34], "uv_size": [2, 18]}
							}
						},
						{
							"origin": [-1.31209, -53.25828, 18.83024],
							"size": [1.00553, 9.87702, 1.23836],
							"inflate": -0.47762,
							"pivot": [-0.7842, -52.78066, 19.30898],
							"rotation": [0, 0, 0.32292],
							"uv": {
								"north": {"uv": [77, 52], "uv_size": [2, 18]}
							}
						},
						{
							"origin": [-1.13726, -53.13372, 18.95368],
							"size": [2.15979, 9.62805, 0.99149],
							"inflate": -0.35306,
							"uv": {
								"north": {"uv": [51, 34], "uv_size": [4, 17]}
							}
						}
					]
				},
				{
					"name": "bone36",
					"parent": "bone1",
					"pivot": [-0.02798, -32.16503, 7.2999],
					"rotation": [-0.77963, 135, 0],
					"cubes": [
						{
							"origin": [9.81966, -53.31192, 14.86698],
							"size": [1.00553, 9.87702, 1.23836],
							"inflate": -0.47762,
							"pivot": [10.34757, -52.8343, 15.34572],
							"rotation": [0, 0, -0.32292],
							"uv": {
								"north": {"uv": [79, 34], "uv_size": [2, 18]}
							}
						},
						{
							"origin": [8.3157, -53.31222, 14.86698],
							"size": [1.00553, 9.87702, 1.23836],
							"inflate": -0.47762,
							"pivot": [8.8436, -52.8346, 15.34572],
							"rotation": [0, 0, 0.32292],
							"uv": {
								"north": {"uv": [79, 52], "uv_size": [2, 18]}
							}
						},
						{
							"origin": [8.49054, -53.18766, 14.99042],
							"size": [2.15979, 9.62805, 0.99149],
							"inflate": -0.35306,
							"uv": {
								"north": {"uv": [55, 34], "uv_size": [4, 17]}
							}
						}
					]
				},
				{
					"name": "bone37",
					"parent": "bone1",
					"pivot": [-0.02798, -32.16503, 7.2999],
					"rotation": [-0.77963, 90, 0],
					"cubes": [
						{
							"origin": [13.82482, -53.4427, 5.25728],
							"size": [1.00553, 9.87702, 1.23836],
							"inflate": -0.47762,
							"pivot": [14.35273, -52.96508, 5.73602],
							"rotation": [0, 0, -0.32292],
							"uv": {
								"north": {"uv": [81, 34], "uv_size": [2, 18]}
							}
						},
						{
							"origin": [12.32087, -53.44298, 5.25728],
							"size": [1.00553, 9.87702, 1.23836],
							"inflate": -0.47762,
							"pivot": [12.84878, -52.96536, 5.73602],
							"rotation": [0, 0, 0.32292],
							"uv": {
								"north": {"uv": [81, 52], "uv_size": [2, 18]}
							}
						},
						{
							"origin": [12.49572, -53.31842, 5.38072],
							"size": [2.15979, 9.62805, 0.99149],
							"inflate": -0.35306,
							"uv": {
								"north": {"uv": [59, 34], "uv_size": [4, 17]}
							}
						}
					]
				},
				{
					"name": "bone38",
					"parent": "bone1",
					"pivot": [-0.02798, -32.16503, 7.2999],
					"rotation": [-0.77963, 45, 0],
					"cubes": [
						{
							"origin": [9.86121, -53.5737, -4.36963],
							"size": [1.00553, 9.87702, 1.23836],
							"inflate": -0.47762,
							"pivot": [10.3891, -53.09608, -3.89089],
							"rotation": [0, 0, -0.32292],
							"uv": {
								"north": {"uv": [47, 70], "uv_size": [2, 18]}
							}
						},
						{
							"origin": [8.35724, -53.57398, -4.36963],
							"size": [1.00553, 9.87702, 1.23836],
							"inflate": -0.47762,
							"pivot": [8.88515, -53.09636, -3.89089],
							"rotation": [0, 0, 0.32292],
							"uv": {
								"north": {"uv": [83, 34], "uv_size": [2, 18]}
							}
						},
						{
							"origin": [8.53209, -53.44942, -4.2462],
							"size": [2.15979, 9.62805, 0.99149],
							"inflate": -0.35306,
							"uv": {
								"north": {"uv": [63, 34], "uv_size": [4, 17]}
							}
						}
					]
				},
				{
					"name": "bone39",
					"parent": "bone1",
					"pivot": [-0.02798, -32.16503, 7.2999],
					"rotation": [-0.77963, 0, 0],
					"cubes": [
						{
							"origin": [0.25061, -53.6282, -8.37444],
							"size": [1.00553, 9.87702, 1.23836],
							"inflate": -0.47762,
							"pivot": [0.77851, -53.15058, -7.89568],
							"rotation": [0, 0, -0.32292],
							"uv": {
								"north": {"uv": [49, 70], "uv_size": [2, 18]}
							}
						},
						{
							"origin": [-1.25334, -53.62848, -8.37444],
							"size": [1.00553, 9.87702, 1.23836],
							"inflate": -0.47762,
							"pivot": [-0.72544, -53.15086, -7.89568],
							"rotation": [0, 0, 0.32292],
							"uv": {
								"north": {"uv": [51, 70], "uv_size": [2, 18]}
							}
						},
						{
							"origin": [-1.0785, -53.50392, -8.25099],
							"size": [2.15979, 9.62805, 0.99149],
							"inflate": -0.35306,
							"uv": {
								"north": {"uv": [47, 52], "uv_size": [4, 17]}
							}
						}
					]
				},
				{
					"name": "bone41",
					"parent": "bone1",
					"pivot": [-0.02798, -32.16503, 7.2999],
					"rotation": [-0.77963, -90, 0],
					"cubes": [
						{
							"origin": [-13.38236, -53.4435, 5.19853],
							"size": [1.00553, 9.87702, 1.23836],
							"inflate": -0.47762,
							"pivot": [-12.85445, -52.96588, 5.67728],
							"rotation": [0, 0, -0.32292],
							"uv": {
								"north": {"uv": [53, 70], "uv_size": [2, 18]}
							}
						},
						{
							"origin": [-14.88632, -53.44378, 5.19853],
							"size": [1.00553, 9.87702, 1.23836],
							"inflate": -0.47762,
							"pivot": [-14.35841, -52.96616, 5.67728],
							"rotation": [0, 0, 0.32292],
							"uv": {
								"north": {"uv": [55, 70], "uv_size": [2, 18]}
							}
						},
						{
							"origin": [-14.71147, -53.31922, 5.32197],
							"size": [2.15979, 9.62805, 0.99149],
							"inflate": -0.35306,
							"uv": {
								"north": {"uv": [51, 52], "uv_size": [4, 17]}
							}
						}
					]
				},
				{
					"name": "bone42",
					"parent": "bone1",
					"pivot": [-0.02798, -32.16503, 7.2999],
					"rotation": [-0.77963, -135, 0],
					"cubes": [
						{
							"origin": [-9.41873, -53.3125, 14.82543],
							"size": [1.00553, 9.87702, 1.23836],
							"inflate": -0.47762,
							"pivot": [-8.89082, -52.83488, 15.30418],
							"rotation": [0, 0, -0.32292],
							"uv": {
								"north": {"uv": [57, 70], "uv_size": [2, 18]}
							}
						},
						{
							"origin": [-10.92269, -53.31278, 14.82543],
							"size": [1.00553, 9.87702, 1.23836],
							"inflate": -0.47762,
							"pivot": [-10.39478, -52.83516, 15.30418],
							"rotation": [0, 0, 0.32292],
							"uv": {
								"north": {"uv": [83, 52], "uv_size": [2, 18]}
							}
						},
						{
							"origin": [-10.74784, -53.18822, 14.94887],
							"size": [2.15979, 9.62805, 0.99149],
							"inflate": -0.35306,
							"uv": {
								"north": {"uv": [55, 52], "uv_size": [4, 17]}
							}
						}
					]
				},
				{
					"name": "bone2",
					"parent": "zhuti",
					"pivot": [-0.02798, -32.27738, 5.33378],
					"rotation": [90, 0, 0]
				},
				{
					"name": "bone3",
					"parent": "bone2",
					"pivot": [-0.02798, -32.27738, 5.33378],
					"rotation": [-22.16352, 180, 0],
					"cubes": [
						{
							"origin": [-0.01021, -21.05475, -16.51922],
							"size": [1.04554, 3.28245, 1.47613],
							"inflate": -0.31563,
							"pivot": [0.71971, -20.73912, -16.20247],
							"rotation": [0, 0, -8.88136],
							"uv": {
								"north": {"uv": [85, 64], "uv_size": [2, 6]}
							}
						},
						{
							"origin": [-1.15512, -21.11871, -16.51922],
							"size": [1.04554, 3.28245, 1.47613],
							"inflate": -0.31563,
							"pivot": [-0.42521, -20.80308, -16.20247],
							"rotation": [0, 0, 8.88136],
							"uv": {
								"north": {"uv": [99, 82], "uv_size": [2, 6]}
							}
						},
						{
							"origin": [-0.59784, -20.97571, -16.37735],
							"size": [1.08086, 3.02862, 1.19237],
							"inflate": -0.17263,
							"uv": {
								"north": {"uv": [105, 46], "uv_size": [2, 5]}
							}
						}
					]
				},
				{
					"name": "bone4",
					"parent": "bone2",
					"pivot": [-0.02798, -32.27738, 5.33378],
					"rotation": [-22.16352, 135, 0],
					"cubes": [
						{
							"origin": [-9.70026, -19.53136, -12.77946],
							"size": [1.04554, 3.28245, 1.47613],
							"inflate": -0.31563,
							"pivot": [-8.97035, -19.21573, -12.46271],
							"rotation": [0, 0, -8.88136],
							"uv": {
								"north": {"uv": [47, 88], "uv_size": [2, 6]}
							}
						},
						{
							"origin": [-10.84519, -19.59533, -12.77946],
							"size": [1.04554, 3.28245, 1.47613],
							"inflate": -0.31563,
							"pivot": [-10.11528, -19.2797, -12.46271],
							"rotation": [0, 0, 8.88136],
							"uv": {
								"north": {"uv": [101, 34], "uv_size": [2, 6]}
							}
						},
						{
							"origin": [-10.2879, -19.45231, -12.63758],
							"size": [1.08086, 3.02862, 1.19237],
							"inflate": -0.17263,
							"uv": {
								"north": {"uv": [105, 52], "uv_size": [2, 5]}
							}
						}
					]
				},
				{
					"name": "bone5",
					"parent": "bone2",
					"pivot": [-0.02798, -32.27738, 5.33378],
					"rotation": [-22.16352, 90, 0],
					"cubes": [
						{
							"origin": [-13.69678, -15.86927, -3.78942],
							"size": [1.04554, 3.28245, 1.47613],
							"inflate": -0.31563,
							"pivot": [-12.96686, -15.55364, -3.47268],
							"rotation": [0, 0, -8.88136],
							"uv": {
								"north": {"uv": [49, 88], "uv_size": [2, 6]}
							}
						},
						{
							"origin": [-14.84169, -15.93323, -3.78942],
							"size": [1.04554, 3.28245, 1.47613],
							"inflate": -0.31563,
							"pivot": [-14.11178, -15.6176, -3.47268],
							"rotation": [0, 0, 8.88136],
							"uv": {
								"north": {"uv": [51, 88], "uv_size": [2, 6]}
							}
						},
						{
							"origin": [-14.28441, -15.79023, -3.64754],
							"size": [1.08086, 3.02862, 1.19237],
							"inflate": -0.17263,
							"uv": {
								"north": {"uv": [105, 58], "uv_size": [2, 5]}
							}
						}
					]
				},
				{
					"name": "bone6",
					"parent": "bone2",
					"pivot": [-0.02798, -32.27738, 5.33378],
					"rotation": [-22.16352, 45, 0],
					"cubes": [
						{
							"origin": [-9.65864, -12.21368, 5.18465],
							"size": [1.04554, 3.28245, 1.47613],
							"inflate": -0.31563,
							"pivot": [-8.92873, -11.89805, 5.50139],
							"rotation": [0, 0, -8.88136],
							"uv": {
								"north": {"uv": [53, 88], "uv_size": [2, 6]}
							}
						},
						{
							"origin": [-10.80356, -12.27764, 5.18465],
							"size": [1.04554, 3.28245, 1.47613],
							"inflate": -0.31563,
							"pivot": [-10.07365, -11.96201, 5.50139],
							"rotation": [0, 0, 8.88136],
							"uv": {
								"north": {"uv": [101, 40], "uv_size": [2, 6]}
							}
						},
						{
							"origin": [-10.24627, -12.13464, 5.32653],
							"size": [1.08086, 3.02862, 1.19237],
							"inflate": -0.17263,
							"uv": {
								"north": {"uv": [105, 64], "uv_size": [2, 5]}
							}
						}
					]
				},
				{
					"name": "bone7",
					"parent": "bone2",
					"pivot": [-0.02798, -32.27738, 5.33378],
					"rotation": [-22.16352, 0, 0],
					"cubes": [
						{
							"origin": [0.04866, -10.70599, 8.88585],
							"size": [1.04554, 3.28245, 1.47613],
							"inflate": -0.31563,
							"pivot": [0.77857, -10.39036, 9.20261],
							"rotation": [0, 0, -8.88136],
							"uv": {
								"north": {"uv": [55, 88], "uv_size": [2, 6]}
							}
						},
						{
							"origin": [-1.09626, -10.76995, 8.88585],
							"size": [1.04554, 3.28245, 1.47613],
							"inflate": -0.31563,
							"pivot": [-0.36634, -10.45432, 9.20261],
							"rotation": [0, 0, 8.88136],
							"uv": {
								"north": {"uv": [57, 88], "uv_size": [2, 6]}
							}
						},
						{
							"origin": [-0.53897, -10.62695, 9.02774],
							"size": [1.08086, 3.02862, 1.19237],
							"inflate": -0.17263,
							"uv": {
								"north": {"uv": [105, 70], "uv_size": [2, 5]}
							}
						}
					]
				},
				{
					"name": "bone43",
					"parent": "bone2",
					"pivot": [-0.02798, -32.27738, 5.33378],
					"rotation": [-22.16352, -45, 0],
					"cubes": [
						{
							"origin": [9.73873, -12.22939, 5.14609],
							"size": [1.04554, 3.28245, 1.47613],
							"inflate": -0.31563,
							"pivot": [10.46863, -11.91376, 5.46284],
							"rotation": [0, 0, -8.88136],
							"uv": {
								"north": {"uv": [101, 46], "uv_size": [2, 6]}
							}
						},
						{
							"origin": [8.5938, -12.29335, 5.14609],
							"size": [1.04554, 3.28245, 1.47613],
							"inflate": -0.31563,
							"pivot": [9.32371, -11.97772, 5.46284],
							"rotation": [0, 0, 8.88136],
							"uv": {
								"north": {"uv": [101, 52], "uv_size": [2, 6]}
							}
						},
						{
							"origin": [9.15108, -12.15034, 5.28797],
							"size": [1.08086, 3.02862, 1.19237],
							"inflate": -0.17263,
							"uv": {
								"north": {"uv": [105, 76], "uv_size": [2, 5]}
							}
						}
					]
				},
				{
					"name": "bone44",
					"parent": "bone2",
					"pivot": [-0.02798, -32.27738, 5.33378],
					"rotation": [-22.16352, -90, 0],
					"cubes": [
						{
							"origin": [13.73523, -15.89147, -3.84394],
							"size": [1.04554, 3.28245, 1.47613],
							"inflate": -0.31563,
							"pivot": [14.46515, -15.57585, -3.52719],
							"rotation": [0, 0, -8.88136],
							"uv": {
								"north": {"uv": [101, 58], "uv_size": [2, 6]}
							}
						},
						{
							"origin": [12.5903, -15.95543, -3.84394],
							"size": [1.04554, 3.28245, 1.47613],
							"inflate": -0.31563,
							"pivot": [13.32022, -15.63981, -3.52719],
							"rotation": [0, 0, 8.88136],
							"uv": {
								"north": {"uv": [101, 64], "uv_size": [2, 6]}
							}
						},
						{
							"origin": [13.14759, -15.81243, -3.70207],
							"size": [1.08086, 3.02862, 1.19237],
							"inflate": -0.17263,
							"uv": {
								"north": {"uv": [105, 82], "uv_size": [2, 5]}
							}
						}
					]
				},
				{
					"name": "bone45",
					"parent": "bone2",
					"pivot": [-0.02798, -32.27738, 5.33378],
					"rotation": [-22.16352, -135, 0],
					"cubes": [
						{
							"origin": [9.6971, -19.54706, -12.81801],
							"size": [1.04554, 3.28245, 1.47613],
							"inflate": -0.31563,
							"pivot": [10.42701, -19.23143, -12.50126],
							"rotation": [0, 0, -8.88136],
							"uv": {
								"north": {"uv": [101, 70], "uv_size": [2, 6]}
							}
						},
						{
							"origin": [8.55217, -19.61102, -12.81801],
							"size": [1.04554, 3.28245, 1.47613],
							"inflate": -0.31563,
							"pivot": [9.28208, -19.29539, -12.50126],
							"rotation": [0, 0, 8.88136],
							"uv": {
								"north": {"uv": [101, 76], "uv_size": [2, 6]}
							}
						},
						{
							"origin": [9.10945, -19.46802, -12.67613],
							"size": [1.08086, 3.02862, 1.19237],
							"inflate": -0.17263,
							"uv": {
								"north": {"uv": [105, 88], "uv_size": [2, 5]}
							}
						}
					]
				},
				{
					"name": "zhuti2",
					"parent": "Rockets",
					"pivot": [-0.02832, -33.14018, -2.16946]
				},
				{
					"name": "bone8",
					"parent": "zhuti2",
					"pivot": [-0.02832, -33.14018, -2.16946],
					"rotation": [-90, 0, 0]
				},
				{
					"name": "bone9",
					"parent": "bone8",
					"pivot": [-0.02832, -33.14018, -2.16946],
					"rotation": [-45.80958, 180, 0],
					"cubes": [
						{
							"origin": [-0.19021, -38.41481, 22.06107],
							"size": [0.88012, 1.38543, 0.98812],
							"inflate": -0.33332,
							"pivot": [0.35658, -38.08149, 22.39503],
							"rotation": [0, 0, -16.54154],
							"uv": {
								"north": {"uv": [109, 66], "uv_size": [2, 3]}
							}
						},
						{
							"origin": [-0.81416, -38.47559, 22.06107],
							"size": [0.88012, 1.38543, 0.98812],
							"inflate": -0.33332,
							"pivot": [-0.26735, -38.14227, 22.39503],
							"rotation": [0, 0, 16.54154],
							"uv": {
								"north": {"uv": [109, 70], "uv_size": [2, 3]}
							}
						},
						{
							"origin": [-0.43998, -38.31489, 22.22112],
							"size": [0.76455, 1.09508, 0.66801],
							"inflate": -0.17263,
							"uv": {
								"north": {"uv": [53, 102], "uv_size": [1, 2]}
							}
						}
					]
				},
				{
					"name": "bone55",
					"parent": "bone8",
					"pivot": [-0.02832, -33.14018, -2.16946],
					"rotation": [-45.80958, 135, 0],
					"cubes": [
						{
							"origin": [10.12781, -41.46182, 19.09897],
							"size": [0.88012, 1.38543, 0.98812],
							"inflate": -0.33332,
							"pivot": [10.67462, -41.1285, 19.43293],
							"rotation": [0, 0, -16.54154],
							"uv": {
								"north": {"uv": [87, 96], "uv_size": [2, 3]}
							}
						},
						{
							"origin": [9.50386, -41.5226, 19.09897],
							"size": [0.88012, 1.38543, 0.98812],
							"inflate": -0.33332,
							"pivot": [10.05067, -41.18928, 19.43293],
							"rotation": [0, 0, 16.54154],
							"uv": {
								"north": {"uv": [109, 74], "uv_size": [2, 3]}
							}
						},
						{
							"origin": [9.87804, -41.36191, 19.25902],
							"size": [0.76455, 1.09508, 0.66801],
							"inflate": -0.17263,
							"uv": {
								"north": {"uv": [55, 102], "uv_size": [1, 2]}
							}
						}
					]
				},
				{
					"name": "bone56",
					"parent": "bone8",
					"pivot": [-0.02832, -33.14018, -2.16946],
					"rotation": [-45.80958, 90, 0],
					"cubes": [
						{
							"origin": [14.41889, -48.84778, 11.91885],
							"size": [0.88012, 1.38543, 0.98812],
							"inflate": -0.33332,
							"pivot": [14.9657, -48.51446, 12.2528],
							"rotation": [0, 0, -16.54154],
							"uv": {
								"north": {"uv": [89, 96], "uv_size": [2, 3]}
							}
						},
						{
							"origin": [13.79495, -48.90856, 11.91885],
							"size": [0.88012, 1.38543, 0.98812],
							"inflate": -0.33332,
							"pivot": [14.34175, -48.57524, 12.2528],
							"rotation": [0, 0, 16.54154],
							"uv": {
								"north": {"uv": [109, 78], "uv_size": [2, 3]}
							}
						},
						{
							"origin": [14.16912, -48.74787, 12.0789],
							"size": [0.76455, 1.09508, 0.66801],
							"inflate": -0.17263,
							"uv": {
								"north": {"uv": [115, 42], "uv_size": [1, 2]}
							}
						}
					]
				},
				{
					"name": "bone57",
					"parent": "bone8",
					"pivot": [-0.02832, -33.14018, -2.16946],
					"rotation": [-45.80958, 45, 0],
					"cubes": [
						{
							"origin": [10.16938, -56.24608, 4.72672],
							"size": [0.88012, 1.38543, 0.98812],
							"inflate": -0.33332,
							"pivot": [10.71619, -55.91277, 5.06067],
							"rotation": [0, 0, -16.54154],
							"uv": {
								"north": {"uv": [93, 96], "uv_size": [2, 3]}
							}
						},
						{
							"origin": [9.54543, -56.30686, 4.72672],
							"size": [0.88012, 1.38543, 0.98812],
							"inflate": -0.33332,
							"pivot": [10.09224, -55.97354, 5.06067],
							"rotation": [0, 0, 16.54154],
							"uv": {
								"north": {"uv": [109, 82], "uv_size": [2, 3]}
							}
						},
						{
							"origin": [9.91961, -56.14617, 4.88677],
							"size": [0.76455, 1.09508, 0.66801],
							"inflate": -0.17263,
							"uv": {
								"north": {"uv": [57, 102], "uv_size": [1, 2]}
							}
						}
					]
				},
				{
					"name": "bone58",
					"parent": "bone8",
					"pivot": [-0.02832, -33.14018, -2.16946],
					"rotation": [-45.80958, 0, 0],
					"cubes": [
						{
							"origin": [-0.13142, -59.32291, 1.73563],
							"size": [0.88012, 1.38543, 0.98812],
							"inflate": -0.33332,
							"pivot": [0.41538, -58.98959, 2.06959],
							"rotation": [0, 0, -16.54154],
							"uv": {
								"north": {"uv": [109, 86], "uv_size": [2, 3]}
							}
						},
						{
							"origin": [-0.75537, -59.38369, 1.73563],
							"size": [0.88012, 1.38543, 0.98812],
							"inflate": -0.33332,
							"pivot": [-0.20857, -59.05037, 2.06959],
							"rotation": [0, 0, 16.54154],
							"uv": {
								"north": {"uv": [109, 90], "uv_size": [2, 3]}
							}
						},
						{
							"origin": [-0.38119, -59.223, 1.89568],
							"size": [0.76455, 1.09508, 0.66801],
							"inflate": -0.17263,
							"uv": {
								"north": {"uv": [115, 44], "uv_size": [1, 2]}
							}
						}
					]
				},
				{
					"name": "bone59",
					"parent": "bone8",
					"pivot": [-0.02832, -33.14018, -2.16946],
					"rotation": [-45.80958, -45, 0],
					"cubes": [
						{
							"origin": [-10.44945, -56.27589, 4.69773],
							"size": [0.88012, 1.38543, 0.98812],
							"inflate": -0.33332,
							"pivot": [-9.90264, -55.94258, 5.03169],
							"rotation": [0, 0, -16.54154],
							"uv": {
								"north": {"uv": [109, 94], "uv_size": [2, 3]}
							}
						},
						{
							"origin": [-11.07339, -56.33667, 4.69773],
							"size": [0.88012, 1.38543, 0.98812],
							"inflate": -0.33332,
							"pivot": [-10.52659, -56.00336, 5.03169],
							"rotation": [0, 0, 16.54154],
							"uv": {
								"north": {"uv": [47, 98], "uv_size": [2, 3]}
							}
						},
						{
							"origin": [-10.69922, -56.17598, 4.85779],
							"size": [0.76455, 1.09508, 0.66801],
							"inflate": -0.17263,
							"uv": {
								"north": {"uv": [59, 102], "uv_size": [1, 2]}
							}
						}
					]
				},
				{
					"name": "bone60",
					"parent": "bone8",
					"pivot": [-0.02832, -33.14018, -2.16946],
					"rotation": [-45.80958, -90, 0],
					"cubes": [
						{
							"origin": [-14.74054, -48.88993, 11.87786],
							"size": [0.88012, 1.38543, 0.98812],
							"inflate": -0.33332,
							"pivot": [-14.19373, -48.55661, 12.21182],
							"rotation": [0, 0, -16.54154],
							"uv": {
								"north": {"uv": [111, 34], "uv_size": [2, 3]}
							}
						},
						{
							"origin": [-15.36447, -48.95071, 11.87786],
							"size": [0.88012, 1.38543, 0.98812],
							"inflate": -0.33332,
							"pivot": [-14.81768, -48.61739, 12.21182],
							"rotation": [0, 0, 16.54154],
							"uv": {
								"north": {"uv": [49, 98], "uv_size": [2, 3]}
							}
						},
						{
							"origin": [-14.99031, -48.79002, 12.03791],
							"size": [0.76455, 1.09508, 0.66801],
							"inflate": -0.17263,
							"uv": {
								"north": {"uv": [115, 46], "uv_size": [1, 2]}
							}
						}
					]
				},
				{
					"name": "bone61",
					"parent": "bone8",
					"pivot": [-0.02832, -33.14018, -2.16946],
					"rotation": [-45.80958, -135, 0],
					"cubes": [
						{
							"origin": [-10.49102, -41.49163, 19.06999],
							"size": [0.88012, 1.38543, 0.98812],
							"inflate": -0.33332,
							"pivot": [-9.94421, -41.15831, 19.40395],
							"rotation": [0, 0, -16.54154],
							"uv": {
								"north": {"uv": [51, 98], "uv_size": [2, 3]}
							}
						},
						{
							"origin": [-11.11497, -41.55241, 19.06999],
							"size": [0.88012, 1.38543, 0.98812],
							"inflate": -0.33332,
							"pivot": [-10.56816, -41.21909, 19.40395],
							"rotation": [0, 0, 16.54154],
							"uv": {
								"north": {"uv": [111, 38], "uv_size": [2, 3]}
							}
						},
						{
							"origin": [-10.74079, -41.39172, 19.23004],
							"size": [0.76455, 1.09508, 0.66801],
							"inflate": -0.17263,
							"uv": {
								"north": {"uv": [61, 102], "uv_size": [1, 2]}
							}
						}
					]
				},
				{
					"name": "bone62",
					"parent": "zhuti2",
					"pivot": [-0.02832, -32.59584, -7.77292],
					"rotation": [-90, 0, 0]
				},
				{
					"name": "bone63",
					"parent": "bone62",
					"pivot": [-0.02832, -32.59584, -7.77292],
					"rotation": [-0.77963, -45, 0],
					"cubes": [
						{
							"origin": [-9.99445, -53.76012, -18.98493],
							"size": [0.9839, 6.04066, 1.11662],
							"inflate": -0.47762,
							"pivot": [-9.48817, -53.2825, -18.50667],
							"rotation": [0, 0, -0.32292],
							"uv": {
								"north": {"uv": [95, 58], "uv_size": [2, 11]}
							}
						},
						{
							"origin": [-10.85172, -53.76029, -18.98493],
							"size": [0.9839, 6.04066, 1.11662],
							"inflate": -0.47762,
							"pivot": [-10.34543, -53.28267, -18.50667],
							"rotation": [0, 0, 0.32292],
							"uv": {
								"north": {"uv": [95, 70], "uv_size": [2, 11]}
							}
						},
						{
							"origin": [-10.69849, -53.63573, -18.86101],
							"size": [1.53471, 5.79162, 0.86878],
							"inflate": -0.35306,
							"uv": {
								"north": {"uv": [75, 70], "uv_size": [3, 10]}
							}
						}
					]
				},
				{
					"name": "bone64",
					"parent": "bone62",
					"pivot": [-0.02832, -32.59584, -7.77292],
					"rotation": [-0.77963, 180, 0],
					"cubes": [
						{
							"origin": [-0.12135, -53.43385, 4.9921],
							"size": [0.9839, 6.04066, 1.11662],
							"inflate": -0.47762,
							"pivot": [0.38493, -52.95623, 5.47036],
							"rotation": [0, 0, -0.32292],
							"uv": {
								"north": {"uv": [95, 82], "uv_size": [2, 11]}
							}
						},
						{
							"origin": [-0.9786, -53.434, 4.9921],
							"size": [0.9839, 6.04066, 1.11662],
							"inflate": -0.47762,
							"pivot": [-0.47232, -52.95638, 5.47036],
							"rotation": [0, 0, 0.32292],
							"uv": {
								"north": {"uv": [97, 34], "uv_size": [2, 11]}
							}
						},
						{
							"origin": [-0.82538, -53.30944, 5.11602],
							"size": [1.53471, 5.79162, 0.86878],
							"inflate": -0.35306,
							"uv": {
								"north": {"uv": [79, 70], "uv_size": [3, 10]}
							}
						}
					]
				},
				{
					"name": "bone65",
					"parent": "bone62",
					"pivot": [-0.02832, -32.59584, -7.77292],
					"rotation": [-0.77963, 135, 0],
					"cubes": [
						{
							"origin": [9.81119, -53.48949, 0.9029],
							"size": [0.9839, 6.04066, 1.11662],
							"inflate": -0.47762,
							"pivot": [10.31747, -53.01187, 1.38116],
							"rotation": [0, 0, -0.32292],
							"uv": {
								"north": {"uv": [97, 46], "uv_size": [2, 11]}
							}
						},
						{
							"origin": [8.95392, -53.48965, 0.9029],
							"size": [0.9839, 6.04066, 1.11662],
							"inflate": -0.47762,
							"pivot": [9.46021, -53.01203, 1.38116],
							"rotation": [0, 0, 0.32292],
							"uv": {
								"north": {"uv": [97, 58], "uv_size": [2, 11]}
							}
						},
						{
							"origin": [9.10715, -53.36509, 1.02682],
							"size": [1.53471, 5.79162, 0.86878],
							"inflate": -0.35306,
							"uv": {
								"north": {"uv": [83, 70], "uv_size": [3, 10]}
							}
						}
					]
				},
				{
					"name": "bone66",
					"parent": "bone62",
					"pivot": [-0.02832, -32.59584, -7.77292],
					"rotation": [-0.77963, 90, 0],
					"cubes": [
						{
							"origin": [13.94278, -53.6244, -9.0113],
							"size": [0.9839, 6.04066, 1.11662],
							"inflate": -0.47762,
							"pivot": [14.44906, -53.14678, -8.53304],
							"rotation": [0, 0, -0.32292],
							"uv": {
								"north": {"uv": [97, 70], "uv_size": [2, 11]}
							}
						},
						{
							"origin": [13.08552, -53.62457, -9.0113],
							"size": [0.9839, 6.04066, 1.11662],
							"inflate": -0.47762,
							"pivot": [13.59181, -53.14694, -8.53304],
							"rotation": [0, 0, 0.32292],
							"uv": {
								"north": {"uv": [87, 84], "uv_size": [2, 11]}
							}
						},
						{
							"origin": [13.23875, -53.5, -8.88738],
							"size": [1.53471, 5.79162, 0.86878],
							"inflate": -0.35306,
							"uv": {
								"north": {"uv": [85, 34], "uv_size": [3, 10]}
							}
						}
					]
				},
				{
					"name": "bone67",
					"parent": "bone62",
					"pivot": [-0.02832, -32.59584, -7.77292],
					"rotation": [-0.77963, 45, 0],
					"cubes": [
						{
							"origin": [9.8532, -53.75955, -18.94292],
							"size": [0.9839, 6.04066, 1.11662],
							"inflate": -0.47762,
							"pivot": [10.35949, -53.28193, -18.46466],
							"rotation": [0, 0, -0.32292],
							"uv": {
								"north": {"uv": [89, 84], "uv_size": [2, 11]}
							}
						},
						{
							"origin": [8.99594, -53.75972, -18.94292],
							"size": [0.9839, 6.04066, 1.11662],
							"inflate": -0.47762,
							"pivot": [9.50222, -53.2821, -18.46466],
							"rotation": [0, 0, 0.32292],
							"uv": {
								"north": {"uv": [93, 84], "uv_size": [2, 11]}
							}
						},
						{
							"origin": [9.14916, -53.63516, -18.819],
							"size": [1.53471, 5.79162, 0.86878],
							"inflate": -0.35306,
							"uv": {
								"north": {"uv": [85, 44], "uv_size": [3, 10]}
							}
						}
					]
				},
				{
					"name": "bone68",
					"parent": "bone62",
					"pivot": [-0.02832, -32.59584, -7.77292],
					"rotation": [-0.77963, 0, 0],
					"cubes": [
						{
							"origin": [-0.06193, -53.81577, -23.07413],
							"size": [0.9839, 6.04066, 1.11662],
							"inflate": -0.47762,
							"pivot": [0.44435, -53.33815, -22.59587],
							"rotation": [0, 0, -0.32292],
							"uv": {
								"north": {"uv": [97, 82], "uv_size": [2, 11]}
							}
						},
						{
							"origin": [-0.91918, -53.81594, -23.07413],
							"size": [0.9839, 6.04066, 1.11662],
							"inflate": -0.47762,
							"pivot": [-0.4129, -53.33831, -22.59587],
							"rotation": [0, 0, 0.32292],
							"uv": {
								"north": {"uv": [99, 34], "uv_size": [2, 11]}
							}
						},
						{
							"origin": [-0.76596, -53.69138, -22.95021],
							"size": [1.53471, 5.79162, 0.86878],
							"inflate": -0.35306,
							"uv": {
								"north": {"uv": [85, 54], "uv_size": [3, 10]}
							}
						}
					]
				},
				{
					"name": "bone69",
					"parent": "bone62",
					"pivot": [-0.02832, -32.59584, -7.77292],
					"rotation": [-0.77963, -90, 0],
					"cubes": [
						{
							"origin": [-14.12605, -53.62521, -9.07073],
							"size": [0.9839, 6.04066, 1.11662],
							"inflate": -0.47762,
							"pivot": [-13.61977, -53.14759, -8.59247],
							"rotation": [0, 0, -0.32292],
							"uv": {
								"north": {"uv": [99, 46], "uv_size": [2, 11]}
							}
						},
						{
							"origin": [-14.98331, -53.62538, -9.07073],
							"size": [0.9839, 6.04066, 1.11662],
							"inflate": -0.47762,
							"pivot": [-14.47702, -53.14775, -8.59247],
							"rotation": [0, 0, 0.32292],
							"uv": {
								"north": {"uv": [99, 58], "uv_size": [2, 11]}
							}
						},
						{
							"origin": [-14.83008, -53.50081, -8.94681],
							"size": [1.53471, 5.79162, 0.86878],
							"inflate": -0.35306,
							"uv": {
								"north": {"uv": [87, 64], "uv_size": [3, 10]}
							}
						}
					]
				},
				{
					"name": "bone70",
					"parent": "bone62",
					"pivot": [-0.02832, -32.59584, -7.77292],
					"rotation": [-0.77963, -135, 0],
					"cubes": [
						{
							"origin": [-10.03647, -53.49007, 0.86089],
							"size": [0.9839, 6.04066, 1.11662],
							"inflate": -0.47762,
							"pivot": [-9.53019, -53.01245, 1.33915],
							"rotation": [0, 0, -0.32292],
							"uv": {
								"north": {"uv": [99, 70], "uv_size": [2, 11]}
							}
						},
						{
							"origin": [-10.89373, -53.49022, 0.86089],
							"size": [0.9839, 6.04066, 1.11662],
							"inflate": -0.47762,
							"pivot": [-10.38745, -53.0126, 1.33915],
							"rotation": [0, 0, 0.32292],
							"uv": {
								"north": {"uv": [91, 86], "uv_size": [2, 11]}
							}
						},
						{
							"origin": [-10.74051, -53.36566, 0.98481],
							"size": [1.53471, 5.79162, 0.86878],
							"inflate": -0.35306,
							"uv": {
								"north": {"uv": [87, 74], "uv_size": [3, 10]}
							}
						}
					]
				},
				{
					"name": "bone71",
					"parent": "zhuti2",
					"pivot": [-0.02832, -32.65988, -8.89361],
					"rotation": [90, 0, 0]
				},
				{
					"name": "bone72",
					"parent": "bone71",
					"pivot": [-0.02832, -32.65988, -8.89361],
					"rotation": [-22.16352, 180, 0],
					"cubes": [
						{
							"origin": [-0.16687, -20.71462, -30.58239],
							"size": [0.8674, 2.14243, 1.11284],
							"inflate": -0.31563,
							"pivot": [0.3849, -20.39899, -30.26613],
							"rotation": [0, 0, -8.88136],
							"uv": {
								"north": {"uv": [107, 54], "uv_size": [2, 4]}
							}
						},
						{
							"origin": [-0.81948, -20.75108, -30.58239],
							"size": [0.8674, 2.14243, 1.11284],
							"inflate": -0.31563,
							"pivot": [-0.2677, -20.43545, -30.26613],
							"rotation": [0, 0, 8.88136],
							"uv": {
								"north": {"uv": [107, 58], "uv_size": [2, 4]}
							}
						},
						{
							"origin": [-0.44033, -20.60808, -30.44003],
							"size": [0.76455, 1.87477, 0.82811],
							"inflate": -0.17263,
							"uv": {
								"north": {"uv": [111, 62], "uv_size": [1, 3]}
							}
						}
					]
				},
				{
					"name": "bone73",
					"parent": "bone71",
					"pivot": [-0.02832, -32.65988, -8.89361],
					"rotation": [-22.16352, 135, 0],
					"cubes": [
						{
							"origin": [-10.12729, -19.14889, -26.73868],
							"size": [0.8674, 2.14243, 1.11284],
							"inflate": -0.31563,
							"pivot": [-9.57553, -18.83326, -26.42241],
							"rotation": [0, 0, -8.88136],
							"uv": {
								"north": {"uv": [107, 62], "uv_size": [2, 4]}
							}
						},
						{
							"origin": [-10.7799, -19.18535, -26.73868],
							"size": [0.8674, 2.14243, 1.11284],
							"inflate": -0.31563,
							"pivot": [-10.22813, -18.86972, -26.42241],
							"rotation": [0, 0, 8.88136],
							"uv": {
								"north": {"uv": [107, 66], "uv_size": [2, 4]}
							}
						},
						{
							"origin": [-10.40075, -19.04235, -26.59631],
							"size": [0.76455, 1.87477, 0.82811],
							"inflate": -0.17263,
							"uv": {
								"north": {"uv": [111, 66], "uv_size": [1, 3]}
							}
						}
					]
				},
				{
					"name": "bone74",
					"parent": "bone71",
					"pivot": [-0.02832, -32.65988, -8.89361],
					"rotation": [-22.16352, 90, 0],
					"cubes": [
						{
							"origin": [-14.23561, -15.38474, -17.49808],
							"size": [0.8674, 2.14243, 1.11284],
							"inflate": -0.31563,
							"pivot": [-13.68384, -15.06911, -17.18181],
							"rotation": [0, 0, -8.88136],
							"uv": {
								"north": {"uv": [107, 70], "uv_size": [2, 4]}
							}
						},
						{
							"origin": [-14.88821, -15.4212, -17.49808],
							"size": [0.8674, 2.14243, 1.11284],
							"inflate": -0.31563,
							"pivot": [-14.33645, -15.10557, -17.18181],
							"rotation": [0, 0, 8.88136],
							"uv": {
								"north": {"uv": [107, 74], "uv_size": [2, 4]}
							}
						},
						{
							"origin": [-14.50908, -15.27819, -17.35573],
							"size": [0.76455, 1.87477, 0.82811],
							"inflate": -0.17263,
							"uv": {
								"north": {"uv": [111, 70], "uv_size": [1, 3]}
							}
						}
					]
				},
				{
					"name": "bone75",
					"parent": "bone71",
					"pivot": [-0.02832, -32.65988, -8.89361],
					"rotation": [-22.16352, 45, 0],
					"cubes": [
						{
							"origin": [-10.08523, -11.62715, -8.27362],
							"size": [0.8674, 2.14243, 1.11284],
							"inflate": -0.31563,
							"pivot": [-9.53346, -11.31152, -7.95736],
							"rotation": [0, 0, -8.88136],
							"uv": {
								"north": {"uv": [107, 78], "uv_size": [2, 4]}
							}
						},
						{
							"origin": [-10.73784, -11.66361, -8.27362],
							"size": [0.8674, 2.14243, 1.11284],
							"inflate": -0.31563,
							"pivot": [-10.18607, -11.34798, -7.95736],
							"rotation": [0, 0, 8.88136],
							"uv": {
								"north": {"uv": [95, 94], "uv_size": [2, 4]}
							}
						},
						{
							"origin": [-10.35869, -11.52061, -8.13126],
							"size": [0.76455, 1.87477, 0.82811],
							"inflate": -0.17263,
							"uv": {
								"north": {"uv": [111, 74], "uv_size": [1, 3]}
							}
						}
					]
				},
				{
					"name": "bone76",
					"parent": "bone71",
					"pivot": [-0.02832, -32.65988, -8.89361],
					"rotation": [-22.16352, 0, 0],
					"cubes": [
						{
							"origin": [-0.10738, -10.07728, -4.46887],
							"size": [0.8674, 2.14243, 1.11284],
							"inflate": -0.31563,
							"pivot": [0.44439, -9.76165, -4.1526],
							"rotation": [0, 0, -8.88136],
							"uv": {
								"north": {"uv": [107, 82], "uv_size": [2, 4]}
							}
						},
						{
							"origin": [-0.75999, -10.11374, -4.46887],
							"size": [0.8674, 2.14243, 1.11284],
							"inflate": -0.31563,
							"pivot": [-0.20822, -9.79811, -4.1526],
							"rotation": [0, 0, 8.88136],
							"uv": {
								"north": {"uv": [97, 94], "uv_size": [2, 4]}
							}
						},
						{
							"origin": [-0.38084, -9.97074, -4.32651],
							"size": [0.76455, 1.87477, 0.82811],
							"inflate": -0.17263,
							"uv": {
								"north": {"uv": [91, 98], "uv_size": [1, 3]}
							}
						}
					]
				},
				{
					"name": "bone77",
					"parent": "bone71",
					"pivot": [-0.02832, -32.65988, -8.89361],
					"rotation": [-22.16352, -45, 0],
					"cubes": [
						{
							"origin": [9.85304, -11.64302, -8.31258],
							"size": [0.8674, 2.14243, 1.11284],
							"inflate": -0.31563,
							"pivot": [10.40481, -11.32739, -7.99631],
							"rotation": [0, 0, -8.88136],
							"uv": {
								"north": {"uv": [107, 86], "uv_size": [2, 4]}
							}
						},
						{
							"origin": [9.20043, -11.67948, -8.31258],
							"size": [0.8674, 2.14243, 1.11284],
							"inflate": -0.31563,
							"pivot": [9.7522, -11.36385, -7.99631],
							"rotation": [0, 0, 8.88136],
							"uv": {
								"north": {"uv": [101, 94], "uv_size": [2, 4]}
							}
						},
						{
							"origin": [9.57958, -11.53647, -8.17023],
							"size": [0.76455, 1.87477, 0.82811],
							"inflate": -0.17263,
							"uv": {
								"north": {"uv": [111, 78], "uv_size": [1, 3]}
							}
						}
					]
				},
				{
					"name": "bone78",
					"parent": "bone71",
					"pivot": [-0.02832, -32.65988, -8.89361],
					"rotation": [-22.16352, -90, 0],
					"cubes": [
						{
							"origin": [13.96137, -15.40718, -17.55318],
							"size": [0.8674, 2.14243, 1.11284],
							"inflate": -0.31563,
							"pivot": [14.51313, -15.09155, -17.23691],
							"rotation": [0, 0, -8.88136],
							"uv": {
								"north": {"uv": [103, 94], "uv_size": [2, 4]}
							}
						},
						{
							"origin": [13.30876, -15.44363, -17.55318],
							"size": [0.8674, 2.14243, 1.11284],
							"inflate": -0.31563,
							"pivot": [13.86053, -15.128, -17.23691],
							"rotation": [0, 0, 8.88136],
							"uv": {
								"north": {"uv": [107, 90], "uv_size": [2, 4]}
							}
						},
						{
							"origin": [13.6879, -15.30063, -17.41081],
							"size": [0.76455, 1.87477, 0.82811],
							"inflate": -0.17263,
							"uv": {
								"north": {"uv": [95, 98], "uv_size": [1, 3]}
							}
						}
					]
				},
				{
					"name": "bone79",
					"parent": "bone71",
					"pivot": [-0.02832, -32.65988, -8.89361],
					"rotation": [-22.16352, -135, 0],
					"cubes": [
						{
							"origin": [9.81098, -19.16476, -26.77763],
							"size": [0.8674, 2.14243, 1.11284],
							"inflate": -0.31563,
							"pivot": [10.36274, -18.84913, -26.46136],
							"rotation": [0, 0, -8.88136],
							"uv": {
								"north": {"uv": [105, 94], "uv_size": [2, 4]}
							}
						},
						{
							"origin": [9.15837, -19.20121, -26.77763],
							"size": [0.8674, 2.14243, 1.11284],
							"inflate": -0.31563,
							"pivot": [9.71014, -18.88558, -26.46136],
							"rotation": [0, 0, 8.88136],
							"uv": {
								"north": {"uv": [107, 94], "uv_size": [2, 4]}
							}
						},
						{
							"origin": [9.53752, -19.05821, -26.63527],
							"size": [0.76455, 1.87477, 0.82811],
							"inflate": -0.17263,
							"uv": {
								"north": {"uv": [111, 82], "uv_size": [1, 3]}
							}
						}
					]
				},
				{
					"name": "bone10",
					"parent": "Rockets",
					"pivot": [-0.02798, -33.16568, 20.66868],
					"cubes": [
						{
							"origin": [-0.12262, -19.58079, -0.01281],
							"size": [0.24959, 2.04302, 0.46057],
							"pivot": [0.00218, -18.55929, 0.21747],
							"rotation": [0, 0, -90],
							"uv": {
								"east": {"uv": [53, 98], "uv_size": [1, 4]},
								"south": {"uv": [55, 98], "uv_size": [1, 4]},
								"west": {"uv": [111, 42], "uv_size": [1, 4]}
							}
						},
						{
							"origin": [-0.12262, -19.58079, -0.01281],
							"size": [0.24959, 2.04302, 0.46057],
							"pivot": [0.00218, -18.55929, 0.21747],
							"rotation": [0, 0, -135],
							"uv": {
								"east": {"uv": [57, 98], "uv_size": [1, 4]},
								"south": {"uv": [59, 98], "uv_size": [1, 4]},
								"west": {"uv": [111, 46], "uv_size": [1, 4]}
							}
						},
						{
							"origin": [-0.12262, -19.58079, -0.01281],
							"size": [0.24959, 2.04302, 0.46057],
							"pivot": [0.00218, -18.55929, 0.21747],
							"rotation": [0, 0, -180],
							"uv": {
								"east": {"uv": [61, 98], "uv_size": [1, 4]},
								"south": {"uv": [63, 98], "uv_size": [1, 4]},
								"west": {"uv": [111, 50], "uv_size": [1, 4]}
							}
						},
						{
							"origin": [-0.12262, -19.58079, -0.01281],
							"size": [0.24959, 2.04302, 0.46057],
							"pivot": [0.00218, -18.55929, 0.21747],
							"rotation": [0, 0, 135],
							"uv": {
								"east": {"uv": [65, 98], "uv_size": [1, 4]},
								"south": {"uv": [111, 54], "uv_size": [1, 4]},
								"west": {"uv": [111, 58], "uv_size": [1, 4]}
							}
						},
						{
							"origin": [-0.35538, -19.42301, -0.90252],
							"size": [0.7151, 1.72564, 1.3482],
							"pivot": [0.00218, -18.56018, -0.22842],
							"rotation": [0, 0, 90],
							"uv": {
								"north": {"uv": [97, 98], "uv_size": [1, 3]},
								"south": {"uv": [111, 86], "uv_size": [1, 3]},
								"up": {"uv": [95, 102], "uv_size": [1, 2]},
								"down": {"uv": [115, 84], "uv_size": [1, -2]}
							}
						},
						{
							"origin": [-0.35538, -19.42301, -0.90252],
							"size": [0.7151, 1.72564, 1.3482],
							"pivot": [0.00218, -18.56018, -0.22842],
							"rotation": [0, 0, 45],
							"uv": {
								"north": {"uv": [101, 98], "uv_size": [1, 3]},
								"south": {"uv": [103, 98], "uv_size": [1, 3]},
								"up": {"uv": [97, 102], "uv_size": [1, 2]},
								"down": {"uv": [115, 86], "uv_size": [1, -2]}
							}
						},
						{
							"origin": [-0.35538, -19.42301, -0.90252],
							"size": [0.7151, 1.72564, 1.3482],
							"uv": {
								"north": {"uv": [111, 90], "uv_size": [1, 3]},
								"south": {"uv": [105, 98], "uv_size": [1, 3]},
								"up": {"uv": [115, 86], "uv_size": [1, 2]},
								"down": {"uv": [101, 104], "uv_size": [1, -2]}
							}
						},
						{
							"origin": [-0.35538, -19.42301, -0.90252],
							"size": [0.7151, 1.72564, 1.3482],
							"pivot": [0.00218, -18.56018, -0.22842],
							"rotation": [0, 0, -45],
							"uv": {
								"north": {"uv": [107, 98], "uv_size": [1, 3]},
								"south": {"uv": [111, 94], "uv_size": [1, 3]},
								"up": {"uv": [115, 88], "uv_size": [1, 2]},
								"down": {"uv": [103, 104], "uv_size": [1, -2]}
							}
						}
					]
				},
				{
					"name": "bone11",
					"parent": "bone10",
					"pivot": [-0.02798, -33.16568, 21.21218],
					"cubes": [
						{
							"origin": [-0.12261, -17.56986, -0.28054],
							"size": [0.24959, 0.3388, 0.46057],
							"pivot": [0.37887, -17.70759, -0.05637],
							"rotation": [-45, 0, 0],
							"uv": {
								"north": {"uv": [117, 56], "uv_size": [1, 1]},
								"east": {"uv": [71, 104], "uv_size": [1, 1]},
								"west": {"uv": [117, 58], "uv_size": [1, 1]},
								"up": {"uv": [73, 104], "uv_size": [1, 1]}
							}
						},
						{
							"origin": [-0.12261, -17.79, -0.78608],
							"size": [0.24959, 0.45115, 1.1057],
							"pivot": [0.37887, -17.70759, -0.05637],
							"rotation": [25.75, 0, 0],
							"uv": {
								"north": {"uv": [117, 60], "uv_size": [1, 1]},
								"east": {"uv": [115, 48], "uv_size": [2, 1]},
								"west": {"uv": [63, 102], "uv_size": [2, 1]},
								"up": {"uv": [115, 50], "uv_size": [1, 2]}
							}
						}
					]
				},
				{
					"name": "bone12",
					"parent": "bone10",
					"pivot": [-0.02798, -33.16568, 21.21218],
					"rotation": [0, 0, -45],
					"cubes": [
						{
							"origin": [10.19621, -21.86904, -0.28054],
							"size": [0.24959, 0.3388, 0.46057],
							"pivot": [10.69769, -22.00677, -0.05637],
							"rotation": [-45, 0, 0],
							"uv": {
								"north": {"uv": [75, 104], "uv_size": [1, 1]},
								"east": {"uv": [117, 62], "uv_size": [1, 1]},
								"west": {"uv": [77, 104], "uv_size": [1, 1]},
								"up": {"uv": [117, 64], "uv_size": [1, 1]}
							}
						},
						{
							"origin": [10.19621, -22.08918, -0.78608],
							"size": [0.24959, 0.45115, 1.1057],
							"pivot": [10.69769, -22.00677, -0.05637],
							"rotation": [25.75, 0, 0],
							"uv": {
								"north": {"uv": [79, 104], "uv_size": [1, 1]},
								"east": {"uv": [65, 102], "uv_size": [2, 1]},
								"west": {"uv": [115, 52], "uv_size": [2, 1]},
								"up": {"uv": [67, 102], "uv_size": [1, 2]}
							}
						}
					]
				},
				{
					"name": "bone81",
					"parent": "bone10",
					"pivot": [-0.02798, -33.16568, 21.21218],
					"rotation": [0, 0, -90],
					"cubes": [
						{
							"origin": [14.45273, -32.20552, -0.28054],
							"size": [0.24959, 0.3388, 0.46057],
							"pivot": [14.95422, -32.34325, -0.05637],
							"rotation": [-45, 0, 0],
							"uv": {
								"north": {"uv": [117, 66], "uv_size": [1, 1]},
								"east": {"uv": [81, 104], "uv_size": [1, 1]},
								"west": {"uv": [117, 68], "uv_size": [1, 1]},
								"up": {"uv": [83, 104], "uv_size": [1, 1]}
							}
						},
						{
							"origin": [14.45273, -32.42566, -0.78608],
							"size": [0.24959, 0.45115, 1.1057],
							"pivot": [14.95422, -32.34325, -0.05637],
							"rotation": [25.75, 0, 0],
							"uv": {
								"north": {"uv": [117, 70], "uv_size": [1, 1]},
								"east": {"uv": [115, 54], "uv_size": [2, 1]},
								"west": {"uv": [69, 102], "uv_size": [2, 1]},
								"up": {"uv": [115, 56], "uv_size": [1, 2]}
							}
						}
					]
				},
				{
					"name": "bone82",
					"parent": "bone10",
					"pivot": [-0.02798, -33.16568, 21.21218],
					"rotation": [0, 0, -135],
					"cubes": [
						{
							"origin": [10.15356, -42.52434, -0.28054],
							"size": [0.24959, 0.3388, 0.46057],
							"pivot": [10.65505, -42.66207, -0.05637],
							"rotation": [-45, 0, 0],
							"uv": {
								"north": {"uv": [85, 104], "uv_size": [1, 1]},
								"east": {"uv": [117, 72], "uv_size": [1, 1]},
								"west": {"uv": [87, 104], "uv_size": [1, 1]},
								"up": {"uv": [117, 74], "uv_size": [1, 1]}
							}
						},
						{
							"origin": [10.15356, -42.74448, -0.78608],
							"size": [0.24959, 0.45115, 1.1057],
							"pivot": [10.65505, -42.66207, -0.05637],
							"rotation": [25.75, 0, 0],
							"uv": {
								"north": {"uv": [89, 104], "uv_size": [1, 1]},
								"east": {"uv": [71, 102], "uv_size": [2, 1]},
								"west": {"uv": [115, 58], "uv_size": [2, 1]},
								"up": {"uv": [73, 102], "uv_size": [1, 2]}
							}
						}
					]
				},
				{
					"name": "bone83",
					"parent": "bone10",
					"pivot": [-0.02798, -33.16568, 21.21218],
					"rotation": [0, 0, -180],
					"cubes": [
						{
							"origin": [-0.18292, -46.78086, -0.28054],
							"size": [0.24959, 0.3388, 0.46057],
							"pivot": [0.31857, -46.91859, -0.05637],
							"rotation": [-45, 0, 0],
							"uv": {
								"north": {"uv": [117, 76], "uv_size": [1, 1]},
								"east": {"uv": [91, 104], "uv_size": [1, 1]},
								"west": {"uv": [117, 78], "uv_size": [1, 1]},
								"up": {"uv": [93, 104], "uv_size": [1, 1]}
							}
						},
						{
							"origin": [-0.18292, -47.001, -0.78608],
							"size": [0.24959, 0.45115, 1.1057],
							"pivot": [0.31857, -46.91859, -0.05637],
							"rotation": [25.75, 0, 0],
							"uv": {
								"north": {"uv": [117, 80], "uv_size": [1, 1]},
								"east": {"uv": [115, 60], "uv_size": [2, 1]},
								"west": {"uv": [115, 62], "uv_size": [2, 1]},
								"up": {"uv": [115, 64], "uv_size": [1, 2]}
							}
						}
					]
				},
				{
					"name": "bone84",
					"parent": "bone10",
					"pivot": [-0.02798, -33.16568, 21.21218],
					"rotation": [0, 0, 135],
					"cubes": [
						{
							"origin": [-10.50173, -42.48169, -0.28054],
							"size": [0.24959, 0.3388, 0.46057],
							"pivot": [-10.00024, -42.61942, -0.05637],
							"rotation": [-45, 0, 0],
							"uv": {
								"north": {"uv": [95, 104], "uv_size": [1, 1]},
								"east": {"uv": [117, 82], "uv_size": [1, 1]},
								"west": {"uv": [97, 104], "uv_size": [1, 1]},
								"up": {"uv": [117, 84], "uv_size": [1, 1]}
							}
						},
						{
							"origin": [-10.50173, -42.70183, -0.78608],
							"size": [0.24959, 0.45115, 1.1057],
							"pivot": [-10.00024, -42.61942, -0.05637],
							"rotation": [25.75, 0, 0],
							"uv": {
								"north": {"uv": [99, 104], "uv_size": [1, 1]},
								"east": {"uv": [115, 66], "uv_size": [2, 1]},
								"west": {"uv": [115, 68], "uv_size": [2, 1]},
								"up": {"uv": [115, 70], "uv_size": [1, 2]}
							}
						}
					]
				},
				{
					"name": "bone85",
					"parent": "bone10",
					"pivot": [-0.02798, -33.16568, 21.21218],
					"rotation": [0, 0, 90],
					"cubes": [
						{
							"origin": [-14.75827, -32.14521, -0.28054],
							"size": [0.24959, 0.3388, 0.46057],
							"pivot": [-14.25678, -32.28294, -0.05637],
							"rotation": [-45, 0, 0],
							"uv": {
								"north": {"uv": [117, 86], "uv_size": [1, 1]},
								"east": {"uv": [101, 104], "uv_size": [1, 1]},
								"west": {"uv": [117, 88], "uv_size": [1, 1]},
								"up": {"uv": [103, 104], "uv_size": [1, 1]}
							}
						},
						{
							"origin": [-14.75827, -32.36535, -0.78608],
							"size": [0.24959, 0.45115, 1.1057],
							"pivot": [-14.25678, -32.28294, -0.05637],
							"rotation": [25.75, 0, 0],
							"uv": {
								"north": {"uv": [117, 90], "uv_size": [1, 1]},
								"east": {"uv": [115, 72], "uv_size": [2, 1]},
								"west": {"uv": [115, 74], "uv_size": [2, 1]},
								"up": {"uv": [115, 76], "uv_size": [1, 2]}
							}
						}
					]
				},
				{
					"name": "bone86",
					"parent": "bone10",
					"pivot": [-0.02798, -33.16568, 21.21218],
					"rotation": [0, 0, 45],
					"cubes": [
						{
							"origin": [-10.45909, -21.82639, -0.28054],
							"size": [0.24959, 0.3388, 0.46057],
							"pivot": [-9.95761, -21.96412, -0.05637],
							"rotation": [-45, 0, 0],
							"uv": {
								"north": {"uv": [105, 104], "uv_size": [1, 1]},
								"east": {"uv": [117, 92], "uv_size": [1, 1]},
								"west": {"uv": [107, 104], "uv_size": [1, 1]},
								"up": {"uv": [117, 94], "uv_size": [1, 1]}
							}
						},
						{
							"origin": [-10.45909, -22.04653, -0.78608],
							"size": [0.24959, 0.45115, 1.1057],
							"pivot": [-9.95761, -21.96412, -0.05637],
							"rotation": [25.75, 0, 0],
							"uv": {
								"north": {"uv": [109, 104], "uv_size": [1, 1]},
								"east": {"uv": [91, 102], "uv_size": [2, 1]},
								"west": {"uv": [115, 78], "uv_size": [2, 1]},
								"up": {"uv": [115, 80], "uv_size": [1, 2]}
							}
						}
					]
				},
				{
					"name": "bone13",
					"parent": "Rockets",
					"pivot": [-0.03039, -33.17322, 26.21214],
					"cubes": [
						{
							"origin": [-0.29758, -19.28288, -4.24296],
							"size": [0.59952, 1.44538, 23.45589],
							"pivot": [0.00218, -18.56018, 7.48499],
							"rotation": [0, 0, 90],
							"uv": {
								"south": {"uv": [109, 98], "uv_size": [1, 3]},
								"up": {"uv": [59, 52], "uv_size": [1, 42]},
								"down": {"uv": [61, 94], "uv_size": [1, -42]}
							}
						},
						{
							"origin": [-0.29758, -19.28288, -4.24296],
							"size": [0.59952, 1.44538, 23.45589],
							"pivot": [0.00218, -18.56018, 7.48499],
							"rotation": [0, 0, 45],
							"uv": {
								"south": {"uv": [111, 98], "uv_size": [1, 3]},
								"up": {"uv": [63, 52], "uv_size": [1, 42]},
								"down": {"uv": [65, 94], "uv_size": [1, -42]}
							}
						},
						{
							"origin": [-0.29758, -19.28288, -4.24296],
							"size": [0.59952, 1.44538, 23.45589],
							"uv": {
								"south": {"uv": [113, 34], "uv_size": [1, 3]},
								"up": {"uv": [67, 34], "uv_size": [1, 42]},
								"down": {"uv": [69, 76], "uv_size": [1, -42]}
							}
						},
						{
							"origin": [-0.29758, -19.28288, -4.24296],
							"size": [0.59952, 1.44538, 23.45589],
							"pivot": [0.00218, -18.56018, 7.48499],
							"rotation": [0, 0, -45],
							"uv": {
								"south": {"uv": [113, 38], "uv_size": [1, 3]},
								"up": {"uv": [71, 34], "uv_size": [1, 42]},
								"down": {"uv": [73, 76], "uv_size": [1, -42]}
							}
						}
					]
				},
				{
					"name": "bone14",
					"parent": "Rockets",
					"pivot": [0.00218, -33.16568, 3.4676],
					"cubes": [
						{
							"origin": [-0.36641, -19.44813, -16.41998],
							"size": [0.73717, 1.77589, 13.15523],
							"pivot": [0.00218, -18.56018, -15.74073],
							"rotation": [0, 0, 90],
							"uv": {
								"north": {"uv": [113, 42], "uv_size": [1, 3]},
								"south": {"uv": [113, 46], "uv_size": [1, 3]},
								"up": {"uv": [93, 60], "uv_size": [1, 23]},
								"down": {"uv": [75, 103], "uv_size": [1, -23]}
							}
						},
						{
							"origin": [-0.36641, -19.44813, -16.41998],
							"size": [0.73717, 1.77589, 13.15523],
							"pivot": [0.00218, -18.56018, -15.74073],
							"rotation": [0, 0, 45],
							"uv": {
								"north": {"uv": [113, 50], "uv_size": [1, 3]},
								"south": {"uv": [113, 54], "uv_size": [1, 3]},
								"up": {"uv": [77, 80], "uv_size": [1, 23]},
								"down": {"uv": [79, 103], "uv_size": [1, -23]}
							}
						},
						{
							"origin": [-0.36641, -19.44813, -16.41998],
							"size": [0.73717, 1.77589, 13.15523],
							"uv": {
								"north": {"uv": [113, 58], "uv_size": [1, 3]},
								"south": {"uv": [113, 62], "uv_size": [1, 3]},
								"up": {"uv": [81, 80], "uv_size": [1, 23]},
								"down": {"uv": [83, 103], "uv_size": [1, -23]}
							}
						},
						{
							"origin": [-0.36641, -19.44813, -16.41998],
							"size": [0.73717, 1.77589, 13.15523],
							"pivot": [0.00218, -18.56018, -15.74073],
							"rotation": [0, 0, -45],
							"uv": {
								"north": {"uv": [113, 66], "uv_size": [1, 3]},
								"south": {"uv": [113, 70], "uv_size": [1, 3]},
								"up": {"uv": [85, 80], "uv_size": [1, 23]},
								"down": {"uv": [95, 57], "uv_size": [1, -23]}
							}
						}
					]
				},
				{
					"name": "bone15",
					"parent": "Rockets",
					"pivot": [0.00218, -33.16568, 3.61471],
					"cubes": [
						{
							"origin": [-0.28447, -19.25246, -17.25871],
							"size": [0.57341, 1.38444, 1.24034],
							"pivot": [0.00223, -18.56018, -28.03312],
							"rotation": [0, 0, 90],
							"uv": {
								"north": {"uv": [115, 90], "uv_size": [1, 2]},
								"up": {"uv": [105, 102], "uv_size": [1, 2]},
								"down": {"uv": [115, 94], "uv_size": [1, -2]}
							}
						},
						{
							"origin": [-0.28453, -19.25241, -17.25871],
							"size": [0.57341, 1.38444, 1.24034],
							"pivot": [0.00218, -18.56018, -16.63853],
							"rotation": [0, 0, 135],
							"uv": {
								"north": {"uv": [107, 102], "uv_size": [1, 2]},
								"up": {"uv": [115, 94], "uv_size": [1, 2]},
								"down": {"uv": [109, 104], "uv_size": [1, -2]}
							}
						},
						{
							"origin": [-0.28453, -19.25241, -17.25871],
							"size": [0.57341, 1.38444, 1.24034],
							"pivot": [0.00218, -18.56018, -16.63853],
							"rotation": [0, 0, -180],
							"uv": {
								"north": {"uv": [115, 96], "uv_size": [1, 2]},
								"up": {"uv": [111, 102], "uv_size": [1, 2]},
								"down": {"uv": [115, 100], "uv_size": [1, -2]}
							}
						},
						{
							"origin": [-0.28453, -19.25241, -17.25871],
							"size": [0.57341, 1.38444, 1.24034],
							"pivot": [0.00218, -18.56018, -16.63853],
							"rotation": [0, 0, -135],
							"uv": {
								"north": {"uv": [113, 102], "uv_size": [1, 2]},
								"up": {"uv": [115, 100], "uv_size": [1, 2]},
								"down": {"uv": [115, 104], "uv_size": [1, -2]}
							}
						}
					]
				},
				{
					"name": "bone16",
					"parent": "Rockets",
					"pivot": [-0.02798, -33.16568, 2.71764],
					"cubes": [
						{
							"origin": [-0.25886, -19.19741, -30.55639],
							"size": [0.52619, 1.27446, 14.77852],
							"pivot": [0.00423, -18.56017, -19.37531],
							"rotation": [0, 0, -90],
							"uv": {
								"north": {"uv": [117, 34], "uv_size": [1, 2]},
								"up": {"uv": [89, 34], "uv_size": [1, 26]},
								"down": {"uv": [67, 102], "uv_size": [1, -26]}
							}
						},
						{
							"origin": [-0.25886, -19.19741, -30.55639],
							"size": [0.52619, 1.27446, 14.77852],
							"pivot": [0.00423, -18.56017, -19.37531],
							"rotation": [0, 0, -135],
							"uv": {
								"north": {"uv": [117, 36], "uv_size": [1, 2]},
								"up": {"uv": [69, 76], "uv_size": [1, 26]},
								"down": {"uv": [71, 102], "uv_size": [1, -26]}
							}
						},
						{
							"origin": [-0.25886, -19.19741, -30.55639],
							"size": [0.52619, 1.27446, 14.77852],
							"pivot": [0.00423, -18.56017, -19.37531],
							"rotation": [0, 0, -180],
							"uv": {
								"north": {"uv": [117, 38], "uv_size": [1, 2]},
								"up": {"uv": [73, 76], "uv_size": [1, 26]},
								"down": {"uv": [91, 60], "uv_size": [1, -26]}
							}
						},
						{
							"origin": [-0.25886, -19.19741, -30.55639],
							"size": [0.52619, 1.27446, 14.77852],
							"pivot": [0.00423, -18.56017, -19.37531],
							"rotation": [0, 0, 135],
							"uv": {
								"north": {"uv": [53, 104], "uv_size": [1, 2]},
								"up": {"uv": [91, 60], "uv_size": [1, 26]},
								"down": {"uv": [93, 60], "uv_size": [1, -26]}
							}
						}
					]
				},
				{
					"name": "bone17",
					"parent": "Rockets",
					"pivot": [-0.02591, -33.16567, -7.57856],
					"cubes": [
						{
							"origin": [-0.31148, -19.32486, -30.93882],
							"size": [0.63143, 1.52935, 1.21877],
							"pivot": [0.00423, -18.56017, -17.52154],
							"rotation": [0, 0, -90],
							"uv": {
								"north": {"uv": [87, 100], "uv_size": [1, 3]},
								"south": {"uv": [113, 74], "uv_size": [1, 3]},
								"up": {"uv": [117, 40], "uv_size": [1, 2]},
								"down": {"uv": [55, 106], "uv_size": [1, -2]}
							}
						},
						{
							"origin": [-0.31148, -19.32486, -30.93882],
							"size": [0.63143, 1.52935, 1.21877],
							"pivot": [0.00423, -18.56017, -17.52154],
							"rotation": [0, 0, -135],
							"uv": {
								"north": {"uv": [89, 100], "uv_size": [1, 3]},
								"south": {"uv": [113, 78], "uv_size": [1, 3]},
								"up": {"uv": [117, 42], "uv_size": [1, 2]},
								"down": {"uv": [57, 106], "uv_size": [1, -2]}
							}
						},
						{
							"origin": [-0.31148, -19.32486, -30.93882],
							"size": [0.63143, 1.52935, 1.21877],
							"pivot": [0.00423, -18.56017, -17.52154],
							"rotation": [0, 0, -180],
							"uv": {
								"north": {"uv": [93, 100], "uv_size": [1, 3]},
								"south": {"uv": [113, 82], "uv_size": [1, 3]},
								"up": {"uv": [117, 44], "uv_size": [1, 2]},
								"down": {"uv": [59, 106], "uv_size": [1, -2]}
							}
						},
						{
							"origin": [-0.31148, -19.32486, -30.93882],
							"size": [0.63143, 1.52935, 1.21877],
							"pivot": [0.00423, -18.56017, -17.52154],
							"rotation": [0, 0, 135],
							"uv": {
								"north": {"uv": [99, 100], "uv_size": [1, 3]},
								"south": {"uv": [113, 86], "uv_size": [1, 3]},
								"up": {"uv": [117, 46], "uv_size": [1, 2]},
								"down": {"uv": [61, 106], "uv_size": [1, -2]}
							}
						}
					]
				},
				{
					"name": "bone80",
					"parent": "Rockets",
					"pivot": [-0.02591, -33.16567, -5.89331],
					"cubes": [
						{
							"origin": [-0.31148, -19.32486, -29.4221],
							"size": [0.63143, 1.52935, 6.66775],
							"pivot": [0.00423, -18.56017, -15.83629],
							"rotation": [0, 0, -90],
							"uv": {
								"north": {"uv": [113, 90], "uv_size": [1, 3]},
								"south": {"uv": [113, 94], "uv_size": [1, 3]},
								"up": {"uv": [101, 82], "uv_size": [1, 12]},
								"down": {"uv": [99, 100], "uv_size": [1, -12]}
							}
						},
						{
							"origin": [-0.31148, -19.32486, -29.4221],
							"size": [0.63143, 1.52935, 6.66775],
							"pivot": [0.00423, -18.56017, -15.83629],
							"rotation": [0, 0, -135],
							"uv": {
								"north": {"uv": [113, 98], "uv_size": [1, 3]},
								"south": {"uv": [47, 102], "uv_size": [1, 3]},
								"up": {"uv": [103, 34], "uv_size": [1, 12]},
								"down": {"uv": [103, 58], "uv_size": [1, -12]}
							}
						},
						{
							"origin": [-0.31148, -19.32486, -29.4221],
							"size": [0.63143, 1.52935, 6.66775],
							"pivot": [0.00423, -18.56017, -15.83629],
							"rotation": [0, 0, -180],
							"uv": {
								"north": {"uv": [115, 34], "uv_size": [1, 3]},
								"south": {"uv": [49, 102], "uv_size": [1, 3]},
								"up": {"uv": [103, 58], "uv_size": [1, 12]},
								"down": {"uv": [103, 82], "uv_size": [1, -12]}
							}
						},
						{
							"origin": [-0.31148, -19.32486, -29.4221],
							"size": [0.63143, 1.52935, 6.66775],
							"pivot": [0.00423, -18.56017, -15.83629],
							"rotation": [0, 0, 135],
							"uv": {
								"north": {"uv": [51, 102], "uv_size": [1, 3]},
								"south": {"uv": [115, 38], "uv_size": [1, 3]},
								"up": {"uv": [103, 82], "uv_size": [1, 12]},
								"down": {"uv": [105, 46], "uv_size": [1, -12]}
							}
						}
					]
				},
				{
					"name": "bone87",
					"parent": "Rockets",
					"pivot": [-0.02591, -33.16567, -2.54809],
					"cubes": [
						{
							"origin": [-0.27991, -19.24838, -21.19612],
							"size": [0.56829, 1.37642, 0.27112],
							"pivot": [0.00423, -18.56017, -13.51907],
							"rotation": [0, 0, -90],
							"uv": {
								"north": {"uv": [117, 48], "uv_size": [1, 2]},
								"south": {"uv": [63, 104], "uv_size": [1, 2]},
								"up": {"uv": [117, 96], "uv_size": [1, 1]},
								"down": {"uv": [111, 105], "uv_size": [1, -1]}
							}
						},
						{
							"origin": [-0.27991, -19.24838, -21.19612],
							"size": [0.56829, 1.37642, 0.27112],
							"pivot": [0.00423, -18.56017, -13.51907],
							"rotation": [0, 0, -135],
							"uv": {
								"north": {"uv": [117, 50], "uv_size": [1, 2]},
								"south": {"uv": [65, 104], "uv_size": [1, 2]},
								"up": {"uv": [117, 98], "uv_size": [1, 1]},
								"down": {"uv": [113, 105], "uv_size": [1, -1]}
							}
						},
						{
							"origin": [-0.27991, -19.24838, -21.19612],
							"size": [0.56829, 1.37642, 0.27112],
							"pivot": [0.00423, -18.56017, -13.51907],
							"rotation": [0, 0, -180],
							"uv": {
								"north": {"uv": [117, 52], "uv_size": [1, 2]},
								"south": {"uv": [67, 104], "uv_size": [1, 2]},
								"up": {"uv": [117, 100], "uv_size": [1, 1]},
								"down": {"uv": [115, 105], "uv_size": [1, -1]}
							}
						},
						{
							"origin": [-0.27991, -19.24838, -21.19612],
							"size": [0.56829, 1.37642, 0.27112],
							"pivot": [0.00423, -18.56017, -13.51907],
							"rotation": [0, 0, 135],
							"uv": {
								"north": {"uv": [117, 54], "uv_size": [1, 2]},
								"south": {"uv": [69, 104], "uv_size": [1, 2]},
								"up": {"uv": [117, 102], "uv_size": [1, 1]},
								"down": {"uv": [117, 105], "uv_size": [1, -1]}
							}
						}
					]
				}
			]
		}
	]
}