{
	"format_version": "1.12.0",
	"minecraft:geometry": [
		{
			"description": {
				"identifier": "geometry.rpg",
				"texture_width": 128,
				"texture_height": 128,
				"visible_bounds_width": 91,
				"visible_bounds_height": 8,
				"visible_bounds_offset": [0, 2, 0]
			},
			"bones": [
				{
					"name": "Barrel0",
					"pivot": [0, 1.5, -13],
					"rotation": [-90, 0, 0]
				},
				{
					"name": "bone149",
					"parent": "Barrel0",
					"pivot": [0, 1.45934, -10.10078],
					"cubes": [
						{
							"origin": [-0.08423, 13.55092, -28.50887],
							"size": [0.22215, 1.81844, 0.40994],
							"pivot": [0.02684, 14.46014, -28.3039],
							"rotation": [0, 0, -90],
							"uv": {
								"east": {"uv": [0, 56], "uv_size": [0.5, 2]},
								"south": {"uv": [56, 0], "uv_size": [0.5, 2]},
								"west": {"uv": [1, 56], "uv_size": [0.5, 2]}
							}
						},
						{
							"origin": [-0.08423, 13.55092, -28.50887],
							"size": [0.22215, 1.81844, 0.40994],
							"pivot": [0.02684, 14.46014, -28.3039],
							"rotation": [0, 0, -135],
							"uv": {
								"east": {"uv": [2, 56], "uv_size": [0.5, 2]},
								"south": {"uv": [56, 2], "uv_size": [0.5, 2]},
								"west": {"uv": [12, 56], "uv_size": [0.5, 2]}
							}
						},
						{
							"origin": [-0.08423, 13.55092, -28.50887],
							"size": [0.22215, 1.81844, 0.40994],
							"pivot": [0.02684, 14.46014, -28.3039],
							"rotation": [0, 0, -180],
							"uv": {
								"east": {"uv": [13, 56], "uv_size": [0.5, 2]},
								"south": {"uv": [56, 13], "uv_size": [0.5, 2]},
								"west": {"uv": [15, 56], "uv_size": [0.5, 2]}
							}
						},
						{
							"origin": [-0.08423, 13.55092, -28.50887],
							"size": [0.22215, 1.81844, 0.40994],
							"pivot": [0.02684, 14.46014, -28.3039],
							"rotation": [0, 0, 135],
							"uv": {
								"east": {"uv": [16, 56], "uv_size": [0.5, 2]},
								"south": {"uv": [17, 56], "uv_size": [0.5, 2]},
								"west": {"uv": [18, 56], "uv_size": [0.5, 2]}
							}
						},
						{
							"origin": [-0.2914, 13.69136, -45.30078],
							"size": [0.63649, 1.53595, 17.2],
							"pivot": [0.02684, 14.45934, -28.70078],
							"rotation": [0, 0, 90],
							"uv": {
								"north": {"uv": [56, 57], "uv_size": [0.5, 1.5]},
								"south": {"uv": [57, 57], "uv_size": [0.5, 1.5]},
								"up": {"uv": [15, 26], "uv_size": [0.5, 17]},
								"down": {"uv": [26, 35], "uv_size": [0.5, -17]}
							}
						},
						{
							"origin": [-0.2914, 13.69136, -45.30078],
							"size": [0.63649, 1.53595, 17.2],
							"pivot": [0.02684, 14.45934, -28.70078],
							"rotation": [0, 0, 45],
							"uv": {
								"north": {"uv": [0, 58], "uv_size": [0.5, 1.5]},
								"south": {"uv": [1, 58], "uv_size": [0.5, 1.5]},
								"up": {"uv": [20, 26], "uv_size": [0.5, 17]},
								"down": {"uv": [21, 43], "uv_size": [0.5, -17]}
							}
						},
						{
							"origin": [-0.2914, 13.69136, -45.30078],
							"size": [0.63649, 1.53595, 17.2],
							"uv": {
								"north": {"uv": [2, 58], "uv_size": [0.5, 1.5]},
								"south": {"uv": [3, 58], "uv_size": [0.5, 1.5]},
								"up": {"uv": [27, 0], "uv_size": [0.5, 17]},
								"down": {"uv": [27, 34], "uv_size": [0.5, -17]}
							}
						},
						{
							"origin": [-0.2914, 13.69136, -45.30078],
							"size": [0.63649, 1.53595, 17.2],
							"pivot": [0.02684, 14.45934, -28.70078],
							"rotation": [0, 0, -45],
							"uv": {
								"north": {"uv": [4, 58], "uv_size": [0.5, 1.5]},
								"south": {"uv": [5, 58], "uv_size": [0.5, 1.5]},
								"up": {"uv": [24, 27], "uv_size": [0.5, 17]},
								"down": {"uv": [25, 44], "uv_size": [0.5, -17]}
							}
						}
					]
				},
				{
					"name": "bone150",
					"parent": "bone149",
					"pivot": [0, 1.45934, -9.61702],
					"cubes": [
						{
							"origin": [-0.08423, 15.3408, -28.74717],
							"size": [0.22215, 0.30156, 0.40994],
							"pivot": [0.36213, 15.21821, -28.54764],
							"rotation": [-45, 0, 0],
							"uv": {
								"north": {"uv": [44, 63], "uv_size": [0.5, 0.5]},
								"east": {"uv": [63, 44], "uv_size": [0.5, 0.5]},
								"west": {"uv": [45, 63], "uv_size": [0.5, 0.5]},
								"up": {"uv": [63, 45], "uv_size": [0.5, 0.5]}
							}
						},
						{
							"origin": [-0.08423, 15.14486, -29.19714],
							"size": [0.22215, 0.40156, 0.98416],
							"pivot": [0.36213, 15.21821, -28.54764],
							"rotation": [25.75, 0, 0],
							"uv": {
								"north": {"uv": [46, 63], "uv_size": [0.5, 0.5]},
								"east": {"uv": [9, 60], "uv_size": [1, 0.5]},
								"west": {"uv": [60, 9], "uv_size": [1, 0.5]},
								"up": {"uv": [10, 60], "uv_size": [0.5, 1]}
							}
						}
					]
				},
				{
					"name": "bone151",
					"parent": "bone149",
					"pivot": [0, 1.45934, -9.61702],
					"rotation": [0, 0, -45],
					"cubes": [
						{
							"origin": [9.1003, 11.51421, -28.74717],
							"size": [0.22215, 0.30156, 0.40994],
							"pivot": [9.54666, 11.39162, -28.54764],
							"rotation": [-45, 0, 0],
							"uv": {
								"north": {"uv": [63, 46], "uv_size": [0.5, 0.5]},
								"east": {"uv": [47, 63], "uv_size": [0.5, 0.5]},
								"west": {"uv": [63, 47], "uv_size": [0.5, 0.5]},
								"up": {"uv": [48, 63], "uv_size": [0.5, 0.5]}
							}
						},
						{
							"origin": [9.1003, 11.31827, -29.19714],
							"size": [0.22215, 0.40156, 0.98416],
							"pivot": [9.54666, 11.39162, -28.54764],
							"rotation": [25.75, 0, 0],
							"uv": {
								"north": {"uv": [63, 48], "uv_size": [0.5, 0.5]},
								"east": {"uv": [60, 10], "uv_size": [1, 0.5]},
								"west": {"uv": [11, 60], "uv_size": [1, 0.5]},
								"up": {"uv": [60, 11], "uv_size": [0.5, 1]}
							}
						}
					]
				},
				{
					"name": "bone152",
					"parent": "bone149",
					"pivot": [0, 1.45934, -9.61702],
					"rotation": [0, 0, -90],
					"cubes": [
						{
							"origin": [12.88893, 2.31396, -28.74717],
							"size": [0.22215, 0.30156, 0.40994],
							"pivot": [13.33529, 2.19137, -28.54764],
							"rotation": [-45, 0, 0],
							"uv": {
								"north": {"uv": [49, 63], "uv_size": [0.5, 0.5]},
								"east": {"uv": [63, 49], "uv_size": [0.5, 0.5]},
								"west": {"uv": [50, 63], "uv_size": [0.5, 0.5]},
								"up": {"uv": [63, 50], "uv_size": [0.5, 0.5]}
							}
						},
						{
							"origin": [12.88893, 2.11802, -29.19714],
							"size": [0.22215, 0.40156, 0.98416],
							"pivot": [13.33529, 2.19137, -28.54764],
							"rotation": [25.75, 0, 0],
							"uv": {
								"north": {"uv": [51, 63], "uv_size": [0.5, 0.5]},
								"east": {"uv": [12, 60], "uv_size": [1, 0.5]},
								"west": {"uv": [60, 12], "uv_size": [1, 0.5]},
								"up": {"uv": [13, 60], "uv_size": [0.5, 1]}
							}
						}
					]
				},
				{
					"name": "bone153",
					"parent": "bone149",
					"pivot": [0, 1.45934, -9.61702],
					"rotation": [0, 0, -135],
					"cubes": [
						{
							"origin": [9.06234, -6.87057, -28.74717],
							"size": [0.22215, 0.30156, 0.40994],
							"pivot": [9.5087, -6.99316, -28.54764],
							"rotation": [-45, 0, 0],
							"uv": {
								"north": {"uv": [63, 51], "uv_size": [0.5, 0.5]},
								"east": {"uv": [52, 63], "uv_size": [0.5, 0.5]},
								"west": {"uv": [63, 52], "uv_size": [0.5, 0.5]},
								"up": {"uv": [53, 63], "uv_size": [0.5, 0.5]}
							}
						},
						{
							"origin": [9.06234, -7.06651, -29.19714],
							"size": [0.22215, 0.40156, 0.98416],
							"pivot": [9.5087, -6.99316, -28.54764],
							"rotation": [25.75, 0, 0],
							"uv": {
								"north": {"uv": [63, 53], "uv_size": [0.5, 0.5]},
								"east": {"uv": [60, 13], "uv_size": [1, 0.5]},
								"west": {"uv": [14, 60], "uv_size": [1, 0.5]},
								"up": {"uv": [60, 14], "uv_size": [0.5, 1]}
							}
						}
					]
				},
				{
					"name": "bone154",
					"parent": "bone149",
					"pivot": [0, 1.45934, -9.61702],
					"rotation": [0, 0, -180],
					"cubes": [
						{
							"origin": [-0.13791, -10.6592, -28.74717],
							"size": [0.22215, 0.30156, 0.40994],
							"pivot": [0.30845, -10.78179, -28.54764],
							"rotation": [-45, 0, 0],
							"uv": {
								"north": {"uv": [54, 63], "uv_size": [0.5, 0.5]},
								"east": {"uv": [63, 54], "uv_size": [0.5, 0.5]},
								"west": {"uv": [55, 63], "uv_size": [0.5, 0.5]},
								"up": {"uv": [63, 55], "uv_size": [0.5, 0.5]}
							}
						},
						{
							"origin": [-0.13791, -10.85514, -29.19714],
							"size": [0.22215, 0.40156, 0.98416],
							"pivot": [0.30845, -10.78179, -28.54764],
							"rotation": [25.75, 0, 0],
							"uv": {
								"north": {"uv": [56, 63], "uv_size": [0.5, 0.5]},
								"east": {"uv": [15, 60], "uv_size": [1, 0.5]},
								"west": {"uv": [60, 15], "uv_size": [1, 0.5]},
								"up": {"uv": [16, 60], "uv_size": [0.5, 1]}
							}
						}
					]
				},
				{
					"name": "bone155",
					"parent": "bone149",
					"pivot": [0, 1.45934, -9.61702],
					"rotation": [0, 0, 135],
					"cubes": [
						{
							"origin": [-9.32244, -6.83261, -28.74717],
							"size": [0.22215, 0.30156, 0.40994],
							"pivot": [-8.87608, -6.9552, -28.54764],
							"rotation": [-45, 0, 0],
							"uv": {
								"north": {"uv": [63, 56], "uv_size": [0.5, 0.5]},
								"east": {"uv": [57, 63], "uv_size": [0.5, 0.5]},
								"west": {"uv": [63, 57], "uv_size": [0.5, 0.5]},
								"up": {"uv": [58, 63], "uv_size": [0.5, 0.5]}
							}
						},
						{
							"origin": [-9.32244, -7.02855, -29.19714],
							"size": [0.22215, 0.40156, 0.98416],
							"pivot": [-8.87608, -6.9552, -28.54764],
							"rotation": [25.75, 0, 0],
							"uv": {
								"north": {"uv": [63, 58], "uv_size": [0.5, 0.5]},
								"east": {"uv": [60, 16], "uv_size": [1, 0.5]},
								"west": {"uv": [17, 60], "uv_size": [1, 0.5]},
								"up": {"uv": [60, 17], "uv_size": [0.5, 1]}
							}
						}
					]
				},
				{
					"name": "bone156",
					"parent": "bone149",
					"pivot": [0, 1.45934, -9.61702],
					"rotation": [0, 0, 90],
					"cubes": [
						{
							"origin": [-13.11107, 2.36764, -28.74717],
							"size": [0.22215, 0.30156, 0.40994],
							"pivot": [-12.66471, 2.24505, -28.54764],
							"rotation": [-45, 0, 0],
							"uv": {
								"north": {"uv": [59, 63], "uv_size": [0.5, 0.5]},
								"east": {"uv": [63, 59], "uv_size": [0.5, 0.5]},
								"west": {"uv": [60, 63], "uv_size": [0.5, 0.5]},
								"up": {"uv": [63, 60], "uv_size": [0.5, 0.5]}
							}
						},
						{
							"origin": [-13.11107, 2.1717, -29.19714],
							"size": [0.22215, 0.40156, 0.98416],
							"pivot": [-12.66471, 2.24505, -28.54764],
							"rotation": [25.75, 0, 0],
							"uv": {
								"north": {"uv": [61, 63], "uv_size": [0.5, 0.5]},
								"east": {"uv": [18, 60], "uv_size": [1, 0.5]},
								"west": {"uv": [60, 18], "uv_size": [1, 0.5]},
								"up": {"uv": [19, 60], "uv_size": [0.5, 1]}
							}
						}
					]
				},
				{
					"name": "bone157",
					"parent": "bone149",
					"pivot": [0, 1.45934, -9.61702],
					"rotation": [0, 0, 45],
					"cubes": [
						{
							"origin": [-9.28448, 11.55217, -28.74717],
							"size": [0.22215, 0.30156, 0.40994],
							"pivot": [-8.83812, 11.42958, -28.54764],
							"rotation": [-45, 0, 0],
							"uv": {
								"north": {"uv": [63, 61], "uv_size": [0.5, 0.5]},
								"east": {"uv": [62, 63], "uv_size": [0.5, 0.5]},
								"west": {"uv": [63, 62], "uv_size": [0.5, 0.5]},
								"up": {"uv": [63, 63], "uv_size": [0.5, 0.5]}
							}
						},
						{
							"origin": [-9.28448, 11.35623, -29.19714],
							"size": [0.22215, 0.40156, 0.98416],
							"pivot": [-8.83812, 11.42958, -28.54764],
							"rotation": [25.75, 0, 0],
							"uv": {
								"north": {"uv": [0, 64], "uv_size": [0.5, 0.5]},
								"east": {"uv": [60, 19], "uv_size": [1, 0.5]},
								"west": {"uv": [20, 60], "uv_size": [1, 0.5]},
								"up": {"uv": [60, 20], "uv_size": [0.5, 1]}
							}
						}
					]
				},
				{
					"name": "bone158",
					"parent": "Barrel0",
					"pivot": [-0.00215, 1.45263, -5.16668],
					"cubes": [
						{
							"origin": [-0.23997, 13.81609, -47.27402],
							"size": [0.53362, 1.2865, 35.87752],
							"pivot": [0.02684, 14.45934, -21.83526],
							"rotation": [0, 0, 90],
							"uv": {
								"north": {"uv": [6, 58], "uv_size": [0.5, 1.5]},
								"south": {"uv": [7, 58], "uv_size": [0.5, 1.5]},
								"up": {"uv": [0, 0], "uv_size": [0.5, 36]},
								"down": {"uv": [1, 36], "uv_size": [0.5, -36]}
							}
						},
						{
							"origin": [-0.23997, 13.81609, -47.27402],
							"size": [0.53362, 1.2865, 35.87752],
							"pivot": [0.02684, 14.45934, -21.83526],
							"rotation": [0, 0, 45],
							"uv": {
								"north": {"uv": [8, 58], "uv_size": [0.5, 1.5]},
								"south": {"uv": [9, 58], "uv_size": [0.5, 1.5]},
								"up": {"uv": [2, 0], "uv_size": [0.5, 36]},
								"down": {"uv": [3, 36], "uv_size": [0.5, -36]}
							}
						},
						{
							"origin": [-0.23997, 13.81609, -47.27402],
							"size": [0.53362, 1.2865, 35.87752],
							"uv": {
								"north": {"uv": [10, 58], "uv_size": [0.5, 1.5]},
								"south": {"uv": [12, 58], "uv_size": [0.5, 1.5]},
								"up": {"uv": [4, 0], "uv_size": [0.5, 36]},
								"down": {"uv": [5, 36], "uv_size": [0.5, -36]}
							}
						},
						{
							"origin": [-0.23997, 13.81609, -47.27402],
							"size": [0.53362, 1.2865, 35.87752],
							"pivot": [0.02684, 14.45934, -21.83526],
							"rotation": [0, 0, -45],
							"uv": {
								"north": {"uv": [58, 12], "uv_size": [0.5, 1.5]},
								"south": {"uv": [13, 58], "uv_size": [0.5, 1.5]},
								"up": {"uv": [6, 0], "uv_size": [0.5, 36]},
								"down": {"uv": [7, 36], "uv_size": [0.5, -36]}
							}
						}
					]
				},
				{
					"name": "bone95",
					"parent": "Barrel0",
					"pivot": [0, 1.46502, -19.76988],
					"rotation": [90, 0, 0],
					"cubes": [
						{
							"origin": [-1.77892, 18.26118, -7.51701],
							"size": [3.61152, 1.20384, 1.49427],
							"pivot": [0.02684, 18.8631, -6.76988],
							"rotation": [0, -90, 0],
							"uv": {
								"east": {"uv": [53, 51], "uv_size": [1.5, 1]},
								"west": {"uv": [52, 53], "uv_size": [1.5, 1]}
							}
						},
						{
							"origin": [-1.77892, 18.26118, -7.51701],
							"size": [3.61152, 1.20384, 1.49427],
							"pivot": [0.02684, 18.8631, -6.76988],
							"rotation": [0, -135, 0],
							"uv": {
								"east": {"uv": [53, 52], "uv_size": [1.5, 1]},
								"west": {"uv": [54, 0], "uv_size": [1.5, 1]}
							}
						},
						{
							"origin": [-1.77892, 18.26118, -7.51701],
							"size": [3.61152, 1.20384, 1.49427],
							"pivot": [0.02684, 18.8631, -6.76988],
							"rotation": [0, 180, 0],
							"uv": {
								"east": {"uv": [1, 54], "uv_size": [1.5, 1]},
								"west": {"uv": [54, 1], "uv_size": [1.5, 1]}
							}
						},
						{
							"origin": [-1.77892, 18.26118, -7.51701],
							"size": [3.61152, 1.20384, 1.49427],
							"pivot": [0.02684, 18.8631, -6.76988],
							"rotation": [0, 135, 0],
							"uv": {
								"east": {"uv": [54, 2], "uv_size": [1.5, 1]},
								"west": {"uv": [54, 3], "uv_size": [1.5, 1]}
							}
						}
					]
				},
				{
					"name": "bone96",
					"parent": "bone95",
					"pivot": [0, 1.46502, -19.76988]
				},
				{
					"name": "bone97",
					"parent": "bone96",
					"pivot": [0, 1.46502, -19.76988]
				},
				{
					"name": "bone98",
					"parent": "bone97",
					"pivot": [0, 1.46502, -19.76988],
					"rotation": [-9.46232, 180, 0],
					"cubes": [
						{
							"origin": [-0.07228, 16.30502, -37.81471],
							"size": [1.27444, 5.54934, 1.86555],
							"inflate": -0.48103,
							"pivot": [0.72113, 16.78606, -37.33337],
							"rotation": [0, 0, -3.89562],
							"uv": {
								"north": {"uv": [28, 0], "uv_size": [1.5, 5.5]}
							}
						},
						{
							"origin": [-1.25657, 16.2838, -37.81471],
							"size": [1.27444, 5.54934, 1.86555],
							"inflate": -0.48103,
							"pivot": [-0.46316, 16.76484, -37.33337],
							"rotation": [0, 0, 3.89562],
							"uv": {
								"north": {"uv": [28, 6], "uv_size": [1.5, 5.5]}
							}
						},
						{
							"origin": [-0.51341, 16.71458, -37.38422],
							"size": [0.97314, 4.6984, 1.00459],
							"inflate": -0.05025,
							"uv": {
								"north": {"uv": [45, 7], "uv_size": [1, 4.5]}
							}
						}
					]
				},
				{
					"name": "bone99",
					"parent": "bone97",
					"pivot": [0, 1.46502, -19.76988],
					"rotation": [-9.46232, 135, 0],
					"cubes": [
						{
							"origin": [-9.25681, 16.93411, -34.04018],
							"size": [1.27444, 5.54934, 1.86555],
							"inflate": -0.48103,
							"pivot": [-8.4634, 17.41515, -33.55884],
							"rotation": [0, 0, -3.89562],
							"uv": {
								"north": {"uv": [28, 12], "uv_size": [1.5, 5.5]}
							}
						},
						{
							"origin": [-10.44109, 16.91289, -34.04018],
							"size": [1.27444, 5.54934, 1.86555],
							"inflate": -0.48103,
							"pivot": [-9.64768, 17.39392, -33.55884],
							"rotation": [0, 0, 3.89562],
							"uv": {
								"north": {"uv": [28, 18], "uv_size": [1.5, 5.5]}
							}
						},
						{
							"origin": [-9.69794, 17.34367, -33.6097],
							"size": [0.97314, 4.6984, 1.00459],
							"inflate": -0.05025,
							"uv": {
								"north": {"uv": [45, 12], "uv_size": [1, 4.5]}
							}
						}
					]
				},
				{
					"name": "bone100",
					"parent": "bone97",
					"pivot": [0, 1.46502, -19.76988],
					"rotation": [-9.46232, 90, 0],
					"cubes": [
						{
							"origin": [-13.04544, 18.44662, -24.96511],
							"size": [1.27444, 5.54934, 1.86555],
							"inflate": -0.48103,
							"pivot": [-12.25203, 18.92766, -24.48377],
							"rotation": [0, 0, -3.89562],
							"uv": {
								"north": {"uv": [28, 24], "uv_size": [1.5, 5.5]}
							}
						},
						{
							"origin": [-14.22973, 18.4254, -24.96511],
							"size": [1.27444, 5.54934, 1.86555],
							"inflate": -0.48103,
							"pivot": [-13.43632, 18.90644, -24.48377],
							"rotation": [0, 0, 3.89562],
							"uv": {
								"north": {"uv": [22, 29], "uv_size": [1.5, 5.5]}
							}
						},
						{
							"origin": [-13.48657, 18.85618, -24.53463],
							"size": [0.97314, 4.6984, 1.00459],
							"inflate": -0.05025,
							"uv": {
								"north": {"uv": [45, 17], "uv_size": [1, 4.5]}
							}
						}
					]
				},
				{
					"name": "bone101",
					"parent": "bone97",
					"pivot": [0, 1.46502, -19.76988],
					"rotation": [-9.46232, 45, 0],
					"cubes": [
						{
							"origin": [-9.21885, 19.95655, -15.90555],
							"size": [1.27444, 5.54934, 1.86555],
							"inflate": -0.48103,
							"pivot": [-8.42544, 20.43758, -15.42421],
							"rotation": [0, 0, -3.89562],
							"uv": {
								"north": {"uv": [30, 0], "uv_size": [1.5, 5.5]}
							}
						},
						{
							"origin": [-10.40314, 19.93533, -15.90555],
							"size": [1.27444, 5.54934, 1.86555],
							"inflate": -0.48103,
							"pivot": [-9.60973, 20.41636, -15.42421],
							"rotation": [0, 0, 3.89562],
							"uv": {
								"north": {"uv": [30, 6], "uv_size": [1.5, 5.5]}
							}
						},
						{
							"origin": [-9.65998, 20.36611, -15.47507],
							"size": [0.97314, 4.6984, 1.00459],
							"inflate": -0.05025,
							"uv": {
								"north": {"uv": [45, 22], "uv_size": [1, 4.5]}
							}
						}
					]
				},
				{
					"name": "bone102",
					"parent": "bone97",
					"pivot": [0, 1.46502, -19.76988],
					"rotation": [-9.46232, 0, 0],
					"cubes": [
						{
							"origin": [-0.0186, 20.5794, -12.16846],
							"size": [1.27444, 5.54934, 1.86555],
							"inflate": -0.48103,
							"pivot": [0.77481, 21.06043, -11.68713],
							"rotation": [0, 0, -3.89562],
							"uv": {
								"north": {"uv": [30, 12], "uv_size": [1.5, 5.5]}
							}
						},
						{
							"origin": [-1.20289, 20.55818, -12.16846],
							"size": [1.27444, 5.54934, 1.86555],
							"inflate": -0.48103,
							"pivot": [-0.40948, 21.03921, -11.68713],
							"rotation": [0, 0, 3.89562],
							"uv": {
								"north": {"uv": [30, 18], "uv_size": [1.5, 5.5]}
							}
						},
						{
							"origin": [-0.45973, 20.98896, -11.73798],
							"size": [0.97314, 4.6984, 1.00459],
							"inflate": -0.05025,
							"uv": {
								"north": {"uv": [45, 27], "uv_size": [1, 4.5]}
							}
						}
					]
				},
				{
					"name": "bone103",
					"parent": "bone97",
					"pivot": [0, 1.46502, -19.76988],
					"rotation": [-9.46232, -45, 0],
					"cubes": [
						{
							"origin": [9.16593, 19.95031, -15.94299],
							"size": [1.27444, 5.54934, 1.86555],
							"inflate": -0.48103,
							"pivot": [9.95934, 20.43134, -15.46165],
							"rotation": [0, 0, -3.89562],
							"uv": {
								"north": {"uv": [30, 24], "uv_size": [1.5, 5.5]}
							}
						},
						{
							"origin": [7.98164, 19.92909, -15.94299],
							"size": [1.27444, 5.54934, 1.86555],
							"inflate": -0.48103,
							"pivot": [8.77505, 20.41012, -15.46165],
							"rotation": [0, 0, 3.89562],
							"uv": {
								"north": {"uv": [28, 30], "uv_size": [1.5, 5.5]}
							}
						},
						{
							"origin": [8.7248, 20.35987, -15.51251],
							"size": [0.97314, 4.6984, 1.00459],
							"inflate": -0.05025,
							"uv": {
								"north": {"uv": [45, 32], "uv_size": [1, 4.5]}
							}
						}
					]
				},
				{
					"name": "bone104",
					"parent": "bone97",
					"pivot": [0, 1.46502, -19.76988],
					"rotation": [-9.46232, -90, 0],
					"cubes": [
						{
							"origin": [12.95456, 18.4378, -25.01806],
							"size": [1.27444, 5.54934, 1.86555],
							"inflate": -0.48103,
							"pivot": [13.74797, 18.91883, -24.53672],
							"rotation": [0, 0, -3.89562],
							"uv": {
								"north": {"uv": [30, 30], "uv_size": [1.5, 5.5]}
							}
						},
						{
							"origin": [11.77027, 18.41658, -25.01806],
							"size": [1.27444, 5.54934, 1.86555],
							"inflate": -0.48103,
							"pivot": [12.56368, 18.89761, -24.53672],
							"rotation": [0, 0, 3.89562],
							"uv": {
								"north": {"uv": [32, 0], "uv_size": [1.5, 5.5]}
							}
						},
						{
							"origin": [12.51343, 18.84736, -24.58758],
							"size": [0.97314, 4.6984, 1.00459],
							"inflate": -0.05025,
							"uv": {
								"north": {"uv": [45, 37], "uv_size": [1, 4.5]}
							}
						}
					]
				},
				{
					"name": "bone105",
					"parent": "bone97",
					"pivot": [0, 1.46502, -19.76988],
					"rotation": [-9.46232, -135, 0],
					"cubes": [
						{
							"origin": [9.12797, 16.92787, -34.07762],
							"size": [1.27444, 5.54934, 1.86555],
							"inflate": -0.48103,
							"pivot": [9.92138, 17.40891, -33.59629],
							"rotation": [0, 0, -3.89562],
							"uv": {
								"north": {"uv": [32, 6], "uv_size": [1.5, 5.5]}
							}
						},
						{
							"origin": [7.94368, 16.90665, -34.07762],
							"size": [1.27444, 5.54934, 1.86555],
							"inflate": -0.48103,
							"pivot": [8.73709, 17.38768, -33.59629],
							"rotation": [0, 0, 3.89562],
							"uv": {
								"north": {"uv": [32, 12], "uv_size": [1.5, 5.5]}
							}
						},
						{
							"origin": [8.68684, 17.33743, -33.64714],
							"size": [0.97314, 4.6984, 1.00459],
							"inflate": -0.05025,
							"uv": {
								"north": {"uv": [45, 42], "uv_size": [1, 4.5]}
							}
						}
					]
				},
				{
					"name": "bone106",
					"parent": "bone96",
					"pivot": [0, 5.97942, -19.76988]
				},
				{
					"name": "bone107",
					"parent": "bone106",
					"pivot": [0, 5.97942, -19.76988],
					"rotation": [-9.46232, 180, 0],
					"cubes": [
						{
							"origin": [-0.25378, 20.94312, -37.07242],
							"size": [1.14429, 3.63798, 1.4891],
							"inflate": -0.48103,
							"pivot": [0.40948, 21.42415, -36.59121],
							"rotation": [0, 0, -3.89562],
							"uv": {
								"north": {"uv": [39, 20], "uv_size": [1, 3.5]}
							}
						},
						{
							"origin": [-0.94461, 20.93074, -37.07242],
							"size": [1.14429, 3.63798, 1.4891],
							"inflate": -0.48103,
							"pivot": [-0.28136, 21.41177, -36.59121],
							"rotation": [0, 0, 3.89562],
							"uv": {
								"north": {"uv": [46, 22], "uv_size": [1, 3.5]}
							}
						},
						{
							"origin": [-0.33161, 21.36152, -36.64181],
							"size": [0.60954, 2.78261, 0.62789],
							"inflate": -0.05025,
							"uv": {
								"north": {"uv": [31, 53], "uv_size": [0.5, 3]}
							}
						}
					]
				},
				{
					"name": "bone108",
					"parent": "bone106",
					"pivot": [0, 5.97942, -19.76988],
					"rotation": [-9.46232, 135, 0],
					"cubes": [
						{
							"origin": [-9.4383, 21.57221, -33.29789],
							"size": [1.14429, 3.63798, 1.4891],
							"inflate": -0.48103,
							"pivot": [-8.77505, 22.05324, -32.81668],
							"rotation": [0, 0, -3.89562],
							"uv": {
								"north": {"uv": [46, 26], "uv_size": [1, 3.5]}
							}
						},
						{
							"origin": [-10.12914, 21.55983, -33.29789],
							"size": [1.14429, 3.63798, 1.4891],
							"inflate": -0.48103,
							"pivot": [-9.46588, 22.04086, -32.81668],
							"rotation": [0, 0, 3.89562],
							"uv": {
								"north": {"uv": [46, 30], "uv_size": [1, 3.5]}
							}
						},
						{
							"origin": [-9.51614, 21.99061, -32.86729],
							"size": [0.60954, 2.78261, 0.62789],
							"inflate": -0.05025,
							"uv": {
								"north": {"uv": [53, 32], "uv_size": [0.5, 3]}
							}
						}
					]
				},
				{
					"name": "bone109",
					"parent": "bone106",
					"pivot": [0, 5.97942, -19.76988],
					"rotation": [-9.46232, 90, 0],
					"cubes": [
						{
							"origin": [-13.22694, 23.08472, -24.22282],
							"size": [1.14429, 3.63798, 1.4891],
							"inflate": -0.48103,
							"pivot": [-12.56368, 23.56575, -23.74161],
							"rotation": [0, 0, -3.89562],
							"uv": {
								"north": {"uv": [46, 34], "uv_size": [1, 3.5]}
							}
						},
						{
							"origin": [-13.91777, 23.07234, -24.22282],
							"size": [1.14429, 3.63798, 1.4891],
							"inflate": -0.48103,
							"pivot": [-13.25452, 23.55337, -23.74161],
							"rotation": [0, 0, 3.89562],
							"uv": {
								"north": {"uv": [38, 46], "uv_size": [1, 3.5]}
							}
						},
						{
							"origin": [-13.30477, 23.50312, -23.79222],
							"size": [0.60954, 2.78261, 0.62789],
							"inflate": -0.05025,
							"uv": {
								"north": {"uv": [53, 35], "uv_size": [0.5, 3]}
							}
						}
					]
				},
				{
					"name": "bone110",
					"parent": "bone106",
					"pivot": [0, 5.97942, -19.76988],
					"rotation": [-9.46232, 45, 0],
					"cubes": [
						{
							"origin": [-9.40035, 24.59464, -15.16326],
							"size": [1.14429, 3.63798, 1.4891],
							"inflate": -0.48103,
							"pivot": [-8.73709, 25.07568, -14.68205],
							"rotation": [0, 0, -3.89562],
							"uv": {
								"north": {"uv": [46, 38], "uv_size": [1, 3.5]}
							}
						},
						{
							"origin": [-10.09118, 24.58226, -15.16326],
							"size": [1.14429, 3.63798, 1.4891],
							"inflate": -0.48103,
							"pivot": [-9.42793, 25.0633, -14.68205],
							"rotation": [0, 0, 3.89562],
							"uv": {
								"north": {"uv": [39, 46], "uv_size": [1, 3.5]}
							}
						},
						{
							"origin": [-9.47818, 25.01305, -14.73265],
							"size": [0.60954, 2.78261, 0.62789],
							"inflate": -0.05025,
							"uv": {
								"north": {"uv": [38, 53], "uv_size": [0.5, 3]}
							}
						}
					]
				},
				{
					"name": "bone111",
					"parent": "bone106",
					"pivot": [0, 5.97942, -19.76988],
					"rotation": [-9.46232, 0, 0],
					"cubes": [
						{
							"origin": [-0.2001, 25.21749, -11.42618],
							"size": [1.14429, 3.63798, 1.4891],
							"inflate": -0.48103,
							"pivot": [0.46316, 25.69853, -10.94497],
							"rotation": [0, 0, -3.89562],
							"uv": {
								"north": {"uv": [46, 42], "uv_size": [1, 3.5]}
							}
						},
						{
							"origin": [-0.89093, 25.20511, -11.42618],
							"size": [1.14429, 3.63798, 1.4891],
							"inflate": -0.48103,
							"pivot": [-0.22768, 25.68615, -10.94497],
							"rotation": [0, 0, 3.89562],
							"uv": {
								"north": {"uv": [46, 46], "uv_size": [1, 3.5]}
							}
						},
						{
							"origin": [-0.27793, 25.63589, -10.99557],
							"size": [0.60954, 2.78261, 0.62789],
							"inflate": -0.05025,
							"uv": {
								"north": {"uv": [53, 38], "uv_size": [0.5, 3]}
							}
						}
					]
				},
				{
					"name": "bone112",
					"parent": "bone106",
					"pivot": [0, 5.97942, -19.76988],
					"rotation": [-9.46232, -45, 0],
					"cubes": [
						{
							"origin": [8.98443, 24.5884, -15.2007],
							"size": [1.14429, 3.63798, 1.4891],
							"inflate": -0.48103,
							"pivot": [9.64768, 25.06944, -14.71949],
							"rotation": [0, 0, -3.89562],
							"uv": {
								"north": {"uv": [47, 2], "uv_size": [1, 3.5]}
							}
						},
						{
							"origin": [8.2936, 24.57602, -15.2007],
							"size": [1.14429, 3.63798, 1.4891],
							"inflate": -0.48103,
							"pivot": [8.95685, 25.05706, -14.71949],
							"rotation": [0, 0, 3.89562],
							"uv": {
								"north": {"uv": [47, 6], "uv_size": [1, 3.5]}
							}
						},
						{
							"origin": [8.9066, 25.00681, -14.7701],
							"size": [0.60954, 2.78261, 0.62789],
							"inflate": -0.05025,
							"uv": {
								"north": {"uv": [39, 53], "uv_size": [0.5, 3]}
							}
						}
					]
				},
				{
					"name": "bone113",
					"parent": "bone106",
					"pivot": [0, 5.97942, -19.76988],
					"rotation": [-9.46232, -90, 0],
					"cubes": [
						{
							"origin": [12.77306, 23.07589, -24.27577],
							"size": [1.14429, 3.63798, 1.4891],
							"inflate": -0.48103,
							"pivot": [13.43632, 23.55693, -23.79456],
							"rotation": [0, 0, -3.89562],
							"uv": {
								"north": {"uv": [47, 10], "uv_size": [1, 3.5]}
							}
						},
						{
							"origin": [12.08223, 23.06351, -24.27577],
							"size": [1.14429, 3.63798, 1.4891],
							"inflate": -0.48103,
							"pivot": [12.74548, 23.54455, -23.79456],
							"rotation": [0, 0, 3.89562],
							"uv": {
								"north": {"uv": [47, 14], "uv_size": [1, 3.5]}
							}
						},
						{
							"origin": [12.69523, 23.49429, -23.84517],
							"size": [0.60954, 2.78261, 0.62789],
							"inflate": -0.05025,
							"uv": {
								"north": {"uv": [41, 53], "uv_size": [0.5, 3]}
							}
						}
					]
				},
				{
					"name": "bone114",
					"parent": "bone106",
					"pivot": [0, 5.97942, -19.76988],
					"rotation": [-9.46232, -135, 0],
					"cubes": [
						{
							"origin": [8.94647, 21.56597, -33.33533],
							"size": [1.14429, 3.63798, 1.4891],
							"inflate": -0.48103,
							"pivot": [9.60973, 22.047, -32.85412],
							"rotation": [0, 0, -3.89562],
							"uv": {
								"north": {"uv": [47, 18], "uv_size": [1, 3.5]}
							}
						},
						{
							"origin": [8.25564, 21.55359, -33.33533],
							"size": [1.14429, 3.63798, 1.4891],
							"inflate": -0.48103,
							"pivot": [8.91889, 22.03462, -32.85412],
							"rotation": [0, 0, 3.89562],
							"uv": {
								"north": {"uv": [47, 22], "uv_size": [1, 3.5]}
							}
						},
						{
							"origin": [8.86864, 21.98437, -32.90473],
							"size": [0.60954, 2.78261, 0.62789],
							"inflate": -0.05025,
							"uv": {
								"north": {"uv": [53, 41], "uv_size": [0.5, 3]}
							}
						}
					]
				},
				{
					"name": "bone115",
					"parent": "bone95",
					"pivot": [0, 0.26118, -19.76988],
					"rotation": [180, 0, 0]
				},
				{
					"name": "bone116",
					"parent": "bone115",
					"pivot": [0, 0.26118, -19.76988]
				},
				{
					"name": "bone117",
					"parent": "bone116",
					"pivot": [0, 0.26118, -19.76988],
					"rotation": [-9.46232, 180, 0],
					"cubes": [
						{
							"origin": [-0.07228, -16.13462, -6.2501],
							"size": [1.27444, 5.54934, 1.86555],
							"inflate": -0.48103,
							"pivot": [0.72113, -15.65359, -5.76877],
							"rotation": [0, 0, -3.89562],
							"uv": {
								"north": {"uv": [32, 18], "uv_size": [1.5, 5.5]}
							}
						},
						{
							"origin": [-1.25657, -16.15584, -6.2501],
							"size": [1.27444, 5.54934, 1.86555],
							"inflate": -0.48103,
							"pivot": [-0.46316, -15.67481, -5.76877],
							"rotation": [0, 0, 3.89562],
							"uv": {
								"north": {"uv": [32, 24], "uv_size": [1.5, 5.5]}
							}
						},
						{
							"origin": [-0.51341, -15.72506, -5.81962],
							"size": [0.97314, 4.6984, 1.00459],
							"inflate": -0.05025,
							"uv": {
								"north": {"uv": [46, 2], "uv_size": [1, 4.5]}
							}
						}
					]
				},
				{
					"name": "bone118",
					"parent": "bone116",
					"pivot": [0, 0.26118, -19.76988],
					"rotation": [-9.46232, 135, 0],
					"cubes": [
						{
							"origin": [9.12797, -16.75747, -9.98719],
							"size": [1.27444, 5.54934, 1.86555],
							"inflate": -0.48103,
							"pivot": [9.92138, -16.27644, -9.50585],
							"rotation": [0, 0, -3.89562],
							"uv": {
								"north": {"uv": [32, 30], "uv_size": [1.5, 5.5]}
							}
						},
						{
							"origin": [7.94368, -16.77869, -9.98719],
							"size": [1.27444, 5.54934, 1.86555],
							"inflate": -0.48103,
							"pivot": [8.73709, -16.29766, -9.50585],
							"rotation": [0, 0, 3.89562],
							"uv": {
								"north": {"uv": [34, 0], "uv_size": [1.5, 5.5]}
							}
						},
						{
							"origin": [8.68684, -16.34791, -9.5567],
							"size": [0.97314, 4.6984, 1.00459],
							"inflate": -0.05025,
							"uv": {
								"north": {"uv": [46, 7], "uv_size": [1, 4.5]}
							}
						}
					]
				},
				{
					"name": "bone119",
					"parent": "bone116",
					"pivot": [0, 0.26118, -19.76988],
					"rotation": [-9.46232, 90, 0],
					"cubes": [
						{
							"origin": [12.95456, -18.2674, -19.04675],
							"size": [1.27444, 5.54934, 1.86555],
							"inflate": -0.48103,
							"pivot": [13.74797, -17.78636, -18.56541],
							"rotation": [0, 0, -3.89562],
							"uv": {
								"north": {"uv": [34, 6], "uv_size": [1.5, 5.5]}
							}
						},
						{
							"origin": [11.77027, -18.28862, -19.04675],
							"size": [1.27444, 5.54934, 1.86555],
							"inflate": -0.48103,
							"pivot": [12.56368, -17.80758, -18.56541],
							"rotation": [0, 0, 3.89562],
							"uv": {
								"north": {"uv": [34, 12], "uv_size": [1.5, 5.5]}
							}
						},
						{
							"origin": [12.51343, -17.85784, -18.61627],
							"size": [0.97314, 4.6984, 1.00459],
							"inflate": -0.05025,
							"uv": {
								"north": {"uv": [46, 12], "uv_size": [1, 4.5]}
							}
						}
					]
				},
				{
					"name": "bone120",
					"parent": "bone116",
					"pivot": [0, 0.26118, -19.76988],
					"rotation": [-9.46232, 45, 0],
					"cubes": [
						{
							"origin": [9.16593, -19.77991, -28.12182],
							"size": [1.27444, 5.54934, 1.86555],
							"inflate": -0.48103,
							"pivot": [9.95934, -19.29887, -27.64048],
							"rotation": [0, 0, -3.89562],
							"uv": {
								"north": {"uv": [34, 18], "uv_size": [1.5, 5.5]}
							}
						},
						{
							"origin": [7.98164, -19.80113, -28.12182],
							"size": [1.27444, 5.54934, 1.86555],
							"inflate": -0.48103,
							"pivot": [8.77505, -19.3201, -27.64048],
							"rotation": [0, 0, 3.89562],
							"uv": {
								"north": {"uv": [34, 24], "uv_size": [1.5, 5.5]}
							}
						},
						{
							"origin": [8.7248, -19.37035, -27.69134],
							"size": [0.97314, 4.6984, 1.00459],
							"inflate": -0.05025,
							"uv": {
								"north": {"uv": [16, 46], "uv_size": [1, 4.5]}
							}
						}
					]
				},
				{
					"name": "bone121",
					"parent": "bone116",
					"pivot": [0, 0.26118, -19.76988],
					"rotation": [-9.46232, 0, 0],
					"cubes": [
						{
							"origin": [-0.0186, -20.409, -31.89634],
							"size": [1.27444, 5.54934, 1.86555],
							"inflate": -0.48103,
							"pivot": [0.77481, -19.92796, -31.41501],
							"rotation": [0, 0, -3.89562],
							"uv": {
								"north": {"uv": [34, 30], "uv_size": [1.5, 5.5]}
							}
						},
						{
							"origin": [-1.20289, -20.43022, -31.89634],
							"size": [1.27444, 5.54934, 1.86555],
							"inflate": -0.48103,
							"pivot": [-0.40948, -19.94918, -31.41501],
							"rotation": [0, 0, 3.89562],
							"uv": {
								"north": {"uv": [10, 35], "uv_size": [1.5, 5.5]}
							}
						},
						{
							"origin": [-0.45973, -19.99944, -31.46586],
							"size": [0.97314, 4.6984, 1.00459],
							"inflate": -0.05025,
							"uv": {
								"north": {"uv": [17, 46], "uv_size": [1, 4.5]}
							}
						}
					]
				},
				{
					"name": "bone122",
					"parent": "bone116",
					"pivot": [0, 0.26118, -19.76988],
					"rotation": [-9.46232, -45, 0],
					"cubes": [
						{
							"origin": [-9.21885, -19.78615, -28.15926],
							"size": [1.27444, 5.54934, 1.86555],
							"inflate": -0.48103,
							"pivot": [-8.42544, -19.30511, -27.67792],
							"rotation": [0, 0, -3.89562],
							"uv": {
								"north": {"uv": [12, 35], "uv_size": [1.5, 5.5]}
							}
						},
						{
							"origin": [-10.40314, -19.80737, -28.15926],
							"size": [1.27444, 5.54934, 1.86555],
							"inflate": -0.48103,
							"pivot": [-9.60973, -19.32634, -27.67792],
							"rotation": [0, 0, 3.89562],
							"uv": {
								"north": {"uv": [22, 35], "uv_size": [1.5, 5.5]}
							}
						},
						{
							"origin": [-9.65998, -19.37659, -27.72878],
							"size": [0.97314, 4.6984, 1.00459],
							"inflate": -0.05025,
							"uv": {
								"north": {"uv": [46, 17], "uv_size": [1, 4.5]}
							}
						}
					]
				},
				{
					"name": "bone123",
					"parent": "bone116",
					"pivot": [0, 0.26118, -19.76988],
					"rotation": [-9.46232, -90, 0],
					"cubes": [
						{
							"origin": [-13.04544, -18.27622, -19.0997],
							"size": [1.27444, 5.54934, 1.86555],
							"inflate": -0.48103,
							"pivot": [-12.25203, -17.79519, -18.61836],
							"rotation": [0, 0, -3.89562],
							"uv": {
								"north": {"uv": [26, 35], "uv_size": [1.5, 5.5]}
							}
						},
						{
							"origin": [-14.22973, -18.29744, -19.0997],
							"size": [1.27444, 5.54934, 1.86555],
							"inflate": -0.48103,
							"pivot": [-13.43632, -17.81641, -18.61836],
							"rotation": [0, 0, 3.89562],
							"uv": {
								"north": {"uv": [0, 36], "uv_size": [1.5, 5.5]}
							}
						},
						{
							"origin": [-13.48657, -17.86666, -18.66922],
							"size": [0.97314, 4.6984, 1.00459],
							"inflate": -0.05025,
							"uv": {
								"north": {"uv": [18, 46], "uv_size": [1, 4.5]}
							}
						}
					]
				},
				{
					"name": "bone124",
					"parent": "bone116",
					"pivot": [0, 0.26118, -19.76988],
					"rotation": [-9.46232, -135, 0],
					"cubes": [
						{
							"origin": [-9.25681, -16.76371, -10.02463],
							"size": [1.27444, 5.54934, 1.86555],
							"inflate": -0.48103,
							"pivot": [-8.4634, -16.28268, -9.54329],
							"rotation": [0, 0, -3.89562],
							"uv": {
								"north": {"uv": [36, 0], "uv_size": [1.5, 5.5]}
							}
						},
						{
							"origin": [-10.44109, -16.78493, -10.02463],
							"size": [1.27444, 5.54934, 1.86555],
							"inflate": -0.48103,
							"pivot": [-9.64768, -16.3039, -9.54329],
							"rotation": [0, 0, 3.89562],
							"uv": {
								"north": {"uv": [2, 36], "uv_size": [1.5, 5.5]}
							}
						},
						{
							"origin": [-9.69794, -16.35415, -9.59415],
							"size": [0.97314, 4.6984, 1.00459],
							"inflate": -0.05025,
							"uv": {
								"north": {"uv": [19, 46], "uv_size": [1, 4.5]}
							}
						}
					]
				},
				{
					"name": "bone125",
					"parent": "bone115",
					"pivot": [0, 4.77558, -19.76988]
				},
				{
					"name": "bone126",
					"parent": "bone125",
					"pivot": [0, 4.77558, -19.76988],
					"rotation": [-9.46232, 180, 0],
					"cubes": [
						{
							"origin": [-0.25378, -11.49653, -5.50781],
							"size": [1.14429, 3.63798, 1.4891],
							"inflate": -0.48103,
							"pivot": [0.40948, -11.01549, -5.0266],
							"rotation": [0, 0, -3.89562],
							"uv": {
								"north": {"uv": [47, 26], "uv_size": [1, 3.5]}
							}
						},
						{
							"origin": [-0.94461, -11.50891, -5.50781],
							"size": [1.14429, 3.63798, 1.4891],
							"inflate": -0.48103,
							"pivot": [-0.28136, -11.02787, -5.0266],
							"rotation": [0, 0, 3.89562],
							"uv": {
								"north": {"uv": [47, 30], "uv_size": [1, 3.5]}
							}
						},
						{
							"origin": [-0.33161, -11.07813, -5.07721],
							"size": [0.60954, 2.78261, 0.62789],
							"inflate": -0.05025,
							"uv": {
								"north": {"uv": [42, 53], "uv_size": [0.5, 3]}
							}
						}
					]
				},
				{
					"name": "bone127",
					"parent": "bone125",
					"pivot": [0, 4.77558, -19.76988],
					"rotation": [-9.46232, 135, 0],
					"cubes": [
						{
							"origin": [8.94647, -12.11938, -9.2449],
							"size": [1.14429, 3.63798, 1.4891],
							"inflate": -0.48103,
							"pivot": [9.60973, -11.63834, -8.76369],
							"rotation": [0, 0, -3.89562],
							"uv": {
								"north": {"uv": [47, 34], "uv_size": [1, 3.5]}
							}
						},
						{
							"origin": [8.25564, -12.13176, -9.2449],
							"size": [1.14429, 3.63798, 1.4891],
							"inflate": -0.48103,
							"pivot": [8.91889, -11.65072, -8.76369],
							"rotation": [0, 0, 3.89562],
							"uv": {
								"north": {"uv": [47, 38], "uv_size": [1, 3.5]}
							}
						},
						{
							"origin": [8.86864, -11.70097, -8.81429],
							"size": [0.60954, 2.78261, 0.62789],
							"inflate": -0.05025,
							"uv": {
								"north": {"uv": [43, 53], "uv_size": [0.5, 3]}
							}
						}
					]
				},
				{
					"name": "bone128",
					"parent": "bone125",
					"pivot": [0, 4.77558, -19.76988],
					"rotation": [-9.46232, 90, 0],
					"cubes": [
						{
							"origin": [12.77306, -13.6293, -18.30446],
							"size": [1.14429, 3.63798, 1.4891],
							"inflate": -0.48103,
							"pivot": [13.43632, -13.14827, -17.82325],
							"rotation": [0, 0, -3.89562],
							"uv": {
								"north": {"uv": [41, 47], "uv_size": [1, 3.5]}
							}
						},
						{
							"origin": [12.08223, -13.64168, -18.30446],
							"size": [1.14429, 3.63798, 1.4891],
							"inflate": -0.48103,
							"pivot": [12.74548, -13.16065, -17.82325],
							"rotation": [0, 0, 3.89562],
							"uv": {
								"north": {"uv": [47, 42], "uv_size": [1, 3.5]}
							}
						},
						{
							"origin": [12.69523, -13.2109, -17.87385],
							"size": [0.60954, 2.78261, 0.62789],
							"inflate": -0.05025,
							"uv": {
								"north": {"uv": [44, 53], "uv_size": [0.5, 3]}
							}
						}
					]
				},
				{
					"name": "bone129",
					"parent": "bone125",
					"pivot": [0, 4.77558, -19.76988],
					"rotation": [-9.46232, 45, 0],
					"cubes": [
						{
							"origin": [8.98443, -15.14181, -27.37953],
							"size": [1.14429, 3.63798, 1.4891],
							"inflate": -0.48103,
							"pivot": [9.64768, -14.66078, -26.89832],
							"rotation": [0, 0, -3.89562],
							"uv": {
								"north": {"uv": [45, 47], "uv_size": [1, 3.5]}
							}
						},
						{
							"origin": [8.2936, -15.15419, -27.37953],
							"size": [1.14429, 3.63798, 1.4891],
							"inflate": -0.48103,
							"pivot": [8.95685, -14.67316, -26.89832],
							"rotation": [0, 0, 3.89562],
							"uv": {
								"north": {"uv": [47, 46], "uv_size": [1, 3.5]}
							}
						},
						{
							"origin": [8.9066, -14.72341, -26.94892],
							"size": [0.60954, 2.78261, 0.62789],
							"inflate": -0.05025,
							"uv": {
								"north": {"uv": [53, 44], "uv_size": [0.5, 3]}
							}
						}
					]
				},
				{
					"name": "bone130",
					"parent": "bone125",
					"pivot": [0, 4.77558, -19.76988],
					"rotation": [-9.46232, 0, 0],
					"cubes": [
						{
							"origin": [-0.2001, -15.7709, -31.15405],
							"size": [1.14429, 3.63798, 1.4891],
							"inflate": -0.48103,
							"pivot": [0.46316, -15.28987, -30.67284],
							"rotation": [0, 0, -3.89562],
							"uv": {
								"north": {"uv": [48, 2], "uv_size": [1, 3.5]}
							}
						},
						{
							"origin": [-0.89093, -15.78328, -31.15405],
							"size": [1.14429, 3.63798, 1.4891],
							"inflate": -0.48103,
							"pivot": [-0.22768, -15.30225, -30.67284],
							"rotation": [0, 0, 3.89562],
							"uv": {
								"north": {"uv": [48, 6], "uv_size": [1, 3.5]}
							}
						},
						{
							"origin": [-0.27793, -15.3525, -30.72345],
							"size": [0.60954, 2.78261, 0.62789],
							"inflate": -0.05025,
							"uv": {
								"north": {"uv": [45, 53], "uv_size": [0.5, 3]}
							}
						}
					]
				},
				{
					"name": "bone131",
					"parent": "bone125",
					"pivot": [0, 4.77558, -19.76988],
					"rotation": [-9.46232, -45, 0],
					"cubes": [
						{
							"origin": [-9.40035, -15.14805, -27.41697],
							"size": [1.14429, 3.63798, 1.4891],
							"inflate": -0.48103,
							"pivot": [-8.73709, -14.66702, -26.93576],
							"rotation": [0, 0, -3.89562],
							"uv": {
								"north": {"uv": [10, 48], "uv_size": [1, 3.5]}
							}
						},
						{
							"origin": [-10.09118, -15.16043, -27.41697],
							"size": [1.14429, 3.63798, 1.4891],
							"inflate": -0.48103,
							"pivot": [-9.42793, -14.6794, -26.93576],
							"rotation": [0, 0, 3.89562],
							"uv": {
								"north": {"uv": [48, 10], "uv_size": [1, 3.5]}
							}
						},
						{
							"origin": [-9.47818, -14.72965, -26.98636],
							"size": [0.60954, 2.78261, 0.62789],
							"inflate": -0.05025,
							"uv": {
								"north": {"uv": [48, 53], "uv_size": [0.5, 3]}
							}
						}
					]
				},
				{
					"name": "bone132",
					"parent": "bone125",
					"pivot": [0, 4.77558, -19.76988],
					"rotation": [-9.46232, -90, 0],
					"cubes": [
						{
							"origin": [-13.22694, -13.63813, -18.35741],
							"size": [1.14429, 3.63798, 1.4891],
							"inflate": -0.48103,
							"pivot": [-12.56368, -13.15709, -17.8762],
							"rotation": [0, 0, -3.89562],
							"uv": {
								"north": {"uv": [11, 48], "uv_size": [1, 3.5]}
							}
						},
						{
							"origin": [-13.91777, -13.65051, -18.35741],
							"size": [1.14429, 3.63798, 1.4891],
							"inflate": -0.48103,
							"pivot": [-13.25452, -13.16947, -17.8762],
							"rotation": [0, 0, 3.89562],
							"uv": {
								"north": {"uv": [12, 48], "uv_size": [1, 3.5]}
							}
						},
						{
							"origin": [-13.30477, -13.21973, -17.9268],
							"size": [0.60954, 2.78261, 0.62789],
							"inflate": -0.05025,
							"uv": {
								"north": {"uv": [53, 48], "uv_size": [0.5, 3]}
							}
						}
					]
				},
				{
					"name": "bone133",
					"parent": "bone125",
					"pivot": [0, 4.77558, -19.76988],
					"rotation": [-9.46232, -135, 0],
					"cubes": [
						{
							"origin": [-9.4383, -12.12562, -9.28234],
							"size": [1.14429, 3.63798, 1.4891],
							"inflate": -0.48103,
							"pivot": [-8.77505, -11.64458, -8.80113],
							"rotation": [0, 0, -3.89562],
							"uv": {
								"north": {"uv": [13, 48], "uv_size": [1, 3.5]}
							}
						},
						{
							"origin": [-10.12914, -12.138, -9.28234],
							"size": [1.14429, 3.63798, 1.4891],
							"inflate": -0.48103,
							"pivot": [-9.46588, -11.65696, -8.80113],
							"rotation": [0, 0, 3.89562],
							"uv": {
								"north": {"uv": [48, 14], "uv_size": [1, 3.5]}
							}
						},
						{
							"origin": [-9.51614, -11.70721, -8.85173],
							"size": [0.60954, 2.78261, 0.62789],
							"inflate": -0.05025,
							"uv": {
								"north": {"uv": [51, 53], "uv_size": [0.5, 3]}
							}
						}
					]
				}
			]
		}
	]
}