{
	"format_version": "1.12.0",
	"minecraft:geometry": [
		{
			"description": {
				"identifier": "geometry.rpg",
				"texture_width": 128,
				"texture_height": 128,
				"visible_bounds_width": 91,
				"visible_bounds_height": 8,
				"visible_bounds_offset": [0, 2, 0]
			},
			"bones": [
				{
					"name": "Rockets",
					"pivot": [0, 1.5, -13],
					"rotation": [-90, 0, 0]
				},
				{
					"name": "zhuti",
					"parent": "Rockets",
					"pivot": [0, 1.5, -13.25]
				},
				{
					"name": "bone46",
					"parent": "zhuti",
					"pivot": [0, 1.5, -13.25],
					"rotation": [-90, 0, 0]
				},
				{
					"name": "bone47",
					"parent": "bone46",
					"pivot": [0, 1.5, -13.25],
					"rotation": [-45.80958, 180, 0],
					"cubes": [
						{
							"origin": [-0.0454, -4.1161, 8.20162],
							"size": [1, 1.78906, 1.16864],
							"inflate": -0.33332,
							"pivot": [0.62129, -3.78279, 8.53594],
							"rotation": [0, 0, -16.54154],
							"uv": {
								"north": {"uv": [89, 60], "uv_size": [2, 4]}
							}
						},
						{
							"origin": [-1.01971, -4.21102, 8.20162],
							"size": [1, 1.78906, 1.16864],
							"inflate": -0.33332,
							"pivot": [-0.35303, -3.8777, 8.53594],
							"rotation": [0, 0, 16.54154],
							"uv": {
								"north": {"uv": [47, 94], "uv_size": [2, 4]}
							}
						},
						{
							"origin": [-0.52565, -4.05032, 8.36131],
							"size": [1, 1.51613, 0.84925],
							"inflate": -0.17263,
							"uv": {
								"north": {"uv": [109, 34], "uv_size": [2, 3]}
							}
						}
					]
				},
				{
					"name": "bone48",
					"parent": "bone46",
					"pivot": [0, 1.5, -13.25],
					"rotation": [-45.80958, 135, 0],
					"cubes": [
						{
							"origin": [9.12603, -6.8248, 5.56841],
							"size": [1, 1.78906, 1.16864],
							"inflate": -0.33332,
							"pivot": [9.79272, -6.49148, 5.90273],
							"rotation": [0, 0, -16.54154],
							"uv": {
								"north": {"uv": [107, 34], "uv_size": [2, 4]}
							}
						},
						{
							"origin": [8.15172, -6.91971, 5.56841],
							"size": [1, 1.78906, 1.16864],
							"inflate": -0.33332,
							"pivot": [8.8184, -6.5864, 5.90273],
							"rotation": [0, 0, 16.54154],
							"uv": {
								"north": {"uv": [49, 94], "uv_size": [2, 4]}
							}
						},
						{
							"origin": [8.64578, -6.75902, 5.7281],
							"size": [1, 1.51613, 0.84925],
							"inflate": -0.17263,
							"uv": {
								"north": {"uv": [109, 38], "uv_size": [2, 3]}
							}
						}
					]
				},
				{
					"name": "bone49",
					"parent": "bone46",
					"pivot": [0, 1.5, -13.25],
					"rotation": [-45.80958, 90, 0],
					"cubes": [
						{
							"origin": [12.93999, -13.39019, -0.81402],
							"size": [1, 1.78906, 1.16864],
							"inflate": -0.33332,
							"pivot": [13.60667, -13.05687, -0.4797],
							"rotation": [0, 0, -16.54154],
							"uv": {
								"north": {"uv": [51, 94], "uv_size": [2, 4]}
							}
						},
						{
							"origin": [11.96568, -13.4851, -0.81402],
							"size": [1, 1.78906, 1.16864],
							"inflate": -0.33332,
							"pivot": [12.63236, -13.15179, -0.4797],
							"rotation": [0, 0, 16.54154],
							"uv": {
								"north": {"uv": [107, 38], "uv_size": [2, 4]}
							}
						},
						{
							"origin": [12.45973, -13.32441, -0.65432],
							"size": [1, 1.51613, 0.84925],
							"inflate": -0.17263,
							"uv": {
								"north": {"uv": [109, 42], "uv_size": [2, 3]}
							}
						}
					]
				},
				{
					"name": "bone50",
					"parent": "bone46",
					"pivot": [0, 1.5, -13.25],
					"rotation": [-45.80958, 45, 0],
					"cubes": [
						{
							"origin": [9.16231, -19.96636, -7.20692],
							"size": [1, 1.78906, 1.16864],
							"inflate": -0.33332,
							"pivot": [9.829, -19.63304, -6.8726],
							"rotation": [0, 0, -16.54154],
							"uv": {
								"north": {"uv": [53, 94], "uv_size": [2, 4]}
							}
						},
						{
							"origin": [8.188, -20.06127, -7.20692],
							"size": [1, 1.78906, 1.16864],
							"inflate": -0.33332,
							"pivot": [8.85468, -19.72795, -6.8726],
							"rotation": [0, 0, 16.54154],
							"uv": {
								"north": {"uv": [55, 94], "uv_size": [2, 4]}
							}
						},
						{
							"origin": [8.68206, -19.90058, -7.04723],
							"size": [1, 1.51613, 0.84925],
							"inflate": -0.17263,
							"uv": {
								"north": {"uv": [109, 46], "uv_size": [2, 3]}
							}
						}
					]
				},
				{
					"name": "bone51",
					"parent": "bone46",
					"pivot": [0, 1.5, -13.25],
					"rotation": [-45.80958, 0, 0],
					"cubes": [
						{
							"origin": [0.00591, -22.70107, -9.86542],
							"size": [1, 1.78906, 1.16864],
							"inflate": -0.33332,
							"pivot": [0.67259, -22.36775, -9.5311],
							"rotation": [0, 0, -16.54154],
							"uv": {
								"north": {"uv": [107, 42], "uv_size": [2, 4]}
							}
						},
						{
							"origin": [-0.9684, -22.79598, -9.86542],
							"size": [1, 1.78906, 1.16864],
							"inflate": -0.33332,
							"pivot": [-0.30172, -22.46266, -9.5311],
							"rotation": [0, 0, 16.54154],
							"uv": {
								"north": {"uv": [57, 94], "uv_size": [2, 4]}
							}
						},
						{
							"origin": [-0.47435, -22.63529, -9.70573],
							"size": [1, 1.51613, 0.84925],
							"inflate": -0.17263,
							"uv": {
								"north": {"uv": [109, 50], "uv_size": [2, 3]}
							}
						}
					]
				},
				{
					"name": "bone52",
					"parent": "bone46",
					"pivot": [0, 1.5, -13.25],
					"rotation": [-45.80958, -45, 0],
					"cubes": [
						{
							"origin": [-9.16552, -19.99237, -7.23221],
							"size": [1, 1.78906, 1.16864],
							"inflate": -0.33332,
							"pivot": [-8.49884, -19.65905, -6.89789],
							"rotation": [0, 0, -16.54154],
							"uv": {
								"north": {"uv": [59, 94], "uv_size": [2, 4]}
							}
						},
						{
							"origin": [-10.13983, -20.08728, -7.23221],
							"size": [1, 1.78906, 1.16864],
							"inflate": -0.33332,
							"pivot": [-9.47315, -19.75396, -6.89789],
							"rotation": [0, 0, 16.54154],
							"uv": {
								"north": {"uv": [107, 46], "uv_size": [2, 4]}
							}
						},
						{
							"origin": [-9.64578, -19.92659, -7.07251],
							"size": [1, 1.51613, 0.84925],
							"inflate": -0.17263,
							"uv": {
								"north": {"uv": [109, 54], "uv_size": [2, 3]}
							}
						}
					]
				},
				{
					"name": "bone53",
					"parent": "bone46",
					"pivot": [0, 1.5, -13.25],
					"rotation": [-45.80958, -90, 0],
					"cubes": [
						{
							"origin": [-12.97948, -13.42698, -0.84978],
							"size": [1, 1.78906, 1.16864],
							"inflate": -0.33332,
							"pivot": [-12.3128, -13.09366, -0.51546],
							"rotation": [0, 0, -16.54154],
							"uv": {
								"north": {"uv": [61, 94], "uv_size": [2, 4]}
							}
						},
						{
							"origin": [-13.95379, -13.52189, -0.84978],
							"size": [1, 1.78906, 1.16864],
							"inflate": -0.33332,
							"pivot": [-13.28711, -13.18857, -0.51546],
							"rotation": [0, 0, 16.54154],
							"uv": {
								"north": {"uv": [63, 94], "uv_size": [2, 4]}
							}
						},
						{
							"origin": [-13.45973, -13.3612, -0.69009],
							"size": [1, 1.51613, 0.84925],
							"inflate": -0.17263,
							"uv": {
								"north": {"uv": [109, 58], "uv_size": [2, 3]}
							}
						}
					]
				},
				{
					"name": "bone54",
					"parent": "bone46",
					"pivot": [0, 1.5, -13.25],
					"rotation": [-45.80958, -135, 0],
					"cubes": [
						{
							"origin": [-9.2018, -6.85082, 5.54312],
							"size": [1, 1.78906, 1.16864],
							"inflate": -0.33332,
							"pivot": [-8.53512, -6.5175, 5.87744],
							"rotation": [0, 0, -16.54154],
							"uv": {
								"north": {"uv": [107, 50], "uv_size": [2, 4]}
							}
						},
						{
							"origin": [-10.17611, -6.94573, 5.54312],
							"size": [1, 1.78906, 1.16864],
							"inflate": -0.33332,
							"pivot": [-9.50943, -6.61241, 5.87744],
							"rotation": [0, 0, 16.54154],
							"uv": {
								"north": {"uv": [65, 94], "uv_size": [2, 4]}
							}
						},
						{
							"origin": [-9.68206, -6.78504, 5.70281],
							"size": [1, 1.51613, 0.84925],
							"inflate": -0.17263,
							"uv": {
								"north": {"uv": [109, 62], "uv_size": [2, 3]}
							}
						}
					]
				},
				{
					"name": "bone1",
					"parent": "zhuti",
					"pivot": [0, 2.35, -22],
					"rotation": [-90, 0, 0]
				},
				{
					"name": "bone40",
					"parent": "bone1",
					"pivot": [0, 2.35, -22],
					"rotation": [-0.77963, -45, 0],
					"cubes": [
						{
							"origin": [-8.374, -16.75834, -32.47624],
							"size": [1, 8.8963, 1.20724],
							"inflate": -0.47762,
							"pivot": [-7.85163, -16.28072, -31.99762],
							"rotation": [0, 0, -0.32292],
							"uv": {
								"north": {"uv": [75, 34], "uv_size": [2, 18]}
							}
						},
						{
							"origin": [-9.71264, -16.7586, -32.47624],
							"size": [1, 8.8963, 1.20724],
							"inflate": -0.47762,
							"pivot": [-9.19026, -16.28097, -31.99762],
							"rotation": [0, 0, 0.32292],
							"uv": {
								"north": {"uv": [75, 52], "uv_size": [2, 18]}
							}
						},
						{
							"origin": [-9.54332, -16.63404, -32.35268],
							"size": [2, 8.64731, 0.96012],
							"inflate": -0.35306,
							"uv": {
								"north": {"uv": [47, 34], "uv_size": [4, 17]}
							}
						}
					]
				},
				{
					"name": "bone35",
					"parent": "bone1",
					"pivot": [0, 2.35, -22],
					"rotation": [-0.77963, 180, 0],
					"cubes": [
						{
							"origin": [0.14317, -16.47684, -11.78963],
							"size": [1, 8.8963, 1.20724],
							"inflate": -0.47762,
							"pivot": [0.66555, -15.99922, -11.31101],
							"rotation": [0, 0, -0.32292],
							"uv": {
								"north": {"uv": [77, 34], "uv_size": [2, 18]}
							}
						},
						{
							"origin": [-1.19546, -16.47709, -11.78963],
							"size": [1, 8.8963, 1.20724],
							"inflate": -0.47762,
							"pivot": [-0.67309, -15.99947, -11.31101],
							"rotation": [0, 0, 0.32292],
							"uv": {
								"north": {"uv": [77, 52], "uv_size": [2, 18]}
							}
						},
						{
							"origin": [-1.02615, -16.35253, -11.66607],
							"size": [2, 8.64731, 0.96012],
							"inflate": -0.35306,
							"uv": {
								"north": {"uv": [51, 34], "uv_size": [4, 17]}
							}
						}
					]
				},
				{
					"name": "bone36",
					"parent": "bone1",
					"pivot": [0, 2.35, -22],
					"rotation": [-0.77963, 135, 0],
					"cubes": [
						{
							"origin": [8.71264, -16.52484, -15.31723],
							"size": [1, 8.8963, 1.20724],
							"inflate": -0.47762,
							"pivot": [9.23502, -16.04722, -14.83861],
							"rotation": [0, 0, -0.32292],
							"uv": {
								"north": {"uv": [79, 34], "uv_size": [2, 18]}
							}
						},
						{
							"origin": [7.374, -16.5251, -15.31723],
							"size": [1, 8.8963, 1.20724],
							"inflate": -0.47762,
							"pivot": [7.89638, -16.04748, -14.83861],
							"rotation": [0, 0, 0.32292],
							"uv": {
								"north": {"uv": [79, 52], "uv_size": [2, 18]}
							}
						},
						{
							"origin": [7.54332, -16.40054, -15.19367],
							"size": [2, 8.64731, 0.96012],
							"inflate": -0.35306,
							"uv": {
								"north": {"uv": [55, 34], "uv_size": [4, 17]}
							}
						}
					]
				},
				{
					"name": "bone37",
					"parent": "bone1",
					"pivot": [0, 2.35, -22],
					"rotation": [-0.77963, 90, 0],
					"cubes": [
						{
							"origin": [12.27754, -16.64124, -23.87059],
							"size": [1, 8.8963, 1.20724],
							"inflate": -0.47762,
							"pivot": [12.79992, -16.16362, -23.39197],
							"rotation": [0, 0, -0.32292],
							"uv": {
								"north": {"uv": [81, 34], "uv_size": [2, 18]}
							}
						},
						{
							"origin": [10.93891, -16.64149, -23.87059],
							"size": [1, 8.8963, 1.20724],
							"inflate": -0.47762,
							"pivot": [11.46129, -16.16387, -23.39197],
							"rotation": [0, 0, 0.32292],
							"uv": {
								"north": {"uv": [81, 52], "uv_size": [2, 18]}
							}
						},
						{
							"origin": [11.10823, -16.51693, -23.74703],
							"size": [2, 8.64731, 0.96012],
							"inflate": -0.35306,
							"uv": {
								"north": {"uv": [59, 34], "uv_size": [4, 17]}
							}
						}
					]
				},
				{
					"name": "bone38",
					"parent": "bone1",
					"pivot": [0, 2.35, -22],
					"rotation": [-0.77963, 45, 0],
					"cubes": [
						{
							"origin": [8.74962, -16.75784, -32.43927],
							"size": [1, 8.8963, 1.20724],
							"inflate": -0.47762,
							"pivot": [9.27199, -16.28022, -31.96065],
							"rotation": [0, 0, -0.32292],
							"uv": {
								"north": {"uv": [47, 70], "uv_size": [2, 18]}
							}
						},
						{
							"origin": [7.41098, -16.75809, -32.43927],
							"size": [1, 8.8963, 1.20724],
							"inflate": -0.47762,
							"pivot": [7.93336, -16.28047, -31.96065],
							"rotation": [0, 0, 0.32292],
							"uv": {
								"north": {"uv": [83, 34], "uv_size": [2, 18]}
							}
						},
						{
							"origin": [7.5803, -16.63353, -32.31571],
							"size": [2, 8.64731, 0.96012],
							"inflate": -0.35306,
							"uv": {
								"north": {"uv": [63, 34], "uv_size": [4, 17]}
							}
						}
					]
				},
				{
					"name": "bone39",
					"parent": "bone1",
					"pivot": [0, 2.35, -22],
					"rotation": [-0.77963, 0, 0],
					"cubes": [
						{
							"origin": [0.19546, -16.80635, -36.00385],
							"size": [1, 8.8963, 1.20724],
							"inflate": -0.47762,
							"pivot": [0.71784, -16.32873, -35.52522],
							"rotation": [0, 0, -0.32292],
							"uv": {
								"north": {"uv": [49, 70], "uv_size": [2, 18]}
							}
						},
						{
							"origin": [-1.14317, -16.8066, -36.00385],
							"size": [1, 8.8963, 1.20724],
							"inflate": -0.47762,
							"pivot": [-0.62079, -16.32898, -35.52522],
							"rotation": [0, 0, 0.32292],
							"uv": {
								"north": {"uv": [51, 70], "uv_size": [2, 18]}
							}
						},
						{
							"origin": [-0.97385, -16.68204, -35.88028],
							"size": [2, 8.64731, 0.96012],
							"inflate": -0.35306,
							"uv": {
								"north": {"uv": [47, 52], "uv_size": [4, 17]}
							}
						}
					]
				},
				{
					"name": "bone41",
					"parent": "bone1",
					"pivot": [0, 2.35, -22],
					"rotation": [-0.77963, -90, 0],
					"cubes": [
						{
							"origin": [-11.93891, -16.64195, -23.92288],
							"size": [1, 8.8963, 1.20724],
							"inflate": -0.47762,
							"pivot": [-11.41653, -16.16433, -23.44426],
							"rotation": [0, 0, -0.32292],
							"uv": {
								"north": {"uv": [53, 70], "uv_size": [2, 18]}
							}
						},
						{
							"origin": [-13.27755, -16.6422, -23.92288],
							"size": [1, 8.8963, 1.20724],
							"inflate": -0.47762,
							"pivot": [-12.75517, -16.16458, -23.44426],
							"rotation": [0, 0, 0.32292],
							"uv": {
								"north": {"uv": [55, 70], "uv_size": [2, 18]}
							}
						},
						{
							"origin": [-13.10823, -16.51764, -23.79932],
							"size": [2, 8.64731, 0.96012],
							"inflate": -0.35306,
							"uv": {
								"north": {"uv": [51, 52], "uv_size": [4, 17]}
							}
						}
					]
				},
				{
					"name": "bone42",
					"parent": "bone1",
					"pivot": [0, 2.35, -22],
					"rotation": [-0.77963, -135, 0],
					"cubes": [
						{
							"origin": [-8.41098, -16.52535, -15.35421],
							"size": [1, 8.8963, 1.20724],
							"inflate": -0.47762,
							"pivot": [-7.8886, -16.04773, -14.87559],
							"rotation": [0, 0, -0.32292],
							"uv": {
								"north": {"uv": [57, 70], "uv_size": [2, 18]}
							}
						},
						{
							"origin": [-9.74962, -16.5256, -15.35421],
							"size": [1, 8.8963, 1.20724],
							"inflate": -0.47762,
							"pivot": [-9.22724, -16.04798, -14.87559],
							"rotation": [0, 0, 0.32292],
							"uv": {
								"north": {"uv": [83, 52], "uv_size": [2, 18]}
							}
						},
						{
							"origin": [-9.5803, -16.40104, -15.23065],
							"size": [2, 8.64731, 0.96012],
							"inflate": -0.35306,
							"uv": {
								"north": {"uv": [55, 52], "uv_size": [4, 17]}
							}
						}
					]
				},
				{
					"name": "bone2",
					"parent": "zhuti",
					"pivot": [0, 2.25, -23.75],
					"rotation": [90, 0, 0]
				},
				{
					"name": "bone3",
					"parent": "bone2",
					"pivot": [0, 2.25, -23.75],
					"rotation": [-22.16352, 180, 0],
					"cubes": [
						{
							"origin": [-0.01888, 12.20429, -43.23552],
							"size": [1, 2.99102, 1.38326],
							"inflate": -0.31563,
							"pivot": [0.6655, 12.51992, -42.91889],
							"rotation": [0, 0, -8.88136],
							"uv": {
								"north": {"uv": [85, 64], "uv_size": [2, 6]}
							}
						},
						{
							"origin": [-1.03794, 12.14736, -43.23552],
							"size": [1, 2.99102, 1.38326],
							"inflate": -0.31563,
							"pivot": [-0.35357, 12.46299, -42.91889],
							"rotation": [0, 0, 8.88136],
							"uv": {
								"north": {"uv": [99, 82], "uv_size": [2, 6]}
							}
						},
						{
							"origin": [-0.5262, 12.29036, -43.09352],
							"size": [1, 2.73365, 1.09925],
							"inflate": -0.17263,
							"uv": {
								"north": {"uv": [105, 46], "uv_size": [2, 5]}
							}
						}
					]
				},
				{
					"name": "bone4",
					"parent": "bone2",
					"pivot": [0, 2.25, -23.75],
					"rotation": [-22.16352, 135, 0],
					"cubes": [
						{
							"origin": [-8.64376, 13.56022, -39.90685],
							"size": [1, 2.99102, 1.38326],
							"inflate": -0.31563,
							"pivot": [-7.95939, 13.87585, -39.59022],
							"rotation": [0, 0, -8.88136],
							"uv": {
								"north": {"uv": [47, 88], "uv_size": [2, 6]}
							}
						},
						{
							"origin": [-9.66283, 13.50329, -39.90685],
							"size": [1, 2.99102, 1.38326],
							"inflate": -0.31563,
							"pivot": [-8.97846, 13.81892, -39.59022],
							"rotation": [0, 0, 8.88136],
							"uv": {
								"north": {"uv": [101, 34], "uv_size": [2, 6]}
							}
						},
						{
							"origin": [-9.15108, 13.6463, -39.76484],
							"size": [1, 2.73365, 1.09925],
							"inflate": -0.17263,
							"uv": {
								"north": {"uv": [105, 52], "uv_size": [2, 5]}
							}
						}
					]
				},
				{
					"name": "bone5",
					"parent": "bone2",
					"pivot": [0, 2.25, -23.75],
					"rotation": [-22.16352, 90, 0],
					"cubes": [
						{
							"origin": [-12.20096, 16.81976, -31.90503],
							"size": [1, 2.99102, 1.38326],
							"inflate": -0.31563,
							"pivot": [-11.51658, 17.13539, -31.58841],
							"rotation": [0, 0, -8.88136],
							"uv": {
								"north": {"uv": [49, 88], "uv_size": [2, 6]}
							}
						},
						{
							"origin": [-13.22002, 16.76283, -31.90503],
							"size": [1, 2.99102, 1.38326],
							"inflate": -0.31563,
							"pivot": [-12.53565, 17.07846, -31.58841],
							"rotation": [0, 0, 8.88136],
							"uv": {
								"north": {"uv": [51, 88], "uv_size": [2, 6]}
							}
						},
						{
							"origin": [-12.70828, 16.90583, -31.76303],
							"size": [1, 2.73365, 1.09925],
							"inflate": -0.17263,
							"uv": {
								"north": {"uv": [105, 58], "uv_size": [2, 5]}
							}
						}
					]
				},
				{
					"name": "bone6",
					"parent": "bone2",
					"pivot": [0, 2.25, -23.75],
					"rotation": [-22.16352, 45, 0],
					"cubes": [
						{
							"origin": [-8.60671, 20.07351, -23.91743],
							"size": [1, 2.99102, 1.38326],
							"inflate": -0.31563,
							"pivot": [-7.92234, 20.38914, -23.60081],
							"rotation": [0, 0, -8.88136],
							"uv": {
								"north": {"uv": [53, 88], "uv_size": [2, 6]}
							}
						},
						{
							"origin": [-9.62578, 20.01658, -23.91743],
							"size": [1, 2.99102, 1.38326],
							"inflate": -0.31563,
							"pivot": [-8.94141, 20.33221, -23.60081],
							"rotation": [0, 0, 8.88136],
							"uv": {
								"north": {"uv": [101, 40], "uv_size": [2, 6]}
							}
						},
						{
							"origin": [-9.11403, 20.15958, -23.77543],
							"size": [1, 2.73365, 1.09925],
							"inflate": -0.17263,
							"uv": {
								"north": {"uv": [105, 64], "uv_size": [2, 5]}
							}
						}
					]
				},
				{
					"name": "bone7",
					"parent": "bone2",
					"pivot": [0, 2.25, -23.75],
					"rotation": [-22.16352, 0, 0],
					"cubes": [
						{
							"origin": [0.03352, 21.41547, -20.62308],
							"size": [1, 2.99102, 1.38326],
							"inflate": -0.31563,
							"pivot": [0.71789, 21.7311, -20.30645],
							"rotation": [0, 0, -8.88136],
							"uv": {
								"north": {"uv": [55, 88], "uv_size": [2, 6]}
							}
						},
						{
							"origin": [-0.98555, 21.35854, -20.62308],
							"size": [1, 2.99102, 1.38326],
							"inflate": -0.31563,
							"pivot": [-0.30117, 21.67417, -20.30645],
							"rotation": [0, 0, 8.88136],
							"uv": {
								"north": {"uv": [57, 88], "uv_size": [2, 6]}
							}
						},
						{
							"origin": [-0.4738, 21.50154, -20.48107],
							"size": [1, 2.73365, 1.09925],
							"inflate": -0.17263,
							"uv": {
								"north": {"uv": [105, 70], "uv_size": [2, 5]}
							}
						}
					]
				},
				{
					"name": "bone43",
					"parent": "bone2",
					"pivot": [0, 2.25, -23.75],
					"rotation": [-22.16352, -45, 0],
					"cubes": [
						{
							"origin": [8.65841, 20.05953, -23.95175],
							"size": [1, 2.99102, 1.38326],
							"inflate": -0.31563,
							"pivot": [9.34278, 20.37516, -23.63512],
							"rotation": [0, 0, -8.88136],
							"uv": {
								"north": {"uv": [101, 46], "uv_size": [2, 6]}
							}
						},
						{
							"origin": [7.63934, 20.0026, -23.95175],
							"size": [1, 2.99102, 1.38326],
							"inflate": -0.31563,
							"pivot": [8.32371, 20.31823, -23.63512],
							"rotation": [0, 0, 8.88136],
							"uv": {
								"north": {"uv": [101, 52], "uv_size": [2, 6]}
							}
						},
						{
							"origin": [8.15108, 20.14561, -23.80975],
							"size": [1, 2.73365, 1.09925],
							"inflate": -0.17263,
							"uv": {
								"north": {"uv": [105, 76], "uv_size": [2, 5]}
							}
						}
					]
				},
				{
					"name": "bone44",
					"parent": "bone2",
					"pivot": [0, 2.25, -23.75],
					"rotation": [-22.16352, -90, 0],
					"cubes": [
						{
							"origin": [12.2156, 16.8, -31.95356],
							"size": [1, 2.99102, 1.38326],
							"inflate": -0.31563,
							"pivot": [12.89998, 17.11562, -31.63693],
							"rotation": [0, 0, -8.88136],
							"uv": {
								"north": {"uv": [101, 58], "uv_size": [2, 6]}
							}
						},
						{
							"origin": [11.19653, 16.74307, -31.95356],
							"size": [1, 2.99102, 1.38326],
							"inflate": -0.31563,
							"pivot": [11.88091, 17.05869, -31.63693],
							"rotation": [0, 0, 8.88136],
							"uv": {
								"north": {"uv": [101, 64], "uv_size": [2, 6]}
							}
						},
						{
							"origin": [11.70828, 16.88607, -31.81156],
							"size": [1, 2.73365, 1.09925],
							"inflate": -0.17263,
							"uv": {
								"north": {"uv": [105, 82], "uv_size": [2, 5]}
							}
						}
					]
				},
				{
					"name": "bone45",
					"parent": "bone2",
					"pivot": [0, 2.25, -23.75],
					"rotation": [-22.16352, -135, 0],
					"cubes": [
						{
							"origin": [8.62136, 13.54625, -39.94116],
							"size": [1, 2.99102, 1.38326],
							"inflate": -0.31563,
							"pivot": [9.30573, 13.86188, -39.62453],
							"rotation": [0, 0, -8.88136],
							"uv": {
								"north": {"uv": [101, 70], "uv_size": [2, 6]}
							}
						},
						{
							"origin": [7.60229, 13.48932, -39.94116],
							"size": [1, 2.99102, 1.38326],
							"inflate": -0.31563,
							"pivot": [8.28666, 13.80495, -39.62453],
							"rotation": [0, 0, 8.88136],
							"uv": {
								"north": {"uv": [101, 76], "uv_size": [2, 6]}
							}
						},
						{
							"origin": [8.11403, 13.63232, -39.79916],
							"size": [1, 2.73365, 1.09925],
							"inflate": -0.17263,
							"uv": {
								"north": {"uv": [105, 88], "uv_size": [2, 5]}
							}
						}
					]
				},
				{
					"name": "zhuti2",
					"parent": "Rockets",
					"pivot": [-0.0003, 1.48204, -30.42845]
				},
				{
					"name": "bone8",
					"parent": "zhuti2",
					"pivot": [-0.0003, 1.48204, -30.42845],
					"rotation": [-90, 0, 0]
				},
				{
					"name": "bone9",
					"parent": "bone8",
					"pivot": [-0.0003, 1.48204, -30.42845],
					"rotation": [-45.80958, 180, 0],
					"cubes": [
						{
							"origin": [-0.18104, -3.24942, -8.89808],
							"size": [0.85665, 1.30642, 0.95278],
							"inflate": -0.33332,
							"pivot": [0.34229, -2.9161, -8.56419],
							"rotation": [0, 0, -16.54154],
							"uv": {
								"north": {"uv": [109, 66], "uv_size": [2, 3]}
							}
						},
						{
							"origin": [-0.7364, -3.30352, -8.89808],
							"size": [0.85665, 1.30642, 0.95278],
							"inflate": -0.33332,
							"pivot": [-0.21306, -2.9702, -8.56419],
							"rotation": [0, 0, 16.54154],
							"uv": {
								"north": {"uv": [109, 70], "uv_size": [2, 3]}
							}
						},
						{
							"origin": [-0.38569, -3.14282, -8.73796],
							"size": [0.71846, 1.01266, 0.63253],
							"inflate": -0.17263,
							"uv": {
								"north": {"uv": [53, 102], "uv_size": [1, 2]}
							}
						}
					]
				},
				{
					"name": "bone55",
					"parent": "bone8",
					"pivot": [-0.0003, 1.48204, -30.42845],
					"rotation": [-45.80958, 135, 0],
					"cubes": [
						{
							"origin": [9.00278, -5.96149, -11.53458],
							"size": [0.85665, 1.30642, 0.95278],
							"inflate": -0.33332,
							"pivot": [9.52612, -5.62817, -11.20069],
							"rotation": [0, 0, -16.54154],
							"uv": {
								"north": {"uv": [87, 96], "uv_size": [2, 3]}
							}
						},
						{
							"origin": [8.44742, -6.01559, -11.53458],
							"size": [0.85665, 1.30642, 0.95278],
							"inflate": -0.33332,
							"pivot": [8.97076, -5.68227, -11.20069],
							"rotation": [0, 0, 16.54154],
							"uv": {
								"north": {"uv": [109, 74], "uv_size": [2, 3]}
							}
						},
						{
							"origin": [8.79813, -5.8549, -11.37446],
							"size": [0.71846, 1.01266, 0.63253],
							"inflate": -0.17263,
							"uv": {
								"north": {"uv": [55, 102], "uv_size": [1, 2]}
							}
						}
					]
				},
				{
					"name": "bone56",
					"parent": "bone8",
					"pivot": [-0.0003, 1.48204, -30.42845],
					"rotation": [-45.80958, 90, 0],
					"cubes": [
						{
							"origin": [12.82217, -12.53555, -17.92543],
							"size": [0.85665, 1.30642, 0.95278],
							"inflate": -0.33332,
							"pivot": [13.34551, -12.20223, -17.59155],
							"rotation": [0, 0, -16.54154],
							"uv": {
								"north": {"uv": [89, 96], "uv_size": [2, 3]}
							}
						},
						{
							"origin": [12.26681, -12.58965, -17.92543],
							"size": [0.85665, 1.30642, 0.95278],
							"inflate": -0.33332,
							"pivot": [12.79015, -12.25633, -17.59155],
							"rotation": [0, 0, 16.54154],
							"uv": {
								"north": {"uv": [109, 78], "uv_size": [2, 3]}
							}
						},
						{
							"origin": [12.61752, -12.42896, -17.76531],
							"size": [0.71846, 1.01266, 0.63253],
							"inflate": -0.17263,
							"uv": {
								"north": {"uv": [115, 42], "uv_size": [1, 2]}
							}
						}
					]
				},
				{
					"name": "bone57",
					"parent": "bone8",
					"pivot": [-0.0003, 1.48204, -30.42845],
					"rotation": [-45.80958, 45, 0],
					"cubes": [
						{
							"origin": [9.03978, -19.1206, -24.32697],
							"size": [0.85665, 1.30642, 0.95278],
							"inflate": -0.33332,
							"pivot": [9.56312, -18.78729, -23.99309],
							"rotation": [0, 0, -16.54154],
							"uv": {
								"north": {"uv": [93, 96], "uv_size": [2, 3]}
							}
						},
						{
							"origin": [8.48442, -19.1747, -24.32697],
							"size": [0.85665, 1.30642, 0.95278],
							"inflate": -0.33332,
							"pivot": [9.00776, -18.84138, -23.99309],
							"rotation": [0, 0, 16.54154],
							"uv": {
								"north": {"uv": [109, 82], "uv_size": [2, 3]}
							}
						},
						{
							"origin": [8.83513, -19.01401, -24.16685],
							"size": [0.71846, 1.01266, 0.63253],
							"inflate": -0.17263,
							"uv": {
								"north": {"uv": [57, 102], "uv_size": [1, 2]}
							}
						}
					]
				},
				{
					"name": "bone58",
					"parent": "bone8",
					"pivot": [-0.0003, 1.48204, -30.42845],
					"rotation": [-45.80958, 0, 0],
					"cubes": [
						{
							"origin": [-0.12871, -21.85921, -26.98926],
							"size": [0.85665, 1.30642, 0.95278],
							"inflate": -0.33332,
							"pivot": [0.39462, -21.52589, -26.65537],
							"rotation": [0, 0, -16.54154],
							"uv": {
								"north": {"uv": [109, 86], "uv_size": [2, 3]}
							}
						},
						{
							"origin": [-0.68407, -21.91331, -26.98926],
							"size": [0.85665, 1.30642, 0.95278],
							"inflate": -0.33332,
							"pivot": [-0.16074, -21.57999, -26.65537],
							"rotation": [0, 0, 16.54154],
							"uv": {
								"north": {"uv": [109, 90], "uv_size": [2, 3]}
							}
						},
						{
							"origin": [-0.33336, -21.75262, -26.82914],
							"size": [0.71846, 1.01266, 0.63253],
							"inflate": -0.17263,
							"uv": {
								"north": {"uv": [115, 44], "uv_size": [1, 2]}
							}
						}
					]
				},
				{
					"name": "bone59",
					"parent": "bone8",
					"pivot": [-0.0003, 1.48204, -30.42845],
					"rotation": [-45.80958, -45, 0],
					"cubes": [
						{
							"origin": [-9.31254, -19.14713, -24.35277],
							"size": [0.85665, 1.30642, 0.95278],
							"inflate": -0.33332,
							"pivot": [-8.7892, -18.81382, -24.01888],
							"rotation": [0, 0, -16.54154],
							"uv": {
								"north": {"uv": [109, 94], "uv_size": [2, 3]}
							}
						},
						{
							"origin": [-9.86789, -19.20123, -24.35277],
							"size": [0.85665, 1.30642, 0.95278],
							"inflate": -0.33332,
							"pivot": [-9.34456, -18.86792, -24.01888],
							"rotation": [0, 0, 16.54154],
							"uv": {
								"north": {"uv": [47, 98], "uv_size": [2, 3]}
							}
						},
						{
							"origin": [-9.51719, -19.04054, -24.19264],
							"size": [0.71846, 1.01266, 0.63253],
							"inflate": -0.17263,
							"uv": {
								"north": {"uv": [59, 102], "uv_size": [1, 2]}
							}
						}
					]
				},
				{
					"name": "bone60",
					"parent": "bone8",
					"pivot": [-0.0003, 1.48204, -30.42845],
					"rotation": [-45.80958, -90, 0],
					"cubes": [
						{
							"origin": [-13.13193, -12.57307, -17.96191],
							"size": [0.85665, 1.30642, 0.95278],
							"inflate": -0.33332,
							"pivot": [-12.60859, -12.23975, -17.62802],
							"rotation": [0, 0, -16.54154],
							"uv": {
								"north": {"uv": [111, 34], "uv_size": [2, 3]}
							}
						},
						{
							"origin": [-13.68728, -12.62717, -17.96191],
							"size": [0.85665, 1.30642, 0.95278],
							"inflate": -0.33332,
							"pivot": [-13.16395, -12.29385, -17.62802],
							"rotation": [0, 0, 16.54154],
							"uv": {
								"north": {"uv": [49, 98], "uv_size": [2, 3]}
							}
						},
						{
							"origin": [-13.33658, -12.46648, -17.80179],
							"size": [0.71846, 1.01266, 0.63253],
							"inflate": -0.17263,
							"uv": {
								"north": {"uv": [115, 46], "uv_size": [1, 2]}
							}
						}
					]
				},
				{
					"name": "bone61",
					"parent": "bone8",
					"pivot": [-0.0003, 1.48204, -30.42845],
					"rotation": [-45.80958, -135, 0],
					"cubes": [
						{
							"origin": [-9.34954, -5.98802, -11.56037],
							"size": [0.85665, 1.30642, 0.95278],
							"inflate": -0.33332,
							"pivot": [-8.8262, -5.6547, -11.22648],
							"rotation": [0, 0, -16.54154],
							"uv": {
								"north": {"uv": [51, 98], "uv_size": [2, 3]}
							}
						},
						{
							"origin": [-9.9049, -6.04212, -11.56037],
							"size": [0.85665, 1.30642, 0.95278],
							"inflate": -0.33332,
							"pivot": [-9.38156, -5.7088, -11.22648],
							"rotation": [0, 0, 16.54154],
							"uv": {
								"north": {"uv": [111, 38], "uv_size": [2, 3]}
							}
						},
						{
							"origin": [-9.55419, -5.88143, -11.40025],
							"size": [0.71846, 1.01266, 0.63253],
							"inflate": -0.17263,
							"uv": {
								"north": {"uv": [61, 102], "uv_size": [1, 2]}
							}
						}
					]
				},
				{
					"name": "bone62",
					"parent": "zhuti2",
					"pivot": [-0.0003, 1.96654, -35.41595],
					"rotation": [-90, 0, 0]
				},
				{
					"name": "bone63",
					"parent": "bone62",
					"pivot": [-0.0003, 1.96654, -35.41595],
					"rotation": [-0.77963, -45, 0],
					"cubes": [
						{
							"origin": [-8.92342, -16.92377, -45.44799],
							"size": [0.98075, 5.48165, 1.09888],
							"inflate": -0.47762,
							"pivot": [-8.42029, -16.44615, -44.9698],
							"rotation": [0, 0, -0.32292],
							"uv": {
								"north": {"uv": [95, 58], "uv_size": [2, 11]}
							}
						},
						{
							"origin": [-9.68645, -16.92392, -45.44799],
							"size": [0.98075, 5.48165, 1.09888],
							"inflate": -0.47762,
							"pivot": [-9.18331, -16.4463, -44.9698],
							"rotation": [0, 0, 0.32292],
							"uv": {
								"north": {"uv": [95, 70], "uv_size": [2, 11]}
							}
						},
						{
							"origin": [-9.53637, -16.79936, -45.324],
							"size": [1.44363, 5.2326, 0.8509],
							"inflate": -0.35306,
							"uv": {
								"north": {"uv": [75, 70], "uv_size": [3, 10]}
							}
						}
					]
				},
				{
					"name": "bone64",
					"parent": "bone62",
					"pivot": [-0.0003, 1.96654, -35.41595],
					"rotation": [-0.77963, 180, 0],
					"cubes": [
						{
							"origin": [-0.13561, -16.63336, -24.10662],
							"size": [0.98075, 5.48165, 1.09888],
							"inflate": -0.47762,
							"pivot": [0.36752, -16.15574, -23.62843],
							"rotation": [0, 0, -0.32292],
							"uv": {
								"north": {"uv": [95, 82], "uv_size": [2, 11]}
							}
						},
						{
							"origin": [-0.89863, -16.6335, -24.10662],
							"size": [0.98075, 5.48165, 1.09888],
							"inflate": -0.47762,
							"pivot": [-0.3955, -16.15588, -23.62843],
							"rotation": [0, 0, 0.32292],
							"uv": {
								"north": {"uv": [97, 34], "uv_size": [2, 11]}
							}
						},
						{
							"origin": [-0.74856, -16.50894, -23.98263],
							"size": [1.44363, 5.2326, 0.8509],
							"inflate": -0.35306,
							"uv": {
								"north": {"uv": [79, 70], "uv_size": [3, 10]}
							}
						}
					]
				},
				{
					"name": "bone65",
					"parent": "bone62",
					"pivot": [-0.0003, 1.96654, -35.41595],
					"rotation": [-0.77963, 135, 0],
					"cubes": [
						{
							"origin": [8.7051, -16.68289, -27.74632],
							"size": [0.98075, 5.48165, 1.09888],
							"inflate": -0.47762,
							"pivot": [9.20823, -16.20527, -27.26813],
							"rotation": [0, 0, -0.32292],
							"uv": {
								"north": {"uv": [97, 46], "uv_size": [2, 11]}
							}
						},
						{
							"origin": [7.94207, -16.68303, -27.74632],
							"size": [0.98075, 5.48165, 1.09888],
							"inflate": -0.47762,
							"pivot": [8.44521, -16.20541, -27.26813],
							"rotation": [0, 0, 0.32292],
							"uv": {
								"north": {"uv": [97, 58], "uv_size": [2, 11]}
							}
						},
						{
							"origin": [8.09215, -16.55847, -27.62233],
							"size": [1.44363, 5.2326, 0.8509],
							"inflate": -0.35306,
							"uv": {
								"north": {"uv": [83, 70], "uv_size": [3, 10]}
							}
						}
					]
				},
				{
					"name": "bone66",
					"parent": "bone62",
					"pivot": [-0.0003, 1.96654, -35.41595],
					"rotation": [-0.77963, 90, 0],
					"cubes": [
						{
							"origin": [12.38253, -16.80297, -36.57071],
							"size": [0.98075, 5.48165, 1.09888],
							"inflate": -0.47762,
							"pivot": [12.88566, -16.32535, -36.09252],
							"rotation": [0, 0, -0.32292],
							"uv": {
								"north": {"uv": [97, 70], "uv_size": [2, 11]}
							}
						},
						{
							"origin": [11.6195, -16.80312, -36.57071],
							"size": [0.98075, 5.48165, 1.09888],
							"inflate": -0.47762,
							"pivot": [12.12264, -16.32549, -36.09252],
							"rotation": [0, 0, 0.32292],
							"uv": {
								"north": {"uv": [87, 84], "uv_size": [2, 11]}
							}
						},
						{
							"origin": [11.76958, -16.67855, -36.44672],
							"size": [1.44363, 5.2326, 0.8509],
							"inflate": -0.35306,
							"uv": {
								"north": {"uv": [85, 34], "uv_size": [3, 10]}
							}
						}
					]
				},
				{
					"name": "bone67",
					"parent": "bone62",
					"pivot": [-0.0003, 1.96654, -35.41595],
					"rotation": [-0.77963, 45, 0],
					"cubes": [
						{
							"origin": [8.74249, -16.92326, -45.4106],
							"size": [0.98075, 5.48165, 1.09888],
							"inflate": -0.47762,
							"pivot": [9.24563, -16.44564, -44.93241],
							"rotation": [0, 0, -0.32292],
							"uv": {
								"north": {"uv": [89, 84], "uv_size": [2, 11]}
							}
						},
						{
							"origin": [7.97947, -16.92341, -45.4106],
							"size": [0.98075, 5.48165, 1.09888],
							"inflate": -0.47762,
							"pivot": [8.4826, -16.44579, -44.93241],
							"rotation": [0, 0, 0.32292],
							"uv": {
								"north": {"uv": [93, 84], "uv_size": [2, 11]}
							}
						},
						{
							"origin": [8.12954, -16.79885, -45.28661],
							"size": [1.44363, 5.2326, 0.8509],
							"inflate": -0.35306,
							"uv": {
								"north": {"uv": [85, 44], "uv_size": [3, 10]}
							}
						}
					]
				},
				{
					"name": "bone68",
					"parent": "bone62",
					"pivot": [-0.0003, 1.96654, -35.41595],
					"rotation": [-0.77963, 0, 0],
					"cubes": [
						{
							"origin": [-0.08272, -16.9733, -49.08769],
							"size": [0.98075, 5.48165, 1.09888],
							"inflate": -0.47762,
							"pivot": [0.42041, -16.49568, -48.6095],
							"rotation": [0, 0, -0.32292],
							"uv": {
								"north": {"uv": [97, 82], "uv_size": [2, 11]}
							}
						},
						{
							"origin": [-0.84574, -16.97345, -49.08769],
							"size": [0.98075, 5.48165, 1.09888],
							"inflate": -0.47762,
							"pivot": [-0.34261, -16.49582, -48.6095],
							"rotation": [0, 0, 0.32292],
							"uv": {
								"north": {"uv": [99, 34], "uv_size": [2, 11]}
							}
						},
						{
							"origin": [-0.69567, -16.84889, -48.9637],
							"size": [1.44363, 5.2326, 0.8509],
							"inflate": -0.35306,
							"uv": {
								"north": {"uv": [85, 54], "uv_size": [3, 10]}
							}
						}
					]
				},
				{
					"name": "bone69",
					"parent": "bone62",
					"pivot": [-0.0003, 1.96654, -35.41595],
					"rotation": [-0.77963, -90, 0],
					"cubes": [
						{
							"origin": [-12.60085, -16.80369, -36.6236],
							"size": [0.98075, 5.48165, 1.09888],
							"inflate": -0.47762,
							"pivot": [-12.09772, -16.32607, -36.14541],
							"rotation": [0, 0, -0.32292],
							"uv": {
								"north": {"uv": [99, 46], "uv_size": [2, 11]}
							}
						},
						{
							"origin": [-13.36388, -16.80384, -36.6236],
							"size": [0.98075, 5.48165, 1.09888],
							"inflate": -0.47762,
							"pivot": [-12.86074, -16.32621, -36.14541],
							"rotation": [0, 0, 0.32292],
							"uv": {
								"north": {"uv": [99, 58], "uv_size": [2, 11]}
							}
						},
						{
							"origin": [-13.2138, -16.67927, -36.49961],
							"size": [1.44363, 5.2326, 0.8509],
							"inflate": -0.35306,
							"uv": {
								"north": {"uv": [87, 64], "uv_size": [3, 10]}
							}
						}
					]
				},
				{
					"name": "bone70",
					"parent": "bone62",
					"pivot": [-0.0003, 1.96654, -35.41595],
					"rotation": [-0.77963, -135, 0],
					"cubes": [
						{
							"origin": [-8.96082, -16.6834, -27.78371],
							"size": [0.98075, 5.48165, 1.09888],
							"inflate": -0.47762,
							"pivot": [-8.45769, -16.20578, -27.30552],
							"rotation": [0, 0, -0.32292],
							"uv": {
								"north": {"uv": [99, 70], "uv_size": [2, 11]}
							}
						},
						{
							"origin": [-9.72384, -16.68354, -27.78371],
							"size": [0.98075, 5.48165, 1.09888],
							"inflate": -0.47762,
							"pivot": [-9.22071, -16.20592, -27.30552],
							"rotation": [0, 0, 0.32292],
							"uv": {
								"north": {"uv": [91, 86], "uv_size": [2, 11]}
							}
						},
						{
							"origin": [-9.57377, -16.55898, -27.65972],
							"size": [1.44363, 5.2326, 0.8509],
							"inflate": -0.35306,
							"uv": {
								"north": {"uv": [87, 74], "uv_size": [3, 10]}
							}
						}
					]
				},
				{
					"name": "bone71",
					"parent": "zhuti2",
					"pivot": [-0.0003, 1.90954, -36.41345],
					"rotation": [90, 0, 0]
				},
				{
					"name": "bone72",
					"parent": "bone71",
					"pivot": [-0.0003, 1.90954, -36.41345],
					"rotation": [-22.16352, 180, 0],
					"cubes": [
						{
							"origin": [-0.15832, 12.50703, -55.7528],
							"size": [0.84144, 1.97632, 1.0599],
							"inflate": -0.31563,
							"pivot": [0.36749, 12.82266, -55.43661],
							"rotation": [0, 0, -8.88136],
							"uv": {
								"north": {"uv": [107, 54], "uv_size": [2, 4]}
							}
						},
						{
							"origin": [-0.73919, 12.47458, -55.7528],
							"size": [0.84144, 1.97632, 1.0599],
							"inflate": -0.31563,
							"pivot": [-0.21337, 12.79021, -55.43661],
							"rotation": [0, 0, 8.88136],
							"uv": {
								"north": {"uv": [107, 58], "uv_size": [2, 4]}
							}
						},
						{
							"origin": [-0.386, 12.61758, -55.61037],
							"size": [0.71846, 1.70664, 0.77503],
							"inflate": -0.17263,
							"uv": {
								"north": {"uv": [111, 62], "uv_size": [1, 3]}
							}
						}
					]
				},
				{
					"name": "bone73",
					"parent": "bone71",
					"pivot": [-0.0003, 1.90954, -36.41345],
					"rotation": [-22.16352, 135, 0],
					"cubes": [
						{
							"origin": [-9.02385, 13.90065, -52.33161],
							"size": [0.84144, 1.97632, 1.0599],
							"inflate": -0.31563,
							"pivot": [-8.49804, 14.21628, -52.01541],
							"rotation": [0, 0, -8.88136],
							"uv": {
								"north": {"uv": [107, 62], "uv_size": [2, 4]}
							}
						},
						{
							"origin": [-9.60472, 13.8682, -52.33161],
							"size": [0.84144, 1.97632, 1.0599],
							"inflate": -0.31563,
							"pivot": [-9.07891, 14.18383, -52.01541],
							"rotation": [0, 0, 8.88136],
							"uv": {
								"north": {"uv": [107, 66], "uv_size": [2, 4]}
							}
						},
						{
							"origin": [-9.25153, 14.0112, -52.18917],
							"size": [0.71846, 1.70664, 0.77503],
							"inflate": -0.17263,
							"uv": {
								"north": {"uv": [111, 66], "uv_size": [1, 3]}
							}
						}
					]
				},
				{
					"name": "bone74",
					"parent": "bone71",
					"pivot": [-0.0003, 1.90954, -36.41345],
					"rotation": [-22.16352, 90, 0],
					"cubes": [
						{
							"origin": [-12.68056, 17.25103, -44.10678],
							"size": [0.84144, 1.97632, 1.0599],
							"inflate": -0.31563,
							"pivot": [-12.15475, 17.56666, -43.79058],
							"rotation": [0, 0, -8.88136],
							"uv": {
								"north": {"uv": [107, 70], "uv_size": [2, 4]}
							}
						},
						{
							"origin": [-13.26143, 17.21858, -44.10678],
							"size": [0.84144, 1.97632, 1.0599],
							"inflate": -0.31563,
							"pivot": [-12.73562, 17.53421, -43.79058],
							"rotation": [0, 0, 8.88136],
							"uv": {
								"north": {"uv": [107, 74], "uv_size": [2, 4]}
							}
						},
						{
							"origin": [-12.90825, 17.36159, -43.96435],
							"size": [0.71846, 1.70664, 0.77503],
							"inflate": -0.17263,
							"uv": {
								"north": {"uv": [111, 70], "uv_size": [1, 3]}
							}
						}
					]
				},
				{
					"name": "bone75",
					"parent": "bone71",
					"pivot": [-0.0003, 1.90954, -36.41345],
					"rotation": [-22.16352, 45, 0],
					"cubes": [
						{
							"origin": [-8.98641, 20.59557, -35.89631],
							"size": [0.84144, 1.97632, 1.0599],
							"inflate": -0.31563,
							"pivot": [-8.4606, 20.9112, -35.58012],
							"rotation": [0, 0, -8.88136],
							"uv": {
								"north": {"uv": [107, 78], "uv_size": [2, 4]}
							}
						},
						{
							"origin": [-9.56728, 20.56312, -35.89631],
							"size": [0.84144, 1.97632, 1.0599],
							"inflate": -0.31563,
							"pivot": [-9.04147, 20.87875, -35.58012],
							"rotation": [0, 0, 8.88136],
							"uv": {
								"north": {"uv": [95, 94], "uv_size": [2, 4]}
							}
						},
						{
							"origin": [-9.21409, 20.70612, -35.75388],
							"size": [0.71846, 1.70664, 0.77503],
							"inflate": -0.17263,
							"uv": {
								"north": {"uv": [111, 74], "uv_size": [1, 3]}
							}
						}
					]
				},
				{
					"name": "bone76",
					"parent": "bone71",
					"pivot": [-0.0003, 1.90954, -36.41345],
					"rotation": [-22.16352, 0, 0],
					"cubes": [
						{
							"origin": [-0.10537, 21.97507, -32.50979],
							"size": [0.84144, 1.97632, 1.0599],
							"inflate": -0.31563,
							"pivot": [0.42044, 22.2907, -32.19359],
							"rotation": [0, 0, -8.88136],
							"uv": {
								"north": {"uv": [107, 82], "uv_size": [2, 4]}
							}
						},
						{
							"origin": [-0.68624, 21.94262, -32.50979],
							"size": [0.84144, 1.97632, 1.0599],
							"inflate": -0.31563,
							"pivot": [-0.16043, 22.25825, -32.19359],
							"rotation": [0, 0, 8.88136],
							"uv": {
								"north": {"uv": [97, 94], "uv_size": [2, 4]}
							}
						},
						{
							"origin": [-0.33305, 22.08562, -32.36736],
							"size": [0.71846, 1.70664, 0.77503],
							"inflate": -0.17263,
							"uv": {
								"north": {"uv": [91, 98], "uv_size": [1, 3]}
							}
						}
					]
				},
				{
					"name": "bone77",
					"parent": "bone71",
					"pivot": [-0.0003, 1.90954, -36.41345],
					"rotation": [-22.16352, -45, 0],
					"cubes": [
						{
							"origin": [8.76016, 20.58144, -35.93099],
							"size": [0.84144, 1.97632, 1.0599],
							"inflate": -0.31563,
							"pivot": [9.28597, 20.89707, -35.61479],
							"rotation": [0, 0, -8.88136],
							"uv": {
								"north": {"uv": [107, 86], "uv_size": [2, 4]}
							}
						},
						{
							"origin": [8.17929, 20.54899, -35.93099],
							"size": [0.84144, 1.97632, 1.0599],
							"inflate": -0.31563,
							"pivot": [8.7051, 20.86462, -35.61479],
							"rotation": [0, 0, 8.88136],
							"uv": {
								"north": {"uv": [101, 94], "uv_size": [2, 4]}
							}
						},
						{
							"origin": [8.53248, 20.692, -35.78856],
							"size": [0.71846, 1.70664, 0.77503],
							"inflate": -0.17263,
							"uv": {
								"north": {"uv": [111, 78], "uv_size": [1, 3]}
							}
						}
					]
				},
				{
					"name": "bone78",
					"parent": "bone71",
					"pivot": [-0.0003, 1.90954, -36.41345],
					"rotation": [-22.16352, -90, 0],
					"cubes": [
						{
							"origin": [12.41688, 17.23106, -44.15582],
							"size": [0.84144, 1.97632, 1.0599],
							"inflate": -0.31563,
							"pivot": [12.94269, 17.54669, -43.83962],
							"rotation": [0, 0, -8.88136],
							"uv": {
								"north": {"uv": [103, 94], "uv_size": [2, 4]}
							}
						},
						{
							"origin": [11.83601, 17.19861, -44.15582],
							"size": [0.84144, 1.97632, 1.0599],
							"inflate": -0.31563,
							"pivot": [12.36182, 17.51424, -43.83962],
							"rotation": [0, 0, 8.88136],
							"uv": {
								"north": {"uv": [107, 90], "uv_size": [2, 4]}
							}
						},
						{
							"origin": [12.18919, 17.34161, -44.01338],
							"size": [0.71846, 1.70664, 0.77503],
							"inflate": -0.17263,
							"uv": {
								"north": {"uv": [95, 98], "uv_size": [1, 3]}
							}
						}
					]
				},
				{
					"name": "bone79",
					"parent": "bone71",
					"pivot": [-0.0003, 1.90954, -36.41345],
					"rotation": [-22.16352, -135, 0],
					"cubes": [
						{
							"origin": [8.72272, 13.88653, -52.36628],
							"size": [0.84144, 1.97632, 1.0599],
							"inflate": -0.31563,
							"pivot": [9.24853, 14.20216, -52.05008],
							"rotation": [0, 0, -8.88136],
							"uv": {
								"north": {"uv": [105, 94], "uv_size": [2, 4]}
							}
						},
						{
							"origin": [8.14185, 13.85408, -52.36628],
							"size": [0.84144, 1.97632, 1.0599],
							"inflate": -0.31563,
							"pivot": [8.66766, 14.16971, -52.05008],
							"rotation": [0, 0, 8.88136],
							"uv": {
								"north": {"uv": [107, 94], "uv_size": [2, 4]}
							}
						},
						{
							"origin": [8.49504, 13.99708, -52.22385],
							"size": [0.71846, 1.70664, 0.77503],
							"inflate": -0.17263,
							"uv": {
								"north": {"uv": [111, 82], "uv_size": [1, 3]}
							}
						}
					]
				},
				{
					"name": "bone10",
					"parent": "Rockets",
					"pivot": [0, 1.45934, -10.10078],
					"cubes": [
						{
							"origin": [-0.08424, 13.55092, -28.50887],
							"size": [0.22215, 1.81844, 0.40994],
							"pivot": [0.02684, 14.46014, -28.3039],
							"rotation": [0, 0, -90],
							"uv": {
								"east": {"uv": [53, 98], "uv_size": [1, 4]},
								"south": {"uv": [55, 98], "uv_size": [1, 4]},
								"west": {"uv": [111, 42], "uv_size": [1, 4]}
							}
						},
						{
							"origin": [-0.08424, 13.55092, -28.50887],
							"size": [0.22215, 1.81844, 0.40994],
							"pivot": [0.02684, 14.46014, -28.3039],
							"rotation": [0, 0, -135],
							"uv": {
								"east": {"uv": [57, 98], "uv_size": [1, 4]},
								"south": {"uv": [59, 98], "uv_size": [1, 4]},
								"west": {"uv": [111, 46], "uv_size": [1, 4]}
							}
						},
						{
							"origin": [-0.08424, 13.55092, -28.50887],
							"size": [0.22215, 1.81844, 0.40994],
							"pivot": [0.02684, 14.46014, -28.3039],
							"rotation": [0, 0, -180],
							"uv": {
								"east": {"uv": [61, 98], "uv_size": [1, 4]},
								"south": {"uv": [63, 98], "uv_size": [1, 4]},
								"west": {"uv": [111, 50], "uv_size": [1, 4]}
							}
						},
						{
							"origin": [-0.08424, 13.55092, -28.50887],
							"size": [0.22215, 1.81844, 0.40994],
							"pivot": [0.02684, 14.46014, -28.3039],
							"rotation": [0, 0, 135],
							"uv": {
								"east": {"uv": [65, 98], "uv_size": [1, 4]},
								"south": {"uv": [111, 54], "uv_size": [1, 4]},
								"west": {"uv": [111, 58], "uv_size": [1, 4]}
							}
						},
						{
							"origin": [-0.29141, 13.69136, -29.30078],
							"size": [0.63649, 1.53595, 1.2],
							"pivot": [0.02684, 14.45934, -28.70078],
							"rotation": [0, 0, 90],
							"uv": {
								"north": {"uv": [97, 98], "uv_size": [1, 3]},
								"south": {"uv": [111, 86], "uv_size": [1, 3]},
								"up": {"uv": [95, 102], "uv_size": [1, 2]},
								"down": {"uv": [115, 84], "uv_size": [1, -2]}
							}
						},
						{
							"origin": [-0.29141, 13.69136, -29.30078],
							"size": [0.63649, 1.53595, 1.2],
							"pivot": [0.02684, 14.45934, -28.70078],
							"rotation": [0, 0, 45],
							"uv": {
								"north": {"uv": [101, 98], "uv_size": [1, 3]},
								"south": {"uv": [103, 98], "uv_size": [1, 3]},
								"up": {"uv": [97, 102], "uv_size": [1, 2]},
								"down": {"uv": [115, 86], "uv_size": [1, -2]}
							}
						},
						{
							"origin": [-0.29141, 13.69136, -29.30078],
							"size": [0.63649, 1.53595, 1.2],
							"uv": {
								"north": {"uv": [111, 90], "uv_size": [1, 3]},
								"south": {"uv": [105, 98], "uv_size": [1, 3]},
								"up": {"uv": [115, 86], "uv_size": [1, 2]},
								"down": {"uv": [101, 104], "uv_size": [1, -2]}
							}
						},
						{
							"origin": [-0.29141, 13.69136, -29.30078],
							"size": [0.63649, 1.53595, 1.2],
							"pivot": [0.02684, 14.45934, -28.70078],
							"rotation": [0, 0, -45],
							"uv": {
								"north": {"uv": [107, 98], "uv_size": [1, 3]},
								"south": {"uv": [111, 94], "uv_size": [1, 3]},
								"up": {"uv": [115, 88], "uv_size": [1, 2]},
								"down": {"uv": [103, 104], "uv_size": [1, -2]}
							}
						}
					]
				},
				{
					"name": "bone11",
					"parent": "bone10",
					"pivot": [0, 1.45934, -9.61702],
					"cubes": [
						{
							"origin": [-0.08423, 15.3408, -28.74717],
							"size": [0.22215, 0.30156, 0.40994],
							"pivot": [0.36213, 15.21821, -28.54764],
							"rotation": [-45, 0, 0],
							"uv": {
								"north": {"uv": [117, 56], "uv_size": [1, 1]},
								"east": {"uv": [71, 104], "uv_size": [1, 1]},
								"west": {"uv": [117, 58], "uv_size": [1, 1]},
								"up": {"uv": [73, 104], "uv_size": [1, 1]}
							}
						},
						{
							"origin": [-0.08423, 15.14486, -29.19714],
							"size": [0.22215, 0.40156, 0.98416],
							"pivot": [0.36213, 15.21821, -28.54764],
							"rotation": [25.75, 0, 0],
							"uv": {
								"north": {"uv": [117, 60], "uv_size": [1, 1]},
								"east": {"uv": [115, 48], "uv_size": [2, 1]},
								"west": {"uv": [63, 102], "uv_size": [2, 1]},
								"up": {"uv": [115, 50], "uv_size": [1, 2]}
							}
						}
					]
				},
				{
					"name": "bone12",
					"parent": "bone10",
					"pivot": [0, 1.45934, -9.61702],
					"rotation": [0, 0, -45],
					"cubes": [
						{
							"origin": [9.1003, 11.51421, -28.74717],
							"size": [0.22215, 0.30156, 0.40994],
							"pivot": [9.54666, 11.39162, -28.54764],
							"rotation": [-45, 0, 0],
							"uv": {
								"north": {"uv": [75, 104], "uv_size": [1, 1]},
								"east": {"uv": [117, 62], "uv_size": [1, 1]},
								"west": {"uv": [77, 104], "uv_size": [1, 1]},
								"up": {"uv": [117, 64], "uv_size": [1, 1]}
							}
						},
						{
							"origin": [9.1003, 11.31827, -29.19714],
							"size": [0.22215, 0.40156, 0.98416],
							"pivot": [9.54666, 11.39162, -28.54764],
							"rotation": [25.75, 0, 0],
							"uv": {
								"north": {"uv": [79, 104], "uv_size": [1, 1]},
								"east": {"uv": [65, 102], "uv_size": [2, 1]},
								"west": {"uv": [115, 52], "uv_size": [2, 1]},
								"up": {"uv": [67, 102], "uv_size": [1, 2]}
							}
						}
					]
				},
				{
					"name": "bone81",
					"parent": "bone10",
					"pivot": [0, 1.45934, -9.61702],
					"rotation": [0, 0, -90],
					"cubes": [
						{
							"origin": [12.88893, 2.31396, -28.74717],
							"size": [0.22215, 0.30156, 0.40994],
							"pivot": [13.33529, 2.19137, -28.54764],
							"rotation": [-45, 0, 0],
							"uv": {
								"north": {"uv": [117, 66], "uv_size": [1, 1]},
								"east": {"uv": [81, 104], "uv_size": [1, 1]},
								"west": {"uv": [117, 68], "uv_size": [1, 1]},
								"up": {"uv": [83, 104], "uv_size": [1, 1]}
							}
						},
						{
							"origin": [12.88893, 2.11802, -29.19714],
							"size": [0.22215, 0.40156, 0.98416],
							"pivot": [13.33529, 2.19137, -28.54764],
							"rotation": [25.75, 0, 0],
							"uv": {
								"north": {"uv": [117, 70], "uv_size": [1, 1]},
								"east": {"uv": [115, 54], "uv_size": [2, 1]},
								"west": {"uv": [69, 102], "uv_size": [2, 1]},
								"up": {"uv": [115, 56], "uv_size": [1, 2]}
							}
						}
					]
				},
				{
					"name": "bone82",
					"parent": "bone10",
					"pivot": [0, 1.45934, -9.61702],
					"rotation": [0, 0, -135],
					"cubes": [
						{
							"origin": [9.06234, -6.87057, -28.74717],
							"size": [0.22215, 0.30156, 0.40994],
							"pivot": [9.5087, -6.99316, -28.54764],
							"rotation": [-45, 0, 0],
							"uv": {
								"north": {"uv": [85, 104], "uv_size": [1, 1]},
								"east": {"uv": [117, 72], "uv_size": [1, 1]},
								"west": {"uv": [87, 104], "uv_size": [1, 1]},
								"up": {"uv": [117, 74], "uv_size": [1, 1]}
							}
						},
						{
							"origin": [9.06234, -7.06651, -29.19714],
							"size": [0.22215, 0.40156, 0.98416],
							"pivot": [9.5087, -6.99316, -28.54764],
							"rotation": [25.75, 0, 0],
							"uv": {
								"north": {"uv": [89, 104], "uv_size": [1, 1]},
								"east": {"uv": [71, 102], "uv_size": [2, 1]},
								"west": {"uv": [115, 58], "uv_size": [2, 1]},
								"up": {"uv": [73, 102], "uv_size": [1, 2]}
							}
						}
					]
				},
				{
					"name": "bone83",
					"parent": "bone10",
					"pivot": [0, 1.45934, -9.61702],
					"rotation": [0, 0, -180],
					"cubes": [
						{
							"origin": [-0.13791, -10.6592, -28.74717],
							"size": [0.22215, 0.30156, 0.40994],
							"pivot": [0.30845, -10.78179, -28.54764],
							"rotation": [-45, 0, 0],
							"uv": {
								"north": {"uv": [117, 76], "uv_size": [1, 1]},
								"east": {"uv": [91, 104], "uv_size": [1, 1]},
								"west": {"uv": [117, 78], "uv_size": [1, 1]},
								"up": {"uv": [93, 104], "uv_size": [1, 1]}
							}
						},
						{
							"origin": [-0.13791, -10.85514, -29.19714],
							"size": [0.22215, 0.40156, 0.98416],
							"pivot": [0.30845, -10.78179, -28.54764],
							"rotation": [25.75, 0, 0],
							"uv": {
								"north": {"uv": [117, 80], "uv_size": [1, 1]},
								"east": {"uv": [115, 60], "uv_size": [2, 1]},
								"west": {"uv": [115, 62], "uv_size": [2, 1]},
								"up": {"uv": [115, 64], "uv_size": [1, 2]}
							}
						}
					]
				},
				{
					"name": "bone84",
					"parent": "bone10",
					"pivot": [0, 1.45934, -9.61702],
					"rotation": [0, 0, 135],
					"cubes": [
						{
							"origin": [-9.32243, -6.83261, -28.74717],
							"size": [0.22215, 0.30156, 0.40994],
							"pivot": [-8.87607, -6.9552, -28.54764],
							"rotation": [-45, 0, 0],
							"uv": {
								"north": {"uv": [95, 104], "uv_size": [1, 1]},
								"east": {"uv": [117, 82], "uv_size": [1, 1]},
								"west": {"uv": [97, 104], "uv_size": [1, 1]},
								"up": {"uv": [117, 84], "uv_size": [1, 1]}
							}
						},
						{
							"origin": [-9.32243, -7.02855, -29.19714],
							"size": [0.22215, 0.40156, 0.98416],
							"pivot": [-8.87607, -6.9552, -28.54764],
							"rotation": [25.75, 0, 0],
							"uv": {
								"north": {"uv": [99, 104], "uv_size": [1, 1]},
								"east": {"uv": [115, 66], "uv_size": [2, 1]},
								"west": {"uv": [115, 68], "uv_size": [2, 1]},
								"up": {"uv": [115, 70], "uv_size": [1, 2]}
							}
						}
					]
				},
				{
					"name": "bone85",
					"parent": "bone10",
					"pivot": [0, 1.45934, -9.61702],
					"rotation": [0, 0, 90],
					"cubes": [
						{
							"origin": [-13.11107, 2.36764, -28.74717],
							"size": [0.22215, 0.30156, 0.40994],
							"pivot": [-12.66471, 2.24505, -28.54764],
							"rotation": [-45, 0, 0],
							"uv": {
								"north": {"uv": [117, 86], "uv_size": [1, 1]},
								"east": {"uv": [101, 104], "uv_size": [1, 1]},
								"west": {"uv": [117, 88], "uv_size": [1, 1]},
								"up": {"uv": [103, 104], "uv_size": [1, 1]}
							}
						},
						{
							"origin": [-13.11107, 2.1717, -29.19714],
							"size": [0.22215, 0.40156, 0.98416],
							"pivot": [-12.66471, 2.24505, -28.54764],
							"rotation": [25.75, 0, 0],
							"uv": {
								"north": {"uv": [117, 90], "uv_size": [1, 1]},
								"east": {"uv": [115, 72], "uv_size": [2, 1]},
								"west": {"uv": [115, 74], "uv_size": [2, 1]},
								"up": {"uv": [115, 76], "uv_size": [1, 2]}
							}
						}
					]
				},
				{
					"name": "bone86",
					"parent": "bone10",
					"pivot": [0, 1.45934, -9.61702],
					"rotation": [0, 0, 45],
					"cubes": [
						{
							"origin": [-9.28448, 11.55217, -28.74717],
							"size": [0.22215, 0.30156, 0.40994],
							"pivot": [-8.83812, 11.42958, -28.54764],
							"rotation": [-45, 0, 0],
							"uv": {
								"north": {"uv": [105, 104], "uv_size": [1, 1]},
								"east": {"uv": [117, 92], "uv_size": [1, 1]},
								"west": {"uv": [107, 104], "uv_size": [1, 1]},
								"up": {"uv": [117, 94], "uv_size": [1, 1]}
							}
						},
						{
							"origin": [-9.28448, 11.35623, -29.19714],
							"size": [0.22215, 0.40156, 0.98416],
							"pivot": [-8.83812, 11.42958, -28.54764],
							"rotation": [25.75, 0, 0],
							"uv": {
								"north": {"uv": [109, 104], "uv_size": [1, 1]},
								"east": {"uv": [91, 102], "uv_size": [2, 1]},
								"west": {"uv": [115, 78], "uv_size": [2, 1]},
								"up": {"uv": [115, 80], "uv_size": [1, 2]}
							}
						}
					]
				},
				{
					"name": "bone13",
					"parent": "Rockets",
					"pivot": [-0.00215, 1.45263, -5.16668],
					"cubes": [
						{
							"origin": [-0.23997, 13.81609, -32.27402],
							"size": [0.53362, 1.2865, 20.87752],
							"pivot": [0.02684, 14.45934, -21.83526],
							"rotation": [0, 0, 90],
							"uv": {
								"south": {"uv": [109, 98], "uv_size": [1, 3]},
								"up": {"uv": [59, 52], "uv_size": [1, 42]},
								"down": {"uv": [61, 94], "uv_size": [1, -42]}
							}
						},
						{
							"origin": [-0.23997, 13.81609, -32.27402],
							"size": [0.53362, 1.2865, 20.87752],
							"pivot": [0.02684, 14.45934, -21.83526],
							"rotation": [0, 0, 45],
							"uv": {
								"south": {"uv": [111, 98], "uv_size": [1, 3]},
								"up": {"uv": [63, 52], "uv_size": [1, 42]},
								"down": {"uv": [65, 94], "uv_size": [1, -42]}
							}
						},
						{
							"origin": [-0.23997, 13.81609, -32.27402],
							"size": [0.53362, 1.2865, 20.87752],
							"uv": {
								"south": {"uv": [113, 34], "uv_size": [1, 3]},
								"up": {"uv": [67, 34], "uv_size": [1, 42]},
								"down": {"uv": [69, 76], "uv_size": [1, -42]}
							}
						},
						{
							"origin": [-0.23997, 13.81609, -32.27402],
							"size": [0.53362, 1.2865, 20.87752],
							"pivot": [0.02684, 14.45934, -21.83526],
							"rotation": [0, 0, -45],
							"uv": {
								"south": {"uv": [113, 38], "uv_size": [1, 3]},
								"up": {"uv": [71, 34], "uv_size": [1, 42]},
								"down": {"uv": [73, 76], "uv_size": [1, -42]}
							}
						}
					]
				},
				{
					"name": "bone14",
					"parent": "Rockets",
					"pivot": [0.02684, 1.45934, -25.41104],
					"cubes": [
						{
							"origin": [-0.30123, 13.669, -43.11249],
							"size": [0.65614, 1.58068, 11.70915],
							"pivot": [0.02684, 14.45934, -42.50791],
							"rotation": [0, 0, 90],
							"uv": {
								"north": {"uv": [113, 42], "uv_size": [1, 3]},
								"south": {"uv": [113, 46], "uv_size": [1, 3]},
								"up": {"uv": [93, 60], "uv_size": [1, 23]},
								"down": {"uv": [75, 103], "uv_size": [1, -23]}
							}
						},
						{
							"origin": [-0.30123, 13.669, -43.11249],
							"size": [0.65614, 1.58068, 11.70915],
							"pivot": [0.02684, 14.45934, -42.50791],
							"rotation": [0, 0, 45],
							"uv": {
								"north": {"uv": [113, 50], "uv_size": [1, 3]},
								"south": {"uv": [113, 54], "uv_size": [1, 3]},
								"up": {"uv": [77, 80], "uv_size": [1, 23]},
								"down": {"uv": [79, 103], "uv_size": [1, -23]}
							}
						},
						{
							"origin": [-0.30123, 13.669, -43.11249],
							"size": [0.65614, 1.58068, 11.70915],
							"uv": {
								"north": {"uv": [113, 58], "uv_size": [1, 3]},
								"south": {"uv": [113, 62], "uv_size": [1, 3]},
								"up": {"uv": [81, 80], "uv_size": [1, 23]},
								"down": {"uv": [83, 103], "uv_size": [1, -23]}
							}
						},
						{
							"origin": [-0.30123, 13.669, -43.11249],
							"size": [0.65614, 1.58068, 11.70915],
							"pivot": [0.02684, 14.45934, -42.50791],
							"rotation": [0, 0, -45],
							"uv": {
								"north": {"uv": [113, 66], "uv_size": [1, 3]},
								"south": {"uv": [113, 70], "uv_size": [1, 3]},
								"up": {"uv": [85, 80], "uv_size": [1, 23]},
								"down": {"uv": [95, 57], "uv_size": [1, -23]}
							}
						}
					]
				},
				{
					"name": "bone15",
					"parent": "Rockets",
					"pivot": [0.02684, 1.45934, -25.2801],
					"cubes": [
						{
							"origin": [-0.2283, 13.84316, -43.85902],
							"size": [0.51038, 1.23226, 1.104],
							"pivot": [0.02689, 14.45934, -53.44906],
							"rotation": [0, 0, 90],
							"uv": {
								"north": {"uv": [115, 90], "uv_size": [1, 2]},
								"up": {"uv": [105, 102], "uv_size": [1, 2]},
								"down": {"uv": [115, 94], "uv_size": [1, -2]}
							}
						},
						{
							"origin": [-0.22835, 13.84321, -43.85902],
							"size": [0.51038, 1.23226, 1.104],
							"pivot": [0.02684, 14.45934, -43.30702],
							"rotation": [0, 0, 135],
							"uv": {
								"north": {"uv": [107, 102], "uv_size": [1, 2]},
								"up": {"uv": [115, 94], "uv_size": [1, 2]},
								"down": {"uv": [109, 104], "uv_size": [1, -2]}
							}
						},
						{
							"origin": [-0.22835, 13.84321, -43.85902],
							"size": [0.51038, 1.23226, 1.104],
							"pivot": [0.02684, 14.45934, -43.30702],
							"rotation": [0, 0, -180],
							"uv": {
								"north": {"uv": [115, 96], "uv_size": [1, 2]},
								"up": {"uv": [111, 102], "uv_size": [1, 2]},
								"down": {"uv": [115, 100], "uv_size": [1, -2]}
							}
						},
						{
							"origin": [-0.22835, 13.84321, -43.85902],
							"size": [0.51038, 1.23226, 1.104],
							"pivot": [0.02684, 14.45934, -43.30702],
							"rotation": [0, 0, -135],
							"uv": {
								"north": {"uv": [113, 102], "uv_size": [1, 2]},
								"up": {"uv": [115, 100], "uv_size": [1, 2]},
								"down": {"uv": [115, 104], "uv_size": [1, -2]}
							}
						}
					]
				},
				{
					"name": "bone16",
					"parent": "Rockets",
					"pivot": [0, 1.45934, -26.07856],
					"cubes": [
						{
							"origin": [-0.2055, 13.89216, -55.69496],
							"size": [0.46835, 1.13437, 13.154],
							"pivot": [0.02867, 14.45935, -45.74296],
							"rotation": [0, 0, -90],
							"uv": {
								"north": {"uv": [117, 34], "uv_size": [1, 2]},
								"up": {"uv": [89, 34], "uv_size": [1, 26]},
								"down": {"uv": [67, 102], "uv_size": [1, -26]}
							}
						},
						{
							"origin": [-0.2055, 13.89216, -55.69496],
							"size": [0.46835, 1.13437, 13.154],
							"pivot": [0.02867, 14.45935, -45.74296],
							"rotation": [0, 0, -135],
							"uv": {
								"north": {"uv": [117, 36], "uv_size": [1, 2]},
								"up": {"uv": [69, 76], "uv_size": [1, 26]},
								"down": {"uv": [71, 102], "uv_size": [1, -26]}
							}
						},
						{
							"origin": [-0.2055, 13.89216, -55.69496],
							"size": [0.46835, 1.13437, 13.154],
							"pivot": [0.02867, 14.45935, -45.74296],
							"rotation": [0, 0, -180],
							"uv": {
								"north": {"uv": [117, 38], "uv_size": [1, 2]},
								"up": {"uv": [73, 76], "uv_size": [1, 26]},
								"down": {"uv": [91, 60], "uv_size": [1, -26]}
							}
						},
						{
							"origin": [-0.2055, 13.89216, -55.69496],
							"size": [0.46835, 1.13437, 13.154],
							"pivot": [0.02867, 14.45935, -45.74296],
							"rotation": [0, 0, 135],
							"uv": {
								"north": {"uv": [53, 104], "uv_size": [1, 2]},
								"up": {"uv": [91, 60], "uv_size": [1, 26]},
								"down": {"uv": [93, 60], "uv_size": [1, -26]}
							}
						}
					]
				},
				{
					"name": "bone17",
					"parent": "Rockets",
					"pivot": [0.00184, 1.45935, -35.24296],
					"cubes": [
						{
							"origin": [-0.25234, 13.77872, -56.03536],
							"size": [0.56202, 1.36124, 1.0848],
							"pivot": [0.02867, 14.45935, -44.09296],
							"rotation": [0, 0, -90],
							"uv": {
								"north": {"uv": [87, 100], "uv_size": [1, 3]},
								"south": {"uv": [113, 74], "uv_size": [1, 3]},
								"up": {"uv": [117, 40], "uv_size": [1, 2]},
								"down": {"uv": [55, 106], "uv_size": [1, -2]}
							}
						},
						{
							"origin": [-0.25234, 13.77872, -56.03536],
							"size": [0.56202, 1.36124, 1.0848],
							"pivot": [0.02867, 14.45935, -44.09296],
							"rotation": [0, 0, -135],
							"uv": {
								"north": {"uv": [89, 100], "uv_size": [1, 3]},
								"south": {"uv": [113, 78], "uv_size": [1, 3]},
								"up": {"uv": [117, 42], "uv_size": [1, 2]},
								"down": {"uv": [57, 106], "uv_size": [1, -2]}
							}
						},
						{
							"origin": [-0.25234, 13.77872, -56.03536],
							"size": [0.56202, 1.36124, 1.0848],
							"pivot": [0.02867, 14.45935, -44.09296],
							"rotation": [0, 0, -180],
							"uv": {
								"north": {"uv": [93, 100], "uv_size": [1, 3]},
								"south": {"uv": [113, 82], "uv_size": [1, 3]},
								"up": {"uv": [117, 44], "uv_size": [1, 2]},
								"down": {"uv": [59, 106], "uv_size": [1, -2]}
							}
						},
						{
							"origin": [-0.25234, 13.77872, -56.03536],
							"size": [0.56202, 1.36124, 1.0848],
							"pivot": [0.02867, 14.45935, -44.09296],
							"rotation": [0, 0, 135],
							"uv": {
								"north": {"uv": [99, 100], "uv_size": [1, 3]},
								"south": {"uv": [113, 86], "uv_size": [1, 3]},
								"up": {"uv": [117, 46], "uv_size": [1, 2]},
								"down": {"uv": [61, 106], "uv_size": [1, -2]}
							}
						}
					]
				},
				{
					"name": "bone80",
					"parent": "Rockets",
					"pivot": [0.00184, 1.45935, -33.74296],
					"cubes": [
						{
							"origin": [-0.25234, 13.77872, -54.68536],
							"size": [0.56202, 1.36124, 5.9348],
							"pivot": [0.02867, 14.45935, -42.59296],
							"rotation": [0, 0, -90],
							"uv": {
								"north": {"uv": [113, 90], "uv_size": [1, 3]},
								"south": {"uv": [113, 94], "uv_size": [1, 3]},
								"up": {"uv": [101, 82], "uv_size": [1, 12]},
								"down": {"uv": [99, 100], "uv_size": [1, -12]}
							}
						},
						{
							"origin": [-0.25234, 13.77872, -54.68536],
							"size": [0.56202, 1.36124, 5.9348],
							"pivot": [0.02867, 14.45935, -42.59296],
							"rotation": [0, 0, -135],
							"uv": {
								"north": {"uv": [113, 98], "uv_size": [1, 3]},
								"south": {"uv": [47, 102], "uv_size": [1, 3]},
								"up": {"uv": [103, 34], "uv_size": [1, 12]},
								"down": {"uv": [103, 58], "uv_size": [1, -12]}
							}
						},
						{
							"origin": [-0.25234, 13.77872, -54.68536],
							"size": [0.56202, 1.36124, 5.9348],
							"pivot": [0.02867, 14.45935, -42.59296],
							"rotation": [0, 0, -180],
							"uv": {
								"north": {"uv": [115, 34], "uv_size": [1, 3]},
								"south": {"uv": [49, 102], "uv_size": [1, 3]},
								"up": {"uv": [103, 58], "uv_size": [1, 12]},
								"down": {"uv": [103, 82], "uv_size": [1, -12]}
							}
						},
						{
							"origin": [-0.25234, 13.77872, -54.68536],
							"size": [0.56202, 1.36124, 5.9348],
							"pivot": [0.02867, 14.45935, -42.59296],
							"rotation": [0, 0, 135],
							"uv": {
								"north": {"uv": [51, 102], "uv_size": [1, 3]},
								"south": {"uv": [115, 38], "uv_size": [1, 3]},
								"up": {"uv": [103, 82], "uv_size": [1, 12]},
								"down": {"uv": [105, 46], "uv_size": [1, -12]}
							}
						}
					]
				},
				{
					"name": "bone87",
					"parent": "Rockets",
					"pivot": [0.00184, 1.45935, -30.76546],
					"cubes": [
						{
							"origin": [-0.22424, 13.84679, -47.36362],
							"size": [0.50582, 1.22512, 0.24132],
							"pivot": [0.02867, 14.45935, -40.53046],
							"rotation": [0, 0, -90],
							"uv": {
								"north": {"uv": [117, 48], "uv_size": [1, 2]},
								"south": {"uv": [63, 104], "uv_size": [1, 2]},
								"up": {"uv": [117, 96], "uv_size": [1, 1]},
								"down": {"uv": [111, 105], "uv_size": [1, -1]}
							}
						},
						{
							"origin": [-0.22424, 13.84679, -47.36362],
							"size": [0.50582, 1.22512, 0.24132],
							"pivot": [0.02867, 14.45935, -40.53046],
							"rotation": [0, 0, -135],
							"uv": {
								"north": {"uv": [117, 50], "uv_size": [1, 2]},
								"south": {"uv": [65, 104], "uv_size": [1, 2]},
								"up": {"uv": [117, 98], "uv_size": [1, 1]},
								"down": {"uv": [113, 105], "uv_size": [1, -1]}
							}
						},
						{
							"origin": [-0.22424, 13.84679, -47.36362],
							"size": [0.50582, 1.22512, 0.24132],
							"pivot": [0.02867, 14.45935, -40.53046],
							"rotation": [0, 0, -180],
							"uv": {
								"north": {"uv": [117, 52], "uv_size": [1, 2]},
								"south": {"uv": [67, 104], "uv_size": [1, 2]},
								"up": {"uv": [117, 100], "uv_size": [1, 1]},
								"down": {"uv": [115, 105], "uv_size": [1, -1]}
							}
						},
						{
							"origin": [-0.22424, 13.84679, -47.36362],
							"size": [0.50582, 1.22512, 0.24132],
							"pivot": [0.02867, 14.45935, -40.53046],
							"rotation": [0, 0, 135],
							"uv": {
								"north": {"uv": [117, 54], "uv_size": [1, 2]},
								"south": {"uv": [69, 104], "uv_size": [1, 2]},
								"up": {"uv": [117, 102], "uv_size": [1, 1]},
								"down": {"uv": [117, 105], "uv_size": [1, -1]}
							}
						}
					]
				}
			]
		}
	]
}