{
	"format_version": "1.12.0",
	"minecraft:geometry": [
		{
			"description": {
				"identifier": "geometry.ru_6b47",
				"texture_width": 64,
				"texture_height": 64,
				"visible_bounds_width": 3,
				"visible_bounds_height": 4.5,
				"visible_bounds_offset": [0, 1.75, 0]
			},
			"bones": [
				{
					"name": "bipedHead",
					"pivot": [0, 24, 0]
				},
				{
					"name": "armorHead",
					"parent": "bipedHead",
					"pivot": [0, 24, 0]
				},
				{
					"name": "bone",
					"parent": "armorHead",
					"pivot": [0, 29.75, 0],
					"rotation": [0, 180, 0],
					"cubes": [
						{
							"origin": [4, 25.74217, -1.14233],
							"size": [0.5, 1, 5.55],
							"pivot": [5, 26.24217, 1.85767],
							"rotation": [-67.5, 0, 0],
							"uv": {
								"north": {"uv": [5, 39], "uv_size": [0.5, 1]},
								"east": {"uv": [31, 25], "uv_size": [5.5, 1]},
								"south": {"uv": [6, 39], "uv_size": [0.5, 1]},
								"west": {"uv": [31, 26], "uv_size": [5.5, 1]},
								"up": {"uv": [13, 34], "uv_size": [0.5, 5.5]},
								"down": {"uv": [28, 39.5], "uv_size": [0.5, -5.5]}
							}
						},
						{
							"origin": [-4.5, 25.74217, -1.14233],
							"size": [0.5, 1, 5.55],
							"pivot": [-5, 26.24217, 1.85767],
							"rotation": [-67.5, 0, 0],
							"uv": {
								"north": {"uv": [39, 16], "uv_size": [0.5, 1]},
								"east": {"uv": [31, 27], "uv_size": [5.5, 1]},
								"south": {"uv": [17, 39], "uv_size": [0.5, 1]},
								"west": {"uv": [31, 28], "uv_size": [5.5, 1]},
								"up": {"uv": [19, 35], "uv_size": [0.5, 5.5]},
								"down": {"uv": [2, 41.5], "uv_size": [0.5, -5.5]}
							}
						},
						{
							"origin": [-0.7, 22.27762, 0.29273],
							"size": [0.4, 1, 9],
							"pivot": [-1.5, 22.77762, 3.29273],
							"rotation": [-90, 22.5, -90],
							"uv": {
								"north": {"uv": [39, 17], "uv_size": [0.5, 1]},
								"east": {"uv": [27, 9], "uv_size": [9, 1]},
								"south": {"uv": [18, 39], "uv_size": [0.5, 1]},
								"west": {"uv": [27, 13], "uv_size": [9, 1]},
								"up": {"uv": [11, 34], "uv_size": [0.5, 9]},
								"down": {"uv": [12, 43], "uv_size": [0.5, -9]}
							}
						},
						{
							"origin": [3.5, 27.5, -4.5],
							"size": [2, 3, 5],
							"uv": {
								"north": {"uv": [24, 30], "uv_size": [2, 3]},
								"east": {"uv": [10, 22], "uv_size": [5, 3]},
								"south": {"uv": [31, 22], "uv_size": [2, 3]},
								"west": {"uv": [15, 23], "uv_size": [5, 3]},
								"up": {"uv": [22, 25], "uv_size": [2, 5]},
								"down": {"uv": [24, 30], "uv_size": [2, -5]}
							}
						},
						{
							"origin": [3.5, 28.34253, 0.66433],
							"size": [2, 1.7, 0.6],
							"pivot": [5, 29.84253, -1.23567],
							"rotation": [-22.5, 0, 0],
							"uv": {
								"north": {"uv": [17, 35], "uv_size": [2, 1.5]},
								"east": {"uv": [38, 34], "uv_size": [0.5, 1.5]},
								"south": {"uv": [35, 18], "uv_size": [2, 1.5]},
								"west": {"uv": [38, 36], "uv_size": [0.5, 1.5]},
								"up": {"uv": [38, 21], "uv_size": [2, 0.5]},
								"down": {"uv": [38, 22.5], "uv_size": [2, -0.5]}
							}
						},
						{
							"origin": [-5.5, 28.34253, 0.66433],
							"size": [2, 1.7, 0.6],
							"pivot": [-5, 29.84253, -1.23567],
							"rotation": [-22.5, 0, 0],
							"uv": {
								"north": {"uv": [35, 20], "uv_size": [2, 1.5]},
								"east": {"uv": [38, 38], "uv_size": [0.5, 1.5]},
								"south": {"uv": [35, 30], "uv_size": [2, 1.5]},
								"west": {"uv": [39, 0], "uv_size": [0.5, 1.5]},
								"up": {"uv": [38, 23], "uv_size": [2, 0.5]},
								"down": {"uv": [24, 38.5], "uv_size": [2, -0.5]}
							}
						},
						{
							"origin": [-5.5, 27.5, -4.5],
							"size": [2, 3, 5],
							"uv": {
								"north": {"uv": [30, 6], "uv_size": [2, 3]},
								"east": {"uv": [0, 22], "uv_size": [5, 3]},
								"south": {"uv": [13, 30], "uv_size": [2, 3]},
								"west": {"uv": [5, 22], "uv_size": [5, 3]},
								"up": {"uv": [13, 25], "uv_size": [2, 5]},
								"down": {"uv": [20, 30], "uv_size": [2, -5]}
							}
						},
						{
							"origin": [-5.5, 29, 0.5],
							"size": [2, 1.5, 4],
							"uv": {
								"north": {"uv": [35, 5], "uv_size": [2, 1.5]},
								"east": {"uv": [31, 18], "uv_size": [4, 1.5]},
								"south": {"uv": [15, 35], "uv_size": [2, 1.5]},
								"west": {"uv": [31, 20], "uv_size": [4, 1.5]},
								"up": {"uv": [29, 22], "uv_size": [2, 4]},
								"down": {"uv": [29, 30], "uv_size": [2, -4]}
							}
						},
						{
							"origin": [3.5, 29, 0.5],
							"size": [2, 1.5, 4],
							"uv": {
								"north": {"uv": [26, 34], "uv_size": [2, 1.5]},
								"east": {"uv": [20, 30], "uv_size": [4, 1.5]},
								"south": {"uv": [35, 3], "uv_size": [2, 1.5]},
								"west": {"uv": [29, 30], "uv_size": [4, 1.5]},
								"up": {"uv": [27, 18], "uv_size": [2, 4]},
								"down": {"uv": [29, 22], "uv_size": [2, -4]}
							}
						},
						{
							"origin": [-4.5, 27.5, -5.5],
							"size": [9, 3, 2],
							"uv": {
								"north": {"uv": [0, 14], "uv_size": [9, 3]},
								"east": {"uv": [30, 0], "uv_size": [2, 3]},
								"south": {"uv": [9, 14], "uv_size": [9, 3]},
								"west": {"uv": [30, 3], "uv_size": [2, 3]},
								"up": {"uv": [18, 19], "uv_size": [9, 2]},
								"down": {"uv": [0, 22], "uv_size": [9, -2]}
							}
						},
						{
							"origin": [-5.35355, 27.5, -5.14645],
							"size": [1.41421, 3, 1],
							"pivot": [-4.64645, 29.75, -4.64645],
							"rotation": [0, 45, 0],
							"uv": {
								"north": {"uv": [29, 33], "uv_size": [1.5, 3]},
								"south": {"uv": [31, 33], "uv_size": [1.5, 3]},
								"up": {"uv": [16, 13], "uv_size": [1.5, 1]},
								"down": {"uv": [15, 23], "uv_size": [1.5, -1]}
							}
						},
						{
							"origin": [3.93934, 27.5, -5.14645],
							"size": [1.41421, 3, 1],
							"pivot": [4.64645, 29.75, -4.64645],
							"rotation": [0, -45, 0],
							"uv": {
								"north": {"uv": [33, 33], "uv_size": [1.5, 3]},
								"south": {"uv": [34, 0], "uv_size": [1.5, 3]},
								"up": {"uv": [27, 22], "uv_size": [1.5, 1]},
								"down": {"uv": [33, 25], "uv_size": [1.5, -1]}
							}
						},
						{
							"origin": [3.93934, 29, 4.14645],
							"size": [1.41421, 1.5, 1],
							"pivot": [4.64645, 29.75, 4.64645],
							"rotation": [0, 45, 0],
							"uv": {
								"north": {"uv": [37, 17], "uv_size": [1.5, 1.5]},
								"south": {"uv": [37, 19], "uv_size": [1.5, 1.5]},
								"up": {"uv": [35, 24], "uv_size": [1.5, 1]},
								"down": {"uv": [36, 30], "uv_size": [1.5, -1]}
							}
						},
						{
							"origin": [-5.35355, 29, 4.14645],
							"size": [1.41421, 1.5, 1],
							"pivot": [-4.64645, 29.75, 4.64645],
							"rotation": [0, -45, 0],
							"uv": {
								"north": {"uv": [15, 37], "uv_size": [1.5, 1.5]},
								"south": {"uv": [17, 37], "uv_size": [1.5, 1.5]},
								"up": {"uv": [34, 12], "uv_size": [1.5, 1]},
								"down": {"uv": [35, 8], "uv_size": [1.5, -1]}
							}
						},
						{
							"origin": [-4.5, 29, 3.5],
							"size": [9, 1.5, 2],
							"uv": {
								"north": {"uv": [20, 23], "uv_size": [9, 1.5]},
								"east": {"uv": [33, 30], "uv_size": [2, 1.5]},
								"south": {"uv": [0, 25], "uv_size": [9, 1.5]},
								"west": {"uv": [34, 10], "uv_size": [2, 1.5]},
								"up": {"uv": [9, 20], "uv_size": [9, 2]},
								"down": {"uv": [18, 23], "uv_size": [9, -2]}
							}
						}
					]
				},
				{
					"name": "bone2",
					"parent": "bone",
					"pivot": [-0.5, 33, -0.02513],
					"cubes": [
						{
							"origin": [5.81751, 29.38154, -0.45355],
							"size": [1, 2.6, 0.7],
							"pivot": [0, 31.64663, 0],
							"rotation": [163.2692, -43.76124, -168.25487],
							"uv": {
								"north": {"uv": [36, 15], "uv_size": [1, 2.5]},
								"east": {"uv": [20, 37], "uv_size": [0.5, 2.5]},
								"south": {"uv": [26, 36], "uv_size": [1, 2.5]},
								"west": {"uv": [21, 37], "uv_size": [0.5, 2.5]},
								"up": {"uv": [39, 6], "uv_size": [1, 0.5]},
								"down": {"uv": [7, 39.5], "uv_size": [1, -0.5]}
							}
						},
						{
							"origin": [-6.81751, 29.38154, -0.45355],
							"size": [1, 2.6, 0.7],
							"pivot": [0, 31.64663, 0],
							"rotation": [163.2692, 43.76124, 168.25487],
							"uv": {
								"north": {"uv": [27, 36], "uv_size": [1, 2.5]},
								"east": {"uv": [22, 37], "uv_size": [0.5, 2.5]},
								"south": {"uv": [29, 36], "uv_size": [1, 2.5]},
								"west": {"uv": [23, 37], "uv_size": [0.5, 2.5]},
								"up": {"uv": [39, 7], "uv_size": [1, 0.5]},
								"down": {"uv": [8, 39.5], "uv_size": [1, -0.5]}
							}
						},
						{
							"origin": [-6.81751, 29.38154, -0.24645],
							"size": [1, 2.6, 0.7],
							"pivot": [0, 31.64663, 0],
							"rotation": [-163.2692, -43.76124, 168.25487],
							"uv": {
								"north": {"uv": [32, 36], "uv_size": [1, 2.5]},
								"east": {"uv": [37, 33], "uv_size": [0.5, 2.5]},
								"south": {"uv": [33, 36], "uv_size": [1, 2.5]},
								"west": {"uv": [37, 36], "uv_size": [0.5, 2.5]},
								"up": {"uv": [39, 9], "uv_size": [1, 0.5]},
								"down": {"uv": [10, 39.5], "uv_size": [1, -0.5]}
							}
						},
						{
							"origin": [5.81751, 29.38154, -0.24645],
							"size": [1, 2.6, 0.7],
							"pivot": [0, 31.64663, 0],
							"rotation": [-163.2692, 43.76124, -168.25487],
							"uv": {
								"north": {"uv": [30, 36], "uv_size": [1, 2.5]},
								"east": {"uv": [37, 24], "uv_size": [0.5, 2.5]},
								"south": {"uv": [31, 36], "uv_size": [1, 2.5]},
								"west": {"uv": [37, 30], "uv_size": [0.5, 2.5]},
								"up": {"uv": [39, 8], "uv_size": [1, 0.5]},
								"down": {"uv": [9, 39.5], "uv_size": [1, -0.5]}
							}
						},
						{
							"origin": [5.81751, 29.38154, -0.24645],
							"size": [1, 2.6, 0.7],
							"pivot": [0, 31.64663, 0],
							"rotation": [0, 45, -12],
							"uv": {
								"north": {"uv": [37, 11], "uv_size": [1, 2.5]},
								"east": {"uv": [38, 12], "uv_size": [0.5, 2.5]},
								"south": {"uv": [37, 14], "uv_size": [1, 2.5]},
								"west": {"uv": [14, 38], "uv_size": [0.5, 2.5]},
								"up": {"uv": [39, 15], "uv_size": [1, 0.5]},
								"down": {"uv": [16, 39.5], "uv_size": [1, -0.5]}
							}
						},
						{
							"origin": [-6.81751, 29.38154, -0.24645],
							"size": [1, 2.6, 0.7],
							"pivot": [0, 31.64663, 0],
							"rotation": [-180, 45, 168],
							"uv": {
								"north": {"uv": [37, 5], "uv_size": [1, 2.5]},
								"east": {"uv": [38, 6], "uv_size": [0.5, 2.5]},
								"south": {"uv": [37, 8], "uv_size": [1, 2.5]},
								"west": {"uv": [38, 9], "uv_size": [0.5, 2.5]},
								"up": {"uv": [39, 14], "uv_size": [1, 0.5]},
								"down": {"uv": [15, 39.5], "uv_size": [1, -0.5]}
							}
						},
						{
							"origin": [5.81751, 29.38154, -0.45355],
							"size": [1, 2.6, 0.7],
							"pivot": [0, 31.64663, 0],
							"rotation": [180, 45, -168],
							"uv": {
								"north": {"uv": [36, 36], "uv_size": [1, 2.5]},
								"east": {"uv": [1, 38], "uv_size": [0.5, 2.5]},
								"south": {"uv": [37, 2], "uv_size": [1, 2.5]},
								"west": {"uv": [38, 3], "uv_size": [0.5, 2.5]},
								"up": {"uv": [39, 12], "uv_size": [1, 0.5]},
								"down": {"uv": [39, 13.5], "uv_size": [1, -0.5]}
							}
						},
						{
							"origin": [-6.81751, 29.38154, -0.45355],
							"size": [1, 2.6, 0.7],
							"pivot": [0, 31.64663, 0],
							"rotation": [0, 45, 12],
							"uv": {
								"north": {"uv": [34, 36], "uv_size": [1, 2.5]},
								"east": {"uv": [0, 38], "uv_size": [0.5, 2.5]},
								"south": {"uv": [35, 36], "uv_size": [1, 2.5]},
								"west": {"uv": [38, 0], "uv_size": [0.5, 2.5]},
								"up": {"uv": [39, 10], "uv_size": [1, 0.5]},
								"down": {"uv": [39, 11.5], "uv_size": [1, -0.5]}
							}
						},
						{
							"origin": [-5.24064, 30.36764, -4.5],
							"size": [1, 2.6, 9],
							"pivot": [-4.74064, 31.66764, 0],
							"rotation": [0, 0, 12],
							"uv": {
								"north": {"uv": [3, 36], "uv_size": [1, 2.5]},
								"east": {"uv": [16, 10], "uv_size": [9, 2.5]},
								"south": {"uv": [4, 36], "uv_size": [1, 2.5]},
								"west": {"uv": [0, 17], "uv_size": [9, 2.5]},
								"up": {"uv": [15, 26], "uv_size": [1, 9]},
								"down": {"uv": [16, 35], "uv_size": [1, -9]}
							}
						},
						{
							"origin": [-5.34064, 29.86764, -2.5],
							"size": [1.1, 1, 5],
							"pivot": [-4.74064, 31.66764, 0],
							"rotation": [0, 0, 12],
							"uv": {
								"north": {"uv": [38, 24], "uv_size": [1, 1]},
								"east": {"uv": [31, 29], "uv_size": [5, 1]},
								"south": {"uv": [38, 25], "uv_size": [1, 1]},
								"west": {"uv": [32, 8], "uv_size": [5, 1]},
								"up": {"uv": [20, 32], "uv_size": [1, 5]},
								"down": {"uv": [21, 37], "uv_size": [1, -5]}
							}
						},
						{
							"origin": [4.24064, 29.86764, -2.5],
							"size": [1.1, 1, 5],
							"pivot": [4.74064, 31.66764, 0],
							"rotation": [0, 0, -12],
							"uv": {
								"north": {"uv": [38, 26], "uv_size": [1, 1]},
								"east": {"uv": [29, 32], "uv_size": [5, 1]},
								"south": {"uv": [38, 27], "uv_size": [1, 1]},
								"west": {"uv": [9, 33], "uv_size": [5, 1]},
								"up": {"uv": [22, 32], "uv_size": [1, 5]},
								"down": {"uv": [23, 37], "uv_size": [1, -5]}
							}
						},
						{
							"origin": [4.1959, 29.87582, -2.5],
							"size": [1.1, 1, 5],
							"pivot": [0, 31.38459, 0],
							"rotation": [-90, 78, -90],
							"uv": {
								"north": {"uv": [38, 28], "uv_size": [1, 1]},
								"east": {"uv": [33, 22], "uv_size": [5, 1]},
								"south": {"uv": [38, 29], "uv_size": [1, 1]},
								"west": {"uv": [33, 23], "uv_size": [5, 1]},
								"up": {"uv": [14, 33], "uv_size": [1, 5]},
								"down": {"uv": [24, 38], "uv_size": [1, -5]}
							}
						},
						{
							"origin": [4.24064, 30.36764, -4.5],
							"size": [1, 2.6, 9],
							"pivot": [4.74064, 31.66764, 0],
							"rotation": [0, 0, -12],
							"uv": {
								"north": {"uv": [5, 36], "uv_size": [1, 2.5]},
								"east": {"uv": [9, 17], "uv_size": [9, 2.5]},
								"south": {"uv": [6, 36], "uv_size": [1, 2.5]},
								"west": {"uv": [18, 0], "uv_size": [9, 2.5]},
								"up": {"uv": [0, 27], "uv_size": [1, 9]},
								"down": {"uv": [27, 9], "uv_size": [1, -9]}
							}
						},
						{
							"origin": [4.13705, 29.382, -4.5],
							"size": [1, 2.6, 9],
							"pivot": [0, 31.66764, 0],
							"rotation": [90, -78, -90],
							"uv": {
								"north": {"uv": [36, 9], "uv_size": [1, 2.5]},
								"east": {"uv": [18, 13], "uv_size": [9, 2.5]},
								"south": {"uv": [36, 12], "uv_size": [1, 2.5]},
								"west": {"uv": [18, 16], "uv_size": [9, 2.5]},
								"up": {"uv": [3, 27], "uv_size": [1, 9]},
								"down": {"uv": [4, 36], "uv_size": [1, -9]}
							}
						},
						{
							"origin": [5.13705, 28.882, -4],
							"size": [1.25, 3.35, 8],
							"pivot": [0, 31.66764, 0],
							"rotation": [90, -78, -90],
							"uv": {
								"north": {"uv": [32, 0], "uv_size": [1.5, 3.5]},
								"east": {"uv": [0, 10], "uv_size": [8, 3.5]},
								"south": {"uv": [32, 4], "uv_size": [1.5, 3.5]},
								"west": {"uv": [8, 10], "uv_size": [8, 3.5]},
								"up": {"uv": [9, 25], "uv_size": [1.5, 8]},
								"down": {"uv": [11, 33], "uv_size": [1.5, -8]}
							}
						},
						{
							"origin": [3.05064, 31.06366, 5.54193],
							"size": [2.15, 1.45, 0.2],
							"pivot": [4.37564, 32.53866, 5.59193],
							"rotation": [157.27611, -57.43704, -160.5588],
							"uv": {
								"north": {"uv": [35, 32], "uv_size": [2, 1.5]},
								"east": {"uv": [39, 2], "uv_size": [0.5, 1.5]},
								"south": {"uv": [35, 34], "uv_size": [2, 1.5]},
								"west": {"uv": [3, 39], "uv_size": [0.5, 1.5]},
								"up": {"uv": [38, 30], "uv_size": [2, 0.5]},
								"down": {"uv": [38, 31.5], "uv_size": [2, -0.5]}
							}
						},
						{
							"origin": [-5.20064, 31.06366, 5.54193],
							"size": [2.15, 1.45, 0.2],
							"pivot": [-4.37564, 32.53866, 5.59193],
							"rotation": [157.27611, 57.43704, 160.5588],
							"uv": {
								"north": {"uv": [0, 36], "uv_size": [2, 1.5]},
								"east": {"uv": [4, 39], "uv_size": [0.5, 1.5]},
								"south": {"uv": [36, 0], "uv_size": [2, 1.5]},
								"west": {"uv": [39, 4], "uv_size": [0.5, 1.5]},
								"up": {"uv": [38, 32], "uv_size": [2, 0.5]},
								"down": {"uv": [38, 33.5], "uv_size": [2, -0.5]}
							}
						},
						{
							"origin": [-5.13705, 29.382, -4.5],
							"size": [1, 2.6, 9],
							"pivot": [0, 31.66764, 0],
							"rotation": [-90, -78, 90],
							"uv": {
								"north": {"uv": [7, 36], "uv_size": [1, 2.5]},
								"east": {"uv": [18, 3], "uv_size": [9, 2.5]},
								"south": {"uv": [8, 36], "uv_size": [1, 2.5]},
								"west": {"uv": [18, 6], "uv_size": [9, 2.5]},
								"up": {"uv": [1, 27], "uv_size": [1, 9]},
								"down": {"uv": [2, 36], "uv_size": [1, -9]}
							}
						},
						{
							"origin": [-4.60622, 28.84914, -4.3],
							"size": [1, 1, 8.6],
							"pivot": [0.27983, 31.37252, 0],
							"rotation": [0, 0, 45],
							"uv": {
								"north": {"uv": [17, 22], "uv_size": [1, 1]},
								"east": {"uv": [27, 14], "uv_size": [8.5, 1]},
								"south": {"uv": [34, 32], "uv_size": [1, 1]},
								"west": {"uv": [27, 15], "uv_size": [8.5, 1]},
								"up": {"uv": [27, 25], "uv_size": [1, 8.5]},
								"down": {"uv": [28, 8.5], "uv_size": [1, -8.5]}
							}
						},
						{
							"origin": [3.60622, 28.84914, -4.3],
							"size": [1, 1, 8.6],
							"pivot": [-0.27983, 31.37252, 0],
							"rotation": [0, 0, -45],
							"uv": {
								"north": {"uv": [36, 2], "uv_size": [1, 1]},
								"east": {"uv": [27, 16], "uv_size": [8.5, 1]},
								"south": {"uv": [37, 21], "uv_size": [1, 1]},
								"west": {"uv": [27, 17], "uv_size": [8.5, 1]},
								"up": {"uv": [28, 25], "uv_size": [1, 8.5]},
								"down": {"uv": [29, 8.5], "uv_size": [1, -8.5]}
							}
						},
						{
							"origin": [2.38233, 29.66085, -4.32391],
							"size": [1, 1, 9],
							"pivot": [0, 33.04318, 0.17609],
							"rotation": [90, -45, -90],
							"uv": {
								"north": {"uv": [38, 15], "uv_size": [1, 1]},
								"east": {"uv": [25, 11], "uv_size": [9, 1]},
								"south": {"uv": [38, 16], "uv_size": [1, 1]},
								"west": {"uv": [25, 12], "uv_size": [9, 1]},
								"up": {"uv": [19, 26], "uv_size": [1, 9]},
								"down": {"uv": [26, 34], "uv_size": [1, -9]}
							}
						},
						{
							"origin": [-0.5, 32.84471, -0.8269],
							"size": [1, 4.32422, 9],
							"pivot": [0, 33.34471, 3.6731],
							"rotation": [90, -10, -90],
							"uv": {
								"north": {"uv": [25, 33], "uv_size": [1, 4.5]},
								"east": {"uv": [0, 0], "uv_size": [9, 4.5]},
								"south": {"uv": [34, 3], "uv_size": [1, 4.5]},
								"west": {"uv": [0, 5], "uv_size": [9, 4.5]},
								"up": {"uv": [5, 27], "uv_size": [1, 9]},
								"down": {"uv": [6, 36], "uv_size": [1, -9]}
							}
						},
						{
							"origin": [-0.5, 32.84471, -8.1731],
							"size": [1, 4.32422, 9],
							"pivot": [0, 33.34471, -3.6731],
							"rotation": [-90, 10, -90],
							"uv": {
								"north": {"uv": [9, 34], "uv_size": [1, 4.5]},
								"east": {"uv": [9, 0], "uv_size": [9, 4.5]},
								"south": {"uv": [10, 34], "uv_size": [1, 4.5]},
								"west": {"uv": [9, 5], "uv_size": [9, 4.5]},
								"up": {"uv": [7, 27], "uv_size": [1, 9]},
								"down": {"uv": [8, 36], "uv_size": [1, -9]}
							}
						},
						{
							"origin": [-3.38233, 29.66085, -4.67609],
							"size": [1, 1, 9],
							"pivot": [0, 33.04318, -0.17609],
							"rotation": [-90, -45, 90],
							"uv": {
								"north": {"uv": [37, 27], "uv_size": [1, 1]},
								"east": {"uv": [18, 9], "uv_size": [9, 1]},
								"south": {"uv": [37, 28], "uv_size": [1, 1]},
								"west": {"uv": [25, 10], "uv_size": [9, 1]},
								"up": {"uv": [17, 26], "uv_size": [1, 9]},
								"down": {"uv": [18, 35], "uv_size": [1, -9]}
							}
						}
					]
				},
				{
					"name": "bipedBody",
					"pivot": [0, 24, 0]
				},
				{
					"name": "armorBody",
					"parent": "bipedBody",
					"pivot": [0, 24, 0]
				},
				{
					"name": "bipedLeftArm",
					"pivot": [-4, 22, 0]
				},
				{
					"name": "armorLeftArm",
					"parent": "bipedLeftArm",
					"pivot": [-4, 22, 0]
				},
				{
					"name": "bipedRightArm",
					"pivot": [4, 22, 0]
				},
				{
					"name": "armorRightArm",
					"parent": "bipedRightArm",
					"pivot": [4, 22, 0]
				},
				{
					"name": "bipedLeftLeg",
					"pivot": [-2, 12, 0]
				},
				{
					"name": "armorLeftLeg",
					"parent": "bipedLeftLeg",
					"pivot": [-2, 12, 0]
				},
				{
					"name": "armorLeftBoot",
					"parent": "bipedLeftLeg",
					"pivot": [-2, 12, 0]
				},
				{
					"name": "bipedRightLeg",
					"pivot": [2, 12, 0]
				},
				{
					"name": "armorRightLeg",
					"parent": "bipedRightLeg",
					"pivot": [2, 12, 0]
				},
				{
					"name": "armorRightBoot",
					"parent": "bipedRightLeg",
					"pivot": [2, 12, 0]
				}
			]
		}
	]
}