{
	"format_version": "1.12.0",
	"minecraft:geometry": [
		{
			"description": {
				"identifier": "geometry.unknown",
				"texture_width": 32,
				"texture_height": 32,
				"visible_bounds_width": 2,
				"visible_bounds_height": 1.5,
				"visible_bounds_offset": [0, 0.25, 0]
			},
			"bones": [
				{
					"name": "root",
					"pivot": [0, 0, 0]
				},
				{
					"name": "cover2",
					"parent": "root",
					"pivot": [0, -1, 0],
					"cubes": [
						{
							"origin": [-1.5, 0, -0.62],
							"size": [3, 4, 1.24],
							"uv": {
								"east": {"uv": [0, 0], "uv_size": [1, 4]},
								"west": {"uv": [1, 0], "uv_size": [1, 4]},
								"up": {"uv": [6, 8], "uv_size": [3, 1]},
								"down": {"uv": [9, 1], "uv_size": [3, -1]}
							}
						},
						{
							"origin": [-1.5, 0, -0.62],
							"size": [3, 4, 1.24],
							"pivot": [0, -1, 0],
							"rotation": [0, 45, 0],
							"uv": {
								"east": {"uv": [2, 0], "uv_size": [1, 4]},
								"west": {"uv": [3, 0], "uv_size": [1, 4]},
								"up": {"uv": [9, 1], "uv_size": [3, 1]},
								"down": {"uv": [9, 3], "uv_size": [3, -1]}
							}
						},
						{
							"origin": [-1.5, 0, -0.62],
							"size": [3, 4, 1.24],
							"pivot": [0, -1, 0],
							"rotation": [0, 90, 0],
							"uv": {
								"east": {"uv": [0, 4], "uv_size": [1, 4]},
								"west": {"uv": [4, 0], "uv_size": [1, 4]},
								"up": {"uv": [9, 3], "uv_size": [3, 1]},
								"down": {"uv": [9, 5], "uv_size": [3, -1]}
							}
						},
						{
							"origin": [-1.5, 0, -0.62],
							"size": [3, 4, 1.24],
							"pivot": [0, -1, 0],
							"rotation": [0, 135, 0],
							"uv": {
								"east": {"uv": [1, 4], "uv_size": [1, 4]},
								"west": {"uv": [2, 4], "uv_size": [1, 4]},
								"up": {"uv": [9, 5], "uv_size": [3, 1]},
								"down": {"uv": [6, 10], "uv_size": [3, -1]}
							}
						}
					]
				},
				{
					"name": "main",
					"parent": "root",
					"pivot": [0, 3.9, 0.10355],
					"cubes": [
						{
							"origin": [-1.02, 0, -0.4216],
							"size": [2.04, 3.25, 0.8432],
							"uv": {
								"east": {"uv": [3, 4], "uv_size": [1, 3.5]},
								"west": {"uv": [4, 4], "uv_size": [1, 3.5]},
								"up": {"uv": [6, 12], "uv_size": [2, 1]}
							}
						},
						{
							"origin": [-1.02, 0, -0.4216],
							"size": [2.04, 3.25, 0.8432],
							"pivot": [0, 1.5, 0],
							"rotation": [0, 45, 0],
							"uv": {
								"east": {"uv": [5, 0], "uv_size": [1, 3.5]},
								"west": {"uv": [5, 4], "uv_size": [1, 3.5]},
								"up": {"uv": [12, 6], "uv_size": [2, 1]}
							}
						},
						{
							"origin": [-1.02, 0, -0.4216],
							"size": [2.04, 3.25, 0.8432],
							"pivot": [0, 1.5, 0],
							"rotation": [0, 90, 0],
							"uv": {
								"east": {"uv": [6, 0], "uv_size": [1, 3.5]},
								"west": {"uv": [6, 4], "uv_size": [1, 3.5]},
								"up": {"uv": [12, 7], "uv_size": [2, 1]}
							}
						},
						{
							"origin": [-1.02, 0, -0.4216],
							"size": [2.04, 3.25, 0.8432],
							"pivot": [0, 1.5, 0],
							"rotation": [0, 135, 0],
							"uv": {
								"east": {"uv": [7, 0], "uv_size": [1, 3.5]},
								"west": {"uv": [7, 4], "uv_size": [1, 3.5]},
								"up": {"uv": [8, 12], "uv_size": [2, 1]}
							}
						},
						{
							"origin": [-0.25, 3, -0.25],
							"size": [0.5, 1, 0.5],
							"pivot": [0, 3.5, 0],
							"rotation": [0, -45, 0],
							"uv": {
								"north": {"uv": [14, 3], "uv_size": [0.5, 1]},
								"east": {"uv": [14, 6], "uv_size": [0.5, 1]},
								"south": {"uv": [14, 7], "uv_size": [0.5, 1]},
								"west": {"uv": [14, 8], "uv_size": [0.5, 1]},
								"up": {"uv": [2, 15], "uv_size": [0.5, 0.5]},
								"down": {"uv": [15, 2.5], "uv_size": [0.5, -0.5]}
							}
						}
					]
				},
				{
					"name": "cover",
					"parent": "main",
					"pivot": [0, 5.125, 0],
					"cubes": [
						{
							"origin": [-1.5, 4, -0.62],
							"size": [3, 2.25, 1.24],
							"uv": {
								"east": {"uv": [4, 12], "uv_size": [1, 2.5]},
								"west": {"uv": [5, 12], "uv_size": [1, 2.5]},
								"up": {"uv": [6, 11], "uv_size": [3, 1]},
								"down": {"uv": [9, 12], "uv_size": [3, -1]}
							}
						},
						{
							"origin": [-1.5, 4, -0.62],
							"size": [3, 2.25, 1.24],
							"pivot": [0, -1, 0],
							"rotation": [0, 45, 0],
							"uv": {
								"east": {"uv": [3, 12], "uv_size": [1, 2.5]},
								"west": {"uv": [12, 3], "uv_size": [1, 2.5]},
								"up": {"uv": [6, 10], "uv_size": [3, 1]},
								"down": {"uv": [9, 11], "uv_size": [3, -1]}
							}
						},
						{
							"origin": [-1.5, 4, -0.62],
							"size": [3, 2.25, 1.24],
							"pivot": [0, -1, 0],
							"rotation": [0, 90, 0],
							"uv": {
								"east": {"uv": [1, 12], "uv_size": [1, 2.5]},
								"west": {"uv": [2, 12], "uv_size": [1, 2.5]},
								"up": {"uv": [9, 8], "uv_size": [3, 1]},
								"down": {"uv": [9, 10], "uv_size": [3, -1]}
							}
						},
						{
							"origin": [-1.5, 4, -0.62],
							"size": [3, 2.25, 1.24],
							"pivot": [0, -1, 0],
							"rotation": [0, 135, 0],
							"uv": {
								"east": {"uv": [0, 12], "uv_size": [1, 2.5]},
								"west": {"uv": [12, 0], "uv_size": [1, 2.5]},
								"up": {"uv": [9, 6], "uv_size": [3, 1]},
								"down": {"uv": [9, 8], "uv_size": [3, -1]}
							}
						}
					]
				},
				{
					"name": "rot1",
					"parent": "main",
					"pivot": [0, 3.775, 0],
					"cubes": [
						{
							"origin": [-0.35, 3.65, -1.15],
							"size": [0.7, 0.25, 2.3],
							"uv": {
								"east": {"uv": [13, 4], "uv_size": [2.5, 0.5]},
								"west": {"uv": [13, 5], "uv_size": [2.5, 0.5]},
								"up": {"uv": [13, 8], "uv_size": [0.5, 2.5]},
								"down": {"uv": [9, 15.5], "uv_size": [0.5, -2.5]}
							}
						}
					]
				},
				{
					"name": "bone",
					"parent": "rot1",
					"pivot": [0, 3.775, 1.275],
					"cubes": [
						{
							"origin": [-0.5, 0.4, 1.15],
							"size": [1, 3.5, 0.25],
							"uv": {
								"north": {"uv": [0, 8], "uv_size": [1, 3.5]},
								"east": {"uv": [12, 8], "uv_size": [0.5, 3.5]},
								"south": {"uv": [8, 0], "uv_size": [1, 3.5]},
								"west": {"uv": [10, 12], "uv_size": [0.5, 3.5]},
								"up": {"uv": [14, 9], "uv_size": [1, 0.5]},
								"down": {"uv": [14, 10.5], "uv_size": [1, -0.5]}
							}
						}
					]
				},
				{
					"name": "bone2",
					"parent": "rot1",
					"pivot": [0, 3.775, -1.275],
					"cubes": [
						{
							"origin": [-0.5, 0.4, -1.4],
							"size": [1, 3.5, 0.25],
							"uv": {
								"north": {"uv": [1, 8], "uv_size": [1, 3.5]},
								"east": {"uv": [11, 12], "uv_size": [0.5, 3.5]},
								"south": {"uv": [2, 8], "uv_size": [1, 3.5]},
								"west": {"uv": [12, 12], "uv_size": [0.5, 3.5]},
								"up": {"uv": [14, 13], "uv_size": [1, 0.5]},
								"down": {"uv": [14, 14.5], "uv_size": [1, -0.5]}
							}
						}
					]
				},
				{
					"name": "rot2",
					"parent": "main",
					"pivot": [0, 3.475, 0],
					"rotation": [0, 90, 0],
					"cubes": [
						{
							"origin": [-0.35, 3.35, -1.15],
							"size": [0.7, 0.25, 2.3],
							"uv": {
								"east": {"uv": [13, 11], "uv_size": [2.5, 0.5]},
								"west": {"uv": [13, 12], "uv_size": [2.5, 0.5]},
								"up": {"uv": [13, 13], "uv_size": [0.5, 2.5]},
								"down": {"uv": [14, 2.5], "uv_size": [0.5, -2.5]}
							}
						}
					]
				},
				{
					"name": "bone3",
					"parent": "rot2",
					"pivot": [0, 3.475, 1.275],
					"cubes": [
						{
							"origin": [-0.5, 0.1, 1.15],
							"size": [1, 3.5, 0.25],
							"uv": {
								"north": {"uv": [3, 8], "uv_size": [1, 3.5]},
								"east": {"uv": [13, 0], "uv_size": [0.5, 3.5]},
								"south": {"uv": [4, 8], "uv_size": [1, 3.5]},
								"west": {"uv": [6, 13], "uv_size": [0.5, 3.5]},
								"up": {"uv": [0, 15], "uv_size": [1, 0.5]},
								"down": {"uv": [15, 0.5], "uv_size": [1, -0.5]}
							}
						}
					]
				},
				{
					"name": "bone4",
					"parent": "rot2",
					"pivot": [0, 3.475, -1.275],
					"cubes": [
						{
							"origin": [-0.5, 0.1, -1.4],
							"size": [1, 3.5, 0.25],
							"uv": {
								"north": {"uv": [8, 4], "uv_size": [1, 3.5]},
								"east": {"uv": [7, 13], "uv_size": [0.5, 3.5]},
								"south": {"uv": [5, 8], "uv_size": [1, 3.5]},
								"west": {"uv": [8, 13], "uv_size": [0.5, 3.5]},
								"up": {"uv": [1, 15], "uv_size": [1, 0.5]},
								"down": {"uv": [15, 1.5], "uv_size": [1, -0.5]}
							}
						}
					]
				}
			]
		}
	]
}