{
	"format_version": "1.12.0",
	"minecraft:geometry": [
		{
			"description": {
				"identifier": "geometry.unknown",
				"texture_width": 128,
				"texture_height": 128,
				"visible_bounds_width": 2,
				"visible_bounds_height": 3.5,
				"visible_bounds_offset": [0, 1.25, 0]
			},
			"bones": [
				{
					"name": "0",
					"pivot": [0, 0, 0]
				},
				{
					"name": "zuo",
					"parent": "0",
					"pivot": [0, 0, 0],
					"cubes": [
						{"origin": [-8, 2, -1], "size": [1, 2, 2], "uv": [0, 29]},
						{"origin": [-8, 0, -4], "size": [16, 2, 8], "uv": [22, 21]},
						{"origin": [7, 2, -1], "size": [1, 2, 2], "uv": [6, 29]}
					]
				},
				{
					"name": "ba",
					"parent": "0",
					"pivot": [0, 3.5, 0],
					"cubes": [
						{"origin": [-7, 4, -0.5], "size": [14, 28, 1], "uv": [0, 0]},
						{"origin": [6, 3, -0.5], "size": [1, 1, 1], "uv": [10, 29]},
						{"origin": [-7, 3, -0.5], "size": [1, 1, 1], "uv": [4, 29]}
					]
				}
			]
		}
	]
}