{
	"format_version": "1.12.0",
	"minecraft:geometry": [
		{
			"description": {
				"identifier": "geometry.unknown",
				"texture_width": 128,
				"texture_height": 128,
				"visible_bounds_width": 4,
				"visible_bounds_height": 3.5,
				"visible_bounds_offset": [0, 1.25, 0]
			},
			"bones": [
				{
					"name": "bone",
					"pivot": [0, 0, 0],
					"cubes": [
						{
							"origin": [-8.5, 1.7, -12.75],
							"size": [17, 0.85, 25.5],
							"uv": {
								"north": {"uv": [68, 58], "uv_size": [20, 1]},
								"east": {"uv": [60, 63], "uv_size": [30, 1]},
								"south": {"uv": [68, 59], "uv_size": [20, 1]},
								"west": {"uv": [64, 0], "uv_size": [30, 1]},
								"up": {"uv": [0, 0], "uv_size": [20, 30]},
								"down": {"uv": [20, 30], "uv_size": [20, -30]}
							}
						},
						{
							"origin": [-8.5, 17, -12.75],
							"size": [17, 0.85, 25.5],
							"uv": {
								"north": {"uv": [68, 60], "uv_size": [20, 1]},
								"east": {"uv": [64, 1], "uv_size": [30, 1]},
								"south": {"uv": [68, 61], "uv_size": [20, 1]},
								"west": {"uv": [64, 2], "uv_size": [30, 1]},
								"up": {"uv": [0, 30], "uv_size": [20, 30]},
								"down": {"uv": [20, 60], "uv_size": [20, -30]}
							}
						},
						{
							"origin": [-8.075, 17.3625, -13.6],
							"size": [0.8875, 1.275, 0.85],
							"uv": {
								"north": {"uv": [42, 72], "uv_size": [1, 2]},
								"east": {"uv": [43, 72], "uv_size": [1, 2]},
								"south": {"uv": [44, 72], "uv_size": [1, 2]},
								"west": {"uv": [45, 72], "uv_size": [1, 2]},
								"up": {"uv": [72, 57], "uv_size": [1, 1]},
								"down": {"uv": [58, 73], "uv_size": [1, -1]}
							}
						},
						{
							"origin": [-8.075, 17.51727, -14.3781],
							"size": [0.8875, 1.19, 1.0625],
							"pivot": [-7.75625, 18.15477, -13.84685],
							"rotation": [-22.5, 0, 0],
							"uv": {
								"north": {"uv": [59, 72], "uv_size": [1, 1]},
								"east": {"uv": [72, 65], "uv_size": [1, 1]},
								"south": {"uv": [72, 66], "uv_size": [1, 1]},
								"west": {"uv": [72, 67], "uv_size": [1, 1]},
								"up": {"uv": [72, 68], "uv_size": [1, 1]},
								"down": {"uv": [72, 70], "uv_size": [1, -1]}
							}
						},
						{
							"origin": [-8.075, 17.86637, -20.9772],
							"size": [0.8875, 0.85, 7.3125],
							"pivot": [-7.75625, 18.50387, -14.19595],
							"rotation": [-67.5, 0, 0],
							"uv": {
								"north": {"uv": [72, 71], "uv_size": [1, 1]},
								"east": {"uv": [45, 71], "uv_size": [3, 1]},
								"south": {"uv": [72, 72], "uv_size": [1, 1]},
								"west": {"uv": [71, 45], "uv_size": [3, 1]},
								"up": {"uv": [66, 22], "uv_size": [1, 3]},
								"down": {"uv": [67, 34], "uv_size": [1, -3]}
							}
						},
						{
							"origin": [7.1875, 17.86637, -20.9772],
							"size": [0.8875, 0.85, 7.3125],
							"pivot": [7.75625, 18.50387, -14.19595],
							"rotation": [-67.5, 0, 0],
							"uv": {
								"north": {"uv": [73, 30], "uv_size": [1, 1]},
								"east": {"uv": [71, 46], "uv_size": [3, 1]},
								"south": {"uv": [73, 34], "uv_size": [1, 1]},
								"west": {"uv": [71, 47], "uv_size": [3, 1]},
								"up": {"uv": [48, 71], "uv_size": [1, 3]},
								"down": {"uv": [71, 51], "uv_size": [1, -3]}
							}
						},
						{
							"origin": [-7.1875, 23.92955, -17.11473],
							"size": [14.375, 0.595, 0.595],
							"pivot": [3.825, 24.22705, -16.81723],
							"rotation": [-45, 0, 0],
							"uv": {
								"north": {"uv": [69, 19], "uv_size": [18, 1]},
								"east": {"uv": [73, 35], "uv_size": [1, 1]},
								"south": {"uv": [69, 20], "uv_size": [18, 1]},
								"west": {"uv": [73, 36], "uv_size": [1, 1]},
								"up": {"uv": [69, 21], "uv_size": [18, 1]},
								"down": {"uv": [69, 65], "uv_size": [18, -1]}
							}
						},
						{
							"origin": [7.1875, 17.3625, -13.6],
							"size": [0.8875, 1.275, 0.85],
							"uv": {
								"north": {"uv": [46, 72], "uv_size": [1, 2]},
								"east": {"uv": [47, 72], "uv_size": [1, 2]},
								"south": {"uv": [72, 48], "uv_size": [1, 2]},
								"west": {"uv": [49, 72], "uv_size": [1, 2]},
								"up": {"uv": [73, 28], "uv_size": [1, 1]},
								"down": {"uv": [73, 30], "uv_size": [1, -1]}
							}
						},
						{
							"origin": [7.1875, 17.51727, -14.3781],
							"size": [0.8875, 1.19, 1.0625],
							"pivot": [7.75625, 18.15477, -13.84685],
							"rotation": [-22.5, 0, 0],
							"uv": {
								"north": {"uv": [17, 73], "uv_size": [1, 1]},
								"east": {"uv": [18, 73], "uv_size": [1, 1]},
								"south": {"uv": [19, 73], "uv_size": [1, 1]},
								"west": {"uv": [20, 73], "uv_size": [1, 1]},
								"up": {"uv": [21, 73], "uv_size": [1, 1]},
								"down": {"uv": [22, 74], "uv_size": [1, -1]}
							}
						},
						{
							"origin": [-8.5, 17.85, -12.75],
							"size": [17, 0.85, 0.2125],
							"uv": {
								"north": {"uv": [68, 62], "uv_size": [20, 1]},
								"east": {"uv": [72, 52], "uv_size": [1, 1]},
								"south": {"uv": [3, 69], "uv_size": [20, 1]},
								"west": {"uv": [72, 53], "uv_size": [1, 1]},
								"up": {"uv": [69, 13], "uv_size": [20, 1]},
								"down": {"uv": [69, 15], "uv_size": [20, -1]}
							}
						},
						{
							"origin": [-8.18125, 17.85, -4.14375],
							"size": [25.075, 0.85, 0.2125],
							"pivot": [8.39375, 18.275, -4.0375],
							"rotation": [0, 90, 0],
							"uv": {
								"north": {"uv": [64, 3], "uv_size": [30, 1]},
								"east": {"uv": [72, 55], "uv_size": [1, 1]},
								"south": {"uv": [64, 4], "uv_size": [30, 1]},
								"west": {"uv": [56, 72], "uv_size": [1, 1]},
								"up": {"uv": [64, 5], "uv_size": [30, 1]},
								"down": {"uv": [64, 7], "uv_size": [30, -1]}
							}
						},
						{
							"origin": [-16.89375, 17.85, -4.14375],
							"size": [25.075, 0.85, 0.2125],
							"pivot": [-8.39375, 18.275, -4.0375],
							"rotation": [0, -90, 0],
							"uv": {
								"north": {"uv": [64, 7], "uv_size": [30, 1]},
								"east": {"uv": [72, 56], "uv_size": [1, 1]},
								"south": {"uv": [64, 8], "uv_size": [30, 1]},
								"west": {"uv": [57, 72], "uv_size": [1, 1]},
								"up": {"uv": [64, 9], "uv_size": [30, 1]},
								"down": {"uv": [64, 11], "uv_size": [30, -1]}
							}
						},
						{
							"origin": [-8.5, 17.85, 12.5375],
							"size": [17, 0.85, 0.2125],
							"uv": {
								"north": {"uv": [69, 15], "uv_size": [20, 1]},
								"east": {"uv": [72, 54], "uv_size": [1, 1]},
								"south": {"uv": [69, 16], "uv_size": [20, 1]},
								"west": {"uv": [55, 72], "uv_size": [1, 1]},
								"up": {"uv": [69, 17], "uv_size": [20, 1]},
								"down": {"uv": [69, 19], "uv_size": [20, -1]}
							}
						}
					]
				},
				{
					"name": "wing",
					"parent": "bone",
					"pivot": [8.87149, 17.6375, 0.00014],
					"rotation": [0, 0, -15],
					"cubes": [
						{
							"origin": [8.5, 17.2125, -12.75],
							"size": [3.6125, 0.85, 25.5],
							"uv": {
								"north": {"uv": [71, 40], "uv_size": [4, 1]},
								"east": {"uv": [64, 11], "uv_size": [30, 1]},
								"south": {"uv": [41, 71], "uv_size": [4, 1]},
								"up": {"uv": [40, 32], "uv_size": [4, 30]},
								"down": {"uv": [44, 62], "uv_size": [4, -30]}
							}
						},
						{
							"origin": [7.12814, 17.2125, -13.19195],
							"size": [2.7625, 0.85, 7.65],
							"pivot": [8.50939, 17.6375, -0.44195],
							"rotation": [0, -22.5, 0],
							"uv": {
								"north": {"uv": [71, 43], "uv_size": [3, 1]},
								"up": {"uv": [64, 27], "uv_size": [3, 9]},
								"down": {"uv": [66, 22], "uv_size": [3, -9]}
							}
						},
						{
							"origin": [11.55548, 17.2125, -11.83646],
							"size": [4.0375, 0.85, 7.65],
							"pivot": [12.93673, 17.6375, -8.01146],
							"rotation": [0, -45, 0],
							"uv": {
								"north": {"uv": [69, 70], "uv_size": [5, 1]},
								"up": {"uv": [35, 60], "uv_size": [5, 9]},
								"down": {"uv": [40, 71], "uv_size": [5, -9]}
							}
						},
						{
							"origin": [13.13315, 17.2125, -9.92302],
							"size": [5.7375, 0.85, 7.65],
							"pivot": [14.5144, 17.6375, -6.09802],
							"rotation": [0, -67.5, 0],
							"uv": {
								"north": {"uv": [70, 24], "uv_size": [7, 1]},
								"up": {"uv": [56, 36], "uv_size": [7, 9]},
								"down": {"uv": [56, 54], "uv_size": [7, -9]}
							}
						},
						{
							"origin": [13.13315, 17.2125, 2.27302],
							"size": [5.7375, 0.85, 7.65],
							"pivot": [14.5144, 17.6375, 6.09802],
							"rotation": [0, 67.5, 0],
							"uv": {
								"south": {"uv": [70, 25], "uv_size": [7, 1]},
								"up": {"uv": [56, 54], "uv_size": [7, 9]},
								"down": {"uv": [0, 69], "uv_size": [7, -9]}
							}
						},
						{
							"origin": [11.55548, 17.2125, 4.18646],
							"size": [4.0375, 0.85, 7.65],
							"pivot": [12.93673, 17.6375, 8.01146],
							"rotation": [0, 45, 0],
							"uv": {
								"south": {"uv": [71, 31], "uv_size": [5, 1]},
								"up": {"uv": [45, 62], "uv_size": [5, 9]},
								"down": {"uv": [50, 71], "uv_size": [5, -9]}
							}
						},
						{
							"origin": [7.12814, 17.2125, 5.54195],
							"size": [2.7625, 0.85, 7.65],
							"pivot": [8.50939, 17.6375, 0.44195],
							"rotation": [0, 22.5, 0],
							"uv": {
								"south": {"uv": [71, 44], "uv_size": [3, 1]},
								"up": {"uv": [66, 64], "uv_size": [3, 9]},
								"down": {"uv": [67, 31], "uv_size": [3, -9]}
							}
						},
						{
							"origin": [14.50906, 17.2125, -1.62237],
							"size": [7.072, 0.85, 7.60325],
							"pivot": [15.89031, 17.6375, 2.15588],
							"rotation": [0, 90, 0],
							"uv": {
								"south": {"uv": [70, 22], "uv_size": [8, 1]},
								"up": {"uv": [56, 0], "uv_size": [8, 9]},
								"down": {"uv": [56, 18], "uv_size": [8, -9]}
							}
						}
					]
				},
				{
					"name": "wing2",
					"parent": "bone",
					"pivot": [-8.87149, 17.6375, 0.00014],
					"rotation": [0, 0, 15],
					"cubes": [
						{
							"origin": [-12.1125, 17.2125, -12.75],
							"size": [3.6125, 0.85, 25.5],
							"uv": {
								"north": {"uv": [71, 41], "uv_size": [4, 1]},
								"south": {"uv": [71, 42], "uv_size": [4, 1]},
								"west": {"uv": [64, 12], "uv_size": [30, 1]},
								"up": {"uv": [48, 32], "uv_size": [4, 30]},
								"down": {"uv": [52, 62], "uv_size": [4, -30]}
							}
						},
						{
							"origin": [-9.89064, 17.2125, -13.19195],
							"size": [2.7625, 0.85, 7.65],
							"pivot": [-8.50939, 17.6375, -0.44195],
							"rotation": [0, 22.5, 0],
							"uv": {
								"north": {"uv": [49, 71], "uv_size": [3, 1]},
								"up": {"uv": [68, 31], "uv_size": [3, 9]},
								"down": {"uv": [68, 49], "uv_size": [3, -9]}
							}
						},
						{
							"origin": [-15.59298, 17.2125, -11.83646],
							"size": [4.0375, 0.85, 7.65],
							"pivot": [-12.93673, 17.6375, -8.01146],
							"rotation": [0, 45, 0],
							"uv": {
								"north": {"uv": [71, 32], "uv_size": [5, 1]},
								"up": {"uv": [63, 36], "uv_size": [5, 9]},
								"down": {"uv": [63, 54], "uv_size": [5, -9]}
							}
						},
						{
							"origin": [-18.87065, 17.2125, -9.92302],
							"size": [5.7375, 0.85, 7.65],
							"pivot": [-14.5144, 17.6375, -6.09802],
							"rotation": [0, 67.5, 0],
							"uv": {
								"north": {"uv": [70, 26], "uv_size": [7, 1]},
								"up": {"uv": [7, 60], "uv_size": [7, 9]},
								"down": {"uv": [14, 69], "uv_size": [7, -9]}
							}
						},
						{
							"origin": [-18.87065, 17.2125, 2.27302],
							"size": [5.7375, 0.85, 7.65],
							"pivot": [-14.5144, 17.6375, 6.09802],
							"rotation": [0, -67.5, 0],
							"uv": {
								"south": {"uv": [70, 27], "uv_size": [7, 1]},
								"up": {"uv": [21, 60], "uv_size": [7, 9]},
								"down": {"uv": [28, 69], "uv_size": [7, -9]}
							}
						},
						{
							"origin": [-15.59298, 17.2125, 4.18646],
							"size": [4.0375, 0.85, 7.65],
							"pivot": [-12.93673, 17.6375, 8.01146],
							"rotation": [0, -45, 0],
							"uv": {
								"south": {"uv": [71, 33], "uv_size": [5, 1]},
								"up": {"uv": [63, 54], "uv_size": [5, 9]},
								"down": {"uv": [55, 72], "uv_size": [5, -9]}
							}
						},
						{
							"origin": [-9.89064, 17.2125, 5.54195],
							"size": [2.7625, 0.85, 7.65],
							"pivot": [-8.50939, 17.6375, 0.44195],
							"rotation": [0, -22.5, 0],
							"uv": {
								"south": {"uv": [71, 51], "uv_size": [3, 1]},
								"up": {"uv": [68, 49], "uv_size": [3, 9]},
								"down": {"uv": [0, 78], "uv_size": [3, -9]}
							}
						},
						{
							"origin": [-21.58106, 17.2125, -1.62237],
							"size": [7.072, 0.85, 7.60325],
							"pivot": [-15.89031, 17.6375, 2.15588],
							"rotation": [0, -90, 0],
							"uv": {
								"south": {"uv": [70, 23], "uv_size": [8, 1]},
								"up": {"uv": [56, 18], "uv_size": [8, 9]},
								"down": {"uv": [56, 36], "uv_size": [8, -9]}
							}
						}
					]
				},
				{
					"name": "melon",
					"parent": "bone",
					"pivot": [0, 0, 0],
					"cubes": [
						{
							"origin": [-6.8, 2.55, -6.8],
							"size": [13.6, 13.6, 13.6],
							"uv": {
								"north": {"uv": [40, 0], "uv_size": [16, 16]},
								"east": {"uv": [40, 0], "uv_size": [16, 16]},
								"south": {"uv": [40, 0], "uv_size": [16, 16]},
								"west": {"uv": [40, 0], "uv_size": [16, 16]},
								"up": {"uv": [40, 16], "uv_size": [16, 16]}
							}
						}
					]
				},
				{
					"name": "zhu",
					"parent": "bone",
					"pivot": [-7.4375, 14.875, -11.6875],
					"cubes": [
						{
							"origin": [-8.075, 14.45, -12.325],
							"size": [1.275, 2.55, 1.275],
							"pivot": [-7.4375, 20.4, -11.6875],
							"rotation": [0, -45, 0],
							"uv": {
								"north": {"uv": [17, 70], "uv_size": [2, 3]},
								"east": {"uv": [19, 70], "uv_size": [2, 3]},
								"south": {"uv": [21, 70], "uv_size": [2, 3]},
								"west": {"uv": [70, 28], "uv_size": [2, 3]},
								"up": {"uv": [71, 38], "uv_size": [2, 2]},
								"down": {"uv": [39, 73], "uv_size": [2, -2]}
							}
						},
						{
							"origin": [-8.075, 2.55, -12.325],
							"size": [1.275, 11.05, 1.275],
							"pivot": [-7.4375, 8.5, -11.6875],
							"rotation": [0, -45, 0],
							"uv": {
								"north": {"uv": [64, 13], "uv_size": [2, 14]},
								"east": {"uv": [60, 64], "uv_size": [2, 14]},
								"south": {"uv": [62, 64], "uv_size": [2, 14]},
								"west": {"uv": [64, 64], "uv_size": [2, 14]},
								"up": {"uv": [71, 34], "uv_size": [2, 2]},
								"down": {"uv": [71, 38], "uv_size": [2, -2]}
							}
						},
						{
							"origin": [-7.7775, 13.6, -12.0275],
							"size": [0.68, 0.85, 0.68],
							"pivot": [-7.4375, 14.025, -11.6875],
							"rotation": [0, -45, 0],
							"uv": {
								"north": {"uv": [55, 62], "uv_size": [1, 1]},
								"east": {"uv": [71, 69], "uv_size": [1, 1]},
								"south": {"uv": [72, 30], "uv_size": [1, 1]},
								"west": {"uv": [50, 72], "uv_size": [1, 1]},
								"up": {"uv": [72, 50], "uv_size": [1, 1]},
								"down": {"uv": [51, 73], "uv_size": [1, -1]}
							}
						}
					]
				},
				{
					"name": "zhu2",
					"parent": "bone",
					"pivot": [7.4375, 14.875, -11.6875],
					"cubes": [
						{
							"origin": [6.8, 14.45, -12.325],
							"size": [1.275, 2.55, 1.275],
							"pivot": [7.4375, 20.4, -11.6875],
							"rotation": [0, 45, 0],
							"uv": {
								"north": {"uv": [19, 70], "uv_size": [-2, 3]},
								"east": {"uv": [72, 28], "uv_size": [-2, 3]},
								"south": {"uv": [23, 70], "uv_size": [-2, 3]},
								"west": {"uv": [21, 70], "uv_size": [-2, 3]},
								"up": {"uv": [73, 38], "uv_size": [-2, 2]},
								"down": {"uv": [41, 73], "uv_size": [-2, -2]}
							}
						},
						{
							"origin": [6.8, 2.55, -12.325],
							"size": [1.275, 11.05, 1.275],
							"pivot": [7.4375, 8.5, -11.6875],
							"rotation": [0, 45, 0],
							"uv": {
								"north": {"uv": [66, 13], "uv_size": [-2, 14]},
								"east": {"uv": [66, 64], "uv_size": [-2, 14]},
								"south": {"uv": [64, 64], "uv_size": [-2, 14]},
								"west": {"uv": [62, 64], "uv_size": [-2, 14]},
								"up": {"uv": [73, 34], "uv_size": [-2, 2]},
								"down": {"uv": [73, 38], "uv_size": [-2, -2]}
							}
						},
						{
							"origin": [7.0975, 13.6, -12.0275],
							"size": [0.68, 0.85, 0.68],
							"pivot": [7.4375, 14.025, -11.6875],
							"rotation": [0, 45, 0],
							"uv": {
								"north": {"uv": [56, 62], "uv_size": [-1, 1]},
								"east": {"uv": [51, 72], "uv_size": [-1, 1]},
								"south": {"uv": [73, 30], "uv_size": [-1, 1]},
								"west": {"uv": [72, 69], "uv_size": [-1, 1]},
								"up": {"uv": [73, 50], "uv_size": [-1, 1]},
								"down": {"uv": [52, 73], "uv_size": [-1, -1]}
							}
						}
					]
				},
				{
					"name": "zhu3",
					"parent": "bone",
					"pivot": [7.4375, 14.875, 11.6875],
					"cubes": [
						{
							"origin": [6.8, 14.45, 11.05],
							"size": [1.275, 2.55, 1.275],
							"pivot": [7.4375, 20.4, 11.6875],
							"rotation": [0, -45, 0],
							"uv": {
								"north": {"uv": [21, 70], "uv_size": [2, 3]},
								"east": {"uv": [70, 28], "uv_size": [2, 3]},
								"south": {"uv": [17, 70], "uv_size": [2, 3]},
								"west": {"uv": [19, 70], "uv_size": [2, 3]},
								"up": {"uv": [73, 40], "uv_size": [-2, -2]},
								"down": {"uv": [41, 71], "uv_size": [-2, 2]}
							}
						},
						{
							"origin": [6.8, 2.55, 11.05],
							"size": [1.275, 11.05, 1.275],
							"pivot": [7.4375, 8.5, 11.6875],
							"rotation": [0, -45, 0],
							"uv": {
								"north": {"uv": [62, 64], "uv_size": [2, 14]},
								"east": {"uv": [64, 64], "uv_size": [2, 14]},
								"south": {"uv": [64, 13], "uv_size": [2, 14]},
								"west": {"uv": [60, 64], "uv_size": [2, 14]},
								"up": {"uv": [73, 36], "uv_size": [-2, -2]},
								"down": {"uv": [73, 36], "uv_size": [-2, 2]}
							}
						},
						{
							"origin": [7.0975, 13.6, 11.3475],
							"size": [0.68, 0.85, 0.68],
							"pivot": [7.4375, 14.025, 11.6875],
							"rotation": [0, -45, 0],
							"uv": {
								"north": {"uv": [72, 30], "uv_size": [1, 1]},
								"east": {"uv": [50, 72], "uv_size": [1, 1]},
								"south": {"uv": [55, 62], "uv_size": [1, 1]},
								"west": {"uv": [71, 69], "uv_size": [1, 1]},
								"up": {"uv": [73, 51], "uv_size": [-1, -1]},
								"down": {"uv": [52, 72], "uv_size": [-1, 1]}
							}
						}
					]
				},
				{
					"name": "zhu4",
					"parent": "bone",
					"pivot": [-7.4375, 14.875, 11.6875],
					"cubes": [
						{
							"origin": [-8.075, 14.45, 11.05],
							"size": [1.275, 2.55, 1.275],
							"pivot": [-7.4375, 20.4, 11.6875],
							"rotation": [0, 45, 0],
							"uv": {
								"north": {"uv": [23, 70], "uv_size": [-2, 3]},
								"east": {"uv": [21, 70], "uv_size": [-2, 3]},
								"south": {"uv": [19, 70], "uv_size": [-2, 3]},
								"west": {"uv": [72, 28], "uv_size": [-2, 3]},
								"up": {"uv": [71, 40], "uv_size": [2, -2]},
								"down": {"uv": [39, 71], "uv_size": [2, 2]}
							}
						},
						{
							"origin": [-8.075, 2.55, 11.05],
							"size": [1.275, 11.05, 1.275],
							"pivot": [-7.4375, 8.5, 11.6875],
							"rotation": [0, 45, 0],
							"uv": {
								"north": {"uv": [64, 64], "uv_size": [-2, 14]},
								"east": {"uv": [62, 64], "uv_size": [-2, 14]},
								"south": {"uv": [66, 13], "uv_size": [-2, 14]},
								"west": {"uv": [66, 64], "uv_size": [-2, 14]},
								"up": {"uv": [71, 36], "uv_size": [2, -2]},
								"down": {"uv": [71, 36], "uv_size": [2, 2]}
							}
						},
						{
							"origin": [-7.7775, 13.6, 11.3475],
							"size": [0.68, 0.85, 0.68],
							"pivot": [-7.4375, 14.025, 11.6875],
							"rotation": [0, 45, 0],
							"uv": {
								"north": {"uv": [73, 30], "uv_size": [-1, 1]},
								"east": {"uv": [72, 69], "uv_size": [-1, 1]},
								"south": {"uv": [56, 62], "uv_size": [-1, 1]},
								"west": {"uv": [51, 72], "uv_size": [-1, 1]},
								"up": {"uv": [72, 51], "uv_size": [1, -1]},
								"down": {"uv": [51, 72], "uv_size": [1, 1]}
							}
						}
					]
				},
				{
					"name": "wheel1",
					"parent": "bone",
					"pivot": [8.97813, 2.125, -10.2],
					"cubes": [
						{
							"origin": [8.5425, 0, -11.07975],
							"size": [0.85, 4.25, 1.7595],
							"pivot": [8.9675, 2.125, -10.2],
							"rotation": [22.5, 0, 0],
							"uv": {
								"east": {"uv": [23, 69], "uv_size": [2, 5]},
								"west": {"uv": [25, 69], "uv_size": [2, 5]},
								"up": {"uv": [66, 25], "uv_size": [1, 2]},
								"down": {"uv": [67, 36], "uv_size": [1, -2]}
							}
						},
						{
							"origin": [8.5425, 0, -11.07975],
							"size": [0.85, 4.25, 1.7595],
							"pivot": [8.9675, 2.125, -10.2],
							"rotation": [67.5, 0, 0],
							"uv": {
								"east": {"uv": [27, 69], "uv_size": [2, 5]},
								"west": {"uv": [29, 69], "uv_size": [2, 5]},
								"up": {"uv": [39, 69], "uv_size": [1, 2]},
								"down": {"uv": [52, 73], "uv_size": [1, -2]}
							}
						},
						{
							"origin": [8.5425, 0, -11.07975],
							"size": [0.85, 4.25, 1.7595],
							"pivot": [8.9675, 2.125, -10.2],
							"rotation": [112.5, 0, 0],
							"uv": {
								"east": {"uv": [31, 69], "uv_size": [2, 5]},
								"west": {"uv": [33, 69], "uv_size": [2, 5]},
								"up": {"uv": [71, 52], "uv_size": [1, 2]},
								"down": {"uv": [53, 73], "uv_size": [1, -2]}
							}
						},
						{
							"origin": [8.5425, 0, -11.07975],
							"size": [0.85, 4.25, 1.7595],
							"pivot": [8.9675, 2.125, -10.2],
							"rotation": [157.5, 0, 0],
							"uv": {
								"east": {"uv": [35, 69], "uv_size": [2, 5]},
								"west": {"uv": [37, 69], "uv_size": [2, 5]},
								"up": {"uv": [54, 71], "uv_size": [1, 2]},
								"down": {"uv": [71, 56], "uv_size": [1, -2]}
							}
						},
						{
							"origin": [8.5, 0.2125, -10.99177],
							"size": [0.9775, 3.825, 1.58355],
							"pivot": [8.9675, 2.125, -10.2],
							"rotation": [22.5, 0, 0],
							"uv": {
								"east": {"uv": [13, 70], "uv_size": [2, 5]},
								"west": {"uv": [15, 70], "uv_size": [2, 5]},
								"up": {"uv": [72, 28], "uv_size": [1, 2]},
								"down": {"uv": [41, 74], "uv_size": [1, -2]}
							}
						},
						{
							"origin": [8.5, 0.2125, -10.99177],
							"size": [0.9775, 3.825, 1.58355],
							"pivot": [8.9675, 2.125, -10.2],
							"rotation": [67.5, 0, 0],
							"uv": {
								"east": {"uv": [9, 70], "uv_size": [2, 5]},
								"west": {"uv": [11, 70], "uv_size": [2, 5]},
								"up": {"uv": [70, 71], "uv_size": [1, 2]},
								"down": {"uv": [71, 73], "uv_size": [1, -2]}
							}
						},
						{
							"origin": [8.5, 0.2125, -10.99177],
							"size": [0.9775, 3.825, 1.58355],
							"pivot": [8.9675, 2.125, -10.2],
							"rotation": [112.5, 0, 0],
							"uv": {
								"east": {"uv": [5, 70], "uv_size": [2, 5]},
								"west": {"uv": [7, 70], "uv_size": [2, 5]},
								"up": {"uv": [71, 67], "uv_size": [1, 2]},
								"down": {"uv": [69, 73], "uv_size": [1, -2]}
							}
						},
						{
							"origin": [8.5, 0.2125, -10.99177],
							"size": [0.9775, 3.825, 1.58355],
							"pivot": [8.9675, 2.125, -10.2],
							"rotation": [157.5, 0, 0],
							"uv": {
								"east": {"uv": [69, 65], "uv_size": [2, 5]},
								"west": {"uv": [3, 70], "uv_size": [2, 5]},
								"up": {"uv": [71, 56], "uv_size": [1, 2]},
								"down": {"uv": [71, 67], "uv_size": [1, -2]}
							}
						}
					]
				},
				{
					"name": "wheel2",
					"parent": "bone",
					"pivot": [-8.97813, 2.125, -10.2],
					"cubes": [
						{
							"origin": [-9.3925, 0, -11.07975],
							"size": [0.85, 4.25, 1.7595],
							"pivot": [-8.9675, 2.125, -10.2],
							"rotation": [22.5, 0, 0],
							"uv": {
								"east": {"uv": [27, 69], "uv_size": [-2, 5]},
								"west": {"uv": [25, 69], "uv_size": [-2, 5]},
								"up": {"uv": [67, 25], "uv_size": [-1, 2]},
								"down": {"uv": [68, 36], "uv_size": [-1, -2]}
							}
						},
						{
							"origin": [-9.3925, 0, -11.07975],
							"size": [0.85, 4.25, 1.7595],
							"pivot": [-8.9675, 2.125, -10.2],
							"rotation": [67.5, 0, 0],
							"uv": {
								"east": {"uv": [31, 69], "uv_size": [-2, 5]},
								"west": {"uv": [29, 69], "uv_size": [-2, 5]},
								"up": {"uv": [40, 69], "uv_size": [-1, 2]},
								"down": {"uv": [53, 73], "uv_size": [-1, -2]}
							}
						},
						{
							"origin": [-9.3925, 0, -11.07975],
							"size": [0.85, 4.25, 1.7595],
							"pivot": [-8.9675, 2.125, -10.2],
							"rotation": [112.5, 0, 0],
							"uv": {
								"east": {"uv": [35, 69], "uv_size": [-2, 5]},
								"west": {"uv": [33, 69], "uv_size": [-2, 5]},
								"up": {"uv": [72, 52], "uv_size": [-1, 2]},
								"down": {"uv": [54, 73], "uv_size": [-1, -2]}
							}
						},
						{
							"origin": [-9.3925, 0, -11.07975],
							"size": [0.85, 4.25, 1.7595],
							"pivot": [-8.9675, 2.125, -10.2],
							"rotation": [157.5, 0, 0],
							"uv": {
								"east": {"uv": [39, 69], "uv_size": [-2, 5]},
								"west": {"uv": [37, 69], "uv_size": [-2, 5]},
								"up": {"uv": [55, 71], "uv_size": [-1, 2]},
								"down": {"uv": [72, 56], "uv_size": [-1, -2]}
							}
						},
						{
							"origin": [-9.4775, 0.2125, -10.99177],
							"size": [0.9775, 3.825, 1.58355],
							"pivot": [-8.9675, 2.125, -10.2],
							"rotation": [22.5, 0, 0],
							"uv": {
								"east": {"uv": [17, 70], "uv_size": [-2, 5]},
								"west": {"uv": [15, 70], "uv_size": [-2, 5]},
								"up": {"uv": [73, 28], "uv_size": [-1, 2]},
								"down": {"uv": [42, 74], "uv_size": [-1, -2]}
							}
						},
						{
							"origin": [-9.4775, 0.2125, -10.99177],
							"size": [0.9775, 3.825, 1.58355],
							"pivot": [-8.9675, 2.125, -10.2],
							"rotation": [67.5, 0, 0],
							"uv": {
								"east": {"uv": [13, 70], "uv_size": [-2, 5]},
								"west": {"uv": [11, 70], "uv_size": [-2, 5]},
								"up": {"uv": [71, 71], "uv_size": [-1, 2]},
								"down": {"uv": [72, 73], "uv_size": [-1, -2]}
							}
						},
						{
							"origin": [-9.4775, 0.2125, -10.99177],
							"size": [0.9775, 3.825, 1.58355],
							"pivot": [-8.9675, 2.125, -10.2],
							"rotation": [112.5, 0, 0],
							"uv": {
								"east": {"uv": [9, 70], "uv_size": [-2, 5]},
								"west": {"uv": [7, 70], "uv_size": [-2, 5]},
								"up": {"uv": [72, 67], "uv_size": [-1, 2]},
								"down": {"uv": [70, 73], "uv_size": [-1, -2]}
							}
						},
						{
							"origin": [-9.4775, 0.2125, -10.99177],
							"size": [0.9775, 3.825, 1.58355],
							"pivot": [-8.9675, 2.125, -10.2],
							"rotation": [157.5, 0, 0],
							"uv": {
								"east": {"uv": [5, 70], "uv_size": [-2, 5]},
								"west": {"uv": [71, 65], "uv_size": [-2, 5]},
								"up": {"uv": [72, 56], "uv_size": [-1, 2]},
								"down": {"uv": [72, 67], "uv_size": [-1, -2]}
							}
						}
					]
				},
				{
					"name": "wheel3",
					"parent": "bone",
					"pivot": [-8.97813, 2.125, 10.2],
					"cubes": [
						{
							"origin": [-9.3925, 0, 9.32025],
							"size": [0.85, 4.25, 1.7595],
							"pivot": [-8.9675, 2.125, 10.2],
							"rotation": [-22.5, 0, 0],
							"uv": {
								"east": {"uv": [25, 69], "uv_size": [2, 5]},
								"west": {"uv": [23, 69], "uv_size": [2, 5]},
								"up": {"uv": [67, 27], "uv_size": [-1, -2]},
								"down": {"uv": [68, 34], "uv_size": [-1, 2]}
							}
						},
						{
							"origin": [-9.3925, 0, 9.32025],
							"size": [0.85, 4.25, 1.7595],
							"pivot": [-8.9675, 2.125, 10.2],
							"rotation": [-67.5, 0, 0],
							"uv": {
								"east": {"uv": [29, 69], "uv_size": [2, 5]},
								"west": {"uv": [27, 69], "uv_size": [2, 5]},
								"up": {"uv": [40, 71], "uv_size": [-1, -2]},
								"down": {"uv": [53, 71], "uv_size": [-1, 2]}
							}
						},
						{
							"origin": [-9.3925, 0, 9.32025],
							"size": [0.85, 4.25, 1.7595],
							"pivot": [-8.9675, 2.125, 10.2],
							"rotation": [-112.5, 0, 0],
							"uv": {
								"east": {"uv": [33, 69], "uv_size": [2, 5]},
								"west": {"uv": [31, 69], "uv_size": [2, 5]},
								"up": {"uv": [72, 54], "uv_size": [-1, -2]},
								"down": {"uv": [54, 71], "uv_size": [-1, 2]}
							}
						},
						{
							"origin": [-9.3925, 0, 9.32025],
							"size": [0.85, 4.25, 1.7595],
							"pivot": [-8.9675, 2.125, 10.2],
							"rotation": [-157.5, 0, 0],
							"uv": {
								"east": {"uv": [37, 69], "uv_size": [2, 5]},
								"west": {"uv": [35, 69], "uv_size": [2, 5]},
								"up": {"uv": [55, 73], "uv_size": [-1, -2]},
								"down": {"uv": [72, 54], "uv_size": [-1, 2]}
							}
						},
						{
							"origin": [-9.4775, 0.2125, 9.40823],
							"size": [0.9775, 3.825, 1.58355],
							"pivot": [-8.9675, 2.125, 10.2],
							"rotation": [-22.5, 0, 0],
							"uv": {
								"east": {"uv": [15, 70], "uv_size": [2, 5]},
								"west": {"uv": [13, 70], "uv_size": [2, 5]},
								"up": {"uv": [73, 30], "uv_size": [-1, -2]},
								"down": {"uv": [42, 72], "uv_size": [-1, 2]}
							}
						},
						{
							"origin": [-9.4775, 0.2125, 9.40823],
							"size": [0.9775, 3.825, 1.58355],
							"pivot": [-8.9675, 2.125, 10.2],
							"rotation": [-67.5, 0, 0],
							"uv": {
								"east": {"uv": [11, 70], "uv_size": [2, 5]},
								"west": {"uv": [9, 70], "uv_size": [2, 5]},
								"up": {"uv": [71, 73], "uv_size": [-1, -2]},
								"down": {"uv": [72, 71], "uv_size": [-1, 2]}
							}
						},
						{
							"origin": [-9.4775, 0.2125, 9.40823],
							"size": [0.9775, 3.825, 1.58355],
							"pivot": [-8.9675, 2.125, 10.2],
							"rotation": [-112.5, 0, 0],
							"uv": {
								"east": {"uv": [7, 70], "uv_size": [2, 5]},
								"west": {"uv": [5, 70], "uv_size": [2, 5]},
								"up": {"uv": [72, 69], "uv_size": [-1, -2]},
								"down": {"uv": [70, 71], "uv_size": [-1, 2]}
							}
						},
						{
							"origin": [-9.4775, 0.2125, 9.40823],
							"size": [0.9775, 3.825, 1.58355],
							"pivot": [-8.9675, 2.125, 10.2],
							"rotation": [-157.5, 0, 0],
							"uv": {
								"east": {"uv": [3, 70], "uv_size": [2, 5]},
								"west": {"uv": [69, 65], "uv_size": [2, 5]},
								"up": {"uv": [72, 58], "uv_size": [-1, -2]},
								"down": {"uv": [72, 65], "uv_size": [-1, 2]}
							}
						}
					]
				},
				{
					"name": "wheel4",
					"parent": "bone",
					"pivot": [8.97813, 2.125, 10.2],
					"cubes": [
						{
							"origin": [8.5425, 0, 9.32025],
							"size": [0.85, 4.25, 1.7595],
							"pivot": [8.9675, 2.125, 10.2],
							"rotation": [-22.5, 0, 0],
							"uv": {
								"east": {"uv": [25, 69], "uv_size": [-2, 5]},
								"west": {"uv": [27, 69], "uv_size": [-2, 5]},
								"up": {"uv": [66, 27], "uv_size": [1, -2]},
								"down": {"uv": [67, 34], "uv_size": [1, 2]}
							}
						},
						{
							"origin": [8.5425, 0, 9.32025],
							"size": [0.85, 4.25, 1.7595],
							"pivot": [8.9675, 2.125, 10.2],
							"rotation": [-67.5, 0, 0],
							"uv": {
								"east": {"uv": [29, 69], "uv_size": [-2, 5]},
								"west": {"uv": [31, 69], "uv_size": [-2, 5]},
								"up": {"uv": [39, 71], "uv_size": [1, -2]},
								"down": {"uv": [52, 71], "uv_size": [1, 2]}
							}
						},
						{
							"origin": [8.5425, 0, 9.32025],
							"size": [0.85, 4.25, 1.7595],
							"pivot": [8.9675, 2.125, 10.2],
							"rotation": [-112.5, 0, 0],
							"uv": {
								"east": {"uv": [33, 69], "uv_size": [-2, 5]},
								"west": {"uv": [35, 69], "uv_size": [-2, 5]},
								"up": {"uv": [71, 54], "uv_size": [1, -2]},
								"down": {"uv": [53, 71], "uv_size": [1, 2]}
							}
						},
						{
							"origin": [8.5425, 0, 9.32025],
							"size": [0.85, 4.25, 1.7595],
							"pivot": [8.9675, 2.125, 10.2],
							"rotation": [-157.5, 0, 0],
							"uv": {
								"east": {"uv": [37, 69], "uv_size": [-2, 5]},
								"west": {"uv": [39, 69], "uv_size": [-2, 5]},
								"up": {"uv": [54, 73], "uv_size": [1, -2]},
								"down": {"uv": [71, 54], "uv_size": [1, 2]}
							}
						},
						{
							"origin": [8.5, 0.2125, 9.40823],
							"size": [0.9775, 3.825, 1.58355],
							"pivot": [8.9675, 2.125, 10.2],
							"rotation": [-22.5, 0, 0],
							"uv": {
								"east": {"uv": [15, 70], "uv_size": [-2, 5]},
								"west": {"uv": [17, 70], "uv_size": [-2, 5]},
								"up": {"uv": [72, 30], "uv_size": [1, -2]},
								"down": {"uv": [41, 72], "uv_size": [1, 2]}
							}
						},
						{
							"origin": [8.5, 0.2125, 9.40823],
							"size": [0.9775, 3.825, 1.58355],
							"pivot": [8.9675, 2.125, 10.2],
							"rotation": [-67.5, 0, 0],
							"uv": {
								"east": {"uv": [11, 70], "uv_size": [-2, 5]},
								"west": {"uv": [13, 70], "uv_size": [-2, 5]},
								"up": {"uv": [70, 73], "uv_size": [1, -2]},
								"down": {"uv": [71, 71], "uv_size": [1, 2]}
							}
						},
						{
							"origin": [8.5, 0.2125, 9.40823],
							"size": [0.9775, 3.825, 1.58355],
							"pivot": [8.9675, 2.125, 10.2],
							"rotation": [-112.5, 0, 0],
							"uv": {
								"east": {"uv": [7, 70], "uv_size": [-2, 5]},
								"west": {"uv": [9, 70], "uv_size": [-2, 5]},
								"up": {"uv": [71, 69], "uv_size": [1, -2]},
								"down": {"uv": [69, 71], "uv_size": [1, 2]}
							}
						},
						{
							"origin": [8.5, 0.2125, 9.40823],
							"size": [0.9775, 3.825, 1.58355],
							"pivot": [8.9675, 2.125, 10.2],
							"rotation": [-157.5, 0, 0],
							"uv": {
								"east": {"uv": [71, 65], "uv_size": [-2, 5]},
								"west": {"uv": [5, 70], "uv_size": [-2, 5]},
								"up": {"uv": [71, 58], "uv_size": [1, -2]},
								"down": {"uv": [71, 65], "uv_size": [1, 2]}
							}
						}
					]
				}
			]
		}
	]
}