{
	"format_version": "1.12.0",
	"minecraft:geometry": [
		{
			"description": {
				"identifier": "geometry.unknown",
				"texture_width": 256,
				"texture_height": 256,
				"visible_bounds_width": 5,
				"visible_bounds_height": 3.5,
				"visible_bounds_offset": [0, 1.25, 0]
			},
			"bones": [
				{
					"name": "bone3",
					"pivot": [8, 0, 8],
					"cubes": [
						{
							"origin": [-15, -2, -8],
							"size": [17, 15, 1],
							"pivot": [2.5, 6.5, -8.5],
							"rotation": [0, 0, 90],
							"uv": {
								"north": {"uv": [155, 1], "uv_size": [17, 15]}
							}
						},
						{
							"origin": [23, 14, -6],
							"size": [1.035, 3, 2],
							"pivot": [23.5175, 15.5, -5],
							"rotation": [-22.5, 0, 0],
							"uv": {
								"west": {"uv": [53, 124], "uv_size": [8, 16]}
							}
						},
						{
							"origin": [14.86091, 28, -5.68198],
							"size": [1, 1, 3],
							"pivot": [16.86091, 28.5, -4.18198],
							"rotation": [0, -22.5, 0],
							"uv": {
								"north": {"uv": [147, 80], "uv_size": [1, 1]},
								"east": {"uv": [76, 135], "uv_size": [3, 1]},
								"south": {"uv": [147, 82], "uv_size": [1, 1]},
								"west": {"uv": [145, 125], "uv_size": [3, 1]},
								"up": {"uv": [118, 146], "uv_size": [1, 3]},
								"down": {"uv": [119, 149], "uv_size": [1, -3]}
							}
						},
						{
							"origin": [15.86091, 28, -4.68198],
							"size": [6, 1, 1],
							"pivot": [16.86091, 28.5, -4.18198],
							"rotation": [0, -22.5, 0],
							"uv": {
								"north": {"uv": [144, 66], "uv_size": [6, 1]},
								"east": {"uv": [147, 83], "uv_size": [1, 1]},
								"south": {"uv": [144, 136], "uv_size": [6, 1]},
								"west": {"uv": [147, 84], "uv_size": [1, 1]},
								"up": {"uv": [144, 137], "uv_size": [6, 1]},
								"down": {"uv": [144, 139], "uv_size": [6, -1]}
							}
						},
						{
							"origin": [15.86091, 28, 1.31802],
							"size": [6, 2, 4],
							"pivot": [16.86091, 28.5, 1.81802],
							"rotation": [0, 22.5, 0],
							"uv": {
								"north": {"uv": [141, 82], "uv_size": [6, 2]},
								"east": {"uv": [142, 10], "uv_size": [4, 2]},
								"south": {"uv": [141, 84], "uv_size": [6, 2]},
								"west": {"uv": [139, 142], "uv_size": [4, 2]},
								"up": {"uv": [63, 137], "uv_size": [6, 4]},
								"down": {"uv": [69, 141], "uv_size": [6, -4]}
							}
						}
					]
				},
				{
					"name": "bone",
					"parent": "bone3",
					"pivot": [17, 14.12132, -3.05025],
					"cubes": [
						{
							"origin": [-8, 0, -8],
							"size": [32, 2, 32],
							"uv": {
								"north": {"uv": [132, 54], "uv_size": [32, 2]},
								"east": {"uv": [132, 56], "uv_size": [32, 2]},
								"south": {"uv": [132, 58], "uv_size": [32, 2]},
								"west": {"uv": [132, 60], "uv_size": [32, 2]},
								"up": {"uv": [0, 0], "uv_size": [32, 32]},
								"down": {"uv": [0, 64], "uv_size": [32, -32]}
							}
						},
						{
							"origin": [-2, 4, 4],
							"size": [7, 2, 8],
							"uv": {
								"north": {"uv": [140, 13], "uv_size": [7, 2]},
								"east": {"uv": [137, 127], "uv_size": [8, 2]},
								"south": {"uv": [140, 15], "uv_size": [7, 2]},
								"west": {"uv": [137, 129], "uv_size": [8, 2]},
								"down": {"uv": [94, 118], "uv_size": [7, -8]}
							}
						},
						{
							"origin": [-1, 2, -5],
							"size": [5, 3, 26],
							"uv": {
								"north": {"uv": [139, 136], "uv_size": [5, 3]},
								"east": {"uv": [0, 132], "uv_size": [26, 3]},
								"south": {"uv": [139, 139], "uv_size": [5, 3]},
								"west": {"uv": [132, 39], "uv_size": [26, 3]},
								"up": {"uv": [48, 124], "uv_size": [5, 26]}
							}
						},
						{
							"origin": [6.5, 26, 4],
							"size": [2, 1.95, 8],
							"uv": {
								"north": {"uv": [139, 144], "uv_size": [2, 2]},
								"east": {"uv": [139, 29], "uv_size": [8, 2]},
								"south": {"uv": [144, 139], "uv_size": [2, 2]},
								"west": {"uv": [139, 31], "uv_size": [8, 2]},
								"up": {"uv": [96, 41], "uv_size": [2, 8]},
								"down": {"uv": [98, 49], "uv_size": [2, -8]}
							}
						},
						{
							"origin": [-3.5, 26, 4],
							"size": [10, 0.95, 8],
							"uv": {
								"north": {"uv": [141, 92], "uv_size": [10, 1]},
								"south": {"uv": [141, 93], "uv_size": [10, 1]},
								"up": {"uv": [127, 23], "uv_size": [10, 8]},
								"down": {"uv": [127, 39], "uv_size": [10, -8]}
							}
						},
						{
							"origin": [-4.5, 23, 7],
							"size": [12, 0.95, 2],
							"uv": {
								"north": {"uv": [140, 26], "uv_size": [12, 1]},
								"south": {"uv": [140, 27], "uv_size": [12, 1]},
								"up": {"uv": [32, 137], "uv_size": [12, 2]},
								"down": {"uv": [137, 37], "uv_size": [12, -2]}
							}
						},
						{
							"origin": [-1.5, 22, 5],
							"size": [6, 3, 6],
							"uv": {
								"north": {"uv": [92, 137], "uv_size": [6, 3]},
								"east": {"uv": [98, 137], "uv_size": [6, 3]},
								"south": {"uv": [110, 137], "uv_size": [6, 3]},
								"west": {"uv": [116, 137], "uv_size": [6, 3]},
								"up": {"uv": [134, 82], "uv_size": [6, 6]},
								"down": {"uv": [134, 94], "uv_size": [6, -6]}
							}
						},
						{
							"origin": [-1.5, 21, 6],
							"size": [6, 1, 4],
							"uv": {
								"north": {"uv": [94, 118], "uv_size": [6, 1]},
								"east": {"uv": [144, 141], "uv_size": [4, 1]},
								"south": {"uv": [143, 121], "uv_size": [6, 1]},
								"west": {"uv": [71, 145], "uv_size": [4, 1]},
								"down": {"uv": [110, 123], "uv_size": [6, -4]}
							}
						},
						{
							"origin": [0, 20, 7],
							"size": [2, 1, 2],
							"pivot": [1.5, 20.5, 8.5],
							"rotation": [0, -45, 0],
							"uv": {
								"north": {"uv": [24, 147], "uv_size": [2, 1]},
								"east": {"uv": [147, 29], "uv_size": [2, 1]},
								"south": {"uv": [147, 30], "uv_size": [2, 1]},
								"west": {"uv": [147, 31], "uv_size": [2, 1]},
								"down": {"uv": [145, 125], "uv_size": [2, -2]}
							}
						},
						{
							"origin": [2, 25, 7],
							"size": [1, 2, 1],
							"pivot": [2.5, 20.5, 8.5],
							"rotation": [0, -45, 0],
							"uv": {
								"north": {"uv": [147, 32], "uv_size": [1, 2]},
								"east": {"uv": [34, 147], "uv_size": [1, 2]},
								"south": {"uv": [35, 147], "uv_size": [1, 2]},
								"west": {"uv": [37, 147], "uv_size": [1, 2]},
								"up": {"uv": [126, 12], "uv_size": [1, 1]},
								"down": {"uv": [145, 73], "uv_size": [1, -1]}
							}
						},
						{
							"origin": [7.5, 22, 6],
							"size": [2, 2.95, 4],
							"uv": {
								"north": {"uv": [143, 123], "uv_size": [2, 3]},
								"east": {"uv": [96, 49], "uv_size": [4, 3]},
								"south": {"uv": [143, 142], "uv_size": [2, 3]},
								"west": {"uv": [37, 141], "uv_size": [4, 3]},
								"up": {"uv": [100, 80], "uv_size": [2, 4]},
								"down": {"uv": [116, 79], "uv_size": [2, -4]}
							}
						},
						{
							"origin": [-6.5, 22, 6],
							"size": [2, 2.95, 4],
							"uv": {
								"north": {"uv": [144, 6], "uv_size": [2, 3]},
								"east": {"uv": [63, 141], "uv_size": [4, 3]},
								"south": {"uv": [37, 144], "uv_size": [2, 3]},
								"west": {"uv": [67, 141], "uv_size": [4, 3]},
								"up": {"uv": [116, 119], "uv_size": [2, 4]},
								"down": {"uv": [142, 10], "uv_size": [2, -4]}
							}
						},
						{
							"origin": [-5.5, 26, 4],
							"size": [2, 1.95, 8],
							"uv": {
								"north": {"uv": [141, 144], "uv_size": [2, 2]},
								"east": {"uv": [139, 33], "uv_size": [8, 2]},
								"south": {"uv": [34, 145], "uv_size": [2, 2]},
								"west": {"uv": [34, 139], "uv_size": [8, 2]},
								"up": {"uv": [75, 113], "uv_size": [2, 8]},
								"down": {"uv": [92, 131], "uv_size": [2, -8]}
							}
						},
						{
							"origin": [-6.5, 5, 7],
							"size": [1, 22.95, 2],
							"uv": {
								"north": {"uv": [47, 135], "uv_size": [1, 23]},
								"east": {"uv": [61, 124], "uv_size": [2, 23]},
								"south": {"uv": [125, 135], "uv_size": [1, 23]},
								"west": {"uv": [26, 132], "uv_size": [2, 23]},
								"up": {"uv": [147, 13], "uv_size": [1, 2]}
							}
						},
						{
							"origin": [8.5, 5, 7],
							"size": [1, 22.95, 2],
							"uv": {
								"north": {"uv": [91, 136], "uv_size": [1, 23]},
								"east": {"uv": [28, 132], "uv_size": [2, 23]},
								"south": {"uv": [19, 137], "uv_size": [1, 23]},
								"west": {"uv": [30, 132], "uv_size": [2, 23]},
								"up": {"uv": [147, 15], "uv_size": [1, 2]}
							}
						},
						{
							"origin": [6.5, 3, 6],
							"size": [3, 1.95, 4],
							"uv": {
								"north": {"uv": [63, 111], "uv_size": [3, 2]},
								"east": {"uv": [112, 39], "uv_size": [4, 2]},
								"south": {"uv": [75, 121], "uv_size": [3, 2]},
								"west": {"uv": [71, 141], "uv_size": [4, 2]},
								"up": {"uv": [113, 140], "uv_size": [3, 4]},
								"down": {"uv": [116, 144], "uv_size": [3, -4]}
							}
						},
						{
							"origin": [-6.5, 3, 6],
							"size": [3, 1.95, 4],
							"uv": {
								"north": {"uv": [71, 143], "uv_size": [3, 2]},
								"east": {"uv": [142, 2], "uv_size": [4, 2]},
								"south": {"uv": [143, 119], "uv_size": [3, 2]},
								"west": {"uv": [142, 4], "uv_size": [4, 2]},
								"up": {"uv": [119, 140], "uv_size": [3, 4]},
								"down": {"uv": [34, 145], "uv_size": [3, -4]}
							}
						},
						{
							"origin": [-4, 6, 2.5],
							"size": [11, 1, 11],
							"uv": {
								"north": {"uv": [140, 28], "uv_size": [11, 1]},
								"east": {"uv": [141, 86], "uv_size": [11, 1]},
								"south": {"uv": [141, 87], "uv_size": [11, 1]},
								"west": {"uv": [141, 88], "uv_size": [11, 1]},
								"up": {"uv": [126, 123], "uv_size": [11, 11]},
								"down": {"uv": [127, 23], "uv_size": [11, -11]}
							}
						},
						{
							"origin": [11, 2, -5],
							"size": [12, 26, 29],
							"uv": {
								"north": {"uv": [78, 84], "uv_size": [12, 26]},
								"south": {"uv": [90, 84], "uv_size": [12, 26]},
								"up": {"uv": [66, 84], "uv_size": [12, 29]}
							}
						},
						{
							"origin": [23, 2, -8],
							"size": [1, 26, 32],
							"uv": {
								"north": {"uv": [5, 135], "uv_size": [1, 26]},
								"east": {"uv": [64, 0], "uv_size": [32, 26]},
								"south": {"uv": [6, 135], "uv_size": [1, 26]},
								"west": {"uv": [64, 26], "uv_size": [32, 26]},
								"up": {"uv": [109, 131], "uv_size": [1, 32]},
								"down": {"uv": [126, 166], "uv_size": [1, -32]}
							}
						},
						{
							"origin": [10, 2, -8],
							"size": [1, 28, 32],
							"uv": {
								"north": {"uv": [128, 134], "uv_size": [1, 28]},
								"east": {"uv": [32, 0], "uv_size": [32, 28]},
								"south": {"uv": [129, 134], "uv_size": [1, 28]},
								"west": {"uv": [32, 28], "uv_size": [32, 28]},
								"up": {"uv": [127, 134], "uv_size": [1, 32]}
							}
						},
						{
							"origin": [11, 28, 11],
							"size": [13, 2, 13],
							"uv": {
								"south": {"uv": [135, 134], "uv_size": [13, 2]},
								"west": {"uv": [76, 136], "uv_size": [13, 2]},
								"up": {"uv": [79, 123], "uv_size": [13, 13]}
							}
						},
						{
							"origin": [19.04594, 30.74695, -8],
							"size": [2, 3, 19],
							"pivot": [20.54594, 19.74695, 8],
							"rotation": [0, 0, -45],
							"uv": {
								"north": {"uv": [113, 144], "uv_size": [2, 3]},
								"west": {"uv": [132, 67], "uv_size": [19, 3]}
							}
						},
						{
							"origin": [13.5, 26.73223, 7.14645],
							"size": [2, 3, 13],
							"pivot": [14.5, 28.23223, 10.64645],
							"rotation": [-90, 45, -90],
							"uv": {
								"south": {"uv": [115, 144], "uv_size": [2, 3]},
								"west": {"uv": [132, 70], "uv_size": [13, 3]}
							}
						},
						{
							"origin": [-8, 29, -8],
							"size": [18, 1, 32],
							"uv": {
								"north": {"uv": [134, 122], "uv_size": [18, 1]},
								"east": {"uv": [134, 94], "uv_size": [32, 1]},
								"south": {"uv": [137, 37], "uv_size": [18, 1]},
								"up": {"uv": [64, 52], "uv_size": [18, 32]},
								"down": {"uv": [82, 84], "uv_size": [18, -32]}
							}
						},
						{
							"origin": [-7, 2, -8],
							"size": [17, 4, 1],
							"uv": {
								"north": {"uv": [92, 131], "uv_size": [17, 4]},
								"south": {"uv": [132, 42], "uv_size": [17, 4]},
								"up": {"uv": [137, 38], "uv_size": [17, 1]}
							}
						},
						{
							"origin": [9, 7, -8.5],
							"size": [1, 17, 1],
							"uv": {
								"north": {"uv": [44, 137], "uv_size": [1, 17]},
								"east": {"uv": [75, 137], "uv_size": [1, 17]},
								"south": {"uv": [104, 137], "uv_size": [1, 17]},
								"west": {"uv": [122, 137], "uv_size": [1, 17]}
							}
						},
						{
							"origin": [2, 15, -8.5],
							"size": [1, 17, 1],
							"pivot": [2.5, 24.5, -8],
							"rotation": [0, 0, 90],
							"uv": {
								"north": {"uv": [79, 138], "uv_size": [1, 17]},
								"east": {"uv": [80, 138], "uv_size": [1, 17]},
								"south": {"uv": [81, 138], "uv_size": [1, 17]},
								"west": {"uv": [82, 138], "uv_size": [1, 17]},
								"up": {"uv": [147, 72], "uv_size": [1, 1]},
								"down": {"uv": [147, 74], "uv_size": [1, -1]}
							}
						},
						{
							"origin": [2, -3, -8.5],
							"size": [1, 17, 1],
							"pivot": [2.5, 6.5, -8],
							"rotation": [0, 0, 90],
							"uv": {
								"north": {"uv": [83, 138], "uv_size": [1, 17]},
								"east": {"uv": [84, 138], "uv_size": [1, 17]},
								"south": {"uv": [85, 138], "uv_size": [1, 17]},
								"west": {"uv": [86, 138], "uv_size": [1, 17]},
								"up": {"uv": [147, 74], "uv_size": [1, 1]},
								"down": {"uv": [147, 76], "uv_size": [1, -1]}
							}
						},
						{
							"origin": [-7, 7, -8.5],
							"size": [1, 17, 1],
							"uv": {
								"north": {"uv": [137, 136], "uv_size": [1, 17]},
								"east": {"uv": [76, 138], "uv_size": [1, 17]},
								"south": {"uv": [77, 138], "uv_size": [1, 17]},
								"west": {"uv": [78, 138], "uv_size": [1, 17]}
							}
						},
						{
							"origin": [-9, 9, -8.5],
							"size": [2, 3, 2],
							"uv": {
								"north": {"uv": [39, 144], "uv_size": [2, 3]},
								"east": {"uv": [144, 62], "uv_size": [2, 3]},
								"south": {"uv": [63, 144], "uv_size": [2, 3]},
								"up": {"uv": [145, 127], "uv_size": [2, 2]},
								"down": {"uv": [145, 131], "uv_size": [2, -2]}
							}
						},
						{
							"origin": [-9, 19, -8.5],
							"size": [2, 3, 2],
							"uv": {
								"north": {"uv": [65, 144], "uv_size": [2, 3]},
								"east": {"uv": [67, 144], "uv_size": [2, 3]},
								"south": {"uv": [69, 144], "uv_size": [2, 3]},
								"up": {"uv": [145, 142], "uv_size": [2, 2]},
								"down": {"uv": [143, 147], "uv_size": [2, -2]}
							}
						},
						{
							"origin": [-8.25, 11.5, -10],
							"size": [1, 8, 1],
							"uv": {
								"north": {"uv": [101, 110], "uv_size": [1, 8]},
								"east": {"uv": [77, 113], "uv_size": [1, 8]},
								"south": {"uv": [138, 13], "uv_size": [1, 8]},
								"west": {"uv": [41, 141], "uv_size": [1, 8]}
							}
						},
						{
							"origin": [-8.25, 18.70711, -9.08579],
							"size": [1, 3, 1],
							"pivot": [-7.75, 20.20711, -8.58579],
							"rotation": [-45, 0, 0],
							"uv": {
								"north": {"uv": [121, 144], "uv_size": [1, 3]},
								"east": {"uv": [36, 145], "uv_size": [1, 3]},
								"south": {"uv": [146, 62], "uv_size": [1, 3]},
								"west": {"uv": [71, 146], "uv_size": [1, 3]}
							}
						},
						{
							"origin": [-8.25, 9.29289, -9.08579],
							"size": [1, 3, 1],
							"pivot": [-7.75, 10.79289, -8.58579],
							"rotation": [45, 0, 0],
							"uv": {
								"north": {"uv": [72, 146], "uv_size": [1, 3]},
								"east": {"uv": [146, 72], "uv_size": [1, 3]},
								"south": {"uv": [73, 146], "uv_size": [1, 3]},
								"west": {"uv": [74, 146], "uv_size": [1, 3]}
							}
						},
						{
							"origin": [-7, 25, -8],
							"size": [17, 4, 1],
							"uv": {
								"north": {"uv": [132, 46], "uv_size": [17, 4]},
								"south": {"uv": [132, 50], "uv_size": [17, 4]},
								"down": {"uv": [137, 127], "uv_size": [17, -1]}
							}
						},
						{
							"origin": [-8.5, 26, -8.5],
							"size": [8.5, 3, 1],
							"uv": {
								"north": {"uv": [134, 119], "uv_size": [9, 3]},
								"east": {"uv": [146, 75], "uv_size": [1, 3]},
								"west": {"uv": [146, 78], "uv_size": [1, 3]},
								"up": {"uv": [142, 0], "uv_size": [9, 1]},
								"down": {"uv": [142, 2], "uv_size": [9, -1]}
							}
						},
						{
							"origin": [-11, 26, -5],
							"size": [6, 3, 1],
							"pivot": [-8, 27.5, -4.5],
							"rotation": [0, 90, 0],
							"uv": {
								"north": {"uv": [137, 123], "uv_size": [6, 3]},
								"east": {"uv": [117, 146], "uv_size": [1, 3]},
								"up": {"uv": [144, 9], "uv_size": [6, 1]},
								"down": {"uv": [144, 66], "uv_size": [6, -1]}
							}
						},
						{
							"origin": [7.25, 3, -6],
							"size": [1, 0.95, 28],
							"pivot": [8.25, 4, 8],
							"rotation": [0, 0, 45],
							"uv": {
								"east": {"uv": [134, 111], "uv_size": [28, 1]},
								"west": {"uv": [134, 112], "uv_size": [28, 1]},
								"up": {"uv": [130, 134], "uv_size": [1, 28]},
								"down": {"uv": [131, 162], "uv_size": [1, -28]}
							}
						},
						{
							"origin": [-4.75, 3, -6],
							"size": [1, 0.95, 28],
							"pivot": [-3.75, 4, 8],
							"rotation": [0, 0, 45],
							"uv": {
								"east": {"uv": [134, 117], "uv_size": [28, 1]},
								"west": {"uv": [134, 118], "uv_size": [28, 1]},
								"up": {"uv": [1, 135], "uv_size": [1, 28]},
								"down": {"uv": [2, 163], "uv_size": [1, -28]}
							}
						},
						{
							"origin": [-5.25, 2.5, -7],
							"size": [2, 1.95, 1],
							"pivot": [-3.75, 4, 8],
							"rotation": [0, 0, 45],
							"uv": {
								"east": {"uv": [74, 143], "uv_size": [1, 2]},
								"south": {"uv": [117, 144], "uv_size": [2, 2]},
								"west": {"uv": [146, 10], "uv_size": [1, 2]},
								"up": {"uv": [146, 8], "uv_size": [2, 1]},
								"down": {"uv": [146, 82], "uv_size": [2, -1]}
							}
						},
						{
							"origin": [6.75, 2.5, -7],
							"size": [2, 1.95, 1],
							"pivot": [8.25, 4, 8],
							"rotation": [0, 0, 45],
							"uv": {
								"east": {"uv": [111, 13], "uv_size": [1, 2]},
								"south": {"uv": [132, 73], "uv_size": [2, 2]},
								"west": {"uv": [138, 21], "uv_size": [1, 2]},
								"up": {"uv": [116, 79], "uv_size": [2, 1]},
								"down": {"uv": [100, 119], "uv_size": [2, -1]}
							}
						},
						{
							"origin": [-5.25, 2.5, 22],
							"size": [2, 1.95, 1],
							"pivot": [-3.75, 4, 37],
							"rotation": [0, 0, 45],
							"uv": {
								"north": {"uv": [119, 144], "uv_size": [2, 2]},
								"east": {"uv": [146, 119], "uv_size": [1, 2]},
								"west": {"uv": [120, 146], "uv_size": [1, 2]},
								"up": {"uv": [139, 146], "uv_size": [2, 1]},
								"down": {"uv": [146, 140], "uv_size": [2, -1]}
							}
						},
						{
							"origin": [6.75, 2.5, 22],
							"size": [2, 1.95, 1],
							"pivot": [8.25, 4, 37],
							"rotation": [0, 0, 45],
							"uv": {
								"north": {"uv": [145, 70], "uv_size": [2, 2]},
								"east": {"uv": [20, 147], "uv_size": [1, 2]},
								"west": {"uv": [21, 147], "uv_size": [1, 2]},
								"up": {"uv": [147, 11], "uv_size": [2, 1]},
								"down": {"uv": [22, 148], "uv_size": [2, -1]}
							}
						},
						{
							"origin": [7.25, 26, -6],
							"size": [1, 0.95, 28],
							"pivot": [8.25, 27, 8],
							"rotation": [0, 0, 45],
							"uv": {
								"east": {"uv": [134, 113], "uv_size": [28, 1]},
								"west": {"uv": [134, 114], "uv_size": [28, 1]},
								"up": {"uv": [132, 134], "uv_size": [1, 28]},
								"down": {"uv": [133, 162], "uv_size": [1, -28]}
							}
						},
						{
							"origin": [-4.75, 26, -6],
							"size": [1, 0.95, 28],
							"pivot": [-3.75, 27, 8],
							"rotation": [0, 0, 45],
							"uv": {
								"east": {"uv": [134, 115], "uv_size": [28, 1]},
								"west": {"uv": [134, 116], "uv_size": [28, 1]},
								"up": {"uv": [134, 134], "uv_size": [1, 28]},
								"down": {"uv": [0, 163], "uv_size": [1, -28]}
							}
						},
						{
							"origin": [6.75, 25.5, -7],
							"size": [2, 1.95, 1],
							"pivot": [8.25, 27, 8],
							"rotation": [0, 0, 45],
							"uv": {
								"east": {"uv": [69, 147], "uv_size": [1, 2]},
								"south": {"uv": [146, 6], "uv_size": [2, 2]},
								"west": {"uv": [70, 147], "uv_size": [1, 2]},
								"up": {"uv": [147, 70], "uv_size": [2, 1]},
								"down": {"uv": [147, 72], "uv_size": [2, -1]}
							}
						},
						{
							"origin": [-5.25, 25.5, -7],
							"size": [2, 1.95, 1],
							"pivot": [-3.75, 27, 8],
							"rotation": [0, 0, 45],
							"uv": {
								"east": {"uv": [147, 63], "uv_size": [1, 2]},
								"south": {"uv": [146, 4], "uv_size": [2, 2]},
								"west": {"uv": [64, 147], "uv_size": [1, 2]},
								"up": {"uv": [65, 147], "uv_size": [2, 1]},
								"down": {"uv": [67, 148], "uv_size": [2, -1]}
							}
						},
						{
							"origin": [-5.25, 25.5, 22],
							"size": [2, 1.95, 1],
							"pivot": [-3.75, 27, 37],
							"rotation": [0, 0, 45],
							"uv": {
								"north": {"uv": [146, 2], "uv_size": [2, 2]},
								"east": {"uv": [40, 147], "uv_size": [1, 2]},
								"west": {"uv": [61, 147], "uv_size": [1, 2]},
								"up": {"uv": [62, 147], "uv_size": [2, 1]},
								"down": {"uv": [147, 63], "uv_size": [2, -1]}
							}
						},
						{
							"origin": [6.75, 25.5, 22],
							"size": [2, 1.95, 1],
							"pivot": [8.25, 27, 37],
							"rotation": [0, 0, 45],
							"uv": {
								"north": {"uv": [145, 144], "uv_size": [2, 2]},
								"east": {"uv": [38, 147], "uv_size": [1, 2]},
								"west": {"uv": [39, 147], "uv_size": [1, 2]},
								"up": {"uv": [147, 34], "uv_size": [2, 1]},
								"down": {"uv": [45, 148], "uv_size": [2, -1]}
							}
						},
						{
							"origin": [-8, 2, -8],
							"size": [1, 27, 32],
							"uv": {
								"north": {"uv": [3, 135], "uv_size": [1, 27]},
								"east": {"uv": [32, 56], "uv_size": [32, 27]},
								"south": {"uv": [4, 135], "uv_size": [1, 27]},
								"west": {"uv": [0, 64], "uv_size": [32, 27]}
							}
						},
						{
							"origin": [-7, 2, 23],
							"size": [17, 27, 1],
							"uv": {
								"north": {"uv": [32, 83], "uv_size": [17, 27]},
								"south": {"uv": [49, 84], "uv_size": [17, 27]}
							}
						},
						{
							"origin": [11, 2, -8],
							"size": [12, 10, 3],
							"uv": {
								"north": {"uv": [63, 113], "uv_size": [12, 10]}
							}
						},
						{
							"origin": [11, 25, -8],
							"size": [12, 3, 3],
							"uv": {
								"north": {"uv": [134, 73], "uv_size": [12, 3]},
								"up": {"uv": [134, 76], "uv_size": [12, 3]},
								"down": {"uv": [134, 82], "uv_size": [12, -3]}
							}
						},
						{
							"origin": [12, 24.75, -7],
							"size": [10, 0.25, 1],
							"uv": {
								"north": {"uv": [141, 89], "uv_size": [10, 1]},
								"east": {"uv": [63, 83], "uv_size": [1, 1]},
								"south": {"uv": [141, 90], "uv_size": [10, 1]},
								"west": {"uv": [48, 110], "uv_size": [1, 1]},
								"down": {"uv": [141, 92], "uv_size": [10, -1]}
							}
						},
						{
							"origin": [11, 9.12132, -5.05025],
							"size": [12, 5, 1],
							"pivot": [17, 14.12132, -3.05025],
							"rotation": [-45, 0, 0],
							"uv": {
								"north": {"uv": [132, 62], "uv_size": [12, 5]}
							}
						}
					]
				},
				{
					"name": "bone2",
					"parent": "bone3",
					"pivot": [1.5, 7, 8],
					"cubes": [
						{
							"origin": [-2.5, 14, 4],
							"size": [8, 0.5, 0.75],
							"uv": {
								"north": {"uv": [137, 131], "uv_size": [16, 1]},
								"east": {"uv": [146, 140], "uv_size": [2, 1]},
								"south": {"uv": [137, 132], "uv_size": [16, 1]},
								"west": {"uv": [141, 146], "uv_size": [2, 1]},
								"up": {"uv": [134, 95], "uv_size": [16, 2]},
								"down": {"uv": [134, 99], "uv_size": [16, -2]}
							}
						},
						{
							"origin": [-1.75, 14, 4],
							"size": [6.5, 0.5, 0.75],
							"pivot": [1.5, 7, 8],
							"rotation": [0, -90, 0],
							"uv": {
								"north": {"uv": [140, 22], "uv_size": [13, 1]},
								"south": {"uv": [140, 23], "uv_size": [13, 1]},
								"up": {"uv": [32, 135], "uv_size": [13, 2]},
								"down": {"uv": [63, 137], "uv_size": [13, -2]}
							}
						},
						{
							"origin": [-9, 14, 4],
							"size": [6.5, 0.5, 0.75],
							"pivot": [-5.75, 7, 8],
							"rotation": [0, -90, 0],
							"uv": {
								"north": {"uv": [140, 24], "uv_size": [13, 1]},
								"south": {"uv": [140, 25], "uv_size": [13, 1]},
								"up": {"uv": [92, 135], "uv_size": [13, 2]},
								"down": {"uv": [110, 137], "uv_size": [13, -2]}
							}
						},
						{
							"origin": [-2.5, 14, 11.25],
							"size": [8, 0.5, 0.75],
							"uv": {
								"north": {"uv": [137, 133], "uv_size": [16, 1]},
								"east": {"uv": [145, 146], "uv_size": [2, 1]},
								"south": {"uv": [138, 12], "uv_size": [16, 1]},
								"west": {"uv": [147, 10], "uv_size": [2, 1]},
								"up": {"uv": [134, 107], "uv_size": [16, 2]},
								"down": {"uv": [134, 111], "uv_size": [16, -2]}
							}
						},
						{
							"origin": [-1.75, 14, 7.5],
							"size": [6.5, 0.5, 1],
							"uv": {
								"north": {"uv": [140, 20], "uv_size": [13, 1]},
								"south": {"uv": [140, 21], "uv_size": [13, 1]},
								"up": {"uv": [7, 135], "uv_size": [13, 2]}
							}
						},
						{
							"origin": [4.75, 8, 4],
							"size": [0.75, 6, 0.75],
							"uv": {
								"north": {"uv": [20, 135], "uv_size": [2, 12]},
								"east": {"uv": [22, 135], "uv_size": [2, 12]},
								"south": {"uv": [24, 135], "uv_size": [2, 12]},
								"west": {"uv": [45, 135], "uv_size": [2, 12]}
							}
						},
						{
							"origin": [-2.5, 8, 4],
							"size": [0.75, 6, 0.75],
							"uv": {
								"north": {"uv": [105, 135], "uv_size": [2, 12]},
								"east": {"uv": [107, 135], "uv_size": [2, 12]},
								"south": {"uv": [123, 135], "uv_size": [2, 12]},
								"west": {"uv": [89, 136], "uv_size": [2, 12]}
							}
						},
						{
							"origin": [-2.5, 8, 11.25],
							"size": [0.75, 6, 0.75],
							"uv": {
								"north": {"uv": [13, 137], "uv_size": [2, 12]},
								"east": {"uv": [15, 137], "uv_size": [2, 12]},
								"south": {"uv": [17, 137], "uv_size": [2, 12]},
								"west": {"uv": [137, 23], "uv_size": [2, 12]}
							}
						},
						{
							"origin": [4.75, 8, 11.25],
							"size": [0.75, 6, 0.75],
							"uv": {
								"north": {"uv": [135, 136], "uv_size": [2, 12]},
								"east": {"uv": [7, 137], "uv_size": [2, 12]},
								"south": {"uv": [9, 137], "uv_size": [2, 12]},
								"west": {"uv": [11, 137], "uv_size": [2, 12]}
							}
						},
						{
							"origin": [-2.25, 8, 4.2],
							"size": [7.5, 6.25, 7.5],
							"uv": {
								"north": {"uv": [111, 0], "uv_size": [15, 13]},
								"east": {"uv": [48, 111], "uv_size": [15, 13]},
								"south": {"uv": [112, 13], "uv_size": [15, 13]},
								"west": {"uv": [112, 26], "uv_size": [15, 13]},
								"up": {"uv": [96, 0], "uv_size": [15, 15]}
							}
						},
						{
							"origin": [-2.5, 7.25, 4],
							"size": [8, 0.75, 8],
							"uv": {
								"north": {"uv": [134, 99], "uv_size": [16, 2]},
								"east": {"uv": [134, 101], "uv_size": [16, 2]},
								"south": {"uv": [134, 103], "uv_size": [16, 2]},
								"west": {"uv": [134, 105], "uv_size": [16, 2]},
								"up": {"uv": [0, 91], "uv_size": [16, 16]},
								"down": {"uv": [16, 107], "uv_size": [16, -16]}
							}
						},
						{
							"origin": [-2.5, 8, 5],
							"size": [8, 6, 0.5],
							"uv": {
								"north": {"uv": [116, 39], "uv_size": [16, 12]},
								"east": {"uv": [140, 82], "uv_size": [1, 12]},
								"south": {"uv": [116, 51], "uv_size": [16, 12]},
								"west": {"uv": [94, 140], "uv_size": [1, 12]}
							}
						},
						{
							"origin": [-2.5, 8, 6],
							"size": [8, 6, 0.5],
							"uv": {
								"north": {"uv": [116, 63], "uv_size": [16, 12]},
								"east": {"uv": [95, 140], "uv_size": [1, 12]},
								"south": {"uv": [118, 75], "uv_size": [16, 12]},
								"west": {"uv": [96, 140], "uv_size": [1, 12]}
							}
						},
						{
							"origin": [-2.5, 8, 7],
							"size": [8, 6, 0.5],
							"uv": {
								"north": {"uv": [118, 87], "uv_size": [16, 12]},
								"east": {"uv": [97, 140], "uv_size": [1, 12]},
								"south": {"uv": [118, 99], "uv_size": [16, 12]},
								"west": {"uv": [98, 140], "uv_size": [1, 12]}
							}
						},
						{
							"origin": [-2.5, 8, 7.75],
							"size": [8, 6, 0.5],
							"uv": {
								"north": {"uv": [118, 111], "uv_size": [16, 12]},
								"east": {"uv": [99, 140], "uv_size": [1, 12]},
								"south": {"uv": [94, 119], "uv_size": [16, 12]},
								"west": {"uv": [100, 140], "uv_size": [1, 12]}
							}
						},
						{
							"origin": [-2.5, 8, 8.5],
							"size": [8, 6, 0.5],
							"uv": {
								"north": {"uv": [0, 120], "uv_size": [16, 12]},
								"east": {"uv": [101, 140], "uv_size": [1, 12]},
								"south": {"uv": [16, 120], "uv_size": [16, 12]},
								"west": {"uv": [102, 140], "uv_size": [1, 12]}
							}
						},
						{
							"origin": [-2.5, 8, 9.5],
							"size": [8, 6, 0.5],
							"uv": {
								"north": {"uv": [32, 123], "uv_size": [16, 12]},
								"east": {"uv": [103, 140], "uv_size": [1, 12]},
								"south": {"uv": [63, 123], "uv_size": [16, 12]},
								"west": {"uv": [110, 140], "uv_size": [1, 12]}
							}
						},
						{
							"origin": [-2.5, 8, 10.5],
							"size": [8, 6, 0.5],
							"uv": {
								"north": {"uv": [110, 123], "uv_size": [16, 12]},
								"east": {"uv": [111, 140], "uv_size": [1, 12]},
								"south": {"uv": [126, 0], "uv_size": [16, 12]},
								"west": {"uv": [112, 140], "uv_size": [1, 12]}
							}
						},
						{
							"origin": [3.75, 8, 4.00125],
							"size": [0.5, 6.4975, 7.9975],
							"uv": {
								"north": {"uv": [42, 139], "uv_size": [1, 13]},
								"east": {"uv": [96, 15], "uv_size": [16, 13]},
								"south": {"uv": [43, 139], "uv_size": [1, 13]},
								"west": {"uv": [96, 28], "uv_size": [16, 13]},
								"up": {"uv": [87, 138], "uv_size": [1, 16]}
							}
						},
						{
							"origin": [2.75, 8, 4.00125],
							"size": [0.5, 6.4975, 7.9975],
							"uv": {
								"north": {"uv": [53, 140], "uv_size": [1, 13]},
								"east": {"uv": [100, 41], "uv_size": [16, 13]},
								"south": {"uv": [54, 140], "uv_size": [1, 13]},
								"west": {"uv": [100, 54], "uv_size": [16, 13]},
								"up": {"uv": [88, 138], "uv_size": [1, 16]}
							}
						},
						{
							"origin": [1.75, 8, 4.00125],
							"size": [0.5, 6.4975, 7.9975],
							"uv": {
								"north": {"uv": [55, 140], "uv_size": [1, 13]},
								"east": {"uv": [100, 67], "uv_size": [16, 13]},
								"south": {"uv": [56, 140], "uv_size": [1, 13]},
								"west": {"uv": [102, 80], "uv_size": [16, 13]},
								"up": {"uv": [138, 136], "uv_size": [1, 16]}
							}
						},
						{
							"origin": [0.75, 8, 4.00125],
							"size": [0.5, 6.4975, 7.9975],
							"uv": {
								"north": {"uv": [57, 140], "uv_size": [1, 13]},
								"east": {"uv": [102, 93], "uv_size": [16, 13]},
								"south": {"uv": [58, 140], "uv_size": [1, 13]},
								"west": {"uv": [102, 106], "uv_size": [16, 13]},
								"up": {"uv": [139, 13], "uv_size": [1, 16]}
							}
						},
						{
							"origin": [-0.25, 8, 4.00125],
							"size": [0.5, 6.4975, 7.9975],
							"uv": {
								"north": {"uv": [59, 140], "uv_size": [1, 13]},
								"east": {"uv": [0, 107], "uv_size": [16, 13]},
								"south": {"uv": [60, 140], "uv_size": [1, 13]},
								"west": {"uv": [16, 107], "uv_size": [16, 13]},
								"up": {"uv": [32, 139], "uv_size": [1, 16]}
							}
						},
						{
							"origin": [-1.25, 8, 4.00125],
							"size": [0.5, 6.4975, 7.9975],
							"uv": {
								"north": {"uv": [92, 140], "uv_size": [1, 13]},
								"east": {"uv": [32, 110], "uv_size": [16, 13]},
								"south": {"uv": [93, 140], "uv_size": [1, 13]},
								"west": {"uv": [78, 110], "uv_size": [16, 13]},
								"up": {"uv": [33, 139], "uv_size": [1, 16]}
							}
						},
						{
							"origin": [-2, 7, 4],
							"size": [7, 0.25, 0.5],
							"uv": {
								"north": {"uv": [140, 18], "uv_size": [14, 1]},
								"east": {"uv": [147, 78], "uv_size": [1, 1]},
								"south": {"uv": [140, 19], "uv_size": [14, 1]},
								"west": {"uv": [147, 79], "uv_size": [1, 1]}
							}
						},
						{
							"origin": [-2, 7, 11.5],
							"size": [7, 0.25, 0.5],
							"uv": {
								"north": {"uv": [49, 83], "uv_size": [14, 1]},
								"east": {"uv": [147, 76], "uv_size": [1, 1]},
								"south": {"uv": [140, 17], "uv_size": [14, 1]},
								"west": {"uv": [147, 77], "uv_size": [1, 1]}
							}
						}
					]
				}
			]
		}
	]
}