{
	"format_version": "1.12.0",
	"minecraft:geometry": [
		{
			"description": {
				"identifier": "geometry.unknown",
				"texture_width": 256,
				"texture_height": 256,
				"visible_bounds_width": 9,
				"visible_bounds_height": 6.5,
				"visible_bounds_offset": [0, 2.75, 0]
			},
			"bones": [
				{
					"name": "root",
					"pivot": [0, 0, 0]
				},
				{
					"name": "turret",
					"parent": "root",
					"pivot": [0, 32.832, -0.95923]
				},
				{
					"name": "barrel",
					"parent": "turret",
					"pivot": [0, 39.66362, -0.53991]
				},
				{
					"name": "charge",
					"parent": "barrel",
					"pivot": [0, 48.2731, 0]
				},
				{
					"name": "animation1",
					"parent": "charge",
					"pivot": [-0.00002, 48.27313, -15.82595],
					"cubes": [
						{
							"origin": [-1.35692, 46.91623, -15.82595],
							"size": [2.71381, 2.71381, 8],
							"pivot": [-0.00002, 48.27313, -21.7217],
							"rotation": [0, 0, -45],
							"uv": {
								"east": {"uv": [144, 52], "uv_size": [8, 2.5]},
								"west": {"uv": [144, 75], "uv_size": [8, 2.5]},
								"up": {"uv": [46, 145], "uv_size": [2.5, 8]},
								"down": {"uv": [49, 153], "uv_size": [2.5, -8]}
							}
						}
					]
				},
				{
					"name": "animation2",
					"parent": "charge",
					"pivot": [-0.00002, 48.27313, -23.82595],
					"cubes": [
						{
							"origin": [-1.35692, 46.91623, -23.82595],
							"size": [2.71381, 2.71381, 8],
							"pivot": [-0.00002, 48.27313, -29.7217],
							"rotation": [0, 0, -45],
							"uv": {
								"east": {"uv": [145, 0], "uv_size": [8, 2.5]},
								"west": {"uv": [145, 16], "uv_size": [8, 2.5]},
								"up": {"uv": [52, 145], "uv_size": [2.5, 8]},
								"down": {"uv": [63, 153], "uv_size": [2.5, -8]}
							}
						}
					]
				},
				{
					"name": "animation3",
					"parent": "charge",
					"pivot": [-0.00002, 48.27313, -31.82595],
					"cubes": [
						{
							"origin": [-1.35692, 46.91623, -31.82595],
							"size": [2.71381, 2.71381, 8],
							"pivot": [-0.00002, 48.27313, -37.7217],
							"rotation": [0, 0, -45],
							"uv": {
								"east": {"uv": [106, 145], "uv_size": [8, 2.5]},
								"west": {"uv": [114, 145], "uv_size": [8, 2.5]},
								"up": {"uv": [101, 145], "uv_size": [2.5, 8]},
								"down": {"uv": [14, 154], "uv_size": [2.5, -8]}
							}
						}
					]
				},
				{
					"name": "animation4",
					"parent": "charge",
					"pivot": [-0.00002, 48.27313, -39.82595],
					"cubes": [
						{
							"origin": [-1.35692, 46.91623, -39.82595],
							"size": [2.71381, 2.71381, 8],
							"pivot": [-0.00002, 48.27313, -45.7217],
							"rotation": [0, 0, -45],
							"uv": {
								"east": {"uv": [38, 146], "uv_size": [8, 2.5]},
								"west": {"uv": [68, 146], "uv_size": [8, 2.5]},
								"up": {"uv": [26, 146], "uv_size": [2.5, 8]},
								"down": {"uv": [76, 154], "uv_size": [2.5, -8]}
							}
						}
					]
				},
				{
					"name": "animation5",
					"parent": "charge",
					"pivot": [-0.00002, 48.27313, -47.82595],
					"cubes": [
						{
							"origin": [-1.35692, 46.91623, -47.82595],
							"size": [2.71381, 2.71381, 8],
							"pivot": [-0.00002, 48.27313, -53.7217],
							"rotation": [0, 0, -45],
							"uv": {
								"east": {"uv": [144, 52], "uv_size": [8, 2.5]},
								"west": {"uv": [144, 75], "uv_size": [8, 2.5]},
								"up": {"uv": [46, 145], "uv_size": [2.5, 8]},
								"down": {"uv": [49, 153], "uv_size": [2.5, -8]}
							}
						}
					]
				},
				{
					"name": "charge_illuminated",
					"parent": "charge",
					"pivot": [0, 48.27209, -16.21313],
					"cubes": [
						{
							"origin": [-1.76369, 39.85246, -16.94369],
							"size": [3.52739, 36.83928, 1.46112],
							"pivot": [0, 48.27209, -16.21313],
							"rotation": [90, 0, -157.5],
							"uv": {
								"east": {"uv": [231.25, 0], "uv_size": [6, 70]},
								"west": {"uv": [206.25, 0], "uv_size": [6, 70]},
								"down": {"uv": [231.35, 64.1], "uv_size": [-0.1, -0.1]}
							}
						},
						{
							"origin": [-1.76369, 39.85246, -16.94369],
							"size": [3.52739, 36.83928, 1.46112],
							"pivot": [0, 48.27209, -16.21313],
							"rotation": [90, 0, 157.5],
							"uv": {
								"east": {"uv": [237.5, 0], "uv_size": [6, 70]},
								"west": {"uv": [212.5, 0], "uv_size": [6, 70]},
								"down": {"uv": [231.35, 64.1], "uv_size": [-0.1, -0.1]}
							}
						},
						{
							"origin": [-1.76369, 39.85246, -16.94369],
							"size": [3.52739, 36.83928, 1.46112],
							"pivot": [0, 48.27209, -16.21313],
							"rotation": [90, 0, 112.5],
							"uv": {
								"east": {"uv": [243.75, 0], "uv_size": [6, 70]},
								"west": {"uv": [218.75, 0], "uv_size": [6, 70]},
								"down": {"uv": [231.35, 64.1], "uv_size": [-0.1, -0.1]}
							}
						},
						{
							"origin": [-1.76369, 39.85246, -16.94369],
							"size": [3.52739, 36.83928, 1.46112],
							"pivot": [0, 48.27209, -16.21313],
							"rotation": [90, 0, 67.5],
							"uv": {
								"east": {"uv": [250, 0], "uv_size": [6, 70]},
								"west": {"uv": [225, 0], "uv_size": [6, 70]},
								"down": {"uv": [231.35, 64.1], "uv_size": [-0.1, -0.1]}
							}
						}
					]
				},
				{
					"name": "off",
					"parent": "barrel",
					"pivot": [0, 39.66362, -0.53991]
				},
				{
					"name": "light_off",
					"parent": "off",
					"pivot": [-0.00002, 57.0169, 42.04904],
					"cubes": [
						{
							"origin": [-2.6789, 56.9747, 40.31763],
							"size": [5.35776, 0.08441, 3.46281],
							"uv": {
								"up": {"uv": [147, 44], "uv_size": [5.5, 3.5]}
							}
						}
					]
				},
				{
					"name": "light_off2",
					"parent": "off",
					"pivot": [-0.00002, 57.0169, 37.53108],
					"cubes": [
						{
							"origin": [-2.6789, 56.9747, 35.79967],
							"size": [5.35776, 0.08441, 3.46281],
							"uv": {
								"up": {"uv": [32, 147], "uv_size": [5.5, 3.5]}
							}
						}
					]
				},
				{
					"name": "light_off3",
					"parent": "off",
					"pivot": [-0.00002, 57.0169, 33.01311],
					"cubes": [
						{
							"origin": [-2.6789, 56.9747, 31.28171],
							"size": [5.35776, 0.08441, 3.46281],
							"uv": {
								"up": {"uv": [146, 138], "uv_size": [5.5, 3.5]}
							}
						}
					]
				},
				{
					"name": "light_off4",
					"parent": "off",
					"pivot": [-0.00002, 57.0169, 28.49515],
					"cubes": [
						{
							"origin": [-2.6789, 56.9747, 26.76374],
							"size": [5.35776, 0.08441, 3.46281],
							"uv": {
								"up": {"uv": [146, 134], "uv_size": [5.5, 3.5]}
							}
						}
					]
				},
				{
					"name": "light_off5",
					"parent": "off",
					"pivot": [-0.00002, 57.0169, 23.97719],
					"cubes": [
						{
							"origin": [-2.6789, 56.9747, 22.24578],
							"size": [5.35776, 0.08441, 3.46281],
							"uv": {
								"up": {"uv": [146, 130], "uv_size": [5.5, 3.5]}
							}
						}
					]
				},
				{
					"name": "light_off6",
					"parent": "off",
					"pivot": [-0.00002, 57.0169, 19.45922],
					"cubes": [
						{
							"origin": [-2.6789, 56.9747, 17.72782],
							"size": [5.35776, 0.08441, 3.46281],
							"uv": {
								"up": {"uv": [128, 146], "uv_size": [5.5, 3.5]}
							}
						}
					]
				},
				{
					"name": "light_off7",
					"parent": "off",
					"pivot": [-0.00002, 57.0169, 14.94126],
					"cubes": [
						{
							"origin": [-2.6789, 56.9747, 13.20985],
							"size": [5.35776, 0.08441, 3.46281],
							"uv": {
								"up": {"uv": [79, 146], "uv_size": [5.5, 3.5]}
							}
						}
					]
				},
				{
					"name": "on",
					"parent": "barrel",
					"pivot": [0, 39.66362, -0.53991]
				},
				{
					"name": "light_on",
					"parent": "on",
					"pivot": [-0.00002, 57.0169, 42.04904],
					"cubes": [
						{
							"origin": [-2.6789, 56.9747, 40.31763],
							"size": [5.35776, 0.08441, 3.46281],
							"uv": {
								"up": {"uv": [147, 48], "uv_size": [5.5, 3.5]}
							}
						}
					]
				},
				{
					"name": "light_on2",
					"parent": "on",
					"pivot": [-0.00002, 57.0169, 37.53108],
					"cubes": [
						{
							"origin": [-2.6789, 56.9747, 35.79967],
							"size": [5.35776, 0.08441, 3.46281],
							"uv": {
								"up": {"uv": [55, 147], "uv_size": [5.5, 3.5]}
							}
						}
					]
				},
				{
					"name": "light_on3",
					"parent": "on",
					"pivot": [-0.00002, 57.0169, 33.01311],
					"cubes": [
						{
							"origin": [-2.6789, 56.9747, 31.28171],
							"size": [5.35776, 0.08441, 3.46281],
							"uv": {
								"up": {"uv": [147, 58], "uv_size": [5.5, 3.5]}
							}
						}
					]
				},
				{
					"name": "light_on4",
					"parent": "on",
					"pivot": [-0.00002, 57.0169, 28.49515],
					"cubes": [
						{
							"origin": [-2.6789, 56.9747, 26.76374],
							"size": [5.35776, 0.08441, 3.46281],
							"uv": {
								"up": {"uv": [147, 62], "uv_size": [5.5, 3.5]}
							}
						}
					]
				},
				{
					"name": "light_on5",
					"parent": "on",
					"pivot": [-0.00002, 57.0169, 23.97719],
					"cubes": [
						{
							"origin": [-2.6789, 56.9747, 22.24578],
							"size": [5.35776, 0.08441, 3.46281],
							"uv": {
								"up": {"uv": [147, 142], "uv_size": [5.5, 3.5]}
							}
						}
					]
				},
				{
					"name": "light_on6",
					"parent": "on",
					"pivot": [-0.00002, 57.0169, 19.45922],
					"cubes": [
						{
							"origin": [-2.6789, 56.9747, 17.72782],
							"size": [5.35776, 0.08441, 3.46281],
							"uv": {
								"up": {"uv": [147, 146], "uv_size": [5.5, 3.5]}
							}
						}
					]
				},
				{
					"name": "light_on7",
					"parent": "on",
					"pivot": [-0.00002, 57.0169, 14.94126],
					"cubes": [
						{
							"origin": [-2.6789, 56.9747, 13.20985],
							"size": [5.35776, 0.08441, 3.46281],
							"uv": {
								"up": {"uv": [148, 66], "uv_size": [5.5, 3.5]}
							}
						}
					]
				},
				{
					"name": "torrent",
					"parent": "barrel",
					"pivot": [-0.42206, 45.28515, 14.657]
				},
				{
					"name": "paokou",
					"parent": "torrent",
					"pivot": [1.51942, 49.31625, -72.46383],
					"cubes": [
						{
							"origin": [-0.8606, 45.72024, -49.16907],
							"size": [1.7212, 5.1058, 7.11747],
							"pivot": [0, 48.27317, -45.97205],
							"rotation": [0, 0, 45],
							"uv": {
								"east": {"uv": [115, 133], "uv_size": [7, 5]},
								"west": {"uv": [32, 137], "uv_size": [7, 5]},
								"up": {"uv": [124, 151], "uv_size": [1.5, 7]},
								"down": {"uv": [95, 159], "uv_size": [1.5, -7]}
							}
						},
						{
							"origin": [-0.8606, 45.72024, -49.16907],
							"size": [1.7212, 5.1058, 7.11747],
							"pivot": [0, 48.27317, -45.97205],
							"rotation": [0, 0, -45],
							"uv": {
								"east": {"uv": [39, 137], "uv_size": [7, 5]},
								"west": {"uv": [137, 40], "uv_size": [7, 5]},
								"up": {"uv": [97, 152], "uv_size": [1.5, 7]},
								"down": {"uv": [99, 159], "uv_size": [1.5, -7]}
							}
						},
						{
							"origin": [-2.4137, 47.07652, -42.0516],
							"size": [1.7212, 1.56049, 3.03883],
							"pivot": [-2.4137, 47.07652, -42.0516],
							"rotation": [41, 0, 45],
							"uv": {
								"east": {"uv": [101, 156], "uv_size": [3, 1.5]},
								"west": {"uv": [156, 104], "uv_size": [3, 1.5]},
								"down": {"uv": [120, 132], "uv_size": [1.5, -3]}
							}
						},
						{
							"origin": [0.6925, 47.07652, -42.0516],
							"size": [1.7212, 1.56049, 3.03883],
							"pivot": [2.4137, 47.07652, -42.0516],
							"rotation": [41, 0, -45],
							"uv": {
								"east": {"uv": [106, 156], "uv_size": [3, 1.5]},
								"west": {"uv": [109, 156], "uv_size": [3, 1.5]},
								"down": {"uv": [61, 143], "uv_size": [1.5, -3]}
							}
						},
						{
							"origin": [-1.35861, 46.55659, -43.39724],
							"size": [1.7212, 1.56049, 3.03883],
							"pivot": [2.41368, 46.5691, -42.0516],
							"rotation": [-41, 0, 45],
							"uv": {
								"east": {"uv": [149, 156], "uv_size": [3, 1.5]},
								"west": {"uv": [152, 156], "uv_size": [3, 1.5]},
								"up": {"uv": [155, 156], "uv_size": [1.5, 3]}
							}
						},
						{
							"origin": [1.0513, 49.13277, -45.63668],
							"size": [1.7212, 1.56049, 3.03883],
							"pivot": [2.41368, 46.5691, -42.0516],
							"rotation": [-41, 0, -45],
							"uv": {
								"east": {"uv": [121, 156], "uv_size": [3, 1.5]},
								"west": {"uv": [129, 156], "uv_size": [3, 1.5]},
								"up": {"uv": [156, 147], "uv_size": [1.5, 3]}
							}
						},
						{
							"origin": [-2.70051, 50.13324, -51.19496],
							"size": [1.7212, 1.7212, 2.02589],
							"pivot": [2.36421, 51.85443, -51.19496],
							"rotation": [0, 0, -45],
							"uv": {
								"north": {"uv": [120, 158], "uv_size": [1.5, 1.5]}
							}
						},
						{
							"origin": [1.21705, 48.27312, -51.19496],
							"size": [2.63973, 1.7212, 1.51942],
							"pivot": [1.21705, 48.27317, -51.19496],
							"rotation": [0, -50.12672, -45],
							"uv": {
								"north": {"uv": [157, 82], "uv_size": [2.5, 1.5]},
								"up": {"uv": [158, 12], "uv_size": [2.5, 1.5]},
								"down": {"uv": [158, 15.5], "uv_size": [2.5, -1.5]}
							}
						},
						{
							"origin": [0, 44.41633, -51.19496],
							"size": [1.7212, 2.63973, 1.51942],
							"pivot": [0, 47.05606, -51.19496],
							"rotation": [50.12672, 0, -45],
							"uv": {
								"north": {"uv": [20, 158], "uv_size": [1.5, 2.5]},
								"east": {"uv": [158, 21], "uv_size": [1.5, 2.5]},
								"west": {"uv": [22, 158], "uv_size": [1.5, 2.5]}
							}
						},
						{
							"origin": [-3.85679, 48.27312, -51.19496],
							"size": [2.63973, 1.7212, 1.51942],
							"pivot": [-1.21705, 48.27317, -51.19496],
							"rotation": [0, 50.12672, 45],
							"uv": {
								"north": {"uv": [158, 16], "uv_size": [2.5, 1.5]},
								"up": {"uv": [158, 34], "uv_size": [2.5, 1.5]},
								"down": {"uv": [158, 38.5], "uv_size": [2.5, -1.5]}
							}
						},
						{
							"origin": [-1.7212, 44.41633, -51.19496],
							"size": [1.7212, 2.63973, 1.51942],
							"pivot": [0, 47.05606, -51.19496],
							"rotation": [50.12672, 0, 45],
							"uv": {
								"north": {"uv": [24, 158], "uv_size": [1.5, 2.5]},
								"east": {"uv": [38, 158], "uv_size": [1.5, 2.5]},
								"west": {"uv": [46, 158], "uv_size": [1.5, 2.5]}
							}
						},
						{
							"origin": [-2.94032, 49.89343, -40.64345],
							"size": [2.20081, 2.20081, 29.8435],
							"pivot": [2.36421, 51.85443, -41.60268],
							"rotation": [0, 0, -45],
							"uv": {
								"east": {"uv": [111, 38], "uv_size": [30, 2]},
								"west": {"uv": [120, 8], "uv_size": [30, 2]},
								"up": {"uv": [99, 109], "uv_size": [2, 30]},
								"down": {"uv": [66, 151], "uv_size": [2, -30]}
							}
						}
					]
				},
				{
					"name": "long",
					"parent": "torrent",
					"pivot": [-0.00405, 48.27576, -31.66307],
					"cubes": [
						{
							"origin": [-0.85763, 50.17456, -45.44601],
							"size": [1.70175, 0.71942, 9.59228],
							"uv": {
								"north": {"uv": [5, 159], "uv_size": [1.5, 0.5]},
								"east": {"uv": [155, 87], "uv_size": [9.5, 0.5]},
								"west": {"uv": [155, 124], "uv_size": [9.5, 0.5]},
								"up": {"uv": [40, 149], "uv_size": [1.5, 9.5]},
								"down": {"uv": [42, 158.5], "uv_size": [1.5, -9.5]}
							}
						},
						{
							"origin": [0.59189, 50.17456, -45.39966],
							"size": [0.50271, 0.71942, 9.59228],
							"pivot": [0.24373, 50.53427, -40.60352],
							"rotation": [0, 2.75, 0],
							"uv": {
								"west": {"uv": [155, 125], "uv_size": [9.5, 0.5]},
								"up": {"uv": [126, 151], "uv_size": [0.5, 9.5]},
								"down": {"uv": [65, 162.5], "uv_size": [0.5, -9.5]}
							}
						},
						{
							"origin": [-1.0946, 50.17456, -45.39966],
							"size": [0.50271, 0.71942, 9.59228],
							"pivot": [-0.24373, 50.53427, -40.60352],
							"rotation": [0, -2.75, 0],
							"uv": {
								"east": {"uv": [155, 126], "uv_size": [9.5, 0.5]},
								"up": {"uv": [142, 153], "uv_size": [0.5, 9.5]},
								"down": {"uv": [7, 163.5], "uv_size": [0.5, -9.5]}
							}
						},
						{
							"origin": [-1.33724, 50.17456, -35.85373],
							"size": [2.66097, 0.71942, 23.85201],
							"uv": {
								"north": {"uv": [2, 159], "uv_size": [2.5, 0.5]},
								"east": {"uv": [152, 54], "uv_size": [24, 0.5]},
								"west": {"uv": [152, 72], "uv_size": [24, 0.5]},
								"up": {"uv": [96, 109], "uv_size": [2.5, 24]},
								"down": {"uv": [9, 140], "uv_size": [2.5, -24]}
							}
						},
						{
							"origin": [-0.85763, 50.89398, -44.48678],
							"size": [1.70175, 0.47961, 32.48506],
							"uv": {
								"east": {"uv": [144, 55], "uv_size": [32.5, 0.5]},
								"west": {"uv": [148, 88], "uv_size": [32.5, 0.5]},
								"up": {"uv": [104, 122], "uv_size": [1.5, 32.5]}
							}
						},
						{
							"origin": [-0.85763, 50.68038, -45.3939],
							"size": [1.70175, 0.47961, 1.07035],
							"pivot": [-0.00675, 50.92019, -44.85873],
							"rotation": [26.5, 0, 0],
							"uv": {
								"east": {"uv": [93, 60], "uv_size": [1, 0.5]},
								"west": {"uv": [115, 78], "uv_size": [1, 0.5]},
								"up": {"uv": [140, 158], "uv_size": [1.5, 1]}
							}
						},
						{
							"origin": [0.78199, 50.51065, -35.85373],
							"size": [0.31087, 0.67828, 23.85201],
							"pivot": [0.76956, 50.92312, -29.68309],
							"rotation": [0, 0, -45],
							"uv": {
								"north": {"uv": [128, 18], "uv_size": [0.5, 0.5]},
								"west": {"uv": [152, 52], "uv_size": [24, 0.5]}
							}
						},
						{
							"origin": [-1.09285, 50.51065, -35.85373],
							"size": [0.31087, 0.67828, 23.85201],
							"pivot": [-0.76956, 50.92312, -29.68309],
							"rotation": [0, 0, 45],
							"uv": {
								"north": {"uv": [128, 19], "uv_size": [0.5, 0.5]},
								"east": {"uv": [152, 53], "uv_size": [24, 0.5]}
							}
						}
					]
				},
				{
					"name": "long2",
					"parent": "torrent",
					"pivot": [-0.00405, 48.27576, -31.66307],
					"rotation": [0, 0, 90],
					"cubes": [
						{
							"origin": [-0.85763, 50.17456, -45.44601],
							"size": [1.70175, 0.71942, 9.59228],
							"uv": {
								"north": {"uv": [14, 159], "uv_size": [1.5, 0.5]},
								"east": {"uv": [155, 142], "uv_size": [9.5, 0.5]},
								"west": {"uv": [155, 143], "uv_size": [9.5, 0.5]},
								"up": {"uv": [70, 149], "uv_size": [1.5, 9.5]},
								"down": {"uv": [72, 158.5], "uv_size": [1.5, -9.5]}
							}
						},
						{
							"origin": [0.45383, 50.17456, -45.40298],
							"size": [0.50271, 0.71942, 9.59228],
							"pivot": [0.24373, 50.53427, -43.48121],
							"rotation": [0, 2.75, 0],
							"uv": {
								"west": {"uv": [155, 144], "uv_size": [9.5, 0.5]},
								"up": {"uv": [16, 154], "uv_size": [0.5, 9.5]},
								"down": {"uv": [17, 164.5], "uv_size": [0.5, -9.5]}
							}
						},
						{
							"origin": [-0.95654, 50.17456, -45.40298],
							"size": [0.50271, 0.71942, 9.59228],
							"pivot": [-0.24373, 50.53427, -43.48121],
							"rotation": [0, -2.75, 0],
							"uv": {
								"east": {"uv": [155, 145], "uv_size": [9.5, 0.5]},
								"up": {"uv": [29, 155], "uv_size": [0.5, 9.5]},
								"down": {"uv": [37, 164.5], "uv_size": [0.5, -9.5]}
							}
						},
						{
							"origin": [-1.33724, 50.17456, -35.85373],
							"size": [2.66097, 0.71942, 23.85201],
							"uv": {
								"north": {"uv": [8, 159], "uv_size": [2.5, 0.5]},
								"east": {"uv": [152, 73], "uv_size": [24, 0.5]},
								"west": {"uv": [152, 74], "uv_size": [24, 0.5]},
								"up": {"uv": [12, 116], "uv_size": [2.5, 24]},
								"down": {"uv": [63, 145], "uv_size": [2.5, -24]}
							}
						},
						{
							"origin": [-0.85763, 50.89398, -44.48678],
							"size": [1.70175, 0.47961, 32.48506],
							"uv": {
								"east": {"uv": [148, 127], "uv_size": [32.5, 0.5]},
								"west": {"uv": [148, 128], "uv_size": [32.5, 0.5]},
								"up": {"uv": [18, 123], "uv_size": [1.5, 32.5]}
							}
						},
						{
							"origin": [-0.85763, 49.39637, -45.69625],
							"size": [1.70175, 0.47961, 1.07035],
							"pivot": [-0.00675, 50.92019, -47.73641],
							"rotation": [26.5, 0, 0],
							"uv": {
								"east": {"uv": [115, 79], "uv_size": [1, 0.5]},
								"west": {"uv": [118, 7], "uv_size": [1, 0.5]},
								"up": {"uv": [149, 158], "uv_size": [1.5, 1]}
							}
						},
						{
							"origin": [0.78199, 50.51065, -35.85373],
							"size": [0.31087, 0.67828, 23.85201],
							"pivot": [0.76956, 50.92312, -29.68309],
							"rotation": [0, 0, -45],
							"uv": {
								"north": {"uv": [95, 128], "uv_size": [0.5, 0.5]},
								"west": {"uv": [152, 75], "uv_size": [24, 0.5]}
							}
						},
						{
							"origin": [-1.09285, 50.51065, -35.85373],
							"size": [0.31087, 0.67828, 23.85201],
							"pivot": [-0.76956, 50.92312, -29.68309],
							"rotation": [0, 0, 45],
							"uv": {
								"north": {"uv": [95, 129], "uv_size": [0.5, 0.5]},
								"east": {"uv": [152, 76], "uv_size": [24, 0.5]}
							}
						}
					]
				},
				{
					"name": "long3",
					"parent": "torrent",
					"pivot": [-0.00405, 48.27576, -31.66307],
					"rotation": [0, 0, -90],
					"cubes": [
						{
							"origin": [-0.85763, 50.17456, -45.44601],
							"size": [1.70175, 0.71942, 9.59228],
							"uv": {
								"north": {"uv": [43, 159], "uv_size": [1.5, 0.5]},
								"east": {"uv": [155, 146], "uv_size": [9.5, 0.5]},
								"west": {"uv": [156, 49], "uv_size": [9.5, 0.5]},
								"up": {"uv": [74, 149], "uv_size": [1.5, 9.5]},
								"down": {"uv": [91, 158.5], "uv_size": [1.5, -9.5]}
							}
						},
						{
							"origin": [0.45383, 50.17456, -45.40298],
							"size": [0.50271, 0.71942, 9.59228],
							"pivot": [0.24373, 50.53427, -43.48121],
							"rotation": [0, 2.75, 0],
							"uv": {
								"west": {"uv": [156, 50], "uv_size": [9.5, 0.5]},
								"up": {"uv": [58, 155], "uv_size": [0.5, 9.5]},
								"down": {"uv": [104, 164.5], "uv_size": [0.5, -9.5]}
							}
						},
						{
							"origin": [-0.95654, 50.17456, -45.40298],
							"size": [0.50271, 0.71942, 9.59228],
							"pivot": [-0.24373, 50.53427, -43.48121],
							"rotation": [0, -2.75, 0],
							"uv": {
								"east": {"uv": [156, 51], "uv_size": [9.5, 0.5]},
								"up": {"uv": [105, 155], "uv_size": [0.5, 9.5]},
								"down": {"uv": [18, 165.5], "uv_size": [0.5, -9.5]}
							}
						},
						{
							"origin": [-1.33724, 50.17456, -35.85373],
							"size": [2.66097, 0.71942, 23.85201],
							"uv": {
								"north": {"uv": [11, 159], "uv_size": [2.5, 0.5]},
								"east": {"uv": [152, 77], "uv_size": [24, 0.5]},
								"west": {"uv": [152, 80], "uv_size": [24, 0.5]},
								"up": {"uv": [27, 122], "uv_size": [2.5, 24]},
								"down": {"uv": [76, 146], "uv_size": [2.5, -24]}
							}
						},
						{
							"origin": [-0.85763, 50.89398, -44.48678],
							"size": [1.70175, 0.47961, 32.48506],
							"uv": {
								"east": {"uv": [148, 129], "uv_size": [32.5, 0.5]},
								"west": {"uv": [149, 6], "uv_size": [32.5, 0.5]},
								"up": {"uv": [93, 127], "uv_size": [1.5, 32.5]}
							}
						},
						{
							"origin": [-0.85763, 49.39637, -45.69625],
							"size": [1.70175, 0.47961, 1.07035],
							"pivot": [-0.00675, 50.92019, -47.73641],
							"rotation": [26.5, 0, 0],
							"uv": {
								"east": {"uv": [118, 71], "uv_size": [1, 0.5]},
								"west": {"uv": [29, 121], "uv_size": [1, 0.5]},
								"up": {"uv": [158, 149], "uv_size": [1.5, 1]}
							}
						},
						{
							"origin": [0.78199, 50.51065, -35.85373],
							"size": [0.31087, 0.67828, 23.85201],
							"pivot": [0.76956, 50.92312, -29.68309],
							"rotation": [0, 0, -45],
							"uv": {
								"north": {"uv": [95, 130], "uv_size": [0.5, 0.5]},
								"west": {"uv": [152, 81], "uv_size": [24, 0.5]}
							}
						},
						{
							"origin": [-1.09285, 50.51065, -35.85373],
							"size": [0.31087, 0.67828, 23.85201],
							"pivot": [-0.76956, 50.92312, -29.68309],
							"rotation": [0, 0, 45],
							"uv": {
								"north": {"uv": [26, 131], "uv_size": [0.5, 0.5]},
								"east": {"uv": [152, 130], "uv_size": [24, 0.5]}
							}
						}
					]
				},
				{
					"name": "long4",
					"parent": "torrent",
					"pivot": [-0.00405, 48.27576, -31.66307],
					"rotation": [0, 0, -180],
					"cubes": [
						{
							"origin": [-0.85763, 50.17456, -45.44601],
							"size": [1.70175, 0.71942, 9.59228],
							"uv": {
								"north": {"uv": [53, 159], "uv_size": [1.5, 0.5]},
								"east": {"uv": [156, 70], "uv_size": [9.5, 0.5]},
								"west": {"uv": [156, 71], "uv_size": [9.5, 0.5]},
								"up": {"uv": [134, 149], "uv_size": [1.5, 9.5]},
								"down": {"uv": [79, 159.5], "uv_size": [1.5, -9.5]}
							}
						},
						{
							"origin": [0.45383, 50.17456, -45.40298],
							"size": [0.50271, 0.71942, 9.59228],
							"pivot": [0.24373, 50.53427, -43.48121],
							"rotation": [0, 2.75, 0],
							"uv": {
								"west": {"uv": [156, 93], "uv_size": [9.5, 0.5]},
								"up": {"uv": [19, 156], "uv_size": [0.5, 9.5]},
								"down": {"uv": [26, 165.5], "uv_size": [0.5, -9.5]}
							}
						},
						{
							"origin": [-0.95654, 50.17456, -45.40298],
							"size": [0.50271, 0.71942, 9.59228],
							"pivot": [-0.24373, 50.53427, -43.48121],
							"rotation": [0, -2.75, 0],
							"uv": {
								"east": {"uv": [156, 94], "uv_size": [9.5, 0.5]},
								"up": {"uv": [27, 156], "uv_size": [0.5, 9.5]},
								"down": {"uv": [28, 165.5], "uv_size": [0.5, -9.5]}
							}
						},
						{
							"origin": [-1.33724, 50.17456, -35.85373],
							"size": [2.66097, 0.71942, 23.85201],
							"uv": {
								"north": {"uv": [34, 159], "uv_size": [2.5, 0.5]},
								"east": {"uv": [152, 131], "uv_size": [24, 0.5]},
								"west": {"uv": [152, 132], "uv_size": [24, 0.5]},
								"up": {"uv": [79, 122], "uv_size": [2.5, 24]},
								"down": {"uv": [82, 146], "uv_size": [2.5, -24]}
							}
						},
						{
							"origin": [-0.85763, 50.89398, -44.48678],
							"size": [1.70175, 0.47961, 32.48506],
							"uv": {
								"east": {"uv": [149, 7], "uv_size": [32.5, 0.5]},
								"west": {"uv": [150, 8], "uv_size": [32.5, 0.5]},
								"up": {"uv": [30, 129], "uv_size": [1.5, 32.5]}
							}
						},
						{
							"origin": [-0.85763, 49.39637, -45.69625],
							"size": [1.70175, 0.47961, 1.07035],
							"pivot": [-0.00675, 50.92019, -47.73641],
							"rotation": [26.5, 0, 0],
							"uv": {
								"east": {"uv": [121, 118], "uv_size": [1, 0.5]},
								"west": {"uv": [121, 119], "uv_size": [1, 0.5]},
								"up": {"uv": [158, 150], "uv_size": [1.5, 1]}
							}
						},
						{
							"origin": [0.78199, 50.51065, -35.85373],
							"size": [0.31087, 0.67828, 23.85201],
							"pivot": [0.76956, 50.92312, -29.68309],
							"rotation": [0, 0, -45],
							"uv": {
								"north": {"uv": [95, 131], "uv_size": [0.5, 0.5]},
								"west": {"uv": [152, 133], "uv_size": [24, 0.5]}
							}
						},
						{
							"origin": [-1.09285, 50.51065, -35.85373],
							"size": [0.31087, 0.67828, 23.85201],
							"pivot": [-0.76956, 50.92312, -29.68309],
							"rotation": [0, 0, 45],
							"uv": {
								"north": {"uv": [26, 132], "uv_size": [0.5, 0.5]},
								"east": {"uv": [152, 134], "uv_size": [24, 0.5]}
							}
						}
					]
				},
				{
					"name": "top5",
					"parent": "torrent",
					"pivot": [0.48659, 48.93871, -6.50514],
					"cubes": [
						{
							"origin": [-2.83238, 48.60363, -3.21846],
							"size": [5.66471, 4.72965, 5.31074],
							"pivot": [-0.00002, 51.62793, -1.22256],
							"rotation": [30.32834, 0, 0],
							"uv": {
								"east": {"uv": [20, 144], "uv_size": [5.5, 4.5]},
								"west": {"uv": [144, 39], "uv_size": [5.5, 4.5]},
								"up": {"uv": [55, 137], "uv_size": [5.5, 5.5]}
							}
						},
						{
							"origin": [-2.83238, 48.89985, -1.42412],
							"size": [5.66471, 1.58273, 2.63788],
							"pivot": [-0.00002, 48.77722, -2.10108],
							"rotation": [90, 0, 0],
							"uv": {
								"east": {"uv": [158, 44], "uv_size": [2.5, 1.5]},
								"west": {"uv": [48, 158], "uv_size": [2.5, 1.5]},
								"up": {"uv": [150, 104], "uv_size": [5.5, 2.5]}
							}
						},
						{
							"origin": [-2.83238, 49.26767, 0.77751],
							"size": [5.66471, 5.50607, 8.44121],
							"uv": {
								"east": {"uv": [130, 85], "uv_size": [8.5, 5.5]},
								"west": {"uv": [32, 131], "uv_size": [8.5, 5.5]},
								"up": {"uv": [68, 129], "uv_size": [5.5, 8.5]}
							}
						},
						{
							"origin": [-4.16025, 46.09175, 13.26724],
							"size": [8.3205, 1.30041, 8.74002],
							"pivot": [0, 38.82902, 5.39497],
							"rotation": [45.32834, 0, 0],
							"uv": {
								"east": {"uv": [150, 109], "uv_size": [8.5, 1.5]},
								"west": {"uv": [149, 150], "uv_size": [8.5, 1.5]},
								"up": {"uv": [0, 116], "uv_size": [8.5, 8.5]}
							}
						},
						{
							"origin": [-4.16447, 49.53146, 4.83984],
							"size": [8.32894, 0.91617, 34.34036],
							"uv": {
								"north": {"uv": [153, 2], "uv_size": [8.5, 1]},
								"east": {"uv": [133, 112], "uv_size": [34.5, 1]},
								"west": {"uv": [133, 113], "uv_size": [34.5, 1]},
								"down": {"uv": [71, 96.5], "uv_size": [8.5, -34.5]}
							}
						},
						{
							"origin": [-4.15611, 55.74689, 10.98445],
							"size": [8.31218, 0.91617, 34.34036],
							"uv": {
								"east": {"uv": [133, 114], "uv_size": [34.5, 1]},
								"south": {"uv": [153, 18], "uv_size": [8.5, 1]},
								"west": {"uv": [134, 36], "uv_size": [34.5, 1]},
								"up": {"uv": [80, 26], "uv_size": [8.5, 34.5]}
							}
						},
						{
							"origin": [-3.19688, 56.66305, 12.66309],
							"size": [6.39373, 0.38369, 31.70248],
							"uv": {
								"north": {"uv": [156, 106], "uv_size": [6.5, 0.5]},
								"east": {"uv": [150, 9], "uv_size": [31.5, 0.5]},
								"south": {"uv": [156, 120], "uv_size": [6.5, 0.5]},
								"west": {"uv": [150, 30], "uv_size": [31.5, 0.5]},
								"up": {"uv": [80, 80], "uv_size": [6.5, 31.5]}
							}
						},
						{
							"origin": [-4.16025, 25.73777, 38.18274],
							"size": [8.3205, 1.08938, 7.89586],
							"pivot": [0, 38.82902, 10.19111],
							"rotation": [45.32834, 0, 0],
							"uv": {
								"east": {"uv": [106, 56], "uv_size": [8, 1]},
								"west": {"uv": [153, 121], "uv_size": [8, 1]},
								"down": {"uv": [120, 33], "uv_size": [8.5, -8]}
							}
						},
						{
							"origin": [-4.15181, 42.25898, 14.53342],
							"size": [8.30361, 3.83277, 8.73998],
							"pivot": [0, 38.82902, 5.39497],
							"rotation": [45.32834, 0, 0],
							"uv": {
								"east": {"uv": [46, 137], "uv_size": [8.5, 4]},
								"west": {"uv": [106, 137], "uv_size": [8.5, 4]}
							}
						},
						{
							"origin": [-4.15611, 50.44762, 10.98445],
							"size": [8.31218, 5.29926, 28.85358],
							"uv": {
								"east": {"uv": [87, 80], "uv_size": [29, 5.5]},
								"west": {"uv": [87, 86], "uv_size": [29, 5.5]}
							}
						},
						{
							"origin": [-4.15611, 54.83072, 39.83802],
							"size": [8.31218, 0.91617, 5.48678],
							"uv": {
								"east": {"uv": [155, 46], "uv_size": [5.5, 1]},
								"south": {"uv": [153, 25], "uv_size": [8.5, 1]},
								"west": {"uv": [155, 47], "uv_size": [5.5, 1]},
								"down": {"uv": [41, 136.5], "uv_size": [8.5, -5.5]}
							}
						},
						{
							"origin": [-4.15611, 53.91459, 39.83802],
							"size": [8.31218, 0.91612, 3.37648],
							"uv": {
								"east": {"uv": [76, 61], "uv_size": [3.5, 1]},
								"west": {"uv": [116, 91], "uv_size": [3.5, 1]}
							}
						},
						{
							"origin": [-4.15611, 52.99843, 39.83802],
							"size": [8.31218, 0.91617, 2.53236],
							"uv": {
								"east": {"uv": [131, 124], "uv_size": [2.5, 1]},
								"west": {"uv": [132, 76], "uv_size": [2.5, 1]}
							}
						},
						{
							"origin": [-4.15611, 52.08226, 39.83802],
							"size": [8.31218, 0.91617, 1.26618],
							"uv": {
								"east": {"uv": [15, 99], "uv_size": [1.5, 1]},
								"west": {"uv": [128, 85], "uv_size": [1.5, 1]}
							}
						},
						{
							"origin": [-4.15611, 51.5882, 39.83802],
							"size": [8.31218, 0.49406, 0.42206],
							"uv": {
								"east": {"uv": [124, 59], "uv_size": [0.5, 0.5]},
								"west": {"uv": [95, 127], "uv_size": [0.5, 0.5]}
							}
						}
					]
				},
				{
					"name": "top4",
					"parent": "torrent",
					"pivot": [1.03054, 49.14244, -12.35486],
					"cubes": [
						{
							"origin": [-1.66631, 48.42895, -9.89142],
							"size": [3.33262, 3.34728, 6.11987],
							"uv": {
								"north": {"uv": [76, 57], "uv_size": [3.5, 3.5]},
								"up": {"uv": [95, 133], "uv_size": [3.5, 6]}
							}
						},
						{
							"origin": [0.08846, 47.44113, -9.89142],
							"size": [3.38058, 3.34728, 6.11987],
							"pivot": [2.23439, 49.11477, -7.88663],
							"rotation": [0, 0, 40],
							"uv": {
								"north": {"uv": [89, 57], "uv_size": [3.5, 3.5]},
								"south": {"uv": [124, 60], "uv_size": [3.5, 3.5]},
								"up": {"uv": [144, 124], "uv_size": [3.5, 6]}
							}
						},
						{
							"origin": [0.43642, 47.3664, -9.89142],
							"size": [2.18155, 1.76455, 6.11987],
							"pivot": [2.58235, 47.45731, -7.88663],
							"rotation": [0, 0, 90],
							"uv": {
								"north": {"uv": [10, 157], "uv_size": [2, 2]},
								"south": {"uv": [12, 157], "uv_size": [2, 2]},
								"up": {"uv": [15, 93], "uv_size": [2, 6]}
							}
						},
						{
							"origin": [-2.61797, 47.3664, -9.89142],
							"size": [2.18155, 1.76455, 6.11987],
							"pivot": [-2.58235, 47.45731, -7.88663],
							"rotation": [0, 0, -90],
							"uv": {
								"north": {"uv": [56, 157], "uv_size": [2, 2]},
								"south": {"uv": [61, 157], "uv_size": [2, 2]},
								"up": {"uv": [25, 138], "uv_size": [2, 6]}
							}
						},
						{
							"origin": [-3.46905, 47.44113, -9.89142],
							"size": [3.38058, 3.34728, 6.11987],
							"pivot": [-2.23439, 49.11477, -7.88663],
							"rotation": [0, 0, -40],
							"uv": {
								"north": {"uv": [34, 151], "uv_size": [3.5, 3.5]},
								"south": {"uv": [55, 151], "uv_size": [3.5, 3.5]},
								"up": {"uv": [143, 144], "uv_size": [3.5, 6]}
							}
						}
					]
				},
				{
					"name": "top3",
					"parent": "torrent",
					"pivot": [0.87596, 49.22501, -12.42059],
					"cubes": [
						{
							"origin": [-1.34442, 48.61854, -12.00172],
							"size": [2.68884, 2.84518, 2.1103],
							"uv": {
								"north": {"uv": [153, 147], "uv_size": [2.5, 3]},
								"up": {"uv": [155, 85], "uv_size": [2.5, 2]}
							}
						},
						{
							"origin": [0.00325, 47.7789, -12.00172],
							"size": [2.81354, 2.84518, 2.1103],
							"pivot": [1.82729, 49.20149, -8.22692],
							"rotation": [0, 0, 40],
							"uv": {
								"north": {"uv": [19, 46], "uv_size": [3, 3]},
								"south": {"uv": [153, 49], "uv_size": [3, 3]},
								"up": {"uv": [26, 154], "uv_size": [3, 2]}
							}
						},
						{
							"origin": [0.25309, 47.75391, -12.00172],
							"size": [1.85431, 1.49987, 2.1103],
							"pivot": [2.07713, 47.83118, -8.22692],
							"rotation": [0, 0, 90],
							"uv": {
								"north": {"uv": [158, 85], "uv_size": [2, 1.5]},
								"south": {"uv": [88, 158], "uv_size": [2, 1.5]},
								"up": {"uv": [34, 157], "uv_size": [2, 2]}
							}
						},
						{
							"origin": [-2.1074, 47.75391, -12.00172],
							"size": [1.85431, 1.49987, 2.1103],
							"pivot": [-2.07713, 47.83118, -8.22692],
							"rotation": [0, 0, -90],
							"uv": {
								"north": {"uv": [101, 158], "uv_size": [2, 1.5]},
								"south": {"uv": [106, 158], "uv_size": [2, 1.5]},
								"up": {"uv": [54, 157], "uv_size": [2, 2]}
							}
						},
						{
							"origin": [-2.81679, 47.7789, -12.00172],
							"size": [2.81354, 2.84518, 2.1103],
							"pivot": [-1.82729, 49.20149, -8.22692],
							"rotation": [0, 0, -40],
							"uv": {
								"north": {"uv": [101, 153], "uv_size": [3, 3]},
								"south": {"uv": [153, 118], "uv_size": [3, 3]},
								"up": {"uv": [76, 154], "uv_size": [3, 2]}
							}
						}
					]
				},
				{
					"name": "mid1",
					"parent": "torrent",
					"pivot": [4.81077, 47.02235, -30.85773],
					"cubes": [
						{
							"origin": [2.45923, 47.59796, -33.38999],
							"size": [2.86649, 0.87835, 1.58969],
							"pivot": [3.79655, 48.03713, -32.59514],
							"rotation": [0, -32.5, 0],
							"uv": {
								"north": {"uv": [17, 90], "uv_size": [3, 1]},
								"up": {"uv": [76, 156], "uv_size": [3, 1.5]},
								"down": {"uv": [88, 157.5], "uv_size": [3, -1.5]}
							}
						},
						{
							"origin": [3.44669, 47.59796, -29.55787],
							"size": [1.37009, 0.87835, 2.58608],
							"pivot": [4.13173, 48.03711, -28.34094],
							"rotation": [0, -69, 0],
							"uv": {
								"west": {"uv": [141, 39], "uv_size": [2.5, 1]},
								"up": {"uv": [157, 95], "uv_size": [1.5, 2.5]},
								"down": {"uv": [157, 158.5], "uv_size": [1.5, -2.5]}
							}
						},
						{
							"origin": [3.08668, 47.59796, -32.44389],
							"size": [2.42662, 0.87835, 4.30638],
							"uv": {
								"west": {"uv": [115, 25], "uv_size": [4.5, 1]},
								"up": {"uv": [106, 151], "uv_size": [2.5, 4.5]},
								"down": {"uv": [109, 155.5], "uv_size": [2.5, -4.5]}
							}
						},
						{
							"origin": [-4.81678, 47.59796, -29.55787],
							"size": [1.37009, 0.87835, 2.58608],
							"pivot": [-4.13173, 48.03711, -28.34094],
							"rotation": [0, 69, 0],
							"uv": {
								"east": {"uv": [117, 158], "uv_size": [2.5, 1]},
								"up": {"uv": [51, 158], "uv_size": [1.5, 2.5]},
								"down": {"uv": [76, 160.5], "uv_size": [1.5, -2.5]}
							}
						},
						{
							"origin": [-5.5133, 47.59796, -32.44389],
							"size": [2.42662, 0.87835, 4.30638],
							"uv": {
								"east": {"uv": [106, 119], "uv_size": [4.5, 1]},
								"up": {"uv": [115, 151], "uv_size": [2.5, 4.5]},
								"down": {"uv": [118, 155.5], "uv_size": [2.5, -4.5]}
							}
						},
						{
							"origin": [-5.32572, 47.59796, -33.38999],
							"size": [2.86649, 0.87835, 1.58969],
							"pivot": [-3.79655, 48.03713, -32.59514],
							"rotation": [0, 32.5, 0],
							"uv": {
								"north": {"uv": [129, 32], "uv_size": [3, 1]},
								"up": {"uv": [156, 152], "uv_size": [3, 1.5]},
								"down": {"uv": [2, 158.5], "uv_size": [3, -1.5]}
							}
						},
						{
							"origin": [-0.69616, 51.09914, -25.72929],
							"size": [2.66643, 1.0702, 5.26561],
							"pivot": [0, 51.63424, -24.59801],
							"rotation": [0, 0, -90],
							"uv": {
								"south": {"uv": [157, 98], "uv_size": [2.5, 1]},
								"west": {"uv": [155, 48], "uv_size": [5.5, 1]},
								"up": {"uv": [150, 118], "uv_size": [2.5, 5.5]},
								"down": {"uv": [129, 155.5], "uv_size": [2.5, -5.5]}
							}
						},
						{
							"origin": [-4.16363, 52.20058, -25.67704],
							"size": [3.16864, 1.0702, 1.59449],
							"pivot": [0, 52.73567, -23.45334],
							"rotation": [0, -45, -90],
							"uv": {
								"north": {"uv": [125, 85], "uv_size": [3, 1]},
								"up": {"uv": [118, 156], "uv_size": [3, 1.5]},
								"down": {"uv": [156, 119.5], "uv_size": [3, -1.5]}
							}
						}
					]
				},
				{
					"name": "mid2",
					"parent": "torrent",
					"pivot": [4.81077, 47.02235, -27.02082],
					"cubes": [
						{
							"origin": [-6.34979, 47.83776, -26.10543],
							"size": [2.6097, 0.39874, 0.9409],
							"pivot": [-0.60431, 38.82902, 8.75227],
							"rotation": [0, -15, 0],
							"uv": {
								"north": {"uv": [158, 151], "uv_size": [2.5, 0.5]},
								"up": {"uv": [158, 24], "uv_size": [2.5, 1]},
								"down": {"uv": [108, 159], "uv_size": [2.5, -1]}
							}
						},
						{
							"origin": [2.59748, 47.83776, -25.72929],
							"size": [2.79113, 0.39874, 3.34715],
							"uv": {
								"south": {"uv": [158, 148], "uv_size": [3, 0.5]},
								"west": {"uv": [122, 158], "uv_size": [3.5, 0.5]},
								"up": {"uv": [55, 117], "uv_size": [3, 3.5]},
								"down": {"uv": [2, 156.5], "uv_size": [3, -3.5]}
							}
						},
						{
							"origin": [3.74009, 47.83776, -26.10543],
							"size": [2.6097, 0.39874, 0.9409],
							"pivot": [0.60431, 38.82902, 8.75227],
							"rotation": [0, 15, 0],
							"uv": {
								"north": {"uv": [40, 159], "uv_size": [2.5, 0.5]},
								"up": {"uv": [111, 158], "uv_size": [2.5, 1]},
								"down": {"uv": [114, 159], "uv_size": [2.5, -1]}
							}
						},
						{
							"origin": [-5.3886, 47.83776, -25.72929],
							"size": [2.79113, 0.39874, 3.34715],
							"uv": {
								"east": {"uv": [158, 147], "uv_size": [3.5, 0.5]},
								"south": {"uv": [151, 158], "uv_size": [3, 0.5]},
								"up": {"uv": [8, 153], "uv_size": [3, 3.5]},
								"down": {"uv": [11, 156.5], "uv_size": [3, -3.5]}
							}
						}
					]
				},
				{
					"name": "mid3",
					"parent": "torrent",
					"pivot": [1.56129, 46.81132, -16.05042],
					"cubes": [
						{
							"origin": [-7.28548, 45.86759, -13.90097],
							"size": [14.57096, 1.30041, 6.90486],
							"uv": {
								"east": {"uv": [153, 0], "uv_size": [7, 1.5]},
								"west": {"uv": [153, 10], "uv_size": [7, 1.5]}
							}
						},
						{
							"origin": [-7.28548, 45.60381, -8.09764],
							"size": [14.57096, 1.82799, 1.10154],
							"uv": {
								"east": {"uv": [103, 76], "uv_size": [1, 2]},
								"west": {"uv": [107, 24], "uv_size": [1, 2]}
							}
						},
						{
							"origin": [-3.29854, 45.86759, -12.70498],
							"size": [11.14172, 1.30041, 3.73941],
							"pivot": [2.27232, 46.5178, -10.83527],
							"rotation": [0, 50, 0],
							"uv": {
								"east": {"uv": [54, 155], "uv_size": [3.5, 1.5]},
								"west": {"uv": [155, 58], "uv_size": [3.5, 1.5]},
								"up": {"uv": [131, 118], "uv_size": [11, 3.5]},
								"down": {"uv": [132, 75.5], "uv_size": [11, -3.5]}
							}
						},
						{
							"origin": [-7.84318, 45.86759, -12.70498],
							"size": [11.14172, 1.30041, 3.73941],
							"pivot": [-2.27232, 46.5178, -10.83527],
							"rotation": [0, -50, 0],
							"uv": {
								"east": {"uv": [155, 60], "uv_size": [3.5, 1.5]},
								"west": {"uv": [155, 62], "uv_size": [3.5, 1.5]},
								"up": {"uv": [133, 58], "uv_size": [11, 3.5]},
								"down": {"uv": [133, 65.5], "uv_size": [11, -3.5]}
							}
						},
						{
							"origin": [-7.28548, 47.03424, -13.8921],
							"size": [14.57096, 1.35317, 6.90486],
							"pivot": [-1.71462, 47.73721, -8.32937],
							"rotation": [12.5, 0, 0],
							"uv": {
								"east": {"uv": [152, 139], "uv_size": [7, 1.5]},
								"west": {"uv": [149, 152], "uv_size": [7, 1.5]},
								"up": {"uv": [104, 64], "uv_size": [14.5, 7]}
							}
						},
						{
							"origin": [-7.28548, 44.64506, -13.86355],
							"size": [14.57096, 1.30041, 6.90486],
							"pivot": [-1.71462, 45.42716, -8.30082],
							"rotation": [-12.5, 0, 0],
							"uv": {
								"east": {"uv": [152, 135], "uv_size": [7, 1.5]},
								"west": {"uv": [152, 137], "uv_size": [7, 1.5]},
								"down": {"uv": [104, 7], "uv_size": [14.5, -7]}
							}
						},
						{
							"origin": [-4.42338, 44.64506, -16.2672],
							"size": [8.84676, 1.30041, 9.27895],
							"pivot": [-0.26643, 45.42716, -10.70447],
							"rotation": [-12.5, 0, 0],
							"uv": {
								"east": {"uv": [150, 89], "uv_size": [9.5, 1.5]},
								"west": {"uv": [150, 91], "uv_size": [9.5, 1.5]},
								"down": {"uv": [78, 121.5], "uv_size": [9, -9.5]}
							}
						},
						{
							"origin": [-4.42338, 45.86759, -16.30462],
							"size": [8.84676, 1.30041, 8.2238],
							"uv": {
								"north": {"uv": [150, 107], "uv_size": [9, 1.5]},
								"east": {"uv": [32, 129], "uv_size": [8, 1.5]},
								"west": {"uv": [151, 56], "uv_size": [8, 1.5]}
							}
						},
						{
							"origin": [-4.42584, 47.03424, -16.29575],
							"size": [8.84676, 1.35317, 9.27895],
							"pivot": [-0.26889, 47.73721, -10.73301],
							"rotation": [12.5, 0, 0],
							"uv": {
								"east": {"uv": [150, 39], "uv_size": [9.5, 1.5]},
								"west": {"uv": [150, 41], "uv_size": [9.5, 1.5]},
								"up": {"uv": [20, 112], "uv_size": [9, 9.5]}
							}
						},
						{
							"origin": [-6.75972, 49.1613, -1.16948],
							"size": [13.51944, 2.35556, 18.77351],
							"pivot": [-1.82799, 40.81443, 4.58376],
							"rotation": [-5, 0, 0],
							"uv": {
								"east": {"uv": [128, 3], "uv_size": [19, 2.5]},
								"west": {"uv": [128, 115], "uv_size": [19, 2.5]},
								"up": {"uv": [80, 61], "uv_size": [13.5, 19]}
							}
						},
						{
							"origin": [-6.75972, 46.87633, -1.29526],
							"size": [13.51944, 5.19589, 1.98702],
							"pivot": [-1.82801, 51.17691, -0.82933],
							"rotation": [-64.99999, 0, -0.00001],
							"uv": {
								"north": {"uv": [120, 33], "uv_size": [13.5, 5]},
								"east": {"uv": [78, 107], "uv_size": [2, 5]},
								"west": {"uv": [85, 122], "uv_size": [2, 5]}
							}
						}
					]
				},
				{
					"name": "bottom4",
					"parent": "torrent",
					"pivot": [3.79854, 44.00306, -3.28816],
					"cubes": [
						{
							"origin": [-9.92517, 42.85982, -6.52253],
							"size": [19.85034, 6.95395, 22.18007],
							"uv": {
								"east": {"uv": [89, 26], "uv_size": [22, 7]},
								"south": {"uv": [94, 57], "uv_size": [20, 7]},
								"west": {"uv": [89, 33], "uv_size": [22, 7]},
								"up": {"uv": [60, 26], "uv_size": [20, 22]},
								"down": {"uv": [0, 84], "uv_size": [20, -22]}
							}
						},
						{
							"origin": [-6.75972, 42.85982, 15.65754],
							"size": [13.51944, 7.48153, 6.3309],
							"uv": {
								"east": {"uv": [128, 125], "uv_size": [6.5, 7.5]},
								"west": {"uv": [129, 18], "uv_size": [6.5, 7.5]},
								"down": {"uv": [104, 77.5], "uv_size": [13.5, -6.5]}
							}
						},
						{
							"origin": [-6.75972, 44.23428, 18.97576],
							"size": [13.51944, 1.15062, 9.49636],
							"pivot": [0, 47.18368, 22.14122],
							"rotation": [45, 0, 0],
							"uv": {
								"west": {"uv": [152, 141], "uv_size": [9.5, 1]},
								"down": {"uv": [44, 22.5], "uv_size": [13.5, -9.5]}
							}
						},
						{
							"origin": [4.41074, 42.85978, 5.84992],
							"size": [1.64907, 6.95403, 5.82532],
							"inflate": -0.001,
							"pivot": [-3.8654, 46.86437, 0.05759],
							"rotation": [0, 75, 0],
							"uv": {
								"west": {"uv": [55, 130], "uv_size": [6, 7]},
								"up": {"uv": [153, 58], "uv_size": [1.5, 6]},
								"down": {"uv": [63, 159], "uv_size": [1.5, -6]}
							}
						},
						{
							"origin": [0.957, 42.85982, 4.91229],
							"size": [1.64899, 6.95395, 8.60028],
							"pivot": [-7.31918, 46.86437, 1.89496],
							"rotation": [0, 90, 0],
							"uv": {
								"west": {"uv": [122, 118], "uv_size": [8.5, 7]},
								"up": {"uv": [0, 151], "uv_size": [1.5, 8.5]},
								"down": {"uv": [32, 159.5], "uv_size": [1.5, -8.5]}
							}
						},
						{
							"origin": [-6.05981, 42.85978, 5.84992],
							"size": [1.64907, 6.95403, 5.82532],
							"inflate": -0.001,
							"pivot": [3.8654, 46.86437, 0.05759],
							"rotation": [0, -75, 0],
							"uv": {
								"east": {"uv": [20, 131], "uv_size": [6, 7]},
								"up": {"uv": [136, 153], "uv_size": [1.5, 6]},
								"down": {"uv": [138, 159], "uv_size": [1.5, -6]}
							}
						},
						{
							"origin": [-10.34723, 47.38879, -0.5345],
							"size": [20.69446, 1.84651, 1.84651],
							"pivot": [0, 48.57583, 0.12497],
							"rotation": [-45, 0, 0],
							"uv": {
								"north": {"uv": [94, 78], "uv_size": [20.5, 2]},
								"east": {"uv": [76, 120], "uv_size": [2, 2]},
								"south": {"uv": [128, 6], "uv_size": [20.5, 2]},
								"west": {"uv": [139, 89], "uv_size": [2, 2]},
								"up": {"uv": [129, 30], "uv_size": [20.5, 2]},
								"down": {"uv": [130, 58], "uv_size": [20.5, -2]}
							}
						},
						{
							"origin": [-9.29208, 49.81377, 0.33595],
							"size": [18.58416, 1.58273, 2.90166],
							"uv": {
								"north": {"uv": [142, 99], "uv_size": [18.5, 1.5]},
								"east": {"uv": [112, 156], "uv_size": [3, 1.5]},
								"south": {"uv": [142, 101], "uv_size": [18.5, 1.5]},
								"west": {"uv": [115, 156], "uv_size": [3, 1.5]},
								"up": {"uv": [0, 46], "uv_size": [18.5, 3]},
								"down": {"uv": [125, 13], "uv_size": [18.5, -3]}
							}
						},
						{
							"origin": [-9.50311, 48.23105, -3.99017],
							"size": [19.00622, 1.05515, 2.1103],
							"uv": {
								"north": {"uv": [142, 84], "uv_size": [19, 1]},
								"east": {"uv": [74, 48], "uv_size": [2, 1]},
								"south": {"uv": [142, 111], "uv_size": [19, 1]},
								"west": {"uv": [96, 12], "uv_size": [2, 1]},
								"up": {"uv": [131, 122], "uv_size": [19, 2]}
							}
						}
					]
				},
				{
					"name": "bottom5",
					"parent": "torrent",
					"pivot": [2.74097, 49.59186, 28.72627],
					"cubes": [
						{
							"origin": [2.94767, 42.84129, 18.3433],
							"size": [8.87677, 7.86087, 10.1918],
							"uv": {
								"north": {"uv": [116, 48], "uv_size": [9, 8]},
								"east": {"uv": [106, 48], "uv_size": [10, 8]},
								"south": {"uv": [116, 78], "uv_size": [9, 8]},
								"west": {"uv": [111, 112], "uv_size": [10, 8]},
								"up": {"uv": [87, 109], "uv_size": [9, 10]},
								"down": {"uv": [111, 36], "uv_size": [9, -10]}
							}
						},
						{
							"origin": [2.94767, 46.27053, 28.53509],
							"size": [2.73166, 4.43163, 8.03231],
							"uv": {
								"east": {"uv": [133, 91], "uv_size": [8, 4.5]},
								"south": {"uv": [112, 151], "uv_size": [2.5, 4.5]},
								"up": {"uv": [8, 145], "uv_size": [2.5, 8]}
							}
						},
						{
							"origin": [2.94763, 44.92311, 27.42199],
							"size": [2.73174, 3.18472, 8.73262],
							"inflate": -0.001,
							"pivot": [4.3135, 46.61139, 33.04969],
							"rotation": [23, 0, 0],
							"uv": {
								"east": {"uv": [143, 72], "uv_size": [8.5, 3]},
								"west": {"uv": [144, 10], "uv_size": [8.5, 3]},
								"down": {"uv": [137, 152.5], "uv_size": [2.5, -8.5]}
							}
						},
						{
							"origin": [5.18304, 46.27049, 30.00776],
							"size": [3.16945, 4.43171, 6.10077],
							"inflate": -0.001,
							"pivot": [6.28815, 48.48635, 32.09892],
							"rotation": [0, -35, 0],
							"uv": {
								"west": {"uv": [95, 139], "uv_size": [6, 4.5]},
								"up": {"uv": [17, 84], "uv_size": [3, 6]},
								"down": {"uv": [68, 97], "uv_size": [3, -6]}
							}
						},
						{
							"origin": [6.11519, 46.27049, 26.71892],
							"size": [4.8481, 4.43171, 6.10077],
							"inflate": -0.001,
							"pivot": [8.89895, 48.48635, 28.81008],
							"rotation": [0, -40, 0],
							"uv": {
								"west": {"uv": [8, 140], "uv_size": [6, 4.5]},
								"up": {"uv": [106, 113], "uv_size": [5, 6]},
								"down": {"uv": [50, 137], "uv_size": [5, -6]}
							}
						},
						{
							"origin": [-8.16016, 50.35485, 23.99794],
							"size": [8.45471, 4.2206, 1.19903],
							"pivot": [0, 38.82902, 7.6012],
							"rotation": [0, 0, 40],
							"uv": {
								"north": {"uv": [128, 137], "uv_size": [8.5, 4]},
								"south": {"uv": [137, 132], "uv_size": [8.5, 4]},
								"up": {"uv": [153, 64], "uv_size": [8.5, 1]}
							}
						},
						{
							"origin": [-7.31604, 50.35485, 26.92839],
							"size": [7.61059, 3.37648, 1.19903],
							"pivot": [0, 38.82902, 7.57722],
							"rotation": [0, 0, 40],
							"uv": {
								"north": {"uv": [38, 142], "uv_size": [7.5, 3.5]},
								"south": {"uv": [68, 142], "uv_size": [7.5, 3.5]},
								"up": {"uv": [153, 122], "uv_size": [7.5, 1]}
							}
						},
						{
							"origin": [-6.47191, 50.35485, 30.07465],
							"size": [6.76647, 2.53236, 1.19903],
							"pivot": [0, 38.82902, 7.76906],
							"rotation": [0, 0, 40],
							"uv": {
								"north": {"uv": [115, 138], "uv_size": [7, 2.5]},
								"south": {"uv": [147, 3], "uv_size": [7, 2.5]},
								"up": {"uv": [118, 77], "uv_size": [7, 1]}
							}
						},
						{
							"origin": [-0.29456, 50.35485, 30.07465],
							"size": [6.76647, 2.53236, 1.19903],
							"pivot": [0, 38.82902, 7.76906],
							"rotation": [0, 0, -40],
							"uv": {
								"north": {"uv": [147, 115], "uv_size": [7, 2.5]},
								"south": {"uv": [148, 85], "uv_size": [7, 2.5]},
								"up": {"uv": [154, 19], "uv_size": [7, 1]}
							}
						},
						{
							"origin": [-0.29456, 50.35485, 23.99794],
							"size": [8.45471, 4.2206, 1.19903],
							"pivot": [0, 38.82902, 7.6012],
							"rotation": [0, 0, -40],
							"uv": {
								"north": {"uv": [137, 136], "uv_size": [8.5, 4]},
								"south": {"uv": [139, 66], "uv_size": [8.5, 4]},
								"up": {"uv": [153, 65], "uv_size": [8.5, 1]}
							}
						},
						{
							"origin": [-0.29456, 50.35485, 26.92839],
							"size": [7.61059, 3.37648, 1.19903],
							"pivot": [0, 38.82902, 7.57722],
							"rotation": [0, 0, -40],
							"uv": {
								"north": {"uv": [142, 103], "uv_size": [7.5, 3.5]},
								"south": {"uv": [142, 107], "uv_size": [7.5, 3.5]},
								"up": {"uv": [153, 123], "uv_size": [7.5, 1]}
							}
						}
					]
				},
				{
					"name": "bottom2",
					"parent": "torrent",
					"pivot": [-2.74097, 49.59186, 28.72627],
					"cubes": [
						{
							"origin": [-11.82444, 42.84129, 18.3433],
							"size": [8.87677, 7.86087, 10.1918],
							"uv": {
								"north": {"uv": [119, 0], "uv_size": [9, 8]},
								"east": {"uv": [114, 56], "uv_size": [10, 8]},
								"south": {"uv": [119, 64], "uv_size": [9, 8]},
								"west": {"uv": [115, 12], "uv_size": [10, 8]},
								"up": {"uv": [111, 92], "uv_size": [9, 10]},
								"down": {"uv": [111, 112], "uv_size": [9, -10]}
							}
						},
						{
							"origin": [-5.67933, 46.27053, 28.53509],
							"size": [2.73166, 4.43163, 8.03231],
							"uv": {
								"south": {"uv": [121, 151], "uv_size": [2.5, 4.5]},
								"west": {"uv": [136, 21], "uv_size": [8, 4.5]},
								"up": {"uv": [11, 145], "uv_size": [2.5, 8]}
							}
						},
						{
							"origin": [-5.67937, 44.92311, 27.42199],
							"size": [2.73174, 3.18472, 8.73262],
							"inflate": -0.001,
							"pivot": [-4.3135, 46.61139, 33.04969],
							"rotation": [23, 0, 0],
							"uv": {
								"east": {"uv": [144, 13], "uv_size": [8.5, 3]},
								"west": {"uv": [144, 21], "uv_size": [8.5, 3]},
								"down": {"uv": [140, 152.5], "uv_size": [2.5, -8.5]}
							}
						},
						{
							"origin": [-8.35249, 46.27049, 30.00776],
							"size": [3.16945, 4.43171, 6.10077],
							"inflate": -0.001,
							"pivot": [-6.28815, 48.48635, 32.09892],
							"rotation": [0, 35, 0],
							"uv": {
								"east": {"uv": [128, 141], "uv_size": [6, 4.5]},
								"up": {"uv": [5, 148], "uv_size": [3, 6]},
								"down": {"uv": [88, 154], "uv_size": [3, -6]}
							}
						},
						{
							"origin": [-10.96329, 46.27049, 26.71892],
							"size": [4.8481, 4.43171, 6.10077],
							"inflate": -0.001,
							"pivot": [-8.89895, 48.48635, 28.81008],
							"rotation": [0, 40, 0],
							"uv": {
								"east": {"uv": [32, 142], "uv_size": [6, 4.5]},
								"up": {"uv": [0, 137], "uv_size": [5, 6]},
								"down": {"uv": [20, 144], "uv_size": [5, -6]}
							}
						},
						{
							"origin": [-0.29456, 50.35485, 23.99794],
							"size": [8.45471, 4.2206, 1.19903],
							"pivot": [0, 38.82902, 7.6012],
							"rotation": [0, 0, -40],
							"uv": {
								"north": {"uv": [139, 85], "uv_size": [8.5, 4]},
								"south": {"uv": [137, 140], "uv_size": [8.5, 4]},
								"up": {"uv": [153, 78], "uv_size": [8.5, 1]}
							}
						},
						{
							"origin": [-0.29456, 50.35485, 26.92839],
							"size": [7.61059, 3.37648, 1.19903],
							"pivot": [0, 38.82902, 7.57722],
							"rotation": [0, 0, -40],
							"uv": {
								"north": {"uv": [142, 118], "uv_size": [7.5, 3.5]},
								"south": {"uv": [143, 26], "uv_size": [7.5, 3.5]},
								"up": {"uv": [154, 3], "uv_size": [7.5, 1]}
							}
						},
						{
							"origin": [-0.29456, 50.35485, 30.07465],
							"size": [6.76647, 2.53236, 1.19903],
							"pivot": [0, 38.82902, 7.76906],
							"rotation": [0, 0, -40],
							"uv": {
								"north": {"uv": [106, 148], "uv_size": [7, 2.5]},
								"south": {"uv": [113, 148], "uv_size": [7, 2.5]},
								"up": {"uv": [154, 20], "uv_size": [7, 1]}
							}
						},
						{
							"origin": [-6.47191, 50.35485, 30.07465],
							"size": [6.76647, 2.53236, 1.19903],
							"pivot": [0, 38.82902, 7.76906],
							"rotation": [0, 0, 40],
							"uv": {
								"north": {"uv": [120, 148], "uv_size": [7, 2.5]},
								"south": {"uv": [148, 124], "uv_size": [7, 2.5]},
								"up": {"uv": [154, 66], "uv_size": [7, 1]}
							}
						},
						{
							"origin": [-8.16016, 50.35485, 23.99794],
							"size": [8.45471, 4.2206, 1.19903],
							"pivot": [0, 38.82902, 7.6012],
							"rotation": [0, 0, 40],
							"uv": {
								"north": {"uv": [46, 141], "uv_size": [8.5, 4]},
								"south": {"uv": [141, 89], "uv_size": [8.5, 4]},
								"up": {"uv": [153, 79], "uv_size": [8.5, 1]}
							}
						},
						{
							"origin": [-7.31604, 50.35485, 26.92839],
							"size": [7.61059, 3.37648, 1.19903],
							"pivot": [0, 38.82902, 7.57722],
							"rotation": [0, 0, 40],
							"uv": {
								"north": {"uv": [143, 32], "uv_size": [7.5, 3.5]},
								"south": {"uv": [55, 143], "uv_size": [7.5, 3.5]},
								"up": {"uv": [154, 4], "uv_size": [7.5, 1]}
							}
						}
					]
				},
				{
					"name": "bottom6",
					"parent": "torrent",
					"pivot": [-0.83061, 39.78245, -0.33373]
				},
				{
					"name": "bone2",
					"parent": "bottom6",
					"pivot": [-0.83061, 39.78245, -0.33373],
					"cubes": [
						{
							"origin": [3.57117, 41.90884, -7.52819],
							"size": [1.52495, 1.05515, 14.00025],
							"uv": {
								"north": {"uv": [132, 32], "uv_size": [1.5, 1]},
								"east": {"uv": [60, 48], "uv_size": [14, 1]},
								"south": {"uv": [120, 132], "uv_size": [1.5, 1]},
								"west": {"uv": [82, 12], "uv_size": [14, 1]}
							}
						},
						{
							"origin": [3.57117, 33.36347, -4.41793],
							"size": [1.52495, 8.5942, 7.77486],
							"uv": {
								"east": {"uv": [68, 120], "uv_size": [8, 8.5]},
								"west": {"uv": [120, 91], "uv_size": [8, 8.5]},
								"down": {"uv": [59, 159], "uv_size": [1.5, -8]}
							}
						},
						{
							"origin": [3.57113, 35.68546, -7.18711],
							"size": [1.52503, 4.22068, 9.09388],
							"inflate": -0.001,
							"pivot": [-0.95923, 39.04076, -2.91371],
							"rotation": [-70, 0, 0],
							"uv": {
								"east": {"uv": [133, 104], "uv_size": [9, 4]},
								"west": {"uv": [106, 133], "uv_size": [9, 4]},
								"down": {"uv": [143, 159], "uv_size": [1.5, -9]}
							}
						},
						{
							"origin": [3.57113, 35.62788, -1.184],
							"size": [1.52503, 4.22068, 9.09388],
							"inflate": -0.001,
							"pivot": [4.49191, 37.73822, 2.70347],
							"rotation": [70, 0, 0],
							"uv": {
								"east": {"uv": [133, 96], "uv_size": [9, 4]},
								"west": {"uv": [133, 100], "uv_size": [9, 4]},
								"down": {"uv": [132, 159], "uv_size": [1.5, -9]}
							}
						},
						{
							"origin": [-5.09611, 41.90884, -7.52819],
							"size": [1.52495, 1.05515, 14.00025],
							"uv": {
								"north": {"uv": [135, 132], "uv_size": [1.5, 1]},
								"east": {"uv": [104, 7], "uv_size": [14, 1]},
								"south": {"uv": [129, 158], "uv_size": [1.5, 1]},
								"west": {"uv": [150, 31], "uv_size": [14, 1]}
							}
						},
						{
							"origin": [-5.09611, 33.36347, -4.41793],
							"size": [1.52495, 8.5942, 7.77486],
							"uv": {
								"east": {"uv": [120, 100], "uv_size": [8, 8.5]},
								"west": {"uv": [106, 120], "uv_size": [8, 8.5]},
								"down": {"uv": [66, 159], "uv_size": [1.5, -8]}
							}
						},
						{
							"origin": [-5.09615, 35.68546, -7.18711],
							"size": [1.52503, 4.22068, 9.09388],
							"inflate": -0.001,
							"pivot": [0.95923, 39.04076, -2.91371],
							"rotation": [-70, 0, 0],
							"uv": {
								"east": {"uv": [134, 32], "uv_size": [9, 4]},
								"west": {"uv": [135, 13], "uv_size": [9, 4]},
								"down": {"uv": [147, 159], "uv_size": [1.5, -9]}
							}
						},
						{
							"origin": [-5.09615, 35.62788, -1.184],
							"size": [1.52503, 4.22068, 9.09388],
							"inflate": -0.001,
							"pivot": [-4.49191, 37.73822, 2.70347],
							"rotation": [70, 0, 0],
							"uv": {
								"east": {"uv": [133, 108], "uv_size": [9, 4]},
								"west": {"uv": [128, 133], "uv_size": [9, 4]},
								"down": {"uv": [145, 159], "uv_size": [1.5, -9]}
							}
						}
					]
				},
				{
					"name": "bone6",
					"parent": "barrel",
					"pivot": [0, 39.66367, -0.53989],
					"cubes": [
						{
							"origin": [-7.32152, 38.60852, -1.59504],
							"size": [14.64304, 2.1103, 2.1103],
							"pivot": [0, 39.66367, -0.53989],
							"rotation": [-45, 0, 0],
							"uv": {
								"north": {"uv": [141, 93], "uv_size": [14.5, 2]},
								"east": {"uv": [144, 130], "uv_size": [2, 2]},
								"south": {"uv": [142, 82], "uv_size": [14.5, 2]},
								"west": {"uv": [8, 157], "uv_size": [2, 2]},
								"up": {"uv": [142, 95], "uv_size": [14.5, 2]},
								"down": {"uv": [142, 99], "uv_size": [14.5, -2]}
							}
						},
						{
							"origin": [-6.67275, 38.00709, -2.19648],
							"size": [13.3455, 3.31317, 3.31317],
							"pivot": [0, 39.66367, -0.53989],
							"rotation": [-45, 0, 0],
							"uv": {
								"north": {"uv": [129, 26], "uv_size": [13.5, 3.5]},
								"east": {"uv": [151, 26], "uv_size": [3.5, 3.5]},
								"south": {"uv": [106, 129], "uv_size": [13.5, 3.5]},
								"west": {"uv": [151, 32], "uv_size": [3.5, 3.5]},
								"up": {"uv": [130, 48], "uv_size": [13.5, 3.5]},
								"down": {"uv": [130, 55.5], "uv_size": [13.5, -3.5]}
							}
						}
					]
				},
				{
					"name": "bone7",
					"parent": "turret",
					"pivot": [0, 34.20607, -1.80335],
					"cubes": [
						{
							"origin": [-3.52516, 35.68551, -7.18707],
							"size": [7.05033, 4.2206, 9.0938],
							"pivot": [-0.046, 39.04076, -2.91371],
							"rotation": [-70, 0, 0],
							"uv": {
								"east": {"uv": [135, 128], "uv_size": [9, 4]},
								"west": {"uv": [136, 17], "uv_size": [9, 4]},
								"down": {"uv": [20, 131], "uv_size": [7, -9]}
							}
						},
						{
							"origin": [-3.52516, 35.62792, -1.18395],
							"size": [7.05033, 4.2206, 9.0938],
							"pivot": [5.40514, 37.73822, 2.70347],
							"rotation": [70, 0, 0],
							"uv": {
								"east": {"uv": [135, 76], "uv_size": [9, 4]},
								"west": {"uv": [135, 124], "uv_size": [9, 4]},
								"down": {"uv": [121, 118], "uv_size": [7, -9]}
							}
						},
						{
							"origin": [-3.52516, 33.36347, -4.41793],
							"size": [7.05033, 8.5942, 7.77486],
							"uv": {
								"east": {"uv": [114, 120], "uv_size": [8, 8.5]},
								"west": {"uv": [55, 121], "uv_size": [8, 8.5]},
								"down": {"uv": [64, 91], "uv_size": [7, -8]}
							}
						},
						{
							"origin": [-3.52516, 41.90884, -7.52819],
							"size": [7.05033, 1.05515, 14.00025],
							"uv": {
								"north": {"uv": [134, 37], "uv_size": [7, 1]},
								"east": {"uv": [150, 43], "uv_size": [14, 1]},
								"south": {"uv": [154, 5], "uv_size": [7, 1]},
								"west": {"uv": [150, 103], "uv_size": [14, 1]},
								"up": {"uv": [108, 12], "uv_size": [7, 14]}
							}
						}
					]
				},
				{
					"name": "base",
					"parent": "root",
					"pivot": [0, 29.06599, -0.38369],
					"cubes": [
						{
							"origin": [-2.87768, 32.70967, -3.3573],
							"size": [5.75537, 1.10311, 5.75537],
							"uv": {
								"north": {"uv": [154, 69], "uv_size": [6, 1]},
								"east": {"uv": [154, 117], "uv_size": [6, 1]},
								"south": {"uv": [155, 32], "uv_size": [6, 1]},
								"west": {"uv": [155, 33], "uv_size": [6, 1]},
								"down": {"uv": [133, 72], "uv_size": [6, -6]}
							}
						}
					]
				},
				{
					"name": "base1",
					"parent": "base",
					"pivot": [-0.00005, 32.71105, -0.57553],
					"cubes": [
						{
							"origin": [-7.0922, 32.51921, -6.3309],
							"size": [14.1843, 0.38369, 4.98799],
							"uv": {
								"up": {"uv": [118, 72], "uv_size": [14, 5]}
							}
						},
						{
							"origin": [5.9533, 32.51921, -6.3309],
							"size": [1.1388, 0.38369, 2.87646],
							"pivot": [7.09209, 32.9029, -6.3309],
							"rotation": [0, 30, 0],
							"uv": {
								"up": {"uv": [93, 57], "uv_size": [1, 3]}
							}
						},
						{
							"origin": [-7.09219, 32.51921, -6.33089],
							"size": [14.1843, 0.38369, 4.98799],
							"pivot": [-0.00005, 32.99744, -0.57552],
							"rotation": [0, -120, 0],
							"uv": {
								"up": {"uv": [115, 20], "uv_size": [14, 5]}
							}
						},
						{
							"origin": [7.88081, 32.51921, -2.01376],
							"size": [1.1388, 0.38369, 2.87646],
							"pivot": [-0.00005, 32.99744, -0.57554],
							"rotation": [0, -90, 0],
							"uv": {
								"up": {"uv": [120, 109], "uv_size": [1, 3]}
							}
						},
						{
							"origin": [-7.0922, 32.51921, -6.3309],
							"size": [14.1843, 0.38369, 4.98799],
							"pivot": [-0.00005, 32.99744, -0.57554],
							"rotation": [0, 120, 0],
							"uv": {
								"up": {"uv": [116, 86], "uv_size": [14, 5]}
							}
						},
						{
							"origin": [7.88081, 32.51921, -2.01376],
							"size": [1.1388, 0.38369, 2.87646],
							"pivot": [-0.00005, 32.99744, -0.57554],
							"rotation": [0, 150, 0],
							"uv": {
								"up": {"uv": [124, 56], "uv_size": [1, 3]}
							}
						}
					]
				},
				{
					"name": "bone",
					"parent": "base1",
					"pivot": [4.41971, 28.79927, -6.45815],
					"cubes": [
						{
							"origin": [-7.0922, 24.93301, -7.38016],
							"size": [14.1843, 8.05751, 0.38369],
							"pivot": [-0.00005, 28.96176, -7.18831],
							"rotation": [-15, 0, 0],
							"uv": {
								"north": {"uv": [30, 100], "uv_size": [14, 8]}
							}
						},
						{
							"origin": [5.18592, 24.46169, -6.32707],
							"size": [1.90618, 8.44121, 0.38369],
							"pivot": [7.09209, 32.9029, -6.3309],
							"rotation": [-14.62904, -3.35207, -12.62634],
							"uv": {
								"north": {"uv": [104, 92], "uv_size": [2, 8.5]}
							}
						},
						{
							"origin": [-7.0922, 24.46169, -6.32707],
							"size": [1.90618, 8.44121, 0.38369],
							"pivot": [-7.0922, 32.9029, -6.3309],
							"rotation": [-14.62904, 3.35207, 12.62634],
							"uv": {
								"north": {"uv": [74, 129], "uv_size": [2, 8.5]}
							}
						},
						{
							"origin": [6.70457, 24.46169, -6.3309],
							"size": [0.38369, 8.44121, 0.958],
							"pivot": [7.09209, 32.9029, -6.3309],
							"rotation": [-16.62956, 28.23647, -21.54376],
							"uv": {
								"west": {"uv": [79, 48], "uv_size": [1, 8.5]}
							}
						},
						{
							"origin": [6.7084, 24.46169, -6.3309],
							"size": [0.38369, 8.44121, 2.87646],
							"pivot": [7.09209, 32.9029, -6.3309],
							"rotation": [-10.57986, 28.23647, -21.54376],
							"uv": {
								"west": {"uv": [76, 48], "uv_size": [3, 8.5]}
							}
						},
						{
							"origin": [-8.50035, 21.41396, -1.68878],
							"size": [0.38369, 8.44121, 0.95796],
							"pivot": [-0.00005, 32.99744, -0.57554],
							"rotation": [-175.46984, -28.23647, 158.45624],
							"uv": {
								"east": {"uv": [29, 112], "uv_size": [1, 8.5]}
							}
						}
					]
				},
				{
					"name": "bone8",
					"parent": "base1",
					"pivot": [8.53032, 32.9029, -3.83982],
					"rotation": [0, -120, 0],
					"cubes": [
						{
							"origin": [8.53032, 24.7398, -3.82592],
							"size": [14.1843, 8.05751, 0.38369],
							"pivot": [8.97554, 32.9029, -3.43186],
							"rotation": [-15, 0, 0],
							"uv": {
								"north": {"uv": [44, 100], "uv_size": [14, 8]}
							}
						},
						{
							"origin": [20.42939, 21.25496, -3.82208],
							"size": [1.90618, 8.44121, 0.38369],
							"pivot": [8.97554, 32.9029, -3.43186],
							"rotation": [-14.62904, -3.35207, -12.62634],
							"uv": {
								"north": {"uv": [20, 149], "uv_size": [2, 8.5]}
							}
						},
						{
							"origin": [8.56569, 24.25825, -3.82208],
							"size": [1.90618, 8.44121, 0.38369],
							"pivot": [8.97554, 32.9029, -3.43186],
							"rotation": [-14.62904, 3.35207, 12.62634],
							"uv": {
								"north": {"uv": [22, 149], "uv_size": [2, 8.5]}
							}
						},
						{
							"origin": [20.03955, 21.25496, 3.46072],
							"size": [0.38369, 8.44121, 0.958],
							"pivot": [8.97554, 32.9029, -3.43186],
							"rotation": [-16.62956, 28.23647, -21.54376],
							"uv": {
								"west": {"uv": [8, 125], "uv_size": [1, 8.5]}
							}
						},
						{
							"origin": [20.04339, 20.5464, 3.08437],
							"size": [0.38369, 8.44121, 2.87646],
							"pivot": [8.97554, 32.9029, -3.43186],
							"rotation": [-10.57986, 28.23647, -21.54376],
							"uv": {
								"west": {"uv": [55, 108], "uv_size": [3, 8.5]}
							}
						},
						{
							"origin": [-2.47227, 19.5783, -12.35958],
							"size": [0.38369, 8.44121, 0.95796],
							"pivot": [8.97554, 32.9029, -3.43186],
							"rotation": [-175.46984, -28.23647, 158.45624],
							"uv": {
								"east": {"uv": [17, 146], "uv_size": [1, 8.5]}
							}
						}
					]
				},
				{
					"name": "bone9",
					"parent": "base1",
					"pivot": [2.88457, 28.79927, 6.1934],
					"rotation": [0, 120, 0],
					"cubes": [
						{
							"origin": [3.09985, 24.73859, 1.34003],
							"size": [14.1843, 8.05751, 0.38369],
							"pivot": [3.54506, 32.90169, 1.73409],
							"rotation": [-15, 0, 0],
							"uv": {
								"north": {"uv": [87, 101], "uv_size": [14, 8]}
							}
						},
						{
							"origin": [14.99891, 21.25375, 1.34387],
							"size": [1.90618, 8.44121, 0.38369],
							"pivot": [3.54506, 32.90169, 1.73409],
							"rotation": [-14.62904, -3.35207, -12.62634],
							"uv": {
								"north": {"uv": [24, 149], "uv_size": [2, 8.5]}
							}
						},
						{
							"origin": [3.13521, 24.25704, 1.34387],
							"size": [1.90618, 8.44121, 0.38369],
							"pivot": [3.54506, 32.90169, 1.73409],
							"rotation": [-14.62904, 3.35207, 12.62634],
							"uv": {
								"north": {"uv": [38, 149], "uv_size": [2, 8.5]}
							}
						},
						{
							"origin": [14.60908, 21.25375, 8.62667],
							"size": [0.38369, 8.44121, 0.958],
							"pivot": [3.54506, 32.90169, 1.73409],
							"rotation": [-16.62956, 28.23647, -21.54376],
							"uv": {
								"west": {"uv": [29, 146], "uv_size": [1, 8.5]}
							}
						},
						{
							"origin": [14.61291, 20.54519, 8.25032],
							"size": [0.38369, 8.44121, 2.87646],
							"pivot": [3.54506, 32.90169, 1.73409],
							"rotation": [-10.57986, 28.23647, -21.54376],
							"uv": {
								"west": {"uv": [88, 139], "uv_size": [3, 8.5]}
							}
						},
						{
							"origin": [-7.90274, 19.57709, -7.19363],
							"size": [0.38369, 8.44121, 0.95796],
							"pivot": [3.54506, 32.90169, 1.73409],
							"rotation": [-175.46984, -28.23647, 158.45624],
							"uv": {
								"east": {"uv": [87, 150], "uv_size": [1, 8.5]}
							}
						}
					]
				},
				{
					"name": "base2",
					"parent": "base",
					"pivot": [0.00009, 25.03723, -0.58543],
					"cubes": [
						{
							"origin": [-10.91474, 24.84538, -9.44295],
							"size": [21.82965, 0.38369, 7.67651],
							"uv": {
								"up": {"uv": [82, 0], "uv_size": [22, 7.5]}
							}
						},
						{
							"origin": [13.75434, 24.84538, -2.36327],
							"size": [1.75262, 0.38369, 4.4268],
							"pivot": [0.00009, 7.96297, 2.66581],
							"rotation": [0, 30, 0],
							"uv": {
								"up": {"uv": [153, 44], "uv_size": [2, 4.5]}
							}
						},
						{
							"origin": [-13.73042, 24.84538, -4.56612],
							"size": [21.82965, 0.38369, 7.67651],
							"pivot": [0.00009, 7.96297, 2.66581],
							"rotation": [0, -120, 0],
							"uv": {
								"up": {"uv": [20, 83], "uv_size": [22, 7.5]}
							}
						},
						{
							"origin": [8.87751, 24.84538, 0.45237],
							"size": [1.75262, 0.38369, 4.42684],
							"pivot": [0.00009, 7.96297, 2.66581],
							"rotation": [0, -90, 0],
							"uv": {
								"up": {"uv": [46, 153], "uv_size": [2, 4.5]}
							}
						},
						{
							"origin": [-8.09906, 24.84538, -4.56612],
							"size": [21.82965, 0.38369, 7.67651],
							"pivot": [0.00009, 7.96297, 2.66581],
							"rotation": [0, 120, 0],
							"uv": {
								"up": {"uv": [42, 83], "uv_size": [22, 7.5]}
							}
						},
						{
							"origin": [13.75434, 24.84538, 3.26805],
							"size": [1.75262, 0.38369, 4.4268],
							"pivot": [0.00009, 7.96297, 2.66581],
							"rotation": [0, 150, 0],
							"uv": {
								"up": {"uv": [48, 153], "uv_size": [2, 4.5]}
							}
						}
					]
				},
				{
					"name": "bone3",
					"parent": "base2",
					"pivot": [0.09217, 0, -0.35981],
					"cubes": [
						{
							"origin": [-10.91474, 2.70612, -12.33085],
							"size": [21.82965, 22.25409, 0.32806],
							"pivot": [2.61374, 14.12674, -9.86579],
							"rotation": [-15, 0, 0],
							"uv": {
								"north": {"uv": [0, 0], "uv_size": [22, 22.5]}
							}
						},
						{
							"origin": [7.95277, -0.2167, -12.32671],
							"size": [5.19499, 23.02147, 0.32806],
							"pivot": [2.61374, 14.12674, -9.86579],
							"rotation": [-14.62904, -3.35207, -12.62634],
							"uv": {
								"north": {"uv": [0, 93], "uv_size": [5, 23]}
							}
						},
						{
							"origin": [-13.01244, -1.39763, -12.32671],
							"size": [5.19499, 23.02147, 0.32806],
							"pivot": [2.61374, 14.12674, -9.86579],
							"rotation": [-14.62904, 3.35207, 12.62634],
							"uv": {
								"north": {"uv": [5, 93], "uv_size": [5, 23]}
							}
						},
						{
							"origin": [-7.576, -1.50711, -19.62886],
							"size": [0.32806, 22.89328, 2.43893],
							"pivot": [2.61374, 14.12674, -9.86579],
							"rotation": [-175.46984, -28.23647, 158.45624],
							"uv": {
								"east": {"uv": [15, 123], "uv_size": [2.5, 23]}
							}
						},
						{
							"origin": [12.47982, -0.26311, -5.34901],
							"size": [0.32806, 22.63778, 4.42684],
							"pivot": [2.61374, 14.12674, -9.86579],
							"rotation": [-10.57986, 28.23647, -21.54376],
							"uv": {
								"west": {"uv": [40, 108], "uv_size": [4.5, 22.5]}
							}
						},
						{
							"origin": [12.47564, -0.08851, -6.24342],
							"size": [0.32806, 22.89328, 2.43893],
							"pivot": [2.61374, 14.12674, -9.86579],
							"rotation": [-16.62956, 28.23647, -21.54376],
							"uv": {
								"west": {"uv": [101, 122], "uv_size": [2.5, 23]}
							}
						}
					]
				},
				{
					"name": "bone4",
					"parent": "base2",
					"pivot": [0.09217, 0, -0.35981],
					"rotation": [0, -120, 0],
					"cubes": [
						{
							"origin": [-10.97201, 2.70612, -11.91266],
							"size": [21.82965, 22.25409, 0.32806],
							"pivot": [2.55647, 14.12674, -9.4476],
							"rotation": [-15, 0, 0],
							"uv": {
								"north": {"uv": [22, 0], "uv_size": [22, 22.5]}
							}
						},
						{
							"origin": [7.8955, -0.2167, -11.90852],
							"size": [5.19499, 23.02147, 0.32806],
							"pivot": [2.55647, 14.12674, -9.4476],
							"rotation": [-14.62904, -3.35207, -12.62634],
							"uv": {
								"north": {"uv": [10, 93], "uv_size": [5, 23]}
							}
						},
						{
							"origin": [-13.06971, -1.39763, -11.90852],
							"size": [5.19499, 23.02147, 0.32806],
							"pivot": [2.55647, 14.12674, -9.4476],
							"rotation": [-14.62904, 3.35207, 12.62634],
							"uv": {
								"north": {"uv": [68, 97], "uv_size": [5, 23]}
							}
						},
						{
							"origin": [-7.63327, -1.50711, -19.21067],
							"size": [0.32806, 22.89328, 2.43893],
							"pivot": [2.55647, 14.12674, -9.4476],
							"rotation": [-175.46984, -28.23647, 158.45624],
							"uv": {
								"east": {"uv": [5, 125], "uv_size": [2.5, 23]}
							}
						},
						{
							"origin": [12.42255, -0.26311, -4.93082],
							"size": [0.32806, 22.63778, 4.42684],
							"pivot": [2.55647, 14.12674, -9.4476],
							"rotation": [-10.57986, 28.23647, -21.54376],
							"uv": {
								"west": {"uv": [45, 108], "uv_size": [4.5, 22.5]}
							}
						},
						{
							"origin": [12.41837, -0.08851, -5.82523],
							"size": [0.32806, 22.89328, 2.43893],
							"pivot": [2.55647, 14.12674, -9.4476],
							"rotation": [-16.62956, 28.23647, -21.54376],
							"uv": {
								"west": {"uv": [122, 125], "uv_size": [2.5, 23]}
							}
						}
					]
				},
				{
					"name": "bone5",
					"parent": "base2",
					"pivot": [0.09217, 0, -0.35981],
					"rotation": [0, 120, 0],
					"cubes": [
						{
							"origin": [-10.58121, 2.70612, -12.07216],
							"size": [21.82965, 22.25409, 0.32806],
							"pivot": [2.94727, 14.12674, -9.6071],
							"rotation": [-15, 0, 0],
							"uv": {
								"north": {"uv": [0, 23], "uv_size": [22, 22.5]}
							}
						},
						{
							"origin": [8.2863, -0.2167, -12.06801],
							"size": [5.19499, 23.02147, 0.32806],
							"pivot": [2.94727, 14.12674, -9.6071],
							"rotation": [-14.62904, -3.35207, -12.62634],
							"uv": {
								"north": {"uv": [73, 97], "uv_size": [5, 23]}
							}
						},
						{
							"origin": [-12.67891, -1.39763, -12.06801],
							"size": [5.19499, 23.02147, 0.32806],
							"pivot": [2.94727, 14.12674, -9.6071],
							"rotation": [-14.62904, 3.35207, 12.62634],
							"uv": {
								"north": {"uv": [15, 100], "uv_size": [5, 23]}
							}
						},
						{
							"origin": [-7.24247, -1.50711, -19.37016],
							"size": [0.32806, 22.89328, 2.43893],
							"pivot": [2.94727, 14.12674, -9.6071],
							"rotation": [-175.46984, -28.23647, 158.45624],
							"uv": {
								"east": {"uv": [125, 125], "uv_size": [2.5, 23]}
							}
						},
						{
							"origin": [12.81335, -0.26311, -5.09032],
							"size": [0.32806, 22.63778, 4.42684],
							"pivot": [2.94727, 14.12674, -9.6071],
							"rotation": [-10.57986, 28.23647, -21.54376],
							"uv": {
								"west": {"uv": [50, 108], "uv_size": [4.5, 22.5]}
							}
						},
						{
							"origin": [12.80917, -0.08851, -5.98473],
							"size": [0.32806, 22.89328, 2.43893],
							"pivot": [2.94727, 14.12674, -9.6071],
							"rotation": [-16.62956, 28.23647, -21.54376],
							"uv": {
								"west": {"uv": [85, 127], "uv_size": [2.5, 23]}
							}
						}
					]
				},
				{
					"name": "base3",
					"parent": "base",
					"pivot": [0.00001, 1.91846, -0.35983],
					"cubes": [
						{
							"origin": [-19.1009, 0, -16.06411],
							"size": [38.20183, 3.83691, 13.05022],
							"uv": {
								"north": {"uv": [82, 8], "uv_size": [38, 4]},
								"up": {"uv": [22, 23], "uv_size": [38, 13]},
								"down": {"uv": [22, 49], "uv_size": [38, -13]}
							}
						},
						{
							"origin": [-4.44966, 0, -3.01389],
							"size": [8.89933, 3.83691, 7.75141],
							"uv": {
								"down": {"uv": [87, 127], "uv_size": [9, -8]}
							}
						},
						{
							"origin": [24.0704, 0.00041, -3.67428],
							"size": [3.06626, 3.8361, 7.74618],
							"inflate": 0.01,
							"pivot": [0.00001, -29.85355, 5.12623],
							"rotation": [0, 30, 0],
							"uv": {
								"west": {"uv": [68, 138], "uv_size": [7.5, 4]},
								"up": {"uv": [134, 141], "uv_size": [3, 7.5]},
								"down": {"uv": [0, 150.5], "uv_size": [3, -7.5]}
							}
						},
						{
							"origin": [-24.0283, 0, -7.52959],
							"size": [38.20183, 3.83691, 13.05018],
							"pivot": [0.00001, -29.85355, 5.12623],
							"rotation": [0, -120, 0],
							"uv": {
								"north": {"uv": [89, 40], "uv_size": [38, 4]},
								"up": {"uv": [44, 0], "uv_size": [38, 13]},
								"down": {"uv": [0, 62], "uv_size": [38, -13]}
							}
						},
						{
							"origin": [15.53592, 0.00041, 1.25312],
							"size": [3.06622, 3.8361, 7.74618],
							"inflate": 0.01,
							"pivot": [0.00001, -29.85355, 5.12623],
							"rotation": [0, -90, 0],
							"uv": {
								"west": {"uv": [106, 141], "uv_size": [7.5, 4]},
								"up": {"uv": [144, 44], "uv_size": [3, 7.5]},
								"down": {"uv": [144, 65.5], "uv_size": [3, -7.5]}
							}
						},
						{
							"origin": [-14.1735, 0, -7.52959],
							"size": [38.20183, 3.83691, 13.05018],
							"pivot": [0.00001, -29.85355, 5.12623],
							"rotation": [0, 120, 0],
							"uv": {
								"north": {"uv": [89, 44], "uv_size": [38, 4]},
								"up": {"uv": [38, 49], "uv_size": [38, 13]},
								"down": {"uv": [60, 26], "uv_size": [38, -13]}
							}
						},
						{
							"origin": [24.0704, 0.00041, 6.18052],
							"size": [3.06626, 3.8361, 7.74618],
							"inflate": 0.01,
							"pivot": [0.00001, -29.85355, 5.12623],
							"rotation": [0, 150, 0],
							"uv": {
								"west": {"uv": [114, 141], "uv_size": [7.5, 4]},
								"up": {"uv": [95, 144], "uv_size": [3, 7.5]},
								"down": {"uv": [98, 151.5], "uv_size": [3, -7.5]}
							}
						}
					]
				},
				{
					"name": "bases",
					"parent": "base",
					"pivot": [0, 0, -0.35981],
					"cubes": [
						{
							"origin": [-8.18306, 1.20736, -12.9213],
							"size": [16.36612, 21.10301, 4.92084],
							"pivot": [0.81554, 23.46145, -13.50409],
							"rotation": [-15, 0, 0],
							"uv": {
								"north": {"uv": [20, 62], "uv_size": [16.5, 21]},
								"east": {"uv": [58, 100], "uv_size": [5, 21]},
								"west": {"uv": [63, 100], "uv_size": [5, 21]}
							}
						},
						{
							"origin": [-8.18306, 20.2803, -13.23907],
							"size": [16.36612, 1.91846, 3.00238],
							"uv": {
								"east": {"uv": [125, 18], "uv_size": [3, 2]},
								"west": {"uv": [130, 58], "uv_size": [3, 2]},
								"up": {"uv": [125, 82], "uv_size": [16.5, 3]}
							}
						},
						{
							"origin": [-4.9025, 1.05653, -17.90522],
							"size": [9.805, 11.51074, 4.92084],
							"pivot": [0.81554, 23.31062, -18.48797],
							"rotation": [-15, 0, 0],
							"uv": {
								"north": {"uv": [94, 64], "uv_size": [10, 11.5]},
								"east": {"uv": [0, 125], "uv_size": [5, 11.5]},
								"west": {"uv": [125, 48], "uv_size": [5, 11.5]}
							}
						},
						{
							"origin": [-4.9025, 10.86406, -20.70563],
							"size": [9.805, 1.91846, 4.92084],
							"uv": {
								"east": {"uv": [120, 10], "uv_size": [5, 2]},
								"west": {"uv": [153, 12], "uv_size": [5, 2]},
								"up": {"uv": [125, 13], "uv_size": [10, 5]}
							}
						},
						{
							"origin": [-0.95336, 12.71848, -19.93061],
							"size": [1.90671, 9.59228, 1.53956],
							"pivot": [-9.0078, 13.67771, -20.10331],
							"rotation": [-15, 0, 0],
							"uv": {
								"north": {"uv": [58, 13], "uv_size": [2, 9.5]},
								"east": {"uv": [44, 149], "uv_size": [1.5, 9.5]},
								"south": {"uv": [78, 97], "uv_size": [2, 9.5]},
								"west": {"uv": [68, 149], "uv_size": [1.5, 9.5]}
							}
						},
						{
							"origin": [-0.95336, 20.29323, -17.70209],
							"size": [1.90671, 1.67865, 4.59278],
							"uv": {
								"east": {"uv": [154, 67], "uv_size": [4.5, 1.5]},
								"west": {"uv": [154, 115], "uv_size": [4.5, 1.5]},
								"up": {"uv": [50, 153], "uv_size": [2, 4.5]},
								"down": {"uv": [52, 157.5], "uv_size": [2, -4.5]}
							}
						},
						{
							"origin": [-8.18306, 0, -25.24968],
							"size": [16.36612, 1.81482, 9.18557],
							"uv": {
								"north": {"uv": [135, 80], "uv_size": [16.5, 2]},
								"east": {"uv": [94, 76], "uv_size": [9, 2]},
								"west": {"uv": [98, 24], "uv_size": [9, 2]},
								"up": {"uv": [0, 84], "uv_size": [16.5, 9]},
								"down": {"uv": [89, 57], "uv_size": [16.5, -9]}
							}
						}
					]
				},
				{
					"name": "bases2",
					"parent": "base",
					"pivot": [-0.29075, 0, -0.52767],
					"rotation": [0, -120, 0],
					"cubes": [
						{
							"origin": [-8.47381, 1.20736, -13.08916],
							"size": [16.36612, 21.10301, 4.92084],
							"pivot": [0.52479, 23.46145, -13.67195],
							"rotation": [-15, 0, 0],
							"uv": {
								"north": {"uv": [37, 62], "uv_size": [16.5, 21]},
								"east": {"uv": [101, 101], "uv_size": [5, 21]},
								"west": {"uv": [106, 92], "uv_size": [5, 21]}
							}
						},
						{
							"origin": [-8.47381, 20.2803, -13.40694],
							"size": [16.36612, 1.91846, 3.00238],
							"uv": {
								"east": {"uv": [88, 154], "uv_size": [3, 2]},
								"west": {"uv": [34, 155], "uv_size": [3, 2]},
								"up": {"uv": [127, 45], "uv_size": [16.5, 3]}
							}
						},
						{
							"origin": [-5.19325, 1.05653, -18.07308],
							"size": [9.805, 11.51074, 4.92084],
							"pivot": [0.52479, 23.31062, -18.65583],
							"rotation": [-15, 0, 0],
							"uv": {
								"north": {"uv": [98, 12], "uv_size": [10, 11.5]},
								"east": {"uv": [88, 127], "uv_size": [5, 11.5]},
								"west": {"uv": [128, 60], "uv_size": [5, 11.5]}
							}
						},
						{
							"origin": [-5.19325, 10.86406, -20.87349],
							"size": [9.805, 1.91846, 4.92084],
							"uv": {
								"east": {"uv": [153, 14], "uv_size": [5, 2]},
								"west": {"uv": [153, 16], "uv_size": [5, 2]},
								"up": {"uv": [125, 77], "uv_size": [10, 5]}
							}
						},
						{
							"origin": [-1.24411, 12.71848, -20.09847],
							"size": [1.90671, 9.59228, 1.53956],
							"pivot": [-9.29855, 13.67771, -20.27117],
							"rotation": [-15, 0, 0],
							"uv": {
								"north": {"uv": [61, 130], "uv_size": [2, 9.5]},
								"east": {"uv": [81, 150], "uv_size": [1.5, 9.5]},
								"south": {"uv": [91, 139], "uv_size": [2, 9.5]},
								"west": {"uv": [83, 150], "uv_size": [1.5, 9.5]}
							}
						},
						{
							"origin": [-1.24411, 20.29323, -17.86996],
							"size": [1.90671, 1.67865, 4.59278],
							"uv": {
								"east": {"uv": [149, 154], "uv_size": [4.5, 1.5]},
								"west": {"uv": [154, 154], "uv_size": [4.5, 1.5]},
								"up": {"uv": [140, 153], "uv_size": [2, 4.5]},
								"down": {"uv": [153, 146.5], "uv_size": [2, -4.5]}
							}
						},
						{
							"origin": [-8.47381, 0, -25.41754],
							"size": [16.36612, 1.81482, 9.18557],
							"uv": {
								"north": {"uv": [139, 70], "uv_size": [16.5, 2]},
								"east": {"uv": [111, 36], "uv_size": [9, 2]},
								"west": {"uv": [144, 24], "uv_size": [9, 2]},
								"up": {"uv": [17, 91], "uv_size": [16.5, 9]},
								"down": {"uv": [34, 100], "uv_size": [16.5, -9]}
							}
						}
					]
				},
				{
					"name": "bases3",
					"parent": "base",
					"pivot": [0.29075, 0, -0.52767],
					"rotation": [0, 120, 0],
					"cubes": [
						{
							"origin": [-7.89231, 1.20736, -13.08916],
							"size": [16.36612, 21.10301, 4.92084],
							"pivot": [-0.52479, 23.46145, -13.67195],
							"rotation": [-15, 0, 0],
							"uv": {
								"north": {"uv": [54, 62], "uv_size": [16.5, 21]},
								"east": {"uv": [30, 108], "uv_size": [5, 21]},
								"west": {"uv": [35, 108], "uv_size": [5, 21]}
							}
						},
						{
							"origin": [-7.89231, 20.2803, -13.40694],
							"size": [16.36612, 1.91846, 3.00238],
							"uv": {
								"east": {"uv": [155, 34], "uv_size": [3, 2]},
								"west": {"uv": [155, 44], "uv_size": [3, 2]},
								"up": {"uv": [128, 0], "uv_size": [16.5, 3]}
							}
						},
						{
							"origin": [-4.61175, 1.05653, -18.07308],
							"size": [9.805, 11.51074, 4.92084],
							"pivot": [-0.52479, 23.31062, -18.65583],
							"rotation": [-15, 0, 0],
							"uv": {
								"north": {"uv": [20, 100], "uv_size": [10, 11.5]},
								"east": {"uv": [128, 91], "uv_size": [5, 11.5]},
								"west": {"uv": [128, 103], "uv_size": [5, 11.5]}
							}
						},
						{
							"origin": [-4.61175, 10.86406, -20.87349],
							"size": [9.805, 1.91846, 4.92084],
							"uv": {
								"east": {"uv": [153, 21], "uv_size": [5, 2]},
								"west": {"uv": [153, 23], "uv_size": [5, 2]},
								"up": {"uv": [127, 40], "uv_size": [10, 5]}
							}
						},
						{
							"origin": [-0.66261, 12.71848, -20.09847],
							"size": [1.90671, 9.59228, 1.53956],
							"pivot": [9.29855, 13.67771, -20.27117],
							"rotation": [-15, 0, 0],
							"uv": {
								"north": {"uv": [3, 143], "uv_size": [2, 9.5]},
								"east": {"uv": [85, 150], "uv_size": [1.5, 9.5]},
								"south": {"uv": [61, 147], "uv_size": [2, 9.5]},
								"west": {"uv": [127, 150], "uv_size": [1.5, 9.5]}
							}
						},
						{
							"origin": [-0.66261, 20.29323, -17.86996],
							"size": [1.90671, 1.67865, 4.59278],
							"uv": {
								"east": {"uv": [155, 26], "uv_size": [4.5, 1.5]},
								"west": {"uv": [155, 28], "uv_size": [4.5, 1.5]},
								"up": {"uv": [5, 154], "uv_size": [2, 4.5]},
								"down": {"uv": [14, 158.5], "uv_size": [2, -4.5]}
							}
						},
						{
							"origin": [-7.89231, 0, -25.41754],
							"size": [16.36612, 1.81482, 9.18557],
							"uv": {
								"north": {"uv": [141, 37], "uv_size": [16.5, 2]},
								"east": {"uv": [144, 78], "uv_size": [9, 2]},
								"west": {"uv": [145, 19], "uv_size": [9, 2]},
								"up": {"uv": [51, 91], "uv_size": [16.5, 9]},
								"down": {"uv": [87, 101], "uv_size": [16.5, -9]}
							}
						}
					]
				},
				{
					"name": "turret2",
					"pivot": [0, 32.832, -0.95923]
				},
				{
					"name": "barrel2",
					"parent": "turret2",
					"pivot": [0, 39.66362, -0.53991]
				},
				{
					"name": "beam",
					"parent": "barrel2",
					"pivot": [0, 49.0004, -7]
				},
				{
					"name": "glow",
					"parent": "beam",
					"pivot": [0, 48.44045, -48.925],
					"cubes": [
						{
							"origin": [-27, 48.44045, -75.925],
							"size": [54, 0, 54],
							"pivot": [0, 48.44045, -48.925],
							"rotation": [90, 0, -90],
							"uv": {
								"up": {"uv": [256, 256], "uv_size": [-92, -92]}
							}
						},
						{
							"origin": [-27, 48.44045, -75.925],
							"size": [54, 0, 54],
							"pivot": [0, 48.44045, -48.925],
							"rotation": [0, -90, -90],
							"uv": {
								"up": {"uv": [256, 256], "uv_size": [-92, -92]}
							}
						},
						{
							"origin": [-27, 48.44045, -75.925],
							"size": [54, 0, 54],
							"pivot": [0, 48.44045, -48.925],
							"rotation": [0, -90, -180],
							"uv": {
								"up": {"uv": [256, 256], "uv_size": [-92, -92]}
							}
						}
					]
				},
				{
					"name": "glow2",
					"parent": "beam",
					"pivot": [0, 48.44045, -49],
					"cubes": [
						{
							"origin": [-27, 48.44045, -76],
							"size": [54, 0, 54],
							"pivot": [0, 48.44045, -49],
							"rotation": [90, 0, -90],
							"uv": {
								"up": {"uv": [256, 256], "uv_size": [-92, -92]}
							}
						},
						{
							"origin": [-27, 48.44045, -76],
							"size": [54, 0, 54],
							"pivot": [0, 48.44045, -49],
							"rotation": [0, -90, -90],
							"uv": {
								"up": {"uv": [256, 256], "uv_size": [-92, -92]}
							}
						},
						{
							"origin": [-27, 48.44045, -76],
							"size": [54, 0, 54],
							"pivot": [0, 48.44045, -49],
							"rotation": [0, -90, -180],
							"uv": {
								"up": {"uv": [256, 256], "uv_size": [-92, -92]}
							}
						}
					]
				},
				{
					"name": "laser",
					"parent": "beam",
					"pivot": [0, 48.4379, -49],
					"cubes": [
						{
							"origin": [-1.5, 46.9367, -65],
							"size": [3, 3, 16],
							"uv": {
								"north": {"uv": [163, 255], "uv_size": [1, 1]},
								"east": {"uv": [163, 255], "uv_size": [1, 1]},
								"south": {"uv": [163, 255], "uv_size": [1, 1]},
								"west": {"uv": [163, 255], "uv_size": [1, 1]},
								"up": {"uv": [164, 256], "uv_size": [-1, -1]},
								"down": {"uv": [164, 256], "uv_size": [-1, -1]}
							}
						},
						{
							"origin": [-3.375, 45.06095, -65],
							"size": [6.75, 0, 16],
							"uv": {
								"up": {"uv": [163, 256], "uv_size": [-1, -1]}
							}
						},
						{
							"origin": [-3.37725, 45.0632, -65],
							"size": [6.75, 0, 16],
							"pivot": [0, 48.4382, -58],
							"rotation": [0, 0, 90],
							"uv": {
								"up": {"uv": [163, 256], "uv_size": [-1, -1]}
							}
						},
						{
							"origin": [-3.375, 45.06095, -65],
							"size": [6.75, 0, 16],
							"pivot": [0, 48.4382, -58],
							"rotation": [0, 0, -180],
							"uv": {
								"up": {"uv": [163, 256], "uv_size": [-1, -1]}
							}
						},
						{
							"origin": [-3.37725, 45.0632, -65],
							"size": [6.75, 0, 16],
							"pivot": [0, 48.4382, -58],
							"rotation": [0, 0, -90],
							"uv": {
								"up": {"uv": [163, 256], "uv_size": [-1, -1]}
							}
						},
						{
							"origin": [-3.00225, 45.0677, -55.375],
							"size": [6.75, 0, 6.75],
							"pivot": [0.375, 48.4427, -52.375],
							"rotation": [90, 0, -90],
							"uv": {
								"up": {"uv": [163, 256], "uv_size": [-1, -1]}
							}
						},
						{
							"origin": [-3.375, 48.44045, -68.375],
							"size": [6.75, 0, 6.75],
							"pivot": [0, 48.44045, -65],
							"rotation": [-90, 0, -90],
							"uv": {
								"up": {"uv": [163, 256], "uv_size": [-1, -1]}
							}
						}
					]
				}
			]
		}
	]
}